Time,RA_corrected(mas),Dec_corrected(mas),RadialVelocity
8039.452871,-0.302510,-24.359074,-36933.831414
16078.905741,-0.395731,-24.781639,-63734.219085
24118.358612,-0.571101,-22.677675,-90326.044881
32157.811482,-0.881877,-23.220509,-116618.441071
40197.264353,-1.049573,-22.380906,-142521.563112
48236.717223,-1.122191,-22.482124,-167946.896663
56276.170094,-1.332761,-20.640774,-192807.560049
64315.622965,-1.325184,-19.651236,-217018.601145
72355.075835,-1.487350,-19.133662,-240497.287671
80394.528706,-1.788271,-21.714511,-263163.389897
88433.981576,-1.863896,-16.487825,-284939.454800
96473.434447,-1.986005,-14.466989,-305751.070731
104512.887317,-1.926231,-16.467428,-325527.121687
112552.340188,-2.235708,-14.320683,-344200.030328
120591.793059,-2.262688,-12.105097,-361705.988893
128631.245929,-2.495528,-10.760134,-377985.177241
136670.698800,-2.727639,-11.120123,-392981.967266
144710.151670,-2.559820,-9.602645,-406645.112984
152749.604541,-2.634098,-9.487166,-418927.925646
160789.057411,-2.578648,-6.182779,-429788.433282
168828.510282,-2.713355,-8.095953,-439189.524123
176867.963153,-2.885511,-5.634269,-447099.073416
184907.416023,-2.891507,-5.950423,-453490.053204
192946.868894,-2.812627,-3.602062,-458340.624674
200986.321764,-2.939464,-1.432879,-461634.212792
209025.774635,-2.859480,-1.452721,-463359.562940
217065.227505,-2.895955,1.689483,-463510.779371
225104.680376,-2.960725,3.292542,-462087.345359
233144.133246,-2.999626,1.441590,-459094.124962
241183.586117,-2.773693,2.400552,-454541.346406
249223.038988,-2.715213,7.771547,-448444.567127
257262.491858,-2.758297,9.673009,-440824.620614
265301.944729,-2.723708,7.224339,-431707.545217
273341.397599,-2.559617,8.460539,-421124.495169
281380.850470,-2.588905,10.725162,-409111.634130
289420.303340,-2.495129,13.182539,-395710.011612
297459.756211,-2.478418,14.445021,-380965.422704
305499.209082,-2.249083,14.144907,-364928.251586
313538.661952,-2.078411,14.124419,-347653.299360
321578.114823,-2.033547,15.040978,-329199.596788
329617.567693,-1.798062,16.564367,-309630.202574
337657.020564,-1.725335,17.632899,-289011.987888
345696.473434,-1.676474,19.096692,-267415.407853
353735.926305,-1.537109,19.354368,-244914.260797
361775.379176,-1.297467,20.841307,-221585.436068
369814.832046,-1.047273,21.134156,-197508.651300
377854.284917,-1.162392,22.302259,-172766.180000
385893.737787,-0.723278,21.448076,-147442.570417
393933.190658,-0.740298,23.791513,-121624.356621
401972.643528,-0.576302,22.887241,-95399.762811
410012.096399,-0.402123,22.454027,-68858.401839
418051.549270,-0.210406,23.569855,-42090.968993
426091.002140,0.037187,22.006798,-15188.932076
434130.455011,0.089811,22.541653,11755.781149
442169.907881,0.255653,23.075830,38651.097087
450209.360752,0.488130,24.653524,65405.110940
458248.813622,0.816329,22.014692,91926.400761
466288.266493,0.798826,21.314472,118124.339847
474327.719364,0.924616,22.403924,143909.406430
482367.172234,1.150410,19.443631,169193.489578
490406.625105,1.281234,21.200691,193890.190287
498446.077975,1.455426,18.838297,217915.116714
506485.530846,1.761788,17.994264,241186.172558
514524.983716,1.738418,19.841663,263623.837589
522564.436587,1.893272,17.502906,285151.439384
530603.889458,1.898267,17.955770,305695.415325
538643.342328,2.038990,14.963621,325185.563971
546682.795199,2.231159,17.146910,343555.284944
554722.248069,2.425007,12.945970,360741.806517
562761.700940,2.362303,10.324364,376686.400107
570801.153810,2.587914,11.461528,391334.580962
578840.606681,2.618497,7.627826,404636.294339
586880.059552,2.869491,9.503767,416546.086552
594919.512422,2.819072,7.860959,427023.260290
602958.965293,2.825079,5.980945,436032.013686
610998.418163,2.831148,4.833620,443541.562657
619037.871034,2.919206,2.450549,449526.246095
627077.323904,2.865300,2.970783,453965.613557
635116.776775,2.885493,0.354960,456844.495148
643156.229645,2.811847,-0.666164,458153.053354
651195.682516,2.878619,-3.375958,457886.816661
659235.135387,2.916913,-1.177620,456046.694834
667274.588257,2.732462,-3.482083,452638.975810
675314.041128,2.783511,-4.073767,447675.304207
683353.493998,2.773953,-8.269869,441172.641540
691392.946869,2.705145,-6.381141,433153.208251
699432.399739,2.569937,-13.017938,423644.407790
707471.852610,2.532322,-12.299481,412678.732966
715511.305481,2.551622,-11.614829,400293.654918
723550.758351,2.502157,-13.488556,386531.495070
731590.211222,2.309815,-13.682169,371439.280515
739629.664092,2.287754,-15.646665,355068.583315
747669.116963,2.048029,-16.636439,337475.344274
755708.569833,1.872781,-16.768488,318719.681783
763748.022704,1.859063,-14.397133,298865.686381
771787.475575,1.624510,-19.043747,277981.201756
779826.928445,1.550851,-20.017415,256137.592913
787866.381316,1.275713,-19.399414,233409.502307
795905.834186,1.284236,-19.797934,209874.594783
803945.287057,1.124971,-19.207662,185613.292187
811984.739927,0.864151,-21.290427,160708.498547
820024.192798,0.773331,-21.199453,135245.316788
828063.645669,0.660691,-21.748011,109310.757917
836103.098539,0.392818,-22.797804,82993.443699
844142.551410,0.368058,-23.281157,56383.303824
852182.004280,0.120465,-22.099230,29571.268606
860221.457151,0.040904,-23.271538,2648.958261
868260.910021,-0.116156,-22.528632,-24291.630171
876300.362892,-0.622856,-21.747981,-51158.437192
884339.815763,-0.648350,-24.085038,-77859.655421
892379.268633,-0.813515,-22.941823,-104304.043321
900418.721504,-0.707371,-20.334626,-130401.236972
908458.174374,-1.042990,-19.702617,-156062.058867
916497.627245,-1.072113,-21.230694,-181198.822635
924537.080115,-1.232253,-20.724067,-205725.632680
932576.532986,-1.400040,-18.118075,-229558.677699
940615.985857,-1.674748,-16.456847,-252616.517073
948655.438727,-1.627416,-17.667328,-274820.359162
956694.891598,-2.044996,-16.993893,-296094.330547
964734.344468,-1.921970,-17.173953,-316365.735296
972773.797339,-2.137444,-14.247858,-335565.303380
980813.250209,-2.398823,-15.571815,-353627.427373
988852.703080,-2.395078,-11.440524,-370490.386648
996892.155950,-2.516370,-12.799320,-386096.558274
1004931.608821,-2.459696,-9.859838,-400392.613933
1012971.061692,-2.605386,-8.961807,-413329.702139
1021010.514562,-2.644017,-11.077283,-424863.615178
1029049.967433,-2.807363,-7.212480,-434954.940166
1037089.420303,-2.803794,-5.724902,-443569.193732
1045128.873174,-2.847045,-8.396727,-450676.939851
1053168.326044,-2.662416,-2.499274,-456253.890427
1061207.778915,-3.018549,-3.762876,-460280.988294
1069247.231786,-2.930171,-0.251900,-462744.472334
1077286.684656,-2.829883,-0.773385,-463635.924503
1085326.137527,-3.125808,1.301477,-462952.298591
1093365.590397,-2.979724,4.428047,-460695.930637
1101405.043268,-3.007936,5.062035,-456874.530944
1109444.496138,-2.828679,6.954225,-451501.157734
1117483.949009,-2.815957,6.667509,-444594.172521
1125523.401880,-2.630531,8.058769,-436177.177374
1133562.854750,-2.527838,9.107485,-426278.934262
1141602.307621,-2.482026,11.479951,-414933.266769
1149641.760491,-2.256898,11.983058,-402178.944520
1157681.213362,-2.452425,14.967556,-388059.550695
1165720.666232,-2.228708,14.786625,-372623.333100
1173760.119103,-2.142769,16.960968,-355923.039302
1181799.571974,-1.957810,16.199014,-338015.736379
1189839.024844,-1.915390,17.033668,-318962.615918
1197878.477715,-1.729734,20.557482,-298828.784913
1205917.930585,-1.586817,20.656265,-277683.043285
1213957.383456,-1.647871,21.373287,-255597.648788
1221996.836326,-1.430689,20.190869,-232648.070091
1230036.289197,-1.163709,22.927501,-208912.728893
1238075.742068,-1.046652,20.769533,-184472.731945
1246115.194938,-0.848901,20.519792,-159411.593901
1254154.647809,-0.805519,20.556760,-133814.951933
1262194.100679,-0.525942,21.585010,-107770.273099
1270233.553550,-0.553871,21.854236,-81366.555458
1278273.006420,-0.282304,21.732371,-54694.023954
1286312.459291,-0.000740,23.682232,-27843.822098
1294351.912162,0.084506,23.991582,-907.700528
1302391.365032,0.257688,23.047608,26022.296522
1310430.817903,0.270606,22.634148,52854.145744
1318470.270773,0.604673,23.387654,79496.159215
1326509.723644,0.681487,23.690617,105857.297706
1334549.176514,0.952358,21.742635,131847.481774
1342588.629385,1.060169,23.690766,157377.899574
1350628.082256,1.295380,23.571268,182361.310345
1358667.535126,1.442196,20.313338,206712.342519
1366706.987997,1.676549,17.465155,230347.785447
1374746.440867,1.723992,18.577865,253186.873744
1382785.893738,1.771726,17.420897,275151.563269
1390825.346608,1.941975,16.242378,296166.797818
1398864.799479,1.931862,15.516769,316160.765599
1406904.252349,2.180554,13.239345,335065.144619
1414943.705220,2.286666,15.498312,352815.336154
1422983.158091,2.469856,14.695929,369350.685487
1431022.610961,2.461427,10.850431,384614.689177
1439062.063832,2.511062,10.864578,398555.188136
1447101.516702,2.661202,8.273889,411124.545861
1455140.969573,2.659709,7.581834,422279.811223
1463180.422443,2.669498,4.370282,431982.865225
1471219.875314,2.676549,5.749096,440200.551270
1479259.328185,2.883790,3.262887,446904.788453
1487298.781055,2.868331,3.148683,452072.667523
1495338.233926,2.954765,0.513974,455686.529164
1503377.686796,2.924416,1.276115,457734.024340
1511417.139667,2.894857,-1.622628,458208.156495
1519456.592537,2.841141,-3.007761,457107.305456
1527496.045408,2.857431,-1.542705,454435.232974
1535535.498279,2.730458,-5.617091,450201.069870
1543574.951149,2.792215,-5.756103,444419.284830
1551614.404020,2.778607,-8.522330,437109.634967
1559653.856890,2.748388,-7.141801,428297.098306
1567693.309761,2.474037,-10.160471,418011.788432
1575732.762631,2.435540,-16.888251,406288.851589
1583772.215502,2.421392,-12.334133,393168.346579
1591811.668373,2.438939,-12.027310,378695.107875
1599851.121243,2.289093,-16.915493,362918.592420
1607890.574114,2.140323,-13.958239,345892.710621
1615930.026984,2.029587,-16.400086,327675.642134
1623969.479855,1.890689,-18.263623,308329.637053
1632008.932725,1.686958,-19.815420,287920.803198
1640048.385596,1.595468,-19.757805,266518.880212
1648087.838467,1.481767,-19.969715,244197.001253
1656127.291337,1.434298,-20.912300,221031.443087
1664166.744208,1.231943,-20.991570,197101.365444
1672206.197078,0.987813,-20.767856,172488.540517
1680245.649949,0.947597,-24.402671,147277.073531
1688285.102819,0.792216,-23.758843,121553.115355
1696324.555690,0.512286,-24.363927,95404.568102
1704364.008561,0.357314,-24.239932,68920.784764
1712403.461431,0.250851,-22.698204,42192.263878
1720442.914302,0.052951,-24.192130,15310.340279
1728482.367172,-0.177837,-22.358892,-11633.126997
1736521.820043,-0.324021,-23.264660,-38546.068615
1744561.272913,-0.506687,-24.156255,-65336.519549
1752600.725784,-0.750506,-21.331780,-91912.933338
1760640.178655,-0.747953,-22.716403,-118184.494917
1768679.631525,-1.021761,-21.717521,-144061.430936
1776719.084396,-1.028751,-21.569453,-169455.316538
1784758.537266,-1.272885,-21.835234,-194279.377506
1792797.990137,-1.491768,-20.676407,-218448.786793
1800837.443007,-1.757955,-19.627016,-241880.954378
1808876.895878,-1.701171,-19.835398,-264495.809495
1816916.348748,-1.791824,-19.249787,-286216.074238
1824955.801619,-1.855252,-18.146457,-306967.527634
1832995.254490,-2.152699,-15.442401,-326679.259263
1841034.707360,-2.321583,-14.264894,-345283.911573
1849074.160231,-2.405917,-14.063764,-362717.910043
1857113.613101,-2.473866,-15.244994,-378921.680431
1865153.065972,-2.587429,-12.237847,-393839.852342
1873192.518842,-2.551178,-9.550349,-407421.448440
1881231.971713,-2.604677,-9.191206,-419620.058644
1889271.424584,-2.530388,-10.302247,-430393.998712
1897310.877454,-2.833543,-7.669216,-439706.452690
1905350.330325,-2.739842,-5.861694,-447525.598708
1913389.783195,-2.896019,-4.596170,-453824.717728
1921429.236066,-2.898114,-3.375140,-458582.284838
1929468.688936,-2.934509,0.169494,-461782.042812
1937508.141807,-2.823211,-1.474767,-463413.057661
1945547.594678,-2.963272,1.867030,-463469.755995
1953587.047548,-2.960476,3.438689,-461951.944068
1961626.500419,-2.853794,5.700157,-458864.808440
1969665.953289,-2.918310,4.851106,-454218.898257
1977705.406160,-2.897807,7.338773,-448030.089199
1985744.859030,-2.831732,9.835849,-440319.529232
1993784.311901,-2.687025,8.713711,-431113.566343
2001823.764772,-2.685494,9.845309,-420443.658507
2009863.217642,-2.485639,13.788256,-408346.266188
2017902.670513,-2.441960,11.027660,-394862.727751
2025942.123383,-2.201778,13.535030,-380039.118204
2033981.576254,-2.215782,13.832736,-363926.091749
2042021.029124,-2.102551,15.515150,-346578.708698
2050060.481995,-1.917317,13.549307,-328056.247316
2058099.934866,-2.013746,16.186210,-308422.001268
2066139.387736,-1.627384,19.031324,-287743.063327
2074178.840607,-1.547908,20.829331,-266090.096119
2082218.293477,-1.485642,19.683537,-243537.090651
2090257.746348,-1.329139,19.296579,-220161.113482
2098297.199218,-1.127417,21.853196,-196042.043368
2106336.652089,-1.047159,21.033665,-171262.298314
2114376.104960,-0.782946,20.464767,-145906.553934
2122415.557830,-0.690965,20.647187,-120061.454111
2130455.010701,-0.469355,23.413189,-93815.314915
2138494.463571,-0.278036,23.659380,-67257.822823
2146533.916442,-0.146356,23.420524,-40479.728243
2154573.369312,-0.003094,21.909430,-13572.535411
2162612.822183,0.181474,22.095308,13371.810290
2170652.275054,0.366212,23.413510,40261.236522
2178691.727924,0.600849,23.933184,67003.858615
2186731.180795,0.701964,23.487634,93508.293545
2194770.633665,0.863251,22.746157,119683.972207
2202810.086536,1.079518,22.626071,145441.448898
2210849.539406,0.997266,20.701950,170692.706967
2218888.992277,1.293921,18.721691,195351.459575
2226928.445147,1.361674,18.644326,219333.444554
2234967.898018,1.527216,18.707031,242556.712338
2243007.350889,1.739834,16.810644,264941.905997
2251046.803759,1.900233,19.723704,286412.532409
2259086.256630,1.963909,15.606135,306895.223648
2267125.709500,2.204437,17.579150,326319.987689
2275165.162371,2.153148,15.148223,344620.447585
2283204.615241,2.256343,12.017736,361734.068282
2291244.068112,2.374147,9.601622,377602.370307
2299283.520983,2.430123,14.349437,392171.129608
2307322.973853,2.495012,9.838691,405390.562835
2315362.426724,2.712425,8.767330,417215.497465
2323401.879594,2.608503,8.088681,427605.526155
2331441.332465,2.753226,6.837897,436525.144826
2339480.785335,2.979776,5.085917,443943.873977
2347520.238206,2.846378,7.062931,449836.362845
2355559.691077,2.886514,1.488411,454182.476029
2363599.143947,2.724699,1.402033,456967.362294
2371638.596818,2.876200,0.013519,458181.505321
2379678.049688,2.974503,-2.344052,457820.756224
2387717.502559,2.952503,-2.492427,455886.347732
2395756.955429,2.811135,-2.991925,452384.889968
2403796.408300,2.654078,-5.912527,447328.347871
2411835.861171,2.689037,-7.181127,440734.000304
2419875.314041,2.767283,-8.185848,432624.381010
2427914.766912,2.734962,-8.577775,423027.201615
2435954.219782,2.630898,-10.372479,411975.256931
2443993.672653,2.403983,-8.765868,399506.312891
2452033.125523,2.347234,-13.606507,385662.977503
2460072.578394,2.225301,-15.786457,370492.555245
2468112.031265,2.177724,-13.734558,354046.885426
2476151.484135,2.123973,-16.708881,336382.165041
2484190.937006,2.133195,-18.964574,317558.756740
2492230.389876,1.884345,-19.022663,297640.982561
2500269.842747,1.494111,-20.191922,276696.904132
2508309.295617,1.607459,-21.572710,254798.090097
2516348.748488,1.521684,-22.625490,232019.371554
2524388.201359,1.123311,-21.420065,208438.586352
2532427.654229,1.221164,-22.592471,184136.313104
2540467.107100,1.012914,-20.486298,159195.595844
2548506.559970,0.821506,-21.834891,133701.660249
2556546.012841,0.621464,-21.980748,107741.622418
2564585.465711,0.493969,-24.128917,81404.191180
2572624.918582,0.374618,-24.033504,54779.364969
2580664.371452,0.234115,-21.711226,27958.124282
2588703.824323,0.099368,-20.869372,1032.120791
2596743.277194,-0.280296,-22.649819,-25906.635841
2604782.730064,-0.436759,-22.878698,-52766.092378
2612822.182935,-0.399788,-20.413184,-79454.466556
2620861.635805,-0.790049,-23.115474,-105880.560727
2628901.088676,-0.757442,-22.567378,-131954.073485
2636940.541546,-0.945661,-23.230060,-157585.908241
2644979.994417,-1.178250,-19.204545,-182688.477678
2653019.447288,-1.433632,-18.687888,-207176.003048
2661058.900158,-1.656695,-20.140536,-230964.807287
2669098.353029,-1.761936,-18.885404,-253973.600953
2677137.805899,-1.873871,-18.456233,-276123.760002
2685177.258770,-1.980121,-15.645805,-297339.594456
2693216.711640,-2.124403,-14.220397,-317548.607046
2701256.164511,-2.117346,-17.296844,-336681.740943
2709295.617382,-2.228534,-15.241675,-354673.615738
2717335.070252,-2.384116,-12.404971,-371462.750852
2725374.523123,-2.466278,-14.943566,-386991.775622
2733413.975993,-2.558373,-10.946830,-401207.625351
2741453.428864,-2.558894,-9.685832,-414061.722626
2749492.881734,-2.665981,-9.401836,-425510.143325
2757532.334605,-2.772494,-8.518233,-435513.766703
2765571.787476,-2.762041,-6.043607,-444038.409076
2773611.240346,-2.750165,-4.491292,-451054.940631
2781650.693217,-2.642916,-6.307731,-456539.384965
2789690.146087,-2.941243,-0.980252,-460473.001019
2797729.598958,-2.898768,-1.883110,-462842.347114
2805769.051828,-3.075375,2.386479,-463639.326886
2813808.504699,-2.873883,3.439482,-462861.216950
2821847.957570,-2.885581,4.320942,-460510.676211
2829887.410440,-2.850934,3.760636,-456595.736772
2837926.863311,-2.695506,7.159671,-451129.776491
2845966.316181,-2.661121,6.527012,-444131.473265
2854005.769052,-2.727928,8.870327,-435624.741209
2862045.221922,-2.528334,9.638730,-425638.648934
2870084.674793,-2.559457,11.832739,-414207.320217
2878124.127664,-2.516130,11.451891,-401369.817397
2886163.580534,-2.307657,13.389693,-387170.007894
2894203.033405,-2.254140,13.917723,-371656.414305
2902242.486275,-2.199561,16.902441,-354882.048600
2910281.939146,-2.061274,16.096741,-336904.230971
2918321.392016,-1.833269,17.687666,-317784.393963
2926360.844887,-1.751322,18.396598,-297587.872548
2934400.297758,-1.590558,20.104935,-276383.680870
2942439.750628,-1.456990,19.845141,-254244.276413
2950479.203499,-1.371661,21.050859,-231245.312406
2958518.656369,-1.259065,21.238424,-207465.379304
2966558.109240,-1.185899,21.725979,-182985.736234
2974597.562110,-0.941142,19.468577,-157890.033326
2982637.014981,-0.700242,22.497719,-132264.025863
2990676.467851,-0.511755,22.665951,-106195.281252
2998715.920722,-0.544613,24.798709,-79772.879787
3006755.373593,-0.297113,22.615144,-53087.110254
3014794.826463,-0.092510,23.169382,-26229.161404
3022834.279334,0.147459,23.691211,709.189655
3030873.732204,0.315399,24.873604,27635.891069
3038913.185075,0.467463,23.621952,54458.930792
3046952.637945,0.575721,19.652174,81086.651005
3054992.090816,0.740847,21.699182,107428.061321
3063031.543687,0.998061,24.322658,133393.149709
3071070.996557,1.152104,20.442702,158893.190081
3079110.449428,1.352005,20.757613,183841.045480
3087149.902298,1.444615,20.192950,208151.465833
3095189.355169,1.512633,17.472284,231741.379269
3103228.808039,1.722972,19.317476,254530.175981
3111268.260910,1.713742,18.910126,276439.983683
3119307.713781,1.951713,18.944626,297395.933710
3127347.166651,1.969815,16.119681,317326.416850
3135386.619522,2.023531,14.350288,336163.328048
3143426.072392,2.335528,15.191942,353842.299124
3151465.525263,2.429871,10.953634,370302.918733
3159504.978133,2.599629,13.253232,385488.938793
3167544.431004,2.568413,11.789045,399348.466697
3175583.883875,2.638413,8.652414,411834.142633
3183623.336745,2.508935,8.868067,422903.301419
3191662.789616,2.687803,4.106530,432518.118299
3199702.242486,2.847227,7.731229,440645.738192
3207741.695357,2.776583,5.457087,447258.387961
3215781.148227,2.955258,2.764649,452333.471322
3223820.601098,2.854959,2.015430,455853.646054
3231860.053969,2.866150,2.627505,457806.883261
3239899.506839,2.883576,0.627353,458186.508477
3247938.959710,2.751388,-3.867230,456991.224474
3255978.412580,2.825465,-4.786041,454225.115692
3264017.865451,2.787215,-5.732537,449897.634286
3272057.318321,2.695776,-9.099736,444023.567823
3280096.771192,2.658632,-9.608883,436622.988753
3288136.224063,2.823866,-10.847995,427721.185819
3296175.676933,2.526733,-7.790113,417348.577640
3304215.129804,2.572429,-12.636496,405540.608770
3312254.582674,2.495167,-12.360109,392337.628575
3320294.035545,2.316623,-12.481377,377784.753359
3328333.488415,2.236042,-14.001112,361931.712191
3336372.941286,2.099115,-16.559839,344832.676977
3344412.394157,1.936792,-16.917415,326546.077348
3352451.847027,1.917245,-18.719330,307134.400996
3360491.299898,1.935725,-18.090162,286663.980147
3368530.752768,1.663987,-16.526797,265204.764894
3376570.205639,1.445161,-19.615037,242830.084171
3384609.658509,1.398474,-20.872139,219616.395176
3392649.111380,1.139373,-22.595244,195643.022107
3400688.564250,0.937573,-23.260096,170991.885102
3408728.017121,0.866411,-20.544991,145747.220306
3416767.469992,0.763503,-20.461987,119995.292026
3424806.922862,0.584238,-21.889493,93824.097955
3432846.375733,0.386806,-23.066787,67323.068472
3440885.828603,0.349810,-27.158292,40582.761044
3448925.281474,0.041668,-22.174518,13694.550786
3456964.734344,-0.112634,-22.355978,-13249.681788
3465004.187215,-0.181853,-23.087383,-40157.864725
3473043.640086,-0.490299,-21.831542,-66938.049260
3481083.092956,-0.672470,-23.400506,-93498.724016
3489122.545827,-0.834046,-21.833374,-119749.127707
3497161.998697,-1.152887,-22.122502,-145599.559286
3505201.451568,-1.175616,-21.112523,-170961.684461
3513240.904438,-1.407727,-20.783394,-195748.837548
3521280.357309,-1.343653,-19.682597,-219876.317617
3529319.810180,-1.582395,-17.514980,-243261.677926
3537359.263050,-1.580869,-19.029235,-265825.007654
3545398.715921,-2.173866,-19.052707,-287489.204965
3553438.168791,-1.913962,-14.859506,-308180.240476
3561477.621662,-2.080960,-16.842341,-327827.410222
3569517.074532,-2.162566,-13.865078,-346363.577268
3577556.527403,-2.520725,-16.331806,-363725.401115
3585595.980274,-2.499664,-11.738963,-379853.554152
3593635.433144,-2.572730,-10.526447,-394692.924378
3601674.886015,-2.493461,-11.107589,-408192.803734
3609714.338885,-2.755315,-9.521758,-420307.061373
3617753.791756,-2.684774,-9.644891,-430994.301299
3625793.244626,-2.879854,-8.232815,-440218.003823
3633832.697497,-2.768384,-6.242437,-447946.650350
3641872.150368,-2.957645,-4.494801,-454153.831090
3649911.603238,-2.904055,-1.569541,-458818.335297
3657951.056109,-2.956886,-3.156967,-461924.223754
3665990.508979,-2.904412,-2.710890,-463460.883234
3674029.961850,-2.918690,0.126921,-463423.062773
3682069.414720,-2.873239,2.149255,-461810.891608
3690108.867591,-2.863741,4.232847,-458629.878737
3698148.320462,-2.652010,4.100504,-453890.894096
3706187.773332,-2.730879,7.732409,-447610.131413
3714227.226203,-2.842441,7.202402,-439809.052871
3722266.679073,-2.724631,10.019622,-430514.315771
3730306.131944,-2.584995,11.873775,-419757.681442
3738345.584814,-2.585699,11.961886,-407575.906703
3746385.037685,-2.353347,14.237979,-394010.618265
3754424.490556,-2.387566,15.265867,-379108.170485
3762463.943426,-2.261498,15.522257,-362919.486968
3770503.396297,-2.045025,16.626439,-345499.886553
3778542.849167,-1.998701,17.897359,-326908.894284
3786582.302038,-1.728019,19.236217,-307210.038002
3794621.754908,-1.734145,19.553927,-286470.631265
3802661.207779,-1.596594,19.606410,-264761.543327
3810700.660649,-1.416967,18.839005,-242156.956967
3818740.113520,-1.348538,20.356164,-218734.115001
3826779.566391,-1.215149,22.661853,-194573.056331
3834819.019261,-0.993885,22.327251,-169756.342441
3842858.472132,-0.907544,23.209976,-144368.775272
3850897.925002,-0.759415,22.283710,-118497.107450
3858937.377873,-0.616102,23.017949,-92229.745832
3866976.830743,-0.339343,24.287730,-65656.449412
3875016.283614,-0.123314,23.190779,-38868.022607
3883055.736485,0.099200,23.445404,-11956.004958
3891095.189355,0.241444,24.297616,14987.641665
3899134.642226,0.378791,23.824106,41870.847313
3907174.095096,0.484907,21.781981,68601.748572
3915213.547967,0.569358,22.613816,95089.002470
3923253.000837,0.716263,22.209642,121242.098612
3931292.453708,1.137368,23.483386,146971.668462
3939331.906579,1.357077,22.650303,172189.790730
3947371.359449,1.167050,21.778648,196810.291808
3955410.812320,1.484342,21.356842,220749.040236
3963450.265190,1.837559,17.408098,243924.234195
3971489.718061,1.855039,19.616582,266256.681029
3979529.170931,1.838939,16.920717,287670.067858
3987568.623802,1.940393,16.839274,308091.222351
3995608.076673,2.101580,15.386499,327450.362764
4003647.529543,2.360370,14.373591,345681.336393
4011686.982414,2.301079,15.419398,362721.845626
4019726.435284,2.375541,13.920852,378513.660825
4027765.888155,2.466868,13.122051,393002.819300
4035805.341025,2.644783,7.265206,406139.809711
4043844.793896,2.582414,9.353178,417879.741250
4051884.246767,2.624068,8.604841,428182.497042
4059923.699637,2.844745,5.108458,437012.871229
4067963.152508,2.770209,4.543794,444340.689272
4076002.605378,2.953553,3.694890,450140.911063
4084042.058249,2.974292,1.515497,454393.716489
4092081.511119,2.992226,1.583495,457084.573159
4100120.963990,2.856856,-0.428687,458204.286066
4108160.416861,2.837967,0.094065,457749.029006
4116199.869731,2.921293,-2.764782,455720.357650
4124239.322602,2.810424,-4.793219,452125.204234
4132278.775472,2.848287,-5.880486,446975.853864
4140318.228343,2.814223,-6.304642,440289.902541
4148357.681213,2.733492,-5.759749,432090.197032
4156397.134084,2.830255,-9.255986,422404.756798
4164436.586954,2.574759,-8.907688,411266.678249
4172476.039825,2.547853,-12.181362,398714.021652
4180515.492696,2.318404,-13.584323,384789.681067
4188554.945566,2.303124,-16.044697,369541.237781
4196594.398437,1.988357,-13.257903,353020.797709
4204633.851307,2.114927,-17.987069,335284.813346
4212673.304178,1.936405,-15.674966,316393.890862
4220712.757048,1.808490,-19.618028,296412.582997
4228752.209919,1.704096,-20.579564,275409.168484
4236791.662790,1.292449,-19.502984,253455.418725
4244831.115660,1.162541,-21.669928,230626.352542
4252870.568531,1.251586,-19.472134,206999.979826
4260910.021401,0.985960,-21.163311,182657.034971
4268949.474272,0.898758,-22.944043,157680.700989
4276988.927142,0.683818,-22.082193,132156.325266
4285028.380013,0.549659,-21.759895,106171.127917
4293067.832884,0.512217,-24.789324,79813.903746
4301107.285754,0.364722,-23.504995,53174.718820
4309146.738625,0.111605,-22.264473,26344.602704
4317186.191495,-0.152367,-22.457889,-584.762602
4325225.644366,-0.313489,-23.788475,-27521.355950
4333265.097236,-0.340966,-24.019061,-54373.131492
4341304.550107,-0.624577,-20.685816,-81048.333215
4349344.002978,-0.644228,-22.025470,-107455.808479
4357383.455848,-0.928899,-21.820839,-133505.319505
4365422.908719,-1.167735,-20.826636,-159107.851719
4373462.361589,-1.305545,-22.897848,-184175.917935
4381501.814460,-1.285856,-18.973233,-208623.857306
4389541.267330,-1.559964,-20.355115,-232368.128040
4397580.720201,-1.666030,-18.473327,-255327.592872
4405620.173072,-1.789627,-19.266144,-277423.796319
4413659.625942,-2.014662,-16.173509,-298581.232778
4421699.078813,-2.142146,-17.262151,-318727.604533
4429738.531683,-2.143631,-15.723820,-337794.068808
4437777.984554,-2.170057,-16.742626,-355715.473011
4445817.437424,-2.296869,-12.155357,-372430.577371
4453856.890295,-2.509837,-13.175539,-387882.264198
4461896.343166,-2.640518,-11.823261,-402017.733068
4469935.796036,-2.634543,-12.383130,-414788.681242
4477975.248907,-2.730762,-9.064188,-426151.468727
4486014.701777,-2.762229,-7.780112,-436067.267398
4494054.154648,-2.860136,-4.663565,-444502.193680
4502093.607518,-2.812924,-4.244268,-451427.424332
4510133.060389,-2.837920,-3.566762,-456819.294938
4518172.513260,-2.979520,-2.598325,-460659.380774
4526211.966130,-2.835976,-1.313476,-462934.559768
4534251.419001,-2.990888,1.081763,-463637.057336
4542290.871871,-3.067083,1.986956,-462764.472952
4550330.324742,-2.917574,1.030982,-460319.788352
4558369.777612,-2.842449,6.106310,-456311.357339
4566409.230483,-2.938510,5.986919,-450752.877247
4574448.683353,-2.721931,7.552234,-443663.342124
4582488.136224,-2.714249,6.104025,-435066.977835
4590527.589095,-2.551568,11.202298,-424993.159277
4598567.041965,-2.607429,12.224129,-413476.310000
4606606.494836,-2.291442,13.897520,-400555.784578
4614645.947706,-2.339138,12.809985,-386275.734127
4622685.400577,-2.373752,15.107076,-370684.955441
4630724.853447,-2.222233,17.140438,-353836.724241
4638764.306318,-2.042593,17.583012,-335788.613126
4646803.759189,-1.983428,17.478635,-316602.294844
4654843.212059,-1.815570,19.196892,-296343.331541
4662882.664930,-1.494799,20.930989,-275080.950733
4670922.117800,-1.389737,18.461557,-252887.808746
4678961.570671,-1.351061,19.830040,-229839.742435
4687001.023541,-1.134537,21.662809,-206015.510044
4695040.476412,-1.066997,20.747308,-181496.522078
4703079.929283,-0.818134,23.410583,-156366.563112
4711119.382153,-0.710604,24.902889,-130711.505488
4719158.835024,-0.600019,19.612261,-104619.015879
4727198.287894,-0.481001,19.357231,-78178.255721
4735237.740765,-0.204743,22.878490,-51479.576533
4743277.193635,-0.153807,22.066979,-24614.211180
4751316.646506,0.089547,21.740922,2326.037887
4759356.099377,0.348902,22.768017,29249.112327
4767395.552247,0.370582,21.929399,56063.012490
4775435.005118,0.740462,22.177379,82676.111787
4783474.457988,0.683239,25.109785,108997.469792
4791513.910859,0.811305,22.549704,134937.142996
4799553.363729,1.049857,22.963271,160406.492159
4807592.816600,1.383984,22.747995,185318.485196
4815632.269471,1.141861,19.356732,209587.994585
4823671.722341,1.492515,19.470333,233132.088251
4831711.175212,1.625274,16.744004,255870.312959
4839750.628082,1.757984,16.998219,277724.969235
4847790.080953,1.954103,18.133774,298621.376872
4855829.533823,2.048974,16.638212,318488.130124
4863868.986694,2.027486,15.229973,337257.341708
4871908.439565,2.161779,15.894232,354864.874784
4879947.892435,2.398286,12.061794,371250.562118
4887987.345306,2.450402,14.245835,386358.411682
4896026.798176,2.538943,10.161282,400136.797988
4904066.251047,2.731391,8.632513,412538.638494
4912105.703917,2.704150,7.430650,423521.554498
4920145.156788,2.788331,6.191187,433048.015944
4928184.609659,2.736566,3.335758,441085.469673
4936224.062529,2.973572,4.155365,447606.450660
4944263.515400,2.889698,0.488955,452588.675862
4952302.968270,2.755574,-0.607315,456015.120368
4960342.421141,2.812537,-0.215000,457874.075570
4968381.874011,2.897022,-0.322344,458159.189177
4976421.326882,2.809305,-0.629758,456869.486918
4984460.779752,2.903065,-5.190381,454009.375873
4992500.232623,2.875642,-5.484747,449588.629415
5000539.685494,2.854797,-6.081755,443622.353810
5008579.138364,2.875397,-6.381944,436130.936599
5016618.591235,2.679837,-9.584736,427139.976930
5024658.044105,2.561391,-10.923664,416680.198082
5032697.496976,2.507330,-11.290674,404787.342484
5040736.949846,2.434843,-15.491596,391502.049569
5048776.402717,2.349680,-16.784094,376869.716916
5056815.855588,2.168893,-15.307324,360940.345109
5064855.308458,2.109375,-14.797324,343768.366887
5072894.761329,1.937775,-17.101904,325412.461136
5080934.214199,1.859601,-17.841341,305935.352376
5088973.667070,1.798268,-19.348903,285403.596425
5097013.119940,1.567673,-18.583742,263887.352965
5105052.572811,1.413193,-19.822031,241460.145803
5113092.025682,1.267412,-20.622520,218198.611627
5121131.478552,1.232379,-20.547857,194182.238128
5129170.931423,1.139663,-23.225687,169493.092381
5137210.384293,0.698635,-23.074025,144215.540414
5145249.837164,0.762681,-21.106758,118435.958913
5153289.290034,0.506835,-23.992100,92242.440064
5161328.742905,0.504739,-22.330208,65724.490534
5169368.195776,0.104946,-24.948601,38972.725610
5177407.648646,0.110583,-22.358536,12078.559555
5185447.101517,-0.025469,-22.374849,-14866.106763
5193486.554387,-0.366446,-25.170343,-41769.199910
5201526.007258,-0.392273,-22.782040,-68538.788512
5209565.460128,-0.598590,-21.031541,-95083.397401
5217604.912999,-0.804774,-21.329990,-121312.320189
5225644.365870,-0.989174,-23.953094,-147135.929233
5233683.818740,-1.115388,-22.547831,-172465.981897
5241723.271611,-1.472405,-19.585414,-197215.922093
5249762.724481,-1.312910,-19.837465,-221301.176052
5257802.177352,-1.585481,-21.810497,-244639.441324
5265841.630222,-1.727339,-19.481333,-267150.968018
5273881.083093,-1.907707,-18.109838,-288758.831316
5281920.535964,-2.025073,-18.755250,-309389.194334
5289959.988834,-2.288159,-17.196779,-328971.560436
5297999.441705,-2.315256,-14.098252,-347439.014127
5306038.894575,-2.427613,-12.778232,-364728.449712
5314078.347446,-2.413760,-13.241100,-380780.786938
5322117.800316,-2.558801,-9.406450,-395541.172879
5330157.253187,-2.577161,-9.610623,-408959.169373
5338196.706058,-2.528252,-9.552793,-420988.925380
5346236.158928,-2.611014,-7.714863,-431589.333656
5354275.611799,-2.738125,-7.667461,-440724.171226
5362315.064669,-2.838177,-6.300811,-448362.223160
5370354.517540,-2.946841,-2.833384,-454477.389240
5378393.970410,-2.823495,-2.173311,-459048.773147
5386433.423281,-2.853746,0.354096,-462060.753867
5394472.876151,-3.027502,-0.997841,-463503.039070
5402512.329022,-2.923692,2.700840,-463370.700280
5410551.781893,-2.747996,3.996102,-461664.189714
5418591.234763,-2.916871,4.246900,-458389.338743
5426630.687634,-2.794050,7.520005,-453557.337958
5434670.140504,-2.974069,8.562444,-447184.698935
5442709.593375,-2.794291,6.926542,-439293.197812
5450749.046245,-2.526932,8.187312,-429909.800876
5458788.499116,-2.519847,8.001515,-419066.572416
5466827.951987,-2.463505,13.358311,-406800.565155
5474867.404857,-2.541422,10.956977,-393153.693638
5482906.857728,-2.285635,14.912973,-378172.591003
5490946.310598,-2.246352,15.879070,-361908.449627
5498985.763469,-2.141963,16.610918,-344416.846200
5507025.216339,-1.956717,17.064083,-325757.551809
5515064.669210,-1.908640,16.488312,-305994.327692
5523104.122081,-1.952576,19.378937,-285194.707360
5531143.574951,-1.627706,20.622253,-263429.765825
5539183.027822,-1.400705,20.124819,-240773.876726
5547222.480692,-1.284927,21.082011,-217304.458186
5555261.933563,-1.277250,21.182356,-193101.708266
5563301.386433,-0.995003,24.367540,-168248.330912
5571340.839304,-0.780716,22.726893,-142829.253353
5579380.292175,-0.598794,20.636288,-116931.335887
5587419.745045,-0.456588,24.997419,-90643.075070
5595459.197916,-0.300909,24.596404,-64054.301313
5603498.650786,-0.099642,24.605171,-37255.871918
5611538.103657,-0.006726,24.417016,-10339.360609
5619577.556527,0.177307,22.098786,16603.255391
5627617.009398,0.479053,22.953929,43479.909652
5635656.462269,0.462588,23.378683,70198.761149
5643695.915139,0.596448,22.869344,96668.508086
5651735.368010,0.849553,24.205501,122798.699889
5659774.820880,0.974615,22.038554,148500.046292
5667814.273751,1.298749,20.864666,173684.722447
5675853.726621,1.324076,19.939913,198266.669034
5683893.179492,1.499364,20.232997,222161.886342
5691932.632363,1.663296,19.654050,245288.721302
5699972.085233,1.684542,16.932064,267568.146506
5708011.538104,2.023991,17.324320,288924.030256
5716050.990974,1.890117,17.823689,309283.396719
5724090.443845,1.993401,13.827694,328576.675285
5732129.896715,2.337434,12.629736,346737.938311
5740169.349586,2.433914,15.347493,363705.126396
5748208.802456,2.545773,11.452128,379420.260447
5756248.255327,2.519355,12.024088,393829.639807
5764287.708198,2.511516,10.387786,406884.025747
5772327.161068,2.686849,9.000370,418538.809733
5780366.613939,2.583917,6.915130,428754.165850
5788406.066809,2.841281,6.255530,437495.186894
5796445.519680,2.686055,4.027136,444732.003659
5804484.972550,2.973371,4.011502,450439.887000
5812524.425421,2.917981,1.704247,454599.332336
5820563.878292,2.843943,0.498038,457196.126301
5828603.331162,2.864067,-1.493812,458221.395311
5836642.784033,2.864246,-0.871628,457671.635888
5844682.236903,2.825324,-3.404132,455548.726633
5852721.689774,2.771190,-4.053839,451859.921802
5860761.142644,2.709126,-5.473587,446617.826523
5868800.595515,2.834700,-7.113471,439840.353716
5876840.048386,2.587834,-6.135028,431550.662890
5884879.501256,2.644943,-7.952238,421777.080998
5892918.954127,2.489643,-9.510244,410553.005642
5900958.406997,2.572956,-11.924340,397916.790948
5908997.859868,2.191964,-14.852658,383911.616509
5917037.312738,2.466284,-17.222130,368585.339828
5925076.765609,2.100930,-15.754255,351990.332790
5933116.218480,2.191905,-15.532803,334183.302694
5941155.671350,1.811903,-17.699842,315225.098482
5949195.124221,1.921938,-16.756424,295180.502805
5957234.577091,1.579409,-21.872996,274118.010659
5965274.029962,1.485588,-18.059600,252109.595320
5973313.482832,1.399941,-22.163580,229230.462411
5981352.935703,1.186691,-20.705194,205558.792909
5989392.388574,1.207794,-20.590684,181175.475990
5997431.841444,1.082729,-21.739083,156163.832624
6005471.294315,0.677803,-23.979072,130609.330853
6013510.747185,0.574880,-25.379010,104599.293739
6021550.200056,0.411763,-23.004379,78222.600964
6029589.652926,0.282924,-21.781569,51569.385124
6037629.105797,0.118763,-23.863937,24730.723727
6045668.558668,-0.137136,-23.169632,-2201.672025
6053708.011538,-0.209009,-21.277801,-29135.770628
6061747.464409,-0.340421,-22.797999,-55979.534761
6069786.917279,-0.469399,-20.884036,-82641.235784
6077826.370150,-0.768009,-19.729574,-109029.767195
6085865.823020,-0.808856,-23.665588,-135054.955944
6093905.275891,-1.014230,-22.980684,-160627.870573
6101944.728762,-1.132967,-19.310532,-185661.125101
6109984.181632,-1.395016,-20.592304,-210069.177638
6118023.634503,-1.461900,-20.766854,-233768.622690
6126063.087373,-1.643177,-21.578978,-256678.476167
6134102.540244,-1.706720,-18.411820,-278720.452115
6142141.993114,-1.867880,-15.675912,-299819.230234
6150181.445985,-2.113052,-17.890866,-319902.713250
6158220.898855,-2.177304,-14.583743,-338902.273286
6166260.351726,-2.342728,-14.014771,-356752.986371
6174299.804597,-2.375633,-15.607728,-373393.854295
6182339.257467,-2.518348,-12.571725,-388768.013045
6190378.710338,-2.672790,-11.362029,-402822.927117
6198418.163208,-2.441792,-9.975396,-415510.569040
6206457.616079,-2.740825,-7.861258,-426787.583489
6214497.068949,-2.893403,-6.452580,-436615.435438
6222536.521820,-2.872885,-6.233249,-444960.541837
6230575.974691,-2.845975,-4.496007,-451794.386369
6238615.427561,-2.832224,-3.740810,-457093.616899
6246654.880432,-2.891504,-2.097973,-460840.125266
6254694.333302,-2.778600,1.878613,-463021.109162
6262733.786173,-2.853394,-0.141264,-463629.115882
6270773.239043,-2.888830,3.951131,-462662.067787
6278812.691914,-2.809779,1.941893,-460123.269407
6286852.144785,-2.679691,3.371947,-456021.396146
6294891.597655,-2.785971,6.330292,-450370.464640
6302931.050526,-2.731636,6.090471,-443189.784858
6310970.503396,-2.825927,8.420739,-434503.894116
6319009.956267,-2.762752,12.186600,-424342.473236
6327049.409137,-2.511549,10.086653,-412740.245115
6335088.862008,-2.384884,13.292715,-399736.856079
6343128.314879,-2.376077,14.255838,-385376.740400
6351167.767749,-2.231111,13.688586,-369708.968464
6359207.220620,-2.035354,15.235265,-352787.079088
6367246.673490,-1.967962,17.125059,-334668.896573
6375286.126361,-1.656259,16.933041,-315416.333106
6383325.579231,-1.796657,17.216969,-295095.177205
6391365.032102,-1.570641,20.641076,-273774.868905
6399404.484973,-1.494281,19.989029,-251528.262477
6407443.937843,-1.489133,22.680475,-228431.377472
6415483.390714,-1.228258,22.643518,-204563.138954
6423522.843584,-1.103685,21.103370,-180005.107802
6431562.296455,-0.778081,21.140748,-154841.202006
6439601.749325,-0.626957,23.730445,-129157.409910
6447641.202196,-0.731759,23.687662,-103041.496377
6455680.655067,-0.287265,21.615789,-76582.702883
6463720.107937,-0.180621,22.435459,-49871.442572
6471759.560808,-0.247923,24.151662,-22998.991298
6479799.013678,0.124803,22.525727,3942.824272
6487838.466549,0.284312,21.375067,30861.940447
6495877.919419,0.412999,23.761479,57666.371100
6503917.372290,0.688772,23.882080,84264.522002
6511956.825161,0.789268,20.351892,110565.503808
6519996.278031,1.059919,22.878248,136479.442636
6528035.730902,1.087019,21.016815,161917.787184
6536075.183772,1.129257,22.122204,186793.611315
6544114.636643,1.471930,19.952730,211021.911100
6552154.089513,1.549403,17.722436,234519.895281
6560193.542384,1.643268,18.475817,257207.268188
6568232.995254,1.755476,17.028499,279006.504113
6576272.448125,2.151371,16.178723,299843.112227
6584311.900996,2.116920,14.845860,319645.891127
6592351.353866,2.238992,17.145566,338347.172139
6600390.806737,2.355542,14.861763,355883.050551
6608430.259607,2.302812,12.946822,372193.603981
6616469.712478,2.439550,13.003800,387223.097145
6624509.165348,2.560099,9.417036,400920.172307
6632548.618219,2.596642,8.497297,413238.024778
6640588.071090,2.711849,7.937526,424134.562852
6648627.523960,2.768283,7.496340,433572.551639
6656666.976831,2.922853,7.929778,441519.740303
6664706.429701,2.866447,4.630355,447948.972265
6672745.882572,2.895658,1.926910,452838.278001
6680785.335442,2.932106,3.186292,456170.950118
6688824.788313,2.693898,0.595905,457935.600441
6696864.241184,2.888670,0.286033,458126.198930
6704903.694054,2.787927,-2.834833,456742.094285
6712943.146925,2.881529,-3.404060,453788.016172
6720982.599795,2.817138,-5.867250,449274.059060
6729022.052666,2.907691,-8.678930,443215.647730
6737061.505536,2.739761,-7.551449,435633.484560
6745100.958407,2.705739,-8.535067,426553.478791
6753140.411278,2.485698,-9.657537,416006.657984
6761179.864148,2.585027,-11.358448,404029.062000
6769219.317019,2.322009,-12.047044,390661.619844
6777258.769889,2.249714,-13.443954,375950.009806
6785298.222760,2.334468,-15.070485,359944.503375
6793337.675630,2.195802,-15.776740,342699.793449
6801377.128501,2.075673,-17.888724,324274.807448
6809416.581372,1.846161,-17.053294,304732.505949
6817456.034242,1.639039,-18.818355,284139.667541
6825495.487113,1.686001,-18.865636,262566.660635
6833534.939983,1.470546,-20.977874,240087.203005
6841574.392854,1.169344,-21.183145,216778.109884
6849613.845724,1.113019,-22.523928,192719.031480
6857653.298595,1.098308,-21.543277,167992.180796
6865692.751466,0.818498,-23.538598,142682.052702
6873732.204336,0.571924,-23.060397,116875.135201
6881771.657207,0.421442,-23.865988,90659.613891
6889811.110077,0.278201,-25.861588,64125.070623
6897850.562948,0.154170,-25.398266,37362.177385
6905890.015818,-0.023658,-22.223677,10462.386471
6913929.468689,-0.246000,-24.429295,-16482.382033
6921968.921560,-0.373739,-22.173497,-43380.054342
6930008.374430,-0.603528,-22.903576,-70138.717607
6938047.827301,-0.697469,-22.081656,-96666.933993
6946087.280171,-0.799119,-20.666550,-122874.053127
6954126.733042,-0.970685,-23.174261,-148670.521873
6962166.185912,-1.177474,-22.649430,-173968.190335
6970205.638783,-1.274632,-20.790226,-198680.613088
6978245.091653,-1.371648,-20.588245,-222723.344564
6986284.544524,-1.537655,-18.831109,-246014.227618
6994323.997395,-1.762184,-18.573465,-268473.674270
7002363.450265,-1.832037,-14.998017,-290024.937666
7010402.903136,-2.053047,-18.770689,-310594.374333
7018442.356006,-2.147713,-17.054368,-330111.695826
7026481.808877,-2.407915,-13.848304,-348510.208917
7034521.261747,-2.147257,-15.968997,-365727.043490
7042560.714618,-2.473554,-10.732748,-381703.367379
7050600.167489,-2.671741,-11.778844,-396384.587406
7058639.620359,-2.530531,-11.694226,-409720.535928
7066679.073230,-2.488633,-7.586268,-421665.642275
7074718.526100,-2.831082,-6.504277,-432179.088460
7082757.978971,-2.761769,-4.453825,-441224.948671
7090797.431841,-2.807577,-3.360047,-448772.312024
7098836.884712,-2.817566,-3.534639,-454795.388196
7106876.337583,-2.896975,-3.203983,-459273.595552
7114915.790453,-2.845177,-0.824757,-462191.631473
7122955.243324,-2.762823,0.382724,-463539.524651
7130994.696194,-3.080739,-0.062603,-463312.669159
7139034.149065,-2.946201,2.628988,-461511.840193
7147073.601935,-2.924487,3.854443,-458143.191419
7155113.054806,-2.960967,6.704513,-453218.233948
7163152.507677,-2.871384,3.892925,-446753.797002
7171191.960547,-2.681863,8.260633,-438771.970404
7179231.413418,-2.741599,9.579964,-429300.029095
7187270.866288,-2.550894,9.310332,-418370.339931
7195310.319159,-2.620985,11.289127,-406020.251085
7203349.772029,-2.464664,12.943445,-392291.964416
7211389.224900,-2.202313,13.854905,-377232.391270
7219428.677771,-2.132502,14.495067,-360892.992169
7227468.130641,-2.016154,16.389773,-343329.600967
7235507.583512,-2.014437,17.548022,-324602.234059
7243547.036382,-1.867402,18.299059,-304774.885296
7251586.489253,-1.670268,17.197672,-283915.307313
7259625.942123,-1.543199,23.303042,-262094.780002
7267665.394994,-1.465264,19.977532,-239387.866948
7275704.847865,-1.118307,20.402063,-215872.160629
7283744.300735,-1.108614,18.699202,-191628.017276
7291783.753606,-0.996243,21.744813,-166738.282285
7299823.206476,-0.853374,20.729991,-141288.007121
7307862.659347,-0.730935,20.934014,-115364.158689
7315902.112217,-0.510515,22.349291,-89055.322155
7323941.565088,-0.256614,23.404377,-62451.398239
7331981.017959,-0.024025,23.696760,-35643.296013
7340020.470829,0.010111,24.485419,-8722.622256
7348059.923700,0.209368,22.388256,18218.631587
7356099.376570,0.346097,22.156949,45088.403741
7364138.829441,0.438330,20.938986,71794.876696
7372178.282311,0.611579,22.261999,98246.790956
7380217.735182,0.815595,21.114969,124353.756885
7388257.188052,1.060221,22.755720,150026.563581
7396296.640923,1.264667,21.597695,175177.483721
7404336.093794,1.375285,23.488916,199720.573334
7412375.546664,1.387627,19.616292,223571.965487
7420414.999535,1.570512,20.534685,246650.156867
7428454.452405,1.806593,16.350803,268876.286289
7436493.905276,1.828926,17.478980,290174.404174
7444533.358146,2.069200,17.908029,310471.732080
7452572.811017,2.204771,16.082574,329698.911394
7460612.263888,2.210661,14.814038,347790.240340
7468651.716758,2.380626,11.973958,364683.898492
7476691.169629,2.449699,12.889376,380322.158019
7484730.622499,2.416245,12.532294,394651.580952
7492770.075370,2.444298,12.838486,407623.201786
7500809.528240,2.761726,7.783886,419192.694806
7508848.981111,2.841101,8.610699,429320.525545
7516888.433982,2.697275,7.382452,437972.085887
7524927.886852,2.885704,6.884365,445117.812324
7532967.339723,2.876700,2.091901,450733.286979
7541006.792593,2.747227,4.011904,454799.321042
7549046.245464,2.874500,1.540006,457302.020347
7557085.698334,2.893261,0.207179,458232.832843
7565125.151205,2.933631,-1.809347,457588.577823
7573164.604076,2.895849,-6.352874,455371.456791
7581204.056946,2.778532,-6.324456,451589.045938
7589243.509817,2.801204,-6.606188,446254.270253
7597282.962687,2.823040,-7.020660,439385.359361
7605322.415558,2.591306,-6.475669,431005.785225
7613361.868428,2.856369,-7.748340,421144.181940
7621401.321299,2.631897,-10.579865,409834.247889
7629440.774170,2.413297,-10.437731,397114.630591
7637480.227040,2.318955,-12.922274,383028.794632
7645519.679911,2.366979,-14.179260,367624.873150
7653559.132781,2.285356,-15.431949,350955.503350
7661598.585652,2.130247,-14.511071,333077.646639
7669638.038522,2.019099,-19.070941,314052.393983
7677677.491393,1.751492,-19.055472,293944.757146
7685716.944264,1.646584,-17.801551,272823.446543
7693756.397134,1.497692,-20.139746,250760.636442
7701795.850005,1.339182,-19.677162,227831.718339
7709835.302875,1.192559,-23.561793,204115.043333
7717874.755746,1.120749,-25.118599,179691.654391
7725914.208616,0.730452,-21.769965,154645.009414
7733953.661487,0.760051,-21.023403,129060.696049
7741993.114357,0.549249,-21.164358,103026.139226
7750032.567228,0.411974,-24.488140,76630.302418
7758072.020099,0.178323,-25.060825,49963.383635
7766111.472969,0.013236,-21.143007,23116.507212
7774150.925840,-0.168410,-23.230126,-3818.587579
7782190.378710,-0.218726,-22.564994,-30749.860009
7790229.831581,-0.448407,-23.794453,-57585.282416
7798269.284451,-0.593086,-23.208165,-84233.154664
7806308.737322,-0.694069,-21.736164,-110602.417506
7814348.190193,-0.957650,-21.675655,-136602.963735
7822387.643063,-1.089746,-23.248023,-162145.946099
7830427.095934,-1.220264,-20.119469,-187144.080901
7838466.548804,-1.420173,-20.192628,-211511.946258
7846506.001675,-1.482390,-21.623104,-235166.274003
7854545.454545,-1.890317,-17.464178,-258026.234216
7862584.907416,-1.735302,-16.805920,-280013.711436
7870624.360287,-2.161703,-18.497401,-301053.571590
7878663.813157,-2.107063,-14.399159,-321073.918736
7886703.266028,-2.190552,-18.421164,-340006.340741
7894742.718898,-2.340444,-12.648063,-357786.143053
7902782.171769,-2.446590,-14.928862,-374352.569773
7910821.624639,-2.402077,-13.108879,-389649.011262
7918861.077510,-2.727561,-11.168229,-403623.197588
7926900.530381,-2.825596,-9.053047,-416227.377137
7934939.983251,-2.671818,-8.355553,-427418.479786
7942979.436122,-2.796213,-6.707402,-437158.264079
7951018.888992,-2.710002,-8.164709,-445413.447906
7959058.341863,-2.913794,-2.903441,-452155.822228
7967097.794733,-2.741206,-3.215863,-457362.347474
7975137.247604,-2.916527,-0.170227,-461015.232269
7983176.700475,-3.007454,-0.551715,-463101.994230
7991216.153345,-2.924031,2.099285,-463615.502620
7999255.606216,-3.013378,0.210607,-462554.002714
8007295.059086,-2.885910,2.074300,-459921.121795
8015334.511957,-2.795595,3.248385,-455725.856760
8023373.964827,-2.682932,4.462463,-449982.543376
8031413.417698,-2.709191,8.014696,-442710.807294
8039452.870569,-2.633146,10.816620,-433935.496981
8047492.323439,-2.464934,10.008484,-423686.598816
8055531.776310,-2.455229,11.033440,-411999.134619
8063571.229180,-2.375174,14.204153,-398913.041978
8071610.682051,-2.350692,14.279490,-384473.037774
8079650.134921,-2.303089,12.585170,-368728.465382
8087689.587792,-2.220440,18.308348,-351733.126058
8095729.040663,-1.934759,17.384149,-333545.095088
8103768.493533,-2.002440,18.677630,-314226.523344
8111807.946404,-1.767274,17.879965,-293843.424899
8119847.399274,-1.856219,19.994976,-272465.451457
8127886.852145,-1.447044,20.610900,-250165.654337
8135926.305015,-1.511475,23.795216,-227020.234849
8143965.757886,-1.148470,19.798840,-203108.283905
8152005.210756,-1.067175,21.571632,-178511.511757
8160044.663627,-0.981045,21.246798,-153313.968778
8168084.116498,-0.816923,23.533439,-127601.758254
8176123.569368,-0.623759,22.062735,-101462.742156
8184163.022239,-0.412461,22.353950,-74986.240906
8192202.475109,-0.168362,24.128436,-48262.728158
8200241.927980,-0.066179,23.691690,-21383.521634
8208281.380850,-0.041841,21.929106,5559.528917
8216320.833721,0.319328,24.029848,32474.355581
8224360.286592,0.536778,24.763741,59268.986892
8232399.739462,0.708671,19.728121,85851.862105
8240439.192333,0.734082,22.289668,112132.144073
8248478.645203,0.883840,18.741690,138020.029651
8256518.098074,1.245752,21.748827,163427.056561
8264557.550944,1.246459,20.004049,188266.405685
8272597.003815,1.343392,19.505832,212453.197732
8280636.456686,1.586873,20.713304,235904.783283
8288675.909556,1.677700,19.609929,258541.025217
8296715.362427,1.845447,19.754484,280284.572547
8304754.815297,1.915590,17.430266,301061.124740
8312794.268168,2.177182,17.276572,320799.685612
8320833.721038,2.076438,14.719628,339432.805930
8328873.173909,2.356365,15.045961,356896.813895
8336912.626780,2.335575,12.110813,373132.032717
8344952.079650,2.533809,12.164633,388082.984540
8352991.532521,2.637916,11.956723,401698.580015
8361030.985391,2.596143,7.858247,413932.292878
8369070.438262,2.604696,8.720970,424742.318938
8377109.891132,2.938505,7.458572,434091.718931
8385149.344003,2.750819,5.150105,441948.544738
8393188.796874,2.865957,3.972940,448285.948562
8401228.249744,2.847643,4.981886,453082.274669
8409267.702615,3.046794,0.836289,456321.133388
8417307.155485,2.917217,2.048787,457991.457117
8425346.608356,2.921560,-0.938305,458087.538143
8433386.061226,2.925670,-2.008372,456609.048144
8441425.514097,2.974355,-5.190018,453561.039312
8449464.966968,2.971083,-3.921334,448953.927092
8457504.419838,2.889310,-7.249140,442803.454585
8465543.872709,2.846100,-7.283003,435130.638757
8473583.325579,2.548866,-10.041766,425961.698619
8481622.778450,2.647987,-9.523448,415327.965633
8489662.231320,2.482475,-11.522870,403265.776650
8497701.684191,2.518258,-16.322784,389816.349741
8505741.137062,2.363289,-14.541043,375025.643348
8513780.589932,2.297198,-16.465394,358944.199241
8521820.042803,2.028019,-15.825025,341626.969810
8529859.495673,2.043354,-16.357068,323133.130282
8537898.948544,1.804832,-19.030049,303525.876515
8545938.401414,1.700017,-19.811111,282872.209050
8553977.854285,1.529498,-18.935051,261242.704157
8562017.307155,1.473167,-22.337287,238711.272671
8570056.760026,1.428858,-20.098595,215354.907428
8578096.212897,1.044496,-22.611688,191253.420170
8586135.665767,0.961582,-22.183073,166489.168817
8594175.118638,1.020636,-23.207810,141146.776041
8602214.571508,0.772982,-22.467446,115312.840099
8610254.024379,0.568882,-22.406830,89075.638913
8618293.477249,0.455913,-23.518435,62524.828418
8626332.930120,0.221763,-23.301505,35751.136190
8634372.382991,0.072088,-23.585772,8846.051422
8642411.835861,-0.198084,-24.829023,-18098.487707
8650451.288732,-0.389686,-24.275736,-44990.408199
8658490.741602,-0.623900,-24.878309,-71737.816858
8666530.194473,-0.669232,-21.347800,-98249.314306
8674569.647343,-0.824031,-21.228931,-124434.307305
8682609.100214,-1.005194,-22.647224,-150203.318322
8690648.553085,-1.331429,-21.288739,-175468.291291
8698688.005955,-1.257782,-21.221514,-200142.892510
8706727.458826,-1.628476,-21.229525,-224142.805653
8714766.911696,-1.591648,-17.389671,-247386.019891
8722806.364567,-1.697959,-18.249348,-269793.110134
8730845.817437,-1.987817,-17.148029,-291287.508437
8738885.270308,-1.861461,-16.827681,-311795.765642
8746924.723179,-1.979686,-17.390557,-331247.802363
8754964.176049,-2.108231,-16.080138,-349577.148457
8763003.628920,-2.375596,-13.227250,-366721.170162
8771043.081790,-2.460902,-13.007216,-382621.284123
8779082.534661,-2.511279,-10.883771,-397223.157580
8787121.987531,-2.595461,-7.138119,-410476.894030
8795161.440402,-2.630988,-10.206587,-422337.203730
8803200.893273,-2.654877,-7.780763,-432763.558456
8811240.346143,-2.601172,-7.052365,-441720.329997
8819279.799014,-2.935736,-4.059950,-449176.911897
8827319.251884,-2.945330,-2.674336,-455107.824046
8835358.704755,-2.918178,-2.846336,-459492.799745
8843398.157625,-2.913925,-2.257939,-462316.854960
8851437.610496,-2.909536,-0.101535,-463570.339527
8859477.063367,-2.954825,0.642801,-463248.970126
8867516.516237,-2.776208,3.215738,-461353.844918
8875555.969108,-2.914255,3.413806,-457891.439792
8883595.421978,-2.788621,6.383149,-452873.586239
8891634.874849,-2.804087,8.010441,-446317.430916
8899674.327719,-2.673603,10.175815,-438245.377061
8907713.780590,-2.762745,9.419482,-428685.007932
8915753.233461,-2.574019,10.188787,-417668.992557
8923792.686331,-2.373694,13.448347,-405234.974093
8931832.139202,-2.376438,12.534708,-391425.441202
8939871.592072,-2.347064,17.425363,-376287.582856
8947911.044943,-2.282703,14.083486,-359873.127088
8955950.497813,-2.133063,16.150323,-342238.164231
8963989.950684,-1.919471,16.775831,-323442.955250
8972029.403554,-1.755238,16.072459,-303551.725821
8980068.856425,-1.811963,20.393912,-282632.446866
8988108.309296,-1.501963,17.613659,-260756.602284
8996147.762166,-1.271636,19.798469,-237998.944687
9004187.215037,-1.218065,18.915832,-214437.239954
9012226.667907,-0.910129,22.632107,-190152.001498
9020266.120778,-1.013457,21.148182,-165226.215141
9028305.573648,-0.846543,21.149856,-139745.055542
9036345.026519,-0.648729,23.192446,-113795.595140
9044384.479390,-0.478386,22.484700,-87466.506623
9052423.932260,-0.140357,24.121822,-60847.759914
9060463.385131,-0.127932,21.200976,-34030.314736
9068502.838001,-0.002043,22.805865,-7105.809793
9076542.290872,0.038830,24.147457,19833.750375
9084581.743742,0.290574,22.323536,46696.309785
9092621.196613,0.626838,22.383367,73390.075571
9100660.649484,0.806533,22.597760,99823.831659
9108700.102354,0.936032,21.968962,125907.250464
9116739.555225,0.892629,22.756810,151551.201546
9124779.008095,1.271265,21.516073,176668.056184
9132818.460966,1.430664,20.481922,201171.986815
9140857.913836,1.536928,15.942292,224979.260318
9148897.366707,1.668394,18.059545,248008.524138
9156936.819578,1.873650,19.649556,270181.084283
9164976.272448,2.001144,19.530214,291421.174225
9173015.725319,2.018027,14.292837,311656.213813
9181055.178189,2.173386,17.251654,330817.057280
9189094.631060,2.284269,11.623598,348838.229530
9197134.083930,2.419532,11.866619,365658.149869
9205173.536801,2.322952,12.390954,381219.342440
9213212.989672,2.375795,12.023279,395468.632621
9221252.442542,2.542725,11.209065,408357.328733
9229291.895413,2.855215,8.546625,419841.388420
9237331.348283,2.719937,8.091328,429881.569158
9245370.801154,2.982538,6.939946,438443.562339
9253410.254024,2.824201,4.615192,445498.110519
9261449.706895,2.925900,3.174822,451021.107388
9269489.159766,2.787466,4.602773,454993.680145
9277528.612636,2.942237,1.700619,457402.253994
9285568.065507,2.871365,1.331808,458238.598523
9293607.518377,2.799068,-3.663738,457499.855833
9301646.971248,2.949785,-4.028504,455188.550306
9309686.424118,2.858932,-3.742061,451312.579973
9317725.876989,2.697248,-6.709741,445885.189529
9325765.329859,2.619056,-7.865723,438924.925075
9333804.782730,2.497793,-10.566865,430455.570740
9341844.235601,2.470585,-10.654085,420506.067411
9349883.688471,2.416158,-10.094660,409110.413837
9357923.141342,2.384811,-10.972180,396307.550449
9365962.594212,2.344431,-13.505483,382141.226301
9374002.047083,2.275510,-12.661418,366659.849564
9382041.499953,2.190114,-14.134023,349916.322122
9390080.952824,1.989069,-17.217455,331967.858786
9398120.405695,1.864558,-18.090029,312875.791794
9406159.858565,1.926932,-18.126152,292705.361225
9414199.311436,1.598963,-19.183977,271525.492066
9422238.764306,1.445887,-19.421791,249408.558690
9430278.217177,1.285531,-21.055752,226430.137537
9438317.670047,1.228571,-20.229684,202668.748865
9446357.122918,1.149798,-20.719309,178205.588434
9454396.575789,0.981915,-22.795784,153124.250048
9462436.028659,0.806002,-21.014947,127510.439907
9470475.481530,0.547475,-23.940630,101451.683736
9478514.934400,0.342939,-22.929458,75037.027698
9486554.387271,0.271903,-23.020977,48356.734114
9494593.840141,0.028404,-23.465581,21501.973019
9502633.293012,-0.115074,-21.379699,-5435.489368
9510672.745883,-0.235947,-24.556371,-32363.604233
9518712.198753,-0.412156,-20.753443,-59190.354699
9526751.651624,-0.615077,-22.088893,-85824.070266
9534791.104494,-0.888171,-23.124529,-112173.740060
9542830.557365,-0.915899,-21.913138,-138149.323828
9550870.010235,-1.058037,-20.911117,-163662.059617
9558909.463106,-1.193878,-20.431611,-188624.767087
9566948.915977,-1.443589,-20.162921,-212952.145414
9574988.368847,-1.364206,-20.833950,-236561.064781
9583027.821718,-1.497902,-17.526551,-259370.850434
9591067.274588,-1.788784,-18.162568,-281303.558366
9599106.727459,-2.025801,-17.009666,-302284.241657
9607146.180329,-1.922451,-16.991675,-322241.206580
9615185.633200,-2.208871,-14.277083,-341106.257587
9623225.086071,-2.391465,-14.463054,-358814.930343
9631264.538941,-2.421757,-12.432609,-375306.712005
9639303.991812,-2.678930,-12.288437,-390525.248009
9647343.444682,-2.493983,-10.793869,-404418.534635
9655382.897553,-2.683738,-11.718518,-416939.096714
9663422.350423,-2.651825,-7.704000,-428044.149854
9671461.803294,-2.599338,-8.666241,-437695.746642
9679501.256165,-2.777492,-5.428137,-445860.906316
9687540.709035,-2.852815,-4.139798,-452511.727461
9695580.161906,-2.789153,-4.555674,-457625.483355
9703619.614776,-2.990234,-0.457217,-461184.699630
9711659.067647,-2.933158,-0.861598,-463177.213978
9719698.520517,-2.917490,2.755144,-463596.217720
9727737.973388,-2.888619,1.482174,-462440.279064
9735777.426258,-2.857586,3.840342,-459713.348004
9743816.879129,-2.920287,4.473255,-455424.742818
9751856.332000,-2.850594,5.994962,-449589.118229
9759895.784870,-2.860091,7.766819,-442226.415326
9767935.237741,-2.715145,8.759370,-433361.793423
9775974.690611,-2.584726,10.074035,-423025.544089
9784014.143482,-2.478195,11.810319,-411252.987631
9792053.596352,-2.421933,12.359484,-398084.352411
9800093.049223,-2.425508,13.936272,-383564.637369
9808132.502094,-2.064957,14.908157,-367743.458262
9816171.954964,-2.195711,17.091820,-350674.878119
9824211.407835,-2.041839,15.240025,-332417.222502
9832250.860705,-1.986720,15.327986,-313032.880197
9840290.313576,-1.824576,17.231255,-292588.090027
9848329.766446,-1.555423,20.095302,-271152.714502
9856369.219317,-1.445798,20.573458,-248800.001092
9864408.672188,-1.318526,20.936154,-225606.331929
9872448.125058,-1.088864,20.990932,-201650.962801
9880487.577929,-0.965491,21.728889,-177015.752324
9888527.030799,-0.813694,21.368049,-151784.882222
9896566.483670,-0.639221,22.182462,-126044.569661
9904605.936540,-0.459616,22.090619,-99882.772644
9912645.389411,-0.432259,22.493105,-73388.889436
9920684.842282,-0.104189,21.846111,-46653.453087
9928724.295152,-0.154196,22.283354,-19767.822066
9936763.748023,0.098540,25.696400,7176.131926
9944803.200893,0.332454,23.873670,34086.337890
9952842.653764,0.399415,22.901529,60870.840146
9960882.106634,0.533579,23.374228,87438.112563
9968921.559505,0.821899,21.960426,113697.371311
9976961.012376,1.042306,21.070249,139558.885082
9985000.465246,0.859304,22.354187,164934.281718
9993039.918117,1.350489,21.716476,189736.850182
10001079.370987,1.392852,21.267393,213881.836869
10009118.823858,1.638558,21.301341,237286.735214
10017158.276728,1.779635,18.544948,259871.567632
10025197.729599,1.808639,16.730343,281559.158810
10033237.182470,2.095713,15.444439,302275.399424
10041276.635340,2.085929,17.769464,321949.499381
10049316.088211,2.114969,14.130689,340514.229722
10057355.541081,2.302170,13.899316,357906.152343
10065394.993952,2.345315,13.997172,374065.836781
10073434.446822,2.563007,12.666918,388938.063289
10081473.899693,2.502953,10.201023,402472.011533
10089513.352564,2.638514,10.704241,414621.434250
10097552.805434,2.828334,10.016497,425344.815278
10105592.258305,2.759020,5.115358,434605.511430
10113631.711175,2.821660,3.516225,442371.877701
10121671.164046,2.711200,4.997587,448617.375404
10129710.616916,2.934640,3.301376,453320.662862
10137750.069787,3.015237,0.547615,456465.668328
10145789.522657,2.704345,0.361078,458041.644911
10153828.975528,2.762129,-1.862631,458043.207291
10161868.428399,2.889795,-3.326973,456470.350130
10169907.881269,2.780277,-3.313602,453328.448087
10177947.334140,2.825526,-2.986214,448628.237449
10185986.787010,2.665196,-6.068929,442385.779449
10194026.239881,2.772103,-6.653843,434622.405378
10202065.692751,2.577495,-7.828797,425364.643696
10210105.145622,2.560270,-9.112356,414644.129381
10218144.598493,2.454598,-13.949437,402497.495826
10226184.051363,2.450608,-13.122646,388966.249661
10234223.504234,2.251700,-15.922010,374096.628914
10242262.957104,2.345436,-17.846187,357939.445018
10250302.409975,2.007961,-16.784171,340549.909172
10258341.862845,2.016419,-18.624836,321987.443687
10266381.315716,1.784185,-19.497170,302315.478923
10274420.768587,1.885009,-17.483172,281601.236547
10282460.221457,1.666334,-17.676151,259915.499821
10290499.674328,1.373915,-22.190046,237332.371733
10298539.127198,1.277348,-21.773326,213929.021772
10306578.580069,1.042785,-19.740214,189785.422232
10314618.032939,0.767506,-23.727753,164984.074938
10322657.485810,0.688596,-20.444208,139609.729322
10330696.938681,0.674358,-22.004176,113749.092829
10338736.391551,0.603529,-21.627735,87490.534621
10346775.844422,0.378925,-20.643658,60923.783611
10354815.297292,0.165817,-20.177836,34139.621846
10362854.750163,-0.161510,-23.204910,7229.574297
10370894.203033,-0.183015,-24.182323,-19714.403901
10378933.655904,-0.604089,-25.001416,-46600.241666
10386973.108775,-0.660245,-21.876263,-73336.066587
10395012.561645,-0.775821,-23.829473,-99830.518871
10403052.014516,-0.909599,-21.958196,-125993.063522
10411091.467386,-1.016856,-23.322560,-151734.299719
10419130.920257,-1.363994,-21.968088,-176966.266305
10427170.373127,-1.327014,-21.384242,-201602.742366
10435209.825998,-1.420241,-19.639355,-225559.541853
10443249.278869,-1.747836,-19.923640,-248754.801263
10451288.731739,-1.906917,-19.773628,-271109.259375
10459328.184610,-1.730867,-16.434522,-292546.528092
10467367.637480,-1.936780,-17.122132,-312993.353478
10475407.090351,-2.125716,-14.137647,-332379.866066
10483446.543221,-2.376786,-14.592495,-350639.819618
10491485.996092,-2.379667,-14.007033,-367710.817495
10499525.448963,-2.543942,-14.568284,-383534.525875
10507564.901833,-2.480652,-9.635463,-398056.873084
10515604.354704,-2.612438,-9.770924,-411228.234372
10523643.807574,-2.737091,-9.762335,-423003.601481
10531683.260445,-2.702239,-9.289113,-433342.736450
10539722.713315,-2.752292,-7.251172,-442210.309106
10547762.166186,-2.629773,-3.771836,-449576.017800
10555801.619056,-2.795814,-2.476658,-455414.692945
10563841.071927,-2.802192,-4.792917,-459706.383030
10571880.524798,-2.831510,-2.262377,-462436.422788
10579919.977668,-2.932019,2.375392,-463595.483320
10587959.430539,-2.867529,1.531663,-463179.603963
10595998.883409,-2.893280,2.535711,-461190.205833
10604038.336280,-2.888781,3.372812,-457634.086962
10612077.789150,-2.889778,6.396376,-452523.399071
10620117.242021,-2.756495,6.377391,-445875.606046
10628156.694892,-2.637008,8.359199,-437713.424261
10636196.147762,-2.692085,8.246183,-428064.744955
10644235.600633,-2.555185,9.722414,-416962.538922
10652275.053503,-2.515452,13.034337,-404444.743845
10660314.506374,-2.226424,11.095721,-390554.134659
10668353.959244,-2.235760,13.801628,-375338.177387
10676393.412115,-2.148325,15.819450,-358848.866935
10684432.864986,-2.083127,18.513846,-341142.549424
10692472.317856,-2.015628,19.133627,-322279.729647
10700511.770727,-1.858363,18.373405,-302324.864316
10708551.223597,-1.739177,17.554837,-281346.141804
10716590.676468,-1.502871,20.578572,-259415.249139
10724630.129338,-1.365360,19.540039,-236607.127035
10732669.582209,-1.399961,19.496203,-212999.713818
10740709.035080,-1.008839,24.911515,-188673.679092
10748748.487950,-0.977148,22.843601,-163712.148085
10756787.940821,-0.908010,21.304482,-138200.417600
10764827.393691,-0.587521,22.738181,-112225.664543
10772866.846562,-0.446478,24.171365,-85876.648026
10780906.299432,-0.339519,23.788349,-59243.406071
10788945.752303,-0.038263,25.535023,-32416.947935
10796985.205174,0.084340,21.244132,-5488.943117
10805024.658044,0.370260,21.079591,21448.591883
10813064.110915,0.254403,22.454918,48303.607999
10821103.563785,0.449474,21.888780,74984.338145
10829143.016656,0.836680,21.955475,101399.610791
10837182.469526,0.943599,24.041486,127459.161510
10845221.922397,0.954729,21.946292,153073.941424
10853261.375268,1.173568,19.951152,178156.421494
10861300.828138,1.352381,20.284960,202620.891619
10869340.281009,1.546322,20.509898,226383.753519
10877379.733879,1.810567,17.257387,249363.806401
10885419.186750,1.784747,18.349536,271482.524431
10893458.639620,1.973549,18.289909,292664.325068
10901498.092491,1.974139,14.644422,312836.827342
10909537.545361,2.140954,15.724338,331931.099186
10917576.998232,2.303130,16.659979,349881.892986
10925616.451103,2.297693,13.472721,366627.868541
10933655.903973,2.381652,14.401576,382111.802673
10941695.356844,2.589508,9.159193,396280.784762
10949734.809714,2.581539,8.460481,409086.397552
10957774.262585,2.610250,7.985890,420484.882595
10965813.715455,2.805496,6.796515,430437.289785
10973853.168326,2.779762,7.473639,438909.610448
10981892.621197,2.789596,6.506421,445872.893564
10989932.074067,2.948132,3.105604,451303.344685
10997971.526938,2.791934,1.626652,455182.407254
11006010.979808,2.860845,1.093224,457496.826009
11014050.432679,2.888157,0.276970,458238.692279
11022089.885549,2.865810,-3.395693,457405.471010
11030129.338420,2.687816,-2.538651,455000.009430
11038168.791291,2.787613,-6.660511,451030.527311
11046208.244161,2.858435,-6.476491,445510.588893
11054247.697032,2.795470,-6.270861,438459.056523
11062287.149902,2.767767,-8.233429,429900.026206
11070326.602773,2.623910,-9.919713,419862.745263
11078366.055643,2.533096,-11.965486,408381.512391
11086405.508514,2.381083,-12.305453,395495.560456
11094444.961385,2.321309,-13.140785,381248.922436
11102484.414255,2.380282,-15.105217,365690.280947
11110523.867126,2.193916,-13.241330,348872.801893
11118563.319996,1.861568,-17.539559,330853.952791
11126602.772867,1.885610,-18.111280,311695.306395
11134642.225737,1.828887,-15.303566,291462.330293
11142681.678608,1.704666,-19.057596,270224.163201
11150721.131479,1.496228,-19.492886,248053.378702
11158760.584349,1.327942,-22.077660,225025.737252
11166800.037220,1.183694,-21.632123,201219.927302
11174839.490090,0.963120,-21.454582,176717.296404
11182878.942961,0.848030,-20.700308,151601.573240
11190918.395831,0.787837,-24.684285,125958.581505
11198957.848702,0.584681,-21.911218,99875.946643
11206997.301573,0.552403,-19.422666,73442.796413
11215036.754443,0.217417,-24.959833,46749.456331
11223076.207314,0.050201,-22.881087,19887.141018
11231115.660184,-0.143128,-23.240667,-7052.357498
11239155.113055,-0.311338,-22.518077,-33976.983441
11247194.565925,-0.408974,-21.376835,-60794.731859
11255234.018796,-0.768516,-22.957107,-87413.963012
11263273.471667,-0.764168,-22.534059,-113743.715522
11271312.924537,-0.880496,-22.953424,-139694.017195
11279352.377408,-1.062655,-22.328499,-165176.192471
11287391.830278,-1.277523,-22.187096,-190103.165438
11295431.283149,-1.469500,-19.709279,-214389.757384
11303470.736019,-1.656835,-19.342069,-237952.977861
11311510.188890,-1.661744,-17.926469,-260712.308277
11319549.641760,-1.830735,-19.816702,-282589.977035
11327589.094631,-1.880706,-17.997969,-303511.225292
11335628.547502,-2.176984,-16.948855,-323404.562418
11343668.000372,-2.295666,-15.123061,-342202.010290
11351707.453243,-2.508869,-14.906285,-359839.335581
11359746.906113,-2.407012,-12.162595,-376256.269252
11367786.358984,-2.457099,-12.042613,-391396.712505
11375825.811854,-2.569879,-11.300317,-405208.928471
11383865.264725,-2.706628,-9.274682,-417645.719012
11391904.717596,-2.562826,-7.555543,-428664.585993
11399944.170466,-2.847244,-7.243811,-438227.876512
11407983.623337,-2.933716,-3.650836,-446302.911559
11416023.076207,-2.920386,-3.839250,-452862.097688
11424062.529078,-2.934004,-1.854475,-457883.021306
11432101.981948,-2.910152,0.565280,-461348.525263
11440141.434819,-2.949749,-1.127218,-463246.767480
11448180.887690,-2.868427,1.602687,-463571.261417
11456220.340560,-2.800891,2.801590,-462320.898236
11464259.793431,-3.026282,3.052128,-459499.950590
11472299.246301,-2.827710,4.904929,-455118.058026
11480338.699172,-2.636951,7.285580,-449190.194039
11488378.152042,-2.671685,8.121805,-441736.614915
11496417.604913,-2.762258,7.402866,-432782.790503
11504457.057784,-2.658454,11.378589,-422359.317187
11512496.510654,-2.491949,13.830705,-410501.813334
11520535.963525,-2.645182,13.886485,-397250.797577
11528575.416395,-2.456867,13.807611,-382651.550363
11536614.869266,-2.216009,17.130465,-366753.959222
11544654.322136,-2.165880,16.454489,-349612.348293
11552693.775007,-2.082290,17.175075,-331285.292692
11560733.227878,-1.743540,16.913524,-311835.418355
11568772.680748,-1.639651,17.379382,-291329.188035
11576812.133619,-1.850235,19.414655,-269836.674193
11584851.586489,-1.280092,19.421351,-247431.319546
11592891.039360,-1.217755,21.134659,-224189.686110
11600930.492230,-1.124647,20.077842,-200191.193573
11608969.945101,-1.018397,21.246026,-175517.847908
11617009.397972,-0.884156,21.655667,-150253.961151
11625048.850842,-0.689587,24.070598,-124485.863294
11633088.303713,-0.571006,24.732032,-98301.607282
11641127.756583,-0.407412,25.339598,-71790.668127
11649167.209454,-0.180560,22.591533,-45043.637163
11657206.662324,-0.015729,23.169352,-18151.912476
11665246.115195,0.239768,24.101377,8792.613409
11673285.568066,0.358849,24.375179,35697.867537
11681325.020936,0.417546,22.044990,62471.911150
11689364.473807,0.866440,23.020606,89023.253857
11697403.926677,0.883767,22.794464,115261.166260
11705443.379548,1.238556,23.717417,141095.989996
11713482.832418,1.344420,22.377438,166439.444108
11721522.285289,1.132177,21.466849,191204.926713
11729561.738159,1.299052,20.400673,215307.810932
11737601.191030,1.567903,18.824652,238665.734070
11745640.643901,1.718774,16.752114,261198.879063
11753680.096771,1.807480,19.534758,282830.247219
11761719.549642,2.086446,16.694080,303485.921336
11769759.002512,2.003411,15.853983,323095.318286
11777798.455383,2.167562,13.151682,341591.430207
11785837.908253,2.137953,13.723093,358911.053474
11793877.361124,2.324974,10.758972,374995.004680
11801916.813995,2.551675,11.660815,389788.322868
11809956.266865,2.539319,8.719927,403240.457345
11817995.719736,2.693176,8.006591,415305.440414
11826035.172606,2.760357,7.017516,425942.044458
11834074.625477,2.763911,5.654548,435113.922815
11842114.078347,2.792762,5.134459,442789.733982
11850153.531218,2.882625,4.488905,448943.248713
11858192.984089,2.937070,2.890410,453553.439648
11866232.436959,2.908018,2.315113,456604.553162
11874271.889830,3.057833,2.536609,458086.163204
11882311.342700,2.970016,-1.138953,457993.206920
11890350.795571,2.918662,-1.141340,456326.001952
11898390.248441,2.879500,-4.128429,453090.245359
11906429.701312,2.855847,-5.703280,448296.994140
11914469.154183,2.878083,-6.585578,441962.627460
11922508.607053,2.648741,-7.698894,434108.790676
11930548.059924,2.653737,-11.065656,424762.321368
11938587.512794,2.754019,-9.699695,413955.157642
11946626.965665,2.491846,-11.431619,401724.228982
11954666.418535,2.382656,-13.674059,388111.330064
11962705.871406,2.293084,-12.622273,373162.977938
11970745.324277,2.027438,-16.036972,356930.253068
11978784.777147,2.085789,-17.176103,339468.624789
11986824.230018,1.975819,-15.001359,320837.761761
11994863.682888,2.100267,-19.884345,301101.328066
12002903.135759,1.752250,-19.805250,280326.765671
12010942.588629,1.494843,-22.609441,258585.063959
12018982.041500,1.280033,-22.464017,235950.517157
12027021.494371,1.328424,-19.660876,212500.470460
12035060.947241,1.092928,-20.961155,188315.055730
12043100.400112,1.077546,-21.340115,163476.917679
12051139.852982,0.898754,-21.998902,138070.931459
12059179.305853,0.596520,-24.596904,112183.912635
12067218.758723,0.602317,-23.966342,85904.320520
12075258.211594,0.304423,-23.054878,59321.955903
12083297.664465,0.239508,-23.891719,32527.654186
12091337.117335,-0.067506,-24.515254,5612.974987
12099376.570206,-0.324559,-24.828938,-21330.110731
12107416.023076,-0.365610,-22.964711,-48209.534933
12115455.475947,-0.783377,-21.999500,-74933.447128
12123494.928817,-0.740615,-21.353043,-101410.528228
12131534.381688,-0.925746,-24.058291,-127550.302598
12139573.834558,-0.909099,-22.470423,-153263.447225
12147613.287429,-1.236534,-22.266835,-178462.096945
12155652.740300,-1.328890,-20.754101,-203060.144691
12163692.193170,-1.565155,-20.174518,-226973.535731
12171731.646041,-1.660205,-20.457693,-250120.554892
12179771.098911,-1.827865,-18.055929,-272422.105796
12187810.551782,-1.891621,-17.889498,-293801.981139
12195850.004652,-1.970114,-16.088708,-314187.123104
12203889.457523,-2.179158,-16.168368,-333507.873005
12211928.910394,-2.293465,-14.660221,-351698.209323
12219968.363264,-2.278707,-13.167709,-368695.973311
12228007.816135,-2.470983,-13.208671,-384443.081396
12236047.269005,-2.501309,-11.700221,-398885.723658
12244086.721876,-2.518385,-11.064962,-411974.547708
12252126.174746,-2.607536,-8.734643,-423664.827330
12260165.627617,-2.601279,-7.558803,-433916.615315
12268205.080488,-2.675262,-4.884215,-442694.879971
12276244.533358,-2.738934,-5.926661,-449969.624821
12284283.986229,-2.849845,-5.861236,-455715.991118
12292323.439099,-2.997589,-0.980656,-459914.342777
12300362.891970,-2.840221,0.230506,-462550.333485
12308402.344840,-2.855433,1.065597,-463614.955719
12316441.797711,-2.905597,2.906711,-463104.571525
12324481.250582,-2.847263,2.339641,-461020.924953
12332520.703452,-2.915342,5.256677,-457371.136095
12340560.156323,-2.826633,6.444062,-452167.676754
12348599.609193,-2.685515,9.437098,-445428.327829
12356639.062064,-2.685334,9.499518,-437176.118552
12364678.514934,-2.511353,11.334378,-427439.247797
12372717.967805,-2.403804,11.376866,-416250.987720
12380757.420676,-2.516490,12.488110,-403649.570062
12388796.873546,-2.299347,12.674888,-389678.055509
12396836.326417,-2.340169,13.704578,-374384.186545
12404875.779287,-2.386916,14.774973,-357820.224312
12412915.232158,-2.002748,15.619861,-340042.770027
12420954.685028,-1.908636,17.208068,-321112.571564
12428994.137899,-1.877794,18.805722,-301094.315879
12437033.590770,-1.736868,18.993804,-280056.407958
12445073.043640,-1.542879,19.376286,-258070.737071
12453112.496511,-1.473452,21.079188,-235212.431119
12461151.949381,-1.221595,21.526148,-211559.599910
12469191.402252,-1.023959,21.209394,-187193.068250
12477230.855122,-0.973858,22.836859,-162196.099749
12485270.307993,-0.749862,21.475151,-136654.112305
12493309.760863,-0.627668,24.899307,-110654.386214
12501349.213734,-0.336793,22.450859,-84285.765927
12509388.666605,-0.244053,22.733844,-57638.356453
12517428.119475,-0.026829,23.203998,-30803.215461
12525467.572346,0.060470,22.990424,-3872.042122
12533507.025216,0.190463,22.633059,23063.136238
12541546.478087,0.381631,23.619999,49910.278606
12549585.930957,0.447796,20.921151,76577.644801
12557625.383828,0.791552,23.543770,102974.108960
12565664.836699,0.963648,22.640944,129009.470927
12573704.289569,0.913859,22.319132,154594.764479
12581743.742440,1.255574,20.585358,179642.561337
12589783.195310,1.313974,20.323664,204067.269917
12597822.648181,1.459782,20.102131,227785.427809
12605862.101051,1.675284,17.981515,250715.986978
12613901.553922,1.854561,20.125317,272780.590718
12621941.006793,2.048946,17.245291,293903.841405
12629980.459663,2.187235,15.655138,314013.558140
12638019.912534,2.258449,16.189740,333041.023402
12646059.365404,2.211889,14.822825,350921.217864
12654098.818275,2.482596,13.472115,367593.042574
12662138.271145,2.440226,10.941724,382999.527734
12670177.724016,2.447080,9.940383,397088.027381
12678217.176887,2.650264,10.171910,409810.399274
12686256.629757,2.817595,8.243569,421123.169412
12694296.082628,2.773065,5.671271,430987.680588
12702335.535498,2.849290,7.131243,439370.224480
12710374.988369,2.829240,3.967911,446242.156847
12718414.441239,2.780424,2.009426,451579.995399
12726453.894110,2.871484,1.579671,455365.500046
12734493.346981,2.830497,0.053163,457585.735228
12742532.799851,2.987110,-1.858470,458233.114110
12750572.252722,2.915361,-5.337829,457305.424516
12758611.705592,2.747795,-3.488343,454805.836480
12766651.158463,2.661645,-5.284434,450742.891422
12774690.611333,2.769368,-6.017681,445130.472953
12782730.064204,2.780758,-7.301072,437987.759438
12790769.517075,2.571221,-9.552565,429339.158459
12798808.969945,2.613864,-9.925262,419214.223413
12806848.422816,2.761210,-13.395359,407647.552520
12814887.875686,2.386027,-14.088773,394678.670603
12822927.328557,2.382380,-12.518193,380351.894018
12830966.781427,2.387120,-14.317437,364716.179227
12839006.234298,2.159413,-16.042519,347824.955505
12847045.687169,2.078889,-15.320157,329735.942361
12855085.140039,1.766461,-15.455497,310510.952310
12863124.592910,1.753230,-18.265609,290215.679647
12871164.045780,1.656246,-19.922970,268919.475961
12879203.498651,1.363588,-18.655872,246695.113153
12887242.951521,1.424875,-18.501830,223618.534765
12895282.404392,1.316920,-18.653616,199768.596471
12903321.857262,0.992836,-22.155722,175226.796616
12911361.310133,0.875387,-23.610290,150076.997726
12919400.763004,0.659819,-23.261134,124405.139939
12927440.215874,0.533677,-22.804155,98298.947336
12935479.668745,0.229092,-21.207256,71847.628178
12943519.121615,0.156761,-22.459417,45141.570066
12951558.574486,0.158521,-24.533288,18272.031078
12959598.027356,-0.025865,-24.185367,-8669.172070
12967637.480227,-0.331019,-23.994853,-35589.977781
12975676.933098,-0.577331,-23.917535,-62398.394154
12983716.385968,-0.651406,-21.763212,-89002.813340
12991755.838839,-0.815472,-22.198845,-115312.324573
12999795.291709,-1.096803,-23.950419,-141237.024829
13007834.744580,-1.027705,-18.711284,-166688.326029
13015874.197450,-1.280375,-20.654419,-191579.257764
13023913.650321,-1.497418,-19.634584,-215824.764477
13031953.103192,-1.639118,-19.917132,-239341.996116
13039992.556062,-1.744516,-19.970774,-262050.591236
13048032.008933,-1.959746,-17.561419,-283872.951612
13056071.461803,-2.088069,-18.958045,-304734.507396
13064110.914674,-2.301236,-16.110539,-324563.971935
13072150.367544,-2.150994,-15.192436,-343293.585366
13080189.820415,-2.060811,-16.829823,-360859.346162
13088229.273286,-2.489024,-12.911812,-377201.229829
13096268.726156,-2.498838,-13.378517,-392263.394024
13104308.179027,-2.621426,-10.748725,-405994.369370
13112347.631897,-2.642247,-9.759172,-418347.235336
13120387.084768,-2.852237,-9.064141,-429279.780570
13128426.537638,-2.945693,-6.747716,-438754.647141
13136465.990509,-2.773731,-5.299751,-446739.458197
13144505.443380,-2.782285,-4.988584,-453206.928598
13152544.896250,-2.927010,-3.306182,-458134.958156
13160584.349121,-2.813236,-3.020123,-461506.707151
13168623.801991,-2.820274,0.052919,-463310.653879
13176663.254862,-2.753791,-0.385307,-463540.634019
13184702.707732,-2.962050,2.267148,-462195.861698
13192742.160603,-2.718739,2.753531,-459280.932179
13200781.613474,-2.832312,6.033506,-454805.806156
13208821.066344,-2.766402,4.660505,-448785.775716
13216860.519215,-2.774012,9.744966,-441241.412088
13224899.972085,-2.753947,9.849271,-432198.495345
13232939.424956,-2.598464,10.697420,-421687.926311
13240978.877826,-2.732292,11.674145,-409745.620969
13249018.330697,-2.482302,11.995597,-396412.387731
13257057.783568,-2.332248,17.136328,-381733.787993
13265097.236438,-2.270666,13.721519,-365759.980441
13273136.689309,-2.203542,14.898951,-348545.549654
13281176.142179,-2.060774,19.048438,-330149.319587
13289215.595050,-1.910587,17.840732,-310634.152551
13297255.047920,-1.748559,19.293995,-290066.734415
13305294.500791,-1.723455,18.410120,-268517.346724
13313333.953661,-1.575660,21.592402,-246059.626543
13321373.406532,-1.260895,20.580041,-222770.314826
13329412.859403,-1.176444,21.756450,-198728.994184
13337452.312273,-0.956927,22.073094,-174017.816940
13345491.765144,-0.920145,22.725234,-148721.224406
13353531.218014,-0.581551,22.619388,-122925.658332
13361570.670885,-0.599099,24.130087,-96719.265527
13369610.123755,-0.303183,24.516460,-70191.596647
13377649.576626,-0.084971,23.824035,-43433.300193
13385689.029497,-0.118284,25.137519,-16535.812747
13393728.482367,0.088591,23.216041,10408.953473
13401767.935238,0.276711,23.240287,37308.924691
13409807.388108,0.480746,23.924411,64072.180204
13417846.840979,0.634702,22.760403,90607.266481
13425886.293849,0.841372,22.937392,116823.509678
13433925.746720,1.051724,23.120092,142631.325477
13441965.199591,1.068374,21.474352,167942.525210
13450004.652461,1.338084,21.186664,192670.617213
13458044.105332,1.391532,17.905017,216731.102374
13466083.558202,1.678381,18.375356,240041.762882
13474123.011073,1.594348,20.445453,262522.943175
13482162.463943,1.932934,18.090929,284097.822132
13490201.916814,2.001375,17.989856,304692.675581
13498241.369685,2.090230,14.431930,324237.128227
13506280.822555,2.414668,12.623300,342664.394130
13514320.275426,2.377436,14.705140,359911.504923
13522359.728296,2.397757,14.455651,375919.524981
13530399.181167,2.572290,9.868378,390633.752815
13538438.634037,2.497447,9.656208,404003.907994
13546478.086908,2.773843,6.600495,415984.302955
13554517.539779,2.742852,9.379071,426533.999128
13562556.992649,2.825157,5.536737,435616.946829
13570596.445520,2.793553,6.440829,443202.108441
13578635.898390,2.821513,2.709617,449263.564480
13586675.351261,2.828247,4.903118,453780.602162
13594714.804131,2.969928,-1.396938,456737.786179
13602754.257002,2.911636,-0.003996,458125.011450
13610793.709873,2.937487,1.741237,457937.537644
13618833.162743,2.722406,-2.953971,456176.005385
13626872.615614,2.963477,-2.702011,452846.434058
13634912.068484,2.800258,-5.826133,447960.201240
13642951.521355,2.896899,-7.457981,441534.003827
13650990.974225,2.645791,-10.436603,433589.800971
13659030.427096,2.761179,-10.054458,424154.739048
13667069.879967,2.503201,-9.046208,413261.058894
13675109.332837,2.456999,-11.101433,400945.985632
13683148.785708,2.367529,-12.789626,387251.601472
13691188.238578,2.374116,-14.291814,372224.701907
13699227.691449,2.164671,-16.285593,355916.635810
13707267.144319,2.010238,-14.920578,338383.129967
13715306.597190,1.923633,-15.670583,319684.098650
13723346.050060,1.889574,-15.854914,299883.438885
13731385.502931,1.718419,-18.489243,279048.812105
13739424.955802,1.621831,-19.646536,257251.412942
13747464.408672,1.500717,-21.794216,234565.725949
13755503.861543,1.292684,-19.501006,211069.271072
13763543.314413,1.052609,-20.385749,186842.338756
13771582.767284,0.846236,-22.225222,161967.715586
13779622.220154,0.769187,-20.625885,136530.401387
13787661.673025,0.676220,-21.901611,110617.318775
13795701.125896,0.476943,-22.646933,84317.016128
13803740.578766,0.110875,-25.250187,57719.365005
13811780.031637,-0.007910,-23.110332,30915.253043
13819819.484507,-0.236283,-22.783600,3996.273384
13827858.937378,-0.126587,-23.797935,-22945.588313
13835898.390248,-0.460974,-22.803194,-49818.268199
13843937.843119,-0.530939,-23.229290,-76529.938825
13851977.295990,-0.726750,-23.120641,-102989.322937
13860016.748860,-0.830750,-23.133208,-129106.005371
13868056.201731,-0.980635,-21.050293,-154790.742024
13876095.654601,-1.178704,-19.620228,-179955.764804
13884135.107472,-1.491106,-19.819244,-204515.081553
13892174.560342,-1.394227,-22.142757,-228384.769886
13900214.013213,-1.567888,-19.438605,-251483.263971
13908253.466084,-1.723474,-18.688068,-273731.633243
13916292.918954,-1.854342,-17.922211,-295053.852130
13924332.371825,-2.027869,-16.203293,-315377.059831
13932371.824695,-2.163388,-16.057410,-334631.809299
13940411.277566,-2.430647,-11.637236,-352752.304549
13948450.730436,-2.344438,-14.661872,-369676.625488
13956490.183307,-2.370008,-12.140181,-385346.939507
13964529.636178,-2.533652,-10.353498,-399709.699103
13972569.089048,-2.617892,-10.276391,-412715.824855
13980608.541919,-2.746654,-8.760217,-424320.873138
13988647.994789,-2.721123,-7.721964,-434485.187991
13996687.447660,-2.753876,-6.891163,-443174.036627
14004726.900530,-2.880605,-4.644871,-450357.728118
14012766.353401,-3.026591,-1.931632,-456011.714855
14020805.806272,-2.959722,-1.363837,-460116.676428
14028845.259142,-2.974615,-2.653541,-462658.585650
14036884.712013,-2.973945,0.452414,-463628.756486
14044924.164883,-3.027392,1.296202,-463023.873735
14052963.617754,-2.887499,5.169043,-460846.004361
14061003.070624,-3.014231,2.956282,-457102.590427
14069042.523495,-2.744748,8.362930,-451806.423665
14077081.976365,-2.814499,9.280291,-444975.601768
14085121.429236,-2.755841,9.086473,-436633.466544
14093160.882107,-2.661502,9.964282,-426808.524154
14101200.334977,-2.605096,8.342452,-415534.347707
14109239.787848,-2.428157,11.768490,-402849.462531
14117279.240718,-2.479839,13.385162,-388797.214532
14125318.693589,-2.375157,14.685138,-373425.622069
14133358.146459,-2.301068,17.855283,-356787.211878
14141397.599330,-2.187837,18.778205,-338938.839572
14149437.052201,-1.958855,19.034861,-319941.495364
14157476.505071,-1.691324,15.910930,-299860.095652
14165515.957942,-1.699678,21.556688,-278763.261196
14173555.410812,-1.574411,18.497400,-256723.082624
14181594.863683,-1.443486,20.728890,-233814.874099
14189634.316553,-1.306624,20.685332,-210116.915952
14197673.769424,-1.084801,19.364261,-185710.187191
14205713.222295,-0.957422,24.355578,-160678.088788
14213752.675165,-0.706549,21.978034,-135106.158682
14221792.128036,-0.557212,22.143660,-109081.779489
14229831.580906,-0.323467,22.626457,-82693.879902
14237871.033777,-0.359748,22.651962,-56032.630810
14245910.486647,-0.070475,23.236222,-29189.137173
14253949.939518,0.062644,23.918630,-2255.126705
14261989.392389,0.037923,24.115290,24677.363574
14270028.845259,0.511505,25.072926,51516.301835
14278068.298130,0.476197,20.694736,78169.975933
14286107.751000,0.664060,23.772463,104547.306792
14294147.203871,0.941634,22.227115,130558.159637
14302186.656741,1.022544,20.016599,156113.651996
14310226.109612,1.134687,21.537805,181126.457425
14318265.562483,1.370477,19.521884,205511.103910
14326305.015353,1.709486,19.202744,229184.265937
14334344.468224,1.631548,17.802492,252065.049231
14342383.921094,1.712931,17.024421,274075.267173
14350423.373965,2.048268,18.337376,295139.707985
14358462.826835,1.994456,15.282104,315186.391726
14366502.279706,2.086164,16.995641,334146.816270
14374541.732577,2.230362,14.288848,351956.191377
14382581.185447,2.304900,13.784246,368553.660091
14390620.638318,2.495003,12.155744,383882.506701
14398660.091188,2.520680,9.503088,397890.350543
14406699.544059,2.696969,9.169792,410529.324988
14414738.996929,2.638411,9.012665,421756.241017
14422778.449800,2.725927,6.478659,431532.734794
14430817.902671,2.871822,5.897932,439825.398767
14438857.355541,2.859125,4.262231,446605.895825
14446896.808412,2.847257,5.554985,451851.056123
14454936.261282,2.866264,2.365270,455542.956269
14462975.714153,2.942290,-2.051044,457668.980557
14471015.167023,3.042464,0.035817,458221.864085
14479054.619894,3.118841,-2.722800,457199.717580
14487094.072764,3.016071,-1.249074,454606.033848
14495133.525635,2.744165,-5.793627,450449.675845
14503172.978506,2.957152,-7.013335,444744.846387
14511212.431376,2.783424,-5.963756,437511.039619
14519251.884247,2.771898,-8.996225,428772.974401
14527291.337117,2.658331,-9.314837,418560.509840
14535330.789988,2.369561,-9.900659,406908.543258
14543370.242858,2.448297,-13.896243,393856.890941
14551409.695729,2.352191,-13.402137,379450.152085
14559449.148600,2.166935,-15.299331,363737.556393
14567488.601470,2.204118,-16.875471,346772.795850
14575528.054341,1.992873,-17.328733,328613.841253
14583567.507211,1.844758,-17.014981,309322.744115
14591606.960082,1.481491,-18.183702,288965.424626
14599646.412952,1.678679,-19.188539,267611.446398
14607685.865823,1.444584,-19.876323,245333.778757
14615725.318694,1.348815,-19.294855,222208.547392
14623764.771564,1.112061,-20.015378,198314.774231
14631804.224435,1.054050,-21.289110,173734.107410
14639843.677305,0.916668,-20.696475,148550.542267
14647883.130176,0.664111,-19.736446,122850.134324
14655922.583046,0.492601,-24.172584,96720.705221
14663962.035917,0.493820,-24.057293,70251.542622
14672001.488788,0.187575,-24.619734,43533.095102
14680040.941658,-0.186767,-21.524509,16656.663074
14688080.394529,-0.016183,-22.422044,-10285.913191
14696119.847399,-0.269477,-22.135686,-37202.567404
14704159.300270,-0.383779,-23.812173,-64001.321850
14712198.753140,-0.668619,-21.569474,-90590.601697
14720238.206011,-0.847000,-20.687395,-116879.547912
14728277.658882,-0.964749,-21.169981,-142778.327742
14736317.111752,-1.158422,-19.545673,-168198.441685
14744356.564623,-1.301567,-19.065706,-193053.025900
14752396.017493,-1.420811,-19.099898,-217257.149036
14760435.470364,-1.585746,-20.253552,-240728.102453
14768474.923234,-1.710972,-19.547489,-263385.682845
14776514.376105,-2.053211,-18.132476,-285152.466312
14784553.828976,-1.971450,-16.932613,-305954.072917
14792593.281846,-2.055375,-17.429975,-325719.420864
14800632.734717,-2.222651,-16.189242,-344380.969384
14808672.187587,-2.319371,-16.286546,-361874.949535
14816711.640458,-2.275391,-12.958762,-378141.582109
14824751.093328,-2.306464,-11.550080,-393125.281904
14832790.546199,-2.642936,-11.151907,-406774.847667
14840829.999070,-2.683768,-9.557400,-419043.637054
14848869.451940,-2.770788,-6.428540,-429889.726013
14856908.904811,-2.735222,-5.410209,-439276.052048
14864948.357681,-2.837605,-7.323696,-447170.540858
14872987.810552,-2.955022,-1.936364,-453546.215948
14881027.263422,-2.738635,-1.996003,-458381.290805
14889066.716293,-2.965840,0.972218,-461659.243350
14897106.169163,-2.882854,0.459671,-463368.872391
14905145.622034,-2.829605,1.545835,-463504.335904
14913185.074905,-2.975491,1.099380,-462065.170991
14921224.527775,-2.942829,2.778924,-459056.295467
14929263.980646,-2.793419,5.483962,-454487.991052
14937303.433516,-2.643046,7.565753,-448375.868235
14945342.886387,-2.653090,8.969695,-440740.812939
14953382.339257,-2.732028,7.966043,-431608.915139
14961421.792128,-2.577373,9.100884,-421011.379720
14969461.244999,-2.362437,11.859834,-408984.419842
14977500.697869,-2.556426,12.763272,-395569.133192
14985540.150740,-2.255943,14.329905,-380811.361551
14993579.603610,-2.272437,15.951781,-364761.534147
15001619.056481,-2.045823,17.146500,-347474.495331
15009658.509351,-1.995866,17.881431,-329009.317166
15017697.962222,-1.895889,18.588892,-309429.097569
15025737.415093,-1.837475,19.702351,-288800.744701
15033776.867963,-1.691547,17.734140,-267194.748330
15041816.320834,-1.382770,18.787110,-244684.938960
15049855.773704,-1.370580,21.146549,-221348.235541
15057895.226575,-1.042065,21.393254,-197264.382626
15065934.679445,-1.091893,21.144501,-172515.677879
15073974.132316,-0.827354,21.611224,-147186.690846
15082013.585187,-0.776306,21.243720,-121363.973974
15090053.038057,-0.657671,21.922717,-95135.766849
15098092.490928,-0.380494,23.491090,-68591.694672
15106131.943798,0.054410,25.082747,-41822.461993
15114171.396669,-0.109543,26.196774,-14919.542766
15122210.849539,0.255208,22.855534,12025.132229
15130250.302410,0.496486,22.456694,38919.489530
15138289.755281,0.503208,22.994599,65671.627615
15146329.208151,0.579958,22.857427,92190.130945
15154368.661022,0.785398,23.079990,118384.382340
15162408.113892,1.053865,22.670199,144164.872632
15170447.566763,1.168137,22.700699,169443.506529
15178487.019633,1.304517,19.495575,194133.903646
15186526.472504,1.462344,19.581102,218151.693680
15194565.925375,1.620205,20.088101,241414.804717
15202605.378245,1.577327,17.142583,263843.743676
15210644.831116,2.069899,17.040795,285361.867951
15218684.283986,1.908220,18.792660,305895.647310
15226723.736857,2.196301,15.734377,325374.915155
15234763.189727,2.141626,15.298183,343733.108290
15242802.642598,2.456952,11.061533,360907.494379
15250842.095469,2.529305,10.684251,376839.386308
15258881.548339,2.570622,11.789500,391474.342727
15266921.001210,2.609119,12.376568,404762.354086
15274960.454080,2.615815,9.798410,416658.013517
15282999.906951,2.708445,9.118872,427120.672005
15291039.359821,2.817386,6.116280,436114.577282
15299078.812692,2.868718,3.032140,443608.996002
15307118.265562,2.805492,4.611457,449578.318762
15315157.718433,2.824100,1.890472,454002.147608
15323197.171304,3.006009,-1.435057,456865.365740
15331236.624174,2.930922,0.803920,458158.189169
15339276.077045,2.927352,-2.625379,457876.200150
15347315.529915,2.861944,-2.118793,456020.362275
15355354.982786,2.743404,-3.540477,452597.017185
15363394.435656,2.735373,-5.756778,447617.862894
15371433.888527,2.701912,-8.354762,441099.913822
15379473.341398,2.681305,-9.567285,433065.442650
15387512.794268,2.618281,-8.072843,423541.904212
15395552.247139,2.633174,-10.623034,412561.841679
15403591.700009,2.738088,-13.568170,400162.775354
15411631.152880,2.385071,-12.647445,386387.074462
15419670.605750,2.289154,-13.409807,371281.812367
15427710.058621,2.146037,-15.018156,354898.605717
15435749.511492,1.962116,-16.343192,337293.438061
15443788.964362,1.927366,-16.301718,318526.468552
15451828.417233,1.789499,-19.018403,298661.826366
15459867.870103,1.716583,-19.067765,277767.391575
15467907.322974,1.565564,-21.955363,255914.563182
15475946.775844,1.330183,-22.381110,233178.015148
15483986.228715,1.329615,-21.269966,209635.441218
15492025.681586,1.013512,-21.727422,185367.289434
15500065.134456,0.970948,-21.067802,160456.487231
15508104.587327,0.843843,-21.139919,134988.158063
15516144.040197,0.580408,-22.457529,109049.330528
15524183.493068,0.356399,-24.955623,82728.640978
15532222.945938,0.315984,-24.024142,56116.030637
15540262.398809,0.154931,-23.004585,29302.438259
15548301.851680,-0.070978,-25.135231,2379.489383
15556341.304550,-0.263303,-22.328500,-24560.816770
15564380.757421,-0.330886,-19.724994,-51426.421666
15572420.210291,-0.512038,-23.219178,-78125.522033
15580459.663162,-0.620311,-21.046699,-104566.883569
15588499.116032,-0.840016,-22.152190,-130660.152698
15596538.568903,-1.063177,-21.023578,-156316.165321
15604578.021774,-1.195061,-22.783117,-181447.251502
15612617.474644,-1.413430,-20.616020,-205967.535048
15620656.927515,-1.562985,-21.012888,-229793.226954
15628696.380385,-1.646984,-17.727387,-252842.911731
15636735.833256,-1.846475,-18.676155,-275037.825603
15644775.286126,-1.945787,-15.825636,-296302.125659
15652814.738997,-1.845669,-16.817409,-316563.149017
15660854.191867,-2.126877,-14.616879,-335751.661120
15668893.644738,-2.262803,-14.556408,-353802.092326
15676933.097609,-2.290966,-12.229763,-370652.761958
15684972.550479,-2.360258,-11.022525,-386246.089086
15693012.003350,-2.595743,-12.925376,-400528.789279
15701051.456220,-2.646406,-10.001776,-413452.056691
15709090.909091,-2.612835,-12.362092,-424971.730834
15717130.361961,-2.661459,-8.409595,-435048.447481
15725169.814832,-2.723917,-3.549633,-443647.773180
15733209.267703,-2.907250,-3.710072,-450740.322915
15741248.720573,-2.941424,-3.689971,-456301.860518
15749288.173444,-2.960611,-0.785088,-460313.381494
15757327.626314,-2.780741,-2.747884,-462761.177951
15765367.079185,-2.759280,2.082661,-463636.885450
15773406.532055,-2.933998,2.556837,-462937.511585
15781445.984926,-2.856061,2.409687,-460665.446207
15789485.437797,-2.854396,4.654961,-456828.453261
15797524.890667,-2.989712,8.374955,-451439.644249
15805564.343538,-2.594152,5.731402,-444517.433435
15813603.796408,-2.683276,8.125427,-436085.474914
15821643.249279,-2.679126,11.728756,-426172.581787
15829682.702149,-2.497427,10.778634,-414812.627700
15837722.155020,-2.590718,10.808399,-402044.431096
15845761.607891,-2.401695,13.225917,-387911.622565
15853801.060761,-2.276204,15.787403,-372462.495755
15861840.513632,-2.188178,15.316944,-355749.842344
15869879.966502,-1.967942,16.954861,-337830.771645
15877919.419373,-1.952076,16.158620,-318766.515456
15885958.872243,-1.829318,18.442216,-298622.218823
15893998.325114,-1.682336,19.460808,-277466.717431
15902037.777985,-1.571457,22.559565,-255372.302384
15910077.230855,-1.363769,20.354604,-232414.473174
15918116.683726,-1.121329,23.394458,-208671.679695
15926156.136596,-1.031272,19.073967,-184225.054162
15934195.589467,-1.015765,21.241934,-159158.133881
15942235.042337,-0.670031,23.975589,-133556.575780
15950274.495208,-0.643779,22.229932,-107507.863720
15958313.948079,-0.524839,23.290504,-81101.009540
15966353.400949,-0.325012,23.123861,-54426.248900
15974392.853820,-0.065299,22.799076,-27574.732932
15982432.306690,0.037504,23.828390,-638.216762
15990471.759561,0.334989,22.249567,26291.254026
15998511.212431,0.507912,24.685544,53121.657924
16006550.665302,0.676203,24.756386,79761.311947
16014590.118173,0.680461,22.269856,106119.184929
16022629.571043,1.032720,23.239523,132105.208584
16030669.023914,1.032975,24.107902,157630.585286
16038708.476784,1.269931,17.088592,182608.091499
16046747.929655,1.390569,18.849599,206952.375832
16054787.382525,1.497578,19.938812,230580.250693
16062826.835396,1.868678,19.910034,253410.976558
16070866.288266,1.903645,17.009422,275366.537864
16078905.741137,1.869212,17.262900,296371.909598
16086945.194008,2.080104,16.025863,316355.313670
16094984.646878,2.046894,15.995782,335248.464185
16103024.099749,2.186674,13.958979,352986.800788
16111063.552619,2.249718,12.983511,369509.709272
16119103.005490,2.374930,11.520249,384760.728708
16127142.458360,2.396059,10.062973,398687.744376
16135181.911231,2.677924,8.657376,411243.165850
16143221.364102,2.540839,9.431724,422384.089619
16151260.816972,2.752554,5.269654,432072.445697
16159300.269843,2.968706,5.485343,440275.127708
16167339.722713,2.782984,3.628283,446964.106021
16175379.175584,2.911548,6.095006,452116.523525
16183418.628454,2.910991,2.145578,455714.773738
16191458.081325,2.892725,-1.249649,457746.560971
16199497.534196,2.970987,-1.898170,458204.942343
16207536.987066,2.890403,-1.427104,457088.351505
16215576.439937,2.721083,-4.300324,454400.603992
16223615.892807,2.712622,-5.706188,450150.884188
16231655.345678,2.681227,-6.222118,444353.713940
16239694.798548,2.721947,-6.283037,437028.902932
16247734.251419,2.769118,-7.507586,428201.480999
16255773.704290,2.577267,-9.964671,417901.612589
16263813.157160,2.665113,-10.017841,406164.493696
16271852.610031,2.450001,-11.611477,393030.231582
16279892.062901,2.383539,-13.527504,378543.707732
16287931.515772,2.242732,-13.786212,362754.424485
16295970.968642,2.223591,-14.553395,345716.335877
16304010.421513,2.043533,-18.544983,327487.663276
16312049.874384,1.834265,-17.291892,308130.696430
16320089.327254,1.752816,-19.686209,287711.580615
16328128.780125,1.553464,-18.780443,266300.090611
16336168.232995,1.487691,-20.970595,243969.392265
16344207.685866,1.222860,-21.264421,220795.792483
16352247.138736,1.107393,-19.401448,196858.478473
16360286.591607,1.038796,-22.553841,172239.247153
16368326.044478,0.849787,-22.608926,147022.225645
16376365.497348,0.691262,-22.302499,121293.583793
16384404.950219,0.551858,-22.359431,95141.239719
16392444.403089,0.210932,-23.254172,68654.559386
16400483.855960,0.069419,-26.453082,41924.051232
16408523.308830,0.041764,-20.894079,15041.056884
16416562.761701,-0.070003,-23.653072,-11902.560966
16424602.214572,-0.234906,-22.885179,-38814.732467
16432641.667442,-0.528528,-22.650778,-65603.495224
16440681.120313,-0.508097,-19.917744,-92177.308547
16448720.573183,-0.916234,-22.066224,-118445.366253
16456760.026054,-1.033324,-20.926354,-144317.906970
16464799.478924,-1.255084,-21.252943,-169706.520856
16472838.931795,-1.245083,-20.696909,-194524.451711
16480878.384665,-1.452934,-21.895848,-218686.893434
16488917.837536,-1.503890,-17.788065,-242111.279815
16496957.290407,-1.668016,-19.517006,-264717.566675
16504996.743277,-1.918235,-18.813052,-286428.505388
16513036.196148,-1.702770,-19.167168,-307169.906848
16521075.649018,-2.043608,-14.013868,-326870.894987
16529115.101889,-1.995649,-15.847833,-345464.148962
16537154.554759,-2.311506,-12.989473,-362886.133202
16545194.007630,-2.428468,-11.712411,-379077.314519
16553233.460501,-2.427051,-13.237265,-393982.365538
16561272.913371,-2.434864,-10.587892,-407550.353758
16569312.366242,-2.677082,-9.810239,-419734.915596
16577351.819112,-2.800314,-6.255604,-430494.414819
16585391.271983,-2.731872,-6.120264,-439792.084816
16593430.724853,-2.973816,-6.897447,-447596.154238
16601470.177724,-2.891025,-4.619327,-453879.955562
16609509.630595,-2.982187,-2.410323,-458622.016223
16617549.083465,-2.828699,-0.319146,-461806.131981
16625588.536336,-2.983617,-2.578732,-463421.422298
16633627.989206,-2.891809,0.532435,-463462.367516
16641667.442077,-2.754432,1.248621,-461928.827721
16649706.894947,-2.782081,3.911015,-458826.043217
16657746.347818,-2.851651,5.296315,-454164.616623
16665785.800689,-2.871840,5.493561,-447960.476642
16673825.253559,-2.809974,10.300774,-440234.823626
16681864.706430,-2.806782,8.667580,-431014.057139
16689904.159300,-2.678807,8.998959,-420329.685741
16697943.612171,-2.688057,12.766513,-408218.219320
16705983.065041,-2.333947,14.799194,-394721.044334
16714022.517912,-2.476316,15.442669,-379884.282388
16722061.970783,-2.491016,15.142147,-363758.632629
16730101.423653,-2.192067,15.873490,-346399.198502
16738140.876524,-2.173629,15.006230,-327865.299455
16746180.329394,-1.976584,19.369590,-308220.268235
16754219.782265,-1.696104,18.160648,-287531.234471
16762259.235135,-1.541224,18.229965,-265868.895286
16770298.688006,-1.386021,21.439037,-243307.273714
16778338.140877,-1.143602,21.924831,-219923.465754
16786377.593747,-1.133445,20.768728,-195797.376923
16794417.046618,-0.886809,21.757461,-171011.449209
16802456.499488,-0.895187,21.575570,-145650.379354
16810495.952359,-0.672085,21.972660,-119800.829436
16818535.405229,-0.526068,22.962003,-93551.130735
16826574.858100,-0.258775,24.710103,-66990.981889
16834614.310971,-0.062030,21.509038,-40211.142385
16842653.763841,0.048766,24.096762,-13303.122423
16850693.216712,0.226573,21.855395,13641.129790
16858732.669582,0.312228,24.947487,40529.542234
16866772.122453,0.476382,24.003480,67270.233702
16874811.575323,0.715094,20.599191,93771.827770
16882851.028194,0.841821,22.052012,119943.765039
16890890.481064,0.953344,20.120903,145696.612592
16898929.933935,1.174372,22.609839,170942.369593
16906969.386806,1.154111,18.846654,195594.768005
16915008.839676,1.429204,18.990518,219569.567372
16923048.292547,1.744176,18.104276,242784.842681
16931087.745417,1.722052,16.874081,265161.264314
16939127.198288,2.011424,19.284851,286622.369123
16947166.651158,2.131417,16.027871,307094.821720
16955206.104029,2.067915,15.975347,326508.665067
16963245.556900,2.152177,15.092327,344797.559534
16971285.009770,2.290045,12.246583,361899.009586
16979324.462641,2.502579,12.999594,377754.577341
16987363.915511,2.631763,10.878743,392310.082261
16995403.368382,2.554321,10.016710,405515.786288
17003442.821252,2.819729,9.770018,417326.563812
17011482.274123,2.703949,7.357193,427702.055869
17019521.726994,2.814752,6.930353,436606.808051
17027561.179864,2.792922,2.879049,444010.391660
17035600.632735,2.768249,1.941028,449887.507687
17043640.085605,2.755428,1.800516,454218.073261
17051679.538476,2.830888,0.401696,456987.290275
17059718.991346,2.957027,0.035959,458185.695955
17067758.444217,2.834936,-1.884530,457809.195191
17075797.897088,2.853321,-3.541367,455859.074537
17083837.349958,2.799385,-4.108216,452341.997809
17091876.802829,2.815569,-2.835719,447269.983314
17099916.255699,2.791194,-8.047773,440660.362789
17107955.708570,2.902870,-9.298451,432535.722166
17115995.161440,2.677672,-8.437668,422923.824400
17124034.614311,2.417810,-12.062710,411857.514599
17132074.067182,2.593576,-12.592495,399374.607785
17140113.520052,2.449367,-14.957420,385517.759674
17148152.972923,2.369107,-12.759315,370334.320921
17156192.425793,2.257658,-15.388716,353876.175315
17164231.878664,2.058249,-17.440568,336199.562482
17172271.331534,1.887294,-19.174138,317364.885710
17180310.784405,1.897895,-16.636840,297436.505542
17188350.237276,1.693818,-16.960313,276482.519849
17196389.690146,1.634532,-19.461996,254574.531128
17204429.143017,1.413707,-18.374159,231787.401830
17212468.595887,1.088765,-22.138217,208198.998543
17220508.048758,1.083957,-22.367928,183889.925914
17228547.501628,0.915887,-19.708855,158943.251209
17236586.954499,0.785763,-20.425648,133444.220464
17244626.407369,0.567563,-24.473522,107479.967188
17252665.860240,0.360084,-23.318454,81139.214615
17260705.313111,0.356449,-24.635738,54511.972528
17268744.765981,-0.012699,-24.572060,27689.229681
17276784.218852,-0.086636,-21.028207,762.642878
17284823.671722,-0.269286,-24.082390,-26175.776227
17292863.124593,-0.444895,-24.394581,-53033.975547
17300902.577463,-0.663038,-23.606786,-79720.177118
17308942.030334,-0.893338,-21.124975,-106143.190713
17316981.483205,-0.980197,-23.519238,-132212.725454
17325020.936075,-0.940969,-21.107633,-157839.698347
17333060.388946,-1.280373,-21.681559,-182936.538687
17341099.841816,-1.594367,-19.702391,-207417.487303
17349139.294687,-1.390336,-19.484150,-231198.889604
17357178.747557,-1.727910,-17.452074,-254199.481443
17365218.200428,-1.735692,-20.909963,-276340.666802
17373257.653299,-1.889004,-19.002432,-297546.786367
17381297.106169,-2.172986,-16.891569,-317745.376066
17389336.559040,-2.258030,-15.163393,-336867.414687
17397376.011910,-2.252333,-15.460769,-354847.559734
17405415.464781,-2.288057,-12.053874,-371624.370711
17413454.917651,-2.469912,-14.416760,-387140.519069
17421494.370522,-2.496095,-10.933761,-401342.984108
17429533.823393,-2.623436,-9.268411,-414183.234157
17437573.276263,-2.709193,-10.381806,-425617.392408
17445612.729134,-2.836470,-5.402652,-435606.386854
17453652.182004,-2.974287,-5.838205,-444116.083800
17461691.634875,-2.840963,-3.960185,-451117.404503
17469731.087745,-2.871546,-2.351434,-456586.424539
17477770.540616,-2.946446,-2.677285,-460504.455553
17485809.993487,-2.922286,-0.994150,-462858.109124
17493849.446357,-2.908649,3.056936,-463639.342512
17501888.899228,-3.070220,3.434869,-462845.486139
17509928.352098,-2.868333,3.349664,-460479.252716
17517967.804969,-2.964827,4.066634,-456548.727971
17526007.257839,-2.883337,4.636205,-451067.343020
17534046.710710,-2.761458,7.131957,-444053.828468
17542086.163581,-2.823890,10.107576,-435532.150407
17550125.616451,-2.563100,11.232318,-425531.428522
17558165.069322,-2.660723,10.221210,-414085.836582
17566204.522192,-2.485507,12.698189,-401234.485664
17574243.975063,-2.392884,13.093114,-387021.290509
17582283.427933,-2.054905,12.918541,-371494.819454
17590322.880804,-2.090413,18.511283,-354708.128475
17598362.333675,-2.051724,14.096389,-336718.579880
17606401.786545,-1.896694,18.983720,-317587.646298
17614441.239416,-1.860274,15.417653,-297380.700623
17622480.692286,-1.647319,22.658946,-276166.792618
17630520.145157,-1.673000,18.652415,-254018.412969
17638559.598027,-1.338584,19.444429,-231011.245575
17646599.050898,-1.226461,22.476853,-207223.908923
17654638.503768,-1.174616,20.830985,-182737.687439
17662677.956639,-0.983633,21.533477,-157636.253731
17670717.409510,-0.928139,25.663251,-132005.382668
17678756.862380,-0.564085,21.431051,-105932.658272
17686796.315251,-0.464269,21.197872,-79507.174440
17694835.768121,-0.027167,22.601761,-52819.230490
17702875.220992,-0.065626,23.214675,-25960.022603
17710914.673862,0.282649,25.761970,978.667811
17718954.126733,0.220383,23.051299,27904.787737
17726993.579604,0.383731,23.881107,54726.327118
17735033.032474,0.626463,20.832644,81351.633262
17743072.485345,0.741131,21.634950,107689.724028
17751111.938215,0.924755,22.458657,133650.598732
17759151.391086,1.087477,21.449586,159145.545683
17767190.843956,1.442957,21.010251,184087.445328
17775230.296827,1.490839,20.562442,208391.067947
17783269.749698,1.583554,19.211058,231973.364898
17791309.202568,1.620486,20.262759,254753.752399
17799348.655439,1.827588,17.970333,276654.386901
17807388.108309,1.757849,18.206249,297600.431084
17815427.561180,2.204862,16.206396,317520.309586
17823467.014050,2.068312,17.833813,336345.953589
17831506.466921,2.157031,13.748728,354013.033416
17839545.919792,2.357940,13.118714,370461.178353
17847585.372662,2.460711,12.674326,385634.182948
17855624.825533,2.312400,8.283710,399480.199069
17863664.278403,2.539316,10.813430,411951.913074
17871703.731274,2.692426,8.797963,423006.707494
17879743.184144,2.801248,8.780258,432606.806655
17887782.637015,2.792244,6.320173,440719.405769
17895822.089886,2.851755,5.367744,447316.783028
17903861.542756,2.785552,4.723788,452376.394335
17911900.995627,2.906324,2.125290,455880.950340
17919940.448497,2.784813,0.500950,457818.475517
17927979.901368,3.018926,-0.543476,458182.349091
17936019.354238,2.922507,-2.824760,456971.327659
17944058.807109,2.958074,-6.208728,454189.549439
17952098.259980,2.739338,-7.762445,449846.520128
17960137.712850,2.733980,-8.538681,443957.080425
17968177.165721,2.762644,-8.499193,436541.355311
17976216.618591,2.574306,-9.193363,427624.685284
17984256.071462,2.608447,-11.860003,417237.539768
17992295.524332,2.471149,-11.263397,405415.412991
18000334.977203,2.416020,-12.664151,392198.702700
18008374.430074,2.416549,-14.168625,377632.572115
18016413.882944,2.284228,-15.401591,361766.795602
18024453.335815,2.017940,-16.357675,344655.588585
18032492.788685,2.016397,-14.256823,326357.422286
18040532.241556,1.879083,-16.806049,306934.823923
18048571.694426,1.854420,-17.684562,286454.163043
18056611.147297,1.625592,-20.527411,264985.424733
18064650.600167,1.641716,-19.522065,242601.970467
18072690.053038,1.356837,-19.362192,219380.287422
18080729.505909,1.277924,-20.140316,195399.727115
18088768.958779,0.855012,-21.877861,170742.234242
18096808.411650,0.822874,-22.096282,145492.066667
18104847.864520,0.804478,-23.643012,119735.507502
18112887.317391,0.547594,-21.281397,93560.570264
18120926.770261,0.334297,-23.968707,67056.698121
18128966.223132,0.129003,-24.102073,40314.458256
18137005.676003,-0.076100,-22.068925,13425.232386
18145045.128873,0.045678,-23.141191,-13519.095503
18153084.581744,-0.186351,-24.145919,-40426.453133
18161124.034614,-0.730619,-24.722212,-67204.894561
18169163.487485,-0.722231,-24.013885,-93762.914363
18177202.940355,-0.899002,-21.233421,-120009.760328
18185242.393226,-0.920979,-21.883803,-145855.743566
18193281.846097,-1.110114,-24.526418,-171212.544984
18201321.298967,-1.340315,-23.006373,-195993.517092
18209360.751838,-1.498402,-19.146136,-220113.980079
18217400.204708,-1.694677,-16.792709,-243491.511183
18225439.657579,-1.632998,-18.504610,-266046.226336
18233479.110449,-1.820758,-18.779035,-287701.053139
18241518.563320,-2.020614,-15.292642,-308381.994228
18249558.016191,-1.957897,-15.306044,-328018.380135
18257597.469061,-2.222675,-14.580103,-346543.110771
18265636.921932,-2.334179,-14.608363,-363892.884721
18273676.374802,-2.435402,-11.945517,-380008.415546
18281715.827673,-2.540824,-10.262404,-394834.634379
18289755.280543,-2.703645,-9.629718,-408320.878100
18297794.733414,-2.565203,-8.332795,-420421.062457
18305834.186285,-2.747310,-7.580389,-431093.839545
18313873.639155,-2.560059,-3.562997,-440302.739095
18321913.092026,-2.896640,-4.607966,-448016.293098
18329952.544896,-2.819009,-3.702237,-454208.143335
18337991.997767,-2.860307,-4.259604,-458857.131448
18346031.450637,-2.941468,0.957206,-461947.371237
18354070.903508,-2.995480,0.533713,-463468.302954
18362110.356379,-2.767830,2.657059,-463414.729374
18370149.809249,-2.807845,3.575750,-461786.833566
18378189.262120,-2.975320,3.400682,-458590.178263
18386228.714990,-2.806337,3.331830,-453835.686850
18394268.167861,-2.744461,9.628306,-447539.606046
18402307.620731,-2.684792,8.979158,-439723.450377
18410347.073602,-2.651009,8.181087,-430413.928667
18418386.526473,-2.566847,8.871481,-419642.852762
18426425.979343,-2.433498,12.773198,-407447.028831
18434465.432214,-2.452577,12.637758,-393868.131595
18442504.885084,-2.328994,13.265265,-378952.561911
18450544.337955,-2.261760,14.848272,-362751.288225
18458583.790825,-2.149099,15.267810,-345319.672399
18466623.243696,-1.928852,14.616515,-326717.280534
18474662.696566,-1.926072,18.777764,-307007.679425
18482702.149437,-1.726755,17.167733,-286258.219347
18490741.602308,-1.662478,17.711393,-264539.803906
18498781.055178,-1.319415,21.722098,-241926.647756
18506820.508049,-1.438778,20.425266,-218496.022997
18514859.960919,-1.073342,20.200269,-194327.995125
18522899.413790,-1.027938,19.934480,-169505.149439
18530938.866660,-0.842808,22.145254,-144112.308834
18538978.319531,-0.647428,22.520013,-118236.243954
18547017.772402,-0.567165,25.345803,-91965.376683
18555057.225272,-0.364435,25.265133,-65389.477995
18563096.678143,-0.220975,21.078066,-38599.361196
18571136.131013,-0.046090,23.737231,-11686.571606
18579175.583884,0.162792,24.235996,15256.926271
18587215.036754,0.426172,23.687968,42139.062991
18595254.489625,0.378833,24.237636,68867.978794
18603293.942496,0.677900,22.797874,95352.337494
18611333.395366,0.950148,24.335404,121501.638587
18619372.848237,0.921537,21.318590,147226.526507
18627412.301107,1.190409,20.862644,172439.095961
18635451.753978,1.251977,20.105260,197053.192316
18643491.206848,1.382791,22.016124,220984.706000
18651530.659719,1.499710,21.576526,244151.859914
18659570.112590,1.731181,20.089834,266475.488875
18667609.565460,1.884700,17.520740,287879.310137
18675649.018331,2.026895,16.889948,308290.184055
18683688.471201,2.111634,15.702154,327638.364014
18691727.924072,2.042869,16.600374,345857.734765
18699767.376942,2.384551,14.729711,362886.038344
18707806.829813,2.395484,14.350347,378665.086821
18715846.282684,2.590697,9.029231,393140.961132
18723885.735554,2.533875,8.885289,406264.195329
18731925.188425,2.625222,9.190777,417989.945613
18739964.641295,2.760758,9.755134,428278.143567
18748004.094166,2.696723,5.530146,437093.633080
18756043.547036,2.832957,5.672773,444406.290475
18764082.999907,2.962742,3.465630,450191.127450
18772122.452778,2.962876,5.466992,454428.376464
18780161.905648,2.782578,1.233419,457103.558285
18788201.358519,2.839083,-1.646301,458207.531468
18796240.811389,2.993700,-1.340690,457736.523593
18804280.264260,2.833021,-4.005929,455692.144156
18812319.717130,2.869557,-4.395848,452081.379068
18820359.170001,2.872269,-3.382510,446916.566781
18828398.622871,2.727513,-6.099095,440215.356134
18836438.075742,2.500500,-8.891736,432000.646035
18844477.528613,2.689014,-10.193770,422300.507220
18852516.981483,2.544433,-10.412427,411148.086324
18860556.434354,2.357934,-11.519525,398581.492622
18868595.887224,2.435662,-11.525651,384643.667803
18876635.340095,2.186127,-14.258158,369382.239228
18884674.792965,2.123746,-15.042173,352849.357186
18892714.245836,2.059935,-16.901641,335101.516689
18900753.698707,1.863513,-18.222327,316199.364418
18908793.151577,2.016805,-17.312922,296207.491489
18916832.604448,1.659284,-16.536545,275194.212736
18924872.057318,1.545278,-20.077675,253231.333269
18932911.510189,1.380026,-21.479691,230393.903107
18940950.963059,1.079647,-21.047287,206759.960722
18948990.415930,1.149591,-19.865655,182410.266375
18957029.868801,0.935751,-22.060734,157428.026140
18965069.321671,0.678841,-22.242586,131898.607588
18973108.774542,0.542231,-20.865419,105909.248065
18981148.227412,0.452612,-23.320969,79548.756597
18989187.680283,0.330094,-22.232837,52907.210417
18997227.133153,0.088232,-21.980485,26075.647157
19005266.586024,-0.080615,-21.889050,-854.246236
19013306.038895,-0.276331,-23.704836,-27790.446810
19021345.491765,-0.271976,-26.157407,-54640.910060
19029384.944636,-0.510873,-22.733620,-81313.884456
19037424.397506,-0.814492,-22.369060,-107718.224972
19045463.850377,-0.936791,-22.357757,-133763.704536
19053503.303247,-1.080025,-21.291038,-159361.322354
19061542.756118,-1.357239,-21.117033,-184423.608032
19069582.208989,-1.481052,-21.919717,-208864.920476
19077621.661859,-1.388033,-19.434420,-232601.740538
19085661.114730,-1.582920,-20.335855,-255552.956413
19093700.567600,-1.839451,-20.006667,-277640.140808
19101740.020471,-1.869123,-17.952425,-298787.818937
19109779.473341,-2.066461,-15.615957,-318923.726431
19117818.926212,-2.250267,-14.625554,-337979.056269
19125858.379083,-2.285029,-15.302021,-355888.693910
19133897.831953,-2.432816,-14.740215,-372591.439790
19141937.284824,-2.418707,-13.905365,-388030.218449
19149976.737694,-2.559094,-10.838714,-402152.273572
19158016.190565,-2.531715,-10.084056,-414909.348255
19166055.643435,-2.703377,-6.673218,-426257.849916
19174095.096306,-2.686233,-9.305375,-436158.999244
19182134.549177,-2.867423,-5.731816,-444578.962724
19190174.002047,-2.820038,-5.112928,-451488.968243
19198213.454918,-3.009910,-2.073776,-456865.403413
19206252.907788,-2.935350,-3.746328,-460689.896255
19214292.360659,-2.875596,-2.310284,-462949.377979
19222331.813529,-2.911869,-0.300673,-463636.127641
19230371.266400,-3.080858,1.518065,-462747.798528
19238410.719270,-2.863467,4.433744,-460287.426177
19246450.172141,-2.741265,3.494826,-456263.418001
19254489.625012,-2.895428,5.270265,-450689.524558
19262529.077882,-2.829956,7.847425,-443584.792570
19270568.530753,-2.803186,8.923752,-434973.499831
19278607.983623,-2.728614,9.044058,-424885.072249
19286647.436494,-2.580591,9.406495,-413353.983294
19294686.889364,-2.390617,11.248762,-400419.636201
19302726.342235,-2.324831,13.482405,-386126.229317
19310765.795106,-2.317777,14.024466,-370522.605074
19318805.247976,-2.163287,16.969305,-353662.083089
19326844.700847,-1.943870,17.832187,-335602.277962
19334884.153717,-1.927782,17.017176,-316404.902398
19342923.606588,-1.749601,14.865071,-296135.556329
19350963.059458,-1.652457,19.382488,-274863.502751
19359002.512329,-1.489990,19.885116,-252661.431042
19367041.965200,-1.386158,19.621960,-229605.208570
19375081.418070,-1.203628,22.357004,-205773.621451
19383120.870941,-0.971989,21.644720,-181248.105323
19391160.323811,-0.821968,22.012789,-156112.467066
19399199.776682,-0.650972,23.239686,-130452.598431
19407239.229552,-0.479134,22.289064,-104356.182531
19415278.682423,-0.409622,20.689877,-77912.394216
19423318.135294,-0.358911,24.503113,-51211.595355
19431357.588164,-0.019813,20.805256,-24345.026056
19439397.041035,0.229673,23.218812,2595.507116
19447436.493905,0.213936,23.290728,29517.944851
19455475.946776,0.464555,22.615087,56330.289673
19463515.399646,0.626757,21.805926,82940.920307
19471554.852517,0.765434,22.178111,109258.904764
19479594.305388,0.892503,22.211620,135194.311063
19487633.758258,1.062313,22.091615,160658.514544
19495673.211129,1.243691,22.095164,185564.500706
19503712.663999,1.324438,22.433793,209827.162553
19511752.116870,1.448974,20.491072,233363.591409
19519791.569740,1.649991,19.067937,256093.360230
19527831.022611,1.909188,19.213144,277938.798438
19535870.475482,1.921701,18.205954,298825.257324
19543909.928352,1.986414,14.598495,318681.365140
19551949.381223,2.361153,13.892147,337439.270978
19559988.834093,2.307229,17.286295,355034.876632
19568028.286964,2.403752,15.711394,371408.055626
19576067.739834,2.576106,14.142084,386502.858674
19584107.192705,2.521340,11.433251,400267.704870
19592146.645576,2.557716,8.448931,412655.557940
19600186.098446,2.639679,10.710471,423624.086979
19608225.551317,2.785639,8.421010,433135.811093
19616265.004187,2.752656,7.452797,441158.227482
19624304.457058,2.995654,4.997061,447663.922507
19632343.909928,2.854578,2.728634,452630.665358
19640383.362799,2.950986,1.077993,456041.484029
19648422.815669,2.849531,0.254512,457884.723309
19656462.268540,2.950847,-1.486340,458154.084608
19664501.721411,2.915867,-0.772725,456848.647484
19672541.174281,2.922750,-5.437847,453972.872787
19680580.627152,2.758830,-6.888730,449536.587411
19688620.080022,2.685137,-4.742206,443554.950723
19696659.532893,2.577169,-8.653786,436048.402754
19704698.985763,2.793766,-7.926158,427042.594355
19712738.438634,2.533880,-11.400522,416568.299547
19720777.891505,2.452583,-11.516302,404661.310360
19728817.344375,2.346020,-13.939689,391362.314525
19736856.797246,2.397432,-12.536546,376716.756444
19744896.250116,2.261443,-14.108248,360774.681896
19752935.702987,2.102853,-15.504531,343590.567026
19760975.155857,2.001847,-18.424266,325223.132191
19769014.608728,1.955124,-17.776435,305735.141309
19777054.061599,1.583072,-16.612346,285193.187383
19785093.514469,1.634920,-19.412575,263667.464944
19793132.967340,1.311809,-20.398530,241231.530189
19801172.420210,1.274868,-21.946671,217962.049628
19809211.873081,1.217853,-22.656700,193938.538108
19817251.325951,0.958170,-20.989627,169243.087095
19825290.778822,0.877817,-21.221394,143960.084162
19833330.231693,0.564492,-22.363161,118175.924623
19841369.684563,0.574793,-23.771783,91978.716307
19849409.137434,0.356929,-23.484254,65457.978488
19857448.590304,0.138289,-22.028028,38704.335981
19865488.043175,0.087611,-24.809061,11809.209465
19873527.496045,-0.035250,-25.193936,-15135.496908
19881566.948916,-0.303583,-24.062279,-42037.709569
19889606.401787,-0.538533,-23.938623,-68805.500154
19897645.854657,-0.624697,-23.163321,-95347.399636
19905685.307528,-0.784465,-20.039815,-121572.710888
19913724.760398,-1.073679,-22.103405,-147391.818607
19921764.213269,-1.212253,-24.070065,-172716.495539
19929803.666139,-1.419777,-21.481306,-197460.203964
19937843.119010,-1.486975,-20.975363,-221538.391410
19945882.571881,-1.536559,-20.063070,-244868.779573
19953922.024751,-1.752920,-19.236146,-267371.645480
19961961.477622,-1.768885,-17.150278,-288970.093907
19970000.930492,-2.218791,-17.259036,-309590.320142
19978040.383363,-2.128852,-15.558551,-329161.862188
19986079.836233,-2.294290,-15.840214,-347617.841537
19994119.289104,-2.353442,-13.597648,-364895.191703
20002158.741975,-2.551242,-12.008372,-380934.873732
20010198.194845,-2.634455,-9.736212,-395682.077940
20018237.647716,-2.663657,-10.404896,-409086.411212
20026277.100586,-2.930492,-9.557317,-421102.069193
20034316.553457,-2.722453,-6.405727,-431687.992817
20042356.006327,-2.639379,-7.314424,-440808.008603
20050395.459198,-2.850097,-4.701898,-448430.952271
20058434.912068,-2.929672,-3.241678,-454530.775227
20066474.364939,-2.807792,-2.148857,-459086.633585
20074513.817810,-2.969366,-2.742925,-462082.959381
20082553.270680,-2.996997,-0.340402,-463509.513781
20090592.723551,-2.819345,0.778708,-463361.422063
20098632.176421,-3.026048,2.605191,-461639.190274
20106671.629292,-2.809315,4.643976,-458348.703506
20114711.082162,-3.027681,6.274790,-453501.205780
20122750.535033,-2.787915,5.888816,-447113.261628
20130789.987904,-2.731240,7.151258,-439206.699485
20138829.440774,-2.637594,9.731166,-429808.537105
20146868.893645,-2.603685,10.291325,-418950.889233
20154908.346515,-2.534726,10.501778,-406670.857865
20162947.799386,-2.450104,11.382491,-393010.405468
20170987.252256,-2.401131,12.271130,-378016.211586
20179026.705127,-2.164907,15.526684,-361739.513333
20187066.157998,-2.166511,17.186892,-344235.930306
20195105.610868,-2.085682,18.436843,-325565.274528
20203145.063739,-1.735267,18.509142,-305791.346061
20211184.516609,-1.720909,18.944555,-284981.714993
20219223.969480,-1.693317,19.880462,-263207.490545
20227263.422350,-1.400029,20.394759,-240543.078076
20235302.875221,-1.256134,22.936640,-217065.924836
20243342.328092,-1.196790,20.307719,-192856.255315
20251381.780962,-0.942577,22.135731,-167996.797105
20259421.233833,-0.794728,22.934158,-142572.498213
20267460.686703,-0.630865,22.101634,-116670.236780
20275500.139574,-0.530450,23.432976,-90378.524206
20283539.592444,-0.362879,23.195777,-63787.202697
20291579.045315,-0.119728,22.994443,-36987.138260
20299618.498186,0.072774,21.456498,-10069.910207
20307657.951056,0.224606,23.420919,16872.501789
20315697.403927,0.345195,22.681987,43748.031997
20323736.856797,0.625035,23.202556,70464.843231
20331776.309668,0.598478,20.904990,96931.640668
20339815.762538,0.774453,20.805201,123057.983814
20347855.215409,0.912536,22.889822,148754.595552
20355894.668280,1.410354,22.223880,173933.667214
20363934.121150,1.194613,24.846397,198509.158632
20371973.574021,1.528980,19.739012,222397.092152
20380013.026891,1.678153,18.033088,245515.839595
20388052.479762,1.920496,16.665895,267786.401189
20396091.932632,1.920549,19.173106,289132.675525
20404131.385503,2.106164,16.177677,309481.719605
20412170.838374,2.145199,16.160239,328763.998095
20420210.291244,2.168734,15.812116,346913.620937
20428249.744115,2.403496,14.118712,363868.568507
20436289.196985,2.411390,13.462358,379570.903541
20444328.649856,2.501441,12.270826,393966.969116
20452368.102726,2.377478,8.595881,407007.572000
20460407.555597,2.683163,9.710352,418648.150756
20468447.008467,2.621681,5.553723,428848.928010
20476486.461338,2.782424,7.526130,437575.046377
20484525.914209,2.876372,5.969036,444796.687574
20492565.367079,2.887739,3.131841,450489.174314
20500604.819950,2.985699,2.372842,454633.054628
20508644.272820,2.882502,1.182924,457214.168337
20516683.725691,2.862784,-0.655973,458223.695440
20524723.178561,2.863015,-3.905873,457658.186250
20532762.631432,2.752451,-2.697820,455519.573186
20540802.084303,2.822234,-5.445360,451815.164169
20548841.537173,2.994956,-6.236198,446557.617644
20556880.990044,2.679094,-5.405355,439764.899335
20564920.442914,2.778163,-10.070335,431460.220844
20572959.895785,2.586285,-10.147337,421671.960339
20580999.348655,2.521908,-12.295066,410433.565580
20589038.801526,2.436299,-14.183395,397783.439626
20597078.254397,2.376954,-11.928826,383764.809606
20605117.707267,2.339575,-14.430690,368425.579002
20613157.160138,2.208446,-14.064062,351818.163965
20621196.613008,1.906365,-15.444623,333999.314193
20629236.065879,1.949351,-16.827535,315029.919018
20637275.518749,1.869315,-16.806308,294974.799332
20645314.971620,1.698007,-15.520079,273902.486091
20653354.424491,1.454570,-20.347167,251884.986134
20661393.877361,1.236025,-20.630247,228997.536125
20669433.330232,1.073964,-21.763056,205318.345463
20677472.783102,1.123698,-21.536105,180928.329024
20685512.235973,0.742521,-22.712899,155910.830671
20693551.688843,0.734422,-22.576221,130351.338454
20701591.141714,0.623269,-20.403087,104337.192487
20709630.594585,0.308560,-21.771384,77957.286495
20717670.047455,0.242386,-23.251469,51301.764050
20725709.500326,0.046936,-21.603141,24461.710545
20733748.953196,-0.078709,-24.546155,-2471.158062
20741788.406067,-0.312948,-24.922433,-29404.808651
20749827.858937,-0.454117,-22.947331,-56247.205432
20757867.311808,-0.606926,-24.796559,-82906.624439
20765906.764679,-0.709881,-25.877769,-109291.966964
20773946.217549,-0.878807,-23.962681,-135313.070858
20781985.670420,-1.146223,-21.727600,-160881.018618
20790025.123290,-1.210118,-22.369490,-185908.441239
20798064.576161,-1.277242,-19.400505,-210309.816757
20806104.029031,-1.426222,-19.403629,-234001.762494
20814143.481902,-1.544194,-18.629578,-256903.319987
20822182.934772,-1.817422,-16.026144,-278936.231632
20830222.387643,-2.063966,-17.145364,-300025.208100
20838261.840514,-2.032577,-17.319113,-320098.185612
20846301.293384,-2.160573,-15.965895,-339086.572189
20854340.746255,-2.144530,-13.700299,-356925.482043
20862380.199125,-2.633142,-10.586198,-373553.957295
20870419.651996,-2.374010,-11.473083,-388915.176279
20878459.104866,-2.514139,-10.258502,-402956.647710
20886498.557737,-2.607570,-11.447931,-415630.390052
20894538.010608,-2.734964,-7.229648,-426893.095476
20902577.463478,-2.696591,-5.521528,-436706.277851
20910616.916349,-2.645895,-4.486094,-445036.404255
20918656.369219,-2.968578,-2.831520,-451855.009562
20926695.822090,-3.017786,-1.942910,-457138.793709
20934735.274960,-2.950295,-3.054283,-460869.701317
20942774.727831,-2.774940,-0.243030,-463034.983390
20950814.180702,-3.003692,2.976653,-463627.240877
20958853.633572,-2.905703,3.839104,-462644.449956
20966893.086443,-2.866766,3.801777,-460089.968951
20974932.539313,-2.951194,5.766142,-455972.526859
20982971.992184,-2.800146,6.640356,-450306.193514
20991011.445054,-2.669766,5.170334,-443110.331515
20999050.897925,-2.656881,9.006348,-434409.530059
21007090.350796,-2.636656,8.901270,-424233.520920
21015129.803666,-2.635984,12.704328,-412617.076843
21023169.256537,-2.493622,11.402986,-399599.892733
21031208.709407,-2.277375,13.169217,-385226.450003
21039248.162278,-2.197789,13.137140,-369545.864577
21047287.615148,-2.156594,14.827289,-352611.719059
21055327.068019,-2.044353,17.853104,-334481.879628
21063366.520890,-1.940721,17.063740,-315218.298308
21071405.973760,-1.882102,17.008269,-294886.801264
21079445.426631,-1.613211,16.398267,-273556.863869
21087484.879501,-1.492495,19.005767,-251301.373298
21095524.332372,-1.377694,22.203164,-228196.379459
21103563.785242,-1.187060,21.054930,-204320.835126
21111603.238113,-1.025107,22.377680,-179756.326143
21119642.690984,-1.101728,23.003451,-154586.792636
21127682.143854,-0.676746,23.216104,-128898.242179
21135721.596725,-0.708555,22.204353,-102778.455893
21143761.049595,-0.241251,23.666834,-76316.688491
21151800.502466,-0.244067,22.083809,-49603.363277
21159839.955336,-0.106327,22.868783,-22729.763163
21167879.408207,0.110359,22.311619,4212.281260
21175918.861078,0.246190,22.898104,31130.705518
21183958.313948,0.508742,22.872486,57933.525850
21191997.766819,0.641635,20.193868,84529.153527
21200037.219689,0.881064,20.803900,110826.707828
21208076.672560,0.978351,21.105245,136736.326583
21216116.125430,1.065739,21.901182,162169.473252
21224155.578301,1.236746,20.414469,187039.239460
21232195.031171,1.490501,21.802718,211260.641979
21240234.484042,1.606242,19.716524,234750.913119
21248273.936913,1.782152,19.500908,257429.783567
21256313.389783,1.903885,17.934142,279219.756669
21264352.842654,1.849104,17.924160,300046.373248
21272392.295524,2.107408,15.260803,319838.466045
21280431.748395,2.204824,15.136113,338528.402899
21288471.201265,2.264808,14.751825,356052.317864
21296510.654136,2.348524,12.642838,372350.329439
21304550.107007,2.470813,12.338937,387366.745196
21312589.559877,2.547451,9.221346,401050.252088
21320629.012748,2.724740,8.703491,413354.091789
21328668.465618,2.592235,7.927509,424236.220477
21336707.918489,2.760407,6.209457,433659.452500
21344747.371359,2.895259,3.708229,441591.587449
21352786.824230,2.938995,4.987109,448005.520185
21360826.277101,2.885591,2.158347,452879.333463
21368865.729971,2.927155,1.055127,456196.372831
21376905.182842,2.947228,0.029183,457945.303531
21384944.635712,2.968077,-2.602315,458120.149241
21392984.088583,2.884721,-3.181984,456720.312489
21401023.541453,2.786062,-4.999809,453750.576701
21409062.994324,2.852975,-7.212681,449221.089850
21417102.447195,2.616721,-7.319749,443147.329782
21425141.900065,2.690105,-5.671558,435550.051327
21433181.352936,2.684282,-7.604093,426455.215374
21441220.805806,2.733733,-11.377372,415893.900163
21449260.258677,2.620166,-11.814862,403902.195082
21457299.711547,2.383626,-12.120282,390521.077351
21465339.164418,2.373150,-13.905795,375796.271989
21473378.617289,2.244057,-14.684876,359778.095576
21481418.070159,2.207788,-15.970342,342521.284306
21489457.523030,1.979002,-17.140443,324084.806950
21497496.975900,1.757068,-15.644822,304531.663352
21505536.428771,1.680166,-18.867830,283928.669150
21513575.881641,1.591296,-19.958939,262346.227460
21521615.334512,1.484285,-19.325285,239858.088294
21529654.787383,1.254754,-19.472710,216541.096552
21537694.240253,1.246991,-21.375405,192474.929432
21545733.693124,0.861927,-20.587933,167741.824161
21553773.145994,0.671459,-19.214242,142426.296981
21561812.598865,0.449735,-20.303677,116614.854345
21569852.051735,0.562422,-23.352651,90395.697314
21577891.504606,0.175736,-22.820583,63858.420161
21585930.957477,-0.022291,-21.738846,37093.704218
21593970.410347,-0.118556,-24.043247,10193.008006
21602009.863218,-0.130912,-20.736309,-16751.745293
21610049.316088,-0.395325,-22.551497,-43648.481948
21618088.768959,-0.546434,-23.267773,-70405.292309
21626128.221829,-0.868191,-21.479829,-96930.744868
21634167.674700,-0.998761,-25.220909,-123134.198701
21642207.127570,-0.977922,-22.646222,-148926.113193
21650246.580441,-1.175003,-22.158257,-174218.354013
21658286.033312,-1.274007,-20.332418,-198924.494282
21666325.486182,-1.501835,-20.017914,-222960.109899
21674364.939053,-1.545901,-19.353369,-246243.068038
21682404.391923,-1.817774,-18.630431,-268693.807797
21690443.844794,-1.759121,-16.931040,-290235.612075
21698483.297664,-2.033239,-15.582888,-310794.869721
21706522.750535,-2.146340,-16.977997,-330301.327075
21714562.203406,-2.224056,-16.927572,-348688.328032
21722601.656276,-2.203129,-13.321874,-365893.041815
21730641.109147,-2.644883,-12.272276,-381856.677677
21738680.562017,-2.700154,-10.736062,-396524.685794
21746720.014888,-2.711443,-10.443696,-409846.943673
21754759.467758,-2.604826,-11.544975,-421777.927424
21762798.920629,-2.652466,-8.488134,-432276.867322
21770838.373500,-2.884828,-6.907717,-441307.887121
21778877.826370,-2.836542,-3.546326,-448840.126652
21786917.279241,-2.924789,-4.523467,-454847.847270
21794956.732111,-2.881197,-1.364848,-459310.519811
21802996.184982,-3.012052,0.462962,-462212.894744
21811035.637852,-2.878233,1.998371,-463545.054274
21819075.090723,-2.922123,1.900643,-463302.446239
21827114.543594,-3.008793,3.533018,-461485.899661
21835153.996464,-2.891626,5.021294,-458101.621919
21843193.449335,-2.901748,3.686681,-453161.177529
21851232.902205,-2.683475,11.314806,-446681.448632
21859272.355076,-2.881842,10.775203,-438684.577308
21867311.807946,-2.758314,9.509143,-429197.889905
21875351.260817,-2.559248,12.674965,-418253.803671
21883390.713688,-2.579080,13.681758,-405889.715973
21891430.166558,-2.426097,13.387912,-392147.876510
21899469.619429,-2.215155,14.202678,-377075.242935
21907509.072299,-2.243097,14.081876,-360723.320402
21915548.525170,-2.064822,14.935360,-343147.985559
21923587.978040,-2.160269,16.805822,-324409.295612
21931627.430911,-1.758502,14.584489,-304571.283109
21939666.883782,-1.898328,19.075132,-283701.737118
21947706.336652,-1.441888,21.185214,-261871.971598
21955745.789523,-1.479296,22.026734,-239156.581699
21963785.242393,-1.328263,20.954286,-215633.188868
21971824.695264,-1.097728,22.689663,-191382.175600
21979864.148134,-1.076804,22.285207,-166486.410767
21987903.601005,-0.814007,23.755970,-141030.966439
21995943.053875,-0.533525,24.323464,-115102.827184
22003982.506746,-0.314487,20.894319,-88790.592831
22012021.959617,-0.382661,19.799348,-62184.175711
22020061.412487,-0.199046,23.108362,-35374.493415
22028100.865358,-0.072644,25.931921,-8453.158121
22036140.318228,0.239318,21.411495,18487.836464
22044179.771099,0.236789,19.995231,45356.429452
22052219.223969,0.672844,21.552393,72060.807363
22060258.676840,0.617382,22.546741,98509.717859
22068298.129711,0.966863,21.655254,124612.781569
22076337.582581,1.005248,24.350134,150280.800924
22084377.035452,1.370190,19.496231,175426.064961
22092416.488322,1.338786,19.552816,199962.649036
22100455.941193,1.496839,18.747440,223806.708448
22108495.394063,1.509228,17.338564,246876.764940
22116534.846934,1.791821,16.932565,269093.985124
22124574.299805,1.705884,16.806270,290382.449866
22132613.752675,2.009419,18.584605,310669.413709
22140653.205546,2.180061,15.603100,329885.553457
22148692.658416,2.060036,13.451696,347965.205057
22156732.111287,2.286276,14.132087,364846.587984
22164771.564157,2.613302,11.737493,380472.016356
22172811.017028,2.585923,10.815649,394788.096049
22180850.469899,2.582556,11.450204,407745.907154
22188889.922769,2.625754,9.875240,419301.171142
22196929.375640,2.695968,8.422507,429414.402173
22204968.828510,2.780344,5.194422,438051.042018
22213008.281381,2.787967,5.602143,445181.578155
22221047.734251,2.889986,5.693875,450781.644613
22229087.187122,2.968046,1.672122,454832.105236
22237126.639993,2.791520,1.303138,457319.119072
22245166.092863,2.900358,0.703789,458234.187671
22253205.545734,2.857194,-0.681298,457574.184124
22261244.998604,2.935036,-3.185365,455341.363750
22269284.451475,2.802688,-4.238769,451543.356387
22277323.904345,2.785589,-6.437943,446193.140320
22285363.357216,2.756524,-8.470388,439308.997935
22293402.810087,2.605626,-9.022727,430914.453241
22301442.262957,2.835140,-10.028617,421038.191493
22309481.715828,2.599019,-12.390218,409713.961162
22317521.168698,2.566961,-11.057914,396980.458618
22325560.621569,2.383314,-13.949925,382881.195898
22333600.074439,2.166619,-15.113657,367464.352017
22341639.527310,2.215594,-13.906611,350782.608341
22349678.980181,2.163603,-17.739882,332892.968559
22357718.433051,1.940782,-16.660539,313856.563900
22365757.885922,1.809165,-19.209303,293738.444238
22373797.338792,1.611779,-18.487285,272607.355807
22381836.791663,1.585130,-20.823397,250535.506290
22389876.244533,1.373956,-21.432056,227598.318069
22397915.697404,1.332048,-19.570637,203874.170504
22405955.150274,0.994263,-19.850698,179444.132096
22413994.603145,0.829517,-21.460051,154391.683470
22422034.056016,0.738359,-21.740467,128802.432103
22430073.508886,0.483929,-24.405362,102763.819800
22438112.961757,0.467220,-20.149912,76364.823891
22446152.414627,0.242299,-20.623299,49695.653183
22454191.867498,0.165753,-20.472067,22847.439704
22462231.320368,-0.072365,-24.640053,-4088.072703
22470270.773239,-0.280353,-22.988456,-31018.841886
22478310.226110,-0.445366,-22.172487,-57852.841897
22486349.678980,-0.453175,-20.932450,-84498.377466
22494389.131851,-0.842202,-19.583414,-110864.397326
22502428.584721,-0.835388,-21.531933,-136860.805354
22510468.037592,-1.133489,-22.271415,-162398.768440
22518507.490462,-1.415977,-20.972764,-187391.020036
22526546.943333,-1.411770,-18.332519,-211752.158365
22534586.396204,-1.563613,-18.669596,-235398.938245
22542625.849074,-1.693711,-20.346706,-258250.555549
22550665.301945,-1.731936,-18.525198,-280228.923325
22558704.754815,-1.914211,-18.254357,-301258.938628
22566744.207686,-2.128915,-18.030064,-321268.739157
22574783.660556,-2.053915,-13.768926,-340189.948818
22582823.113427,-2.259956,-12.747689,-357957.911374
22590862.566298,-2.583112,-13.958786,-374511.911382
22598902.019168,-2.424576,-14.830684,-389795.381669
22606941.472039,-2.731693,-10.143266,-403756.096627
22614980.924909,-2.518228,-9.295005,-416346.350673
22623020.377780,-2.690055,-9.312331,-427523.121272
22631059.830650,-2.708640,-6.799035,-437248.215942
22639099.283521,-2.589139,-5.159071,-445488.402767
22647138.736392,-2.922170,-5.659875,-452215.523957
22655178.189262,-2.939261,-3.897498,-457406.592063
22663217.642133,-2.922930,-1.564959,-461043.868528
22671257.095003,-2.893416,0.406241,-463114.924306
22679296.547874,-2.950382,2.275313,-463612.682329
22687336.000744,-2.834232,1.211697,-462535.441692
22695375.453615,-2.888583,4.261619,-459886.883469
22703414.906486,-2.894112,4.010906,-455676.058126
22711454.359356,-2.843641,6.496516,-449917.354603
22719493.812227,-2.621363,7.097652,-442630.451139
22727533.265097,-2.522459,7.477105,-433840.248033
22735572.717968,-2.612109,9.264246,-423576.782553
22743612.170838,-2.483296,9.837995,-411875.126297
22751651.623709,-2.445319,14.640129,-398775.265349
22759691.076580,-2.323597,10.886057,-384321.963640
22767730.529450,-2.172162,16.137326,-368564.609983
22775769.982321,-2.129474,16.434958,-351557.049308
22783809.435191,-1.979234,16.822925,-333357.398665
22791848.888062,-1.906471,17.898650,-314027.848630
22799888.340932,-1.897152,16.645864,-293634.450793
22807927.793803,-1.600095,21.328488,-272246.892050
22815967.246673,-1.421466,20.451990,-249938.256475
22824006.699544,-1.401483,22.227806,-226784.775580
22832046.152415,-1.116387,21.259158,-202865.567825
22840085.605285,-1.024555,21.640565,-178262.368257
22848125.058156,-0.856860,23.697735,-153059.249214
22856164.511026,-0.745363,25.043836,-127342.333036
22864203.963897,-0.608176,20.603781,-101199.497774
22872243.416767,-0.287601,22.803092,-74720.076901
22880282.869638,-0.169861,24.142298,-47994.554046
22888322.322509,0.035497,23.417683,-21114.253801
22896361.775379,0.082217,22.608066,5828.970347
22904401.228250,0.260439,24.914204,32743.049893
22912440.681120,0.312798,22.680519,59536.015921
22920480.133991,0.559454,22.836699,86116.313378
22928519.586861,0.732811,20.865690,112393.113927
22936559.039732,1.004440,25.536947,138276.626316
22944598.492603,1.027084,21.669147,163678.403215
22952637.945473,1.196037,20.544851,188511.643442
22960677.398344,1.564193,18.607416,212691.488583
22968716.851214,1.566174,20.616221,236135.312958
22976756.304085,1.666797,18.471011,258763.005966
22984795.756955,1.789575,18.837560,280497.245832
22992835.209826,2.020955,17.228036,301263.763829
23000874.662697,2.179749,16.801926,320991.598062
23008914.115567,2.189139,16.377536,339613.335950
23016953.568438,2.320810,14.725969,357065.344590
23024993.021308,2.327212,15.377315,373287.988197
23033032.474179,2.372071,11.315990,388225.831884
23041071.927049,2.509656,11.367570,401827.831094
23049111.379920,2.672628,10.762772,414047.506025
23057150.832791,2.691963,7.062357,424843.100456
23065190.285661,2.704538,4.688821,434177.724435
23073229.738532,2.802277,5.167189,442019.480336
23081269.191402,2.777464,4.414673,448341.571858
23089308.644273,2.792429,3.436556,453122.395592
23097348.097143,2.771974,-0.118123,456345.614839
23105387.550014,2.797877,1.466341,458000.215439
23113427.002885,3.043112,0.364082,458080.543408
23121466.455755,2.796511,-1.254669,456586.324254
23129505.908626,2.777057,-2.504597,453522.663918
23137545.361496,2.716844,-4.059869,448900.031327
23145584.814367,2.853144,-4.482499,442734.222618
23153624.267237,2.806435,-7.998214,435046.307163
23161663.720108,2.621939,-8.745505,425862.555569
23169703.172979,2.565165,-12.227207,415214.349914
23177742.625849,2.606651,-10.292745,403138.076500
23185782.078720,2.359984,-11.923388,389675.001527
23193821.531590,2.342997,-14.499560,374871.130077
23201860.984461,2.201847,-15.572788,358777.048904
23209900.437331,2.119462,-16.743653,341447.753582
23217939.890202,1.854677,-15.783780,322942.460568
23225979.343072,1.708246,-17.072680,303324.404860
23234018.795943,1.828693,-18.156457,282660.623906
23242058.248814,1.699073,-19.863693,261021.728539
23250097.701684,1.422475,-19.214148,238481.661682
23258137.154555,1.162666,-19.804834,215117.445679
23266176.607425,1.040343,-21.837833,191008.919098
23274216.060296,0.752978,-21.420831,166238.463914
23282255.513166,0.762697,-20.719921,140890.723998
23290294.966037,0.712909,-23.594364,115052.315879
23298334.418908,0.542967,-23.803934,88811.532762
23306373.871778,0.194874,-20.503701,62258.042821
23314413.324649,0.029931,-23.657394,35482.582788
23322452.777519,-0.096307,-24.281432,8576.647897
23330492.230390,-0.319400,-20.202350,-18367.820769
23338531.683260,-0.394145,-25.523599,-45258.750450
23346571.136131,-0.743896,-22.401830,-72004.251339
23354610.589002,-0.925383,-21.119435,-98512.930575
23362650.041872,-0.788916,-22.620551,-124694.204551
23370689.494743,-1.004249,-19.418152,-150458.608442
23378728.947613,-1.211830,-21.036606,-175718.101927
23386768.400484,-1.232699,-18.589073,-200386.370025
23394807.853354,-1.578791,-19.173292,-224379.118053
23402847.306225,-1.659128,-17.879061,-247614.359665
23410886.759096,-1.893025,-21.295367,-270012.697016
23418926.211966,-1.964334,-19.571035,-291497.592071
23426965.664837,-1.874554,-16.965179,-311995.628143
23435005.117707,-2.084047,-17.406687,-331436.760776
23443044.570578,-2.093543,-16.236297,-349754.557086
23451084.023448,-2.329361,-14.081288,-366886.422779
23459123.476319,-2.462782,-12.937280,-382773.816038
23467162.929190,-2.490735,-12.480075,-397362.447572
23475202.382060,-2.680683,-9.119295,-410602.466127
23483241.834931,-2.700528,-9.068599,-422448.628834
23491281.287801,-2.780671,-8.361934,-432860.455815
23499320.740672,-2.955102,-6.920428,-441802.368499
23507360.193542,-2.745847,-5.529663,-449243.811207
23515399.646413,-2.899451,-3.988254,-455159.355560
23523439.099284,-2.903050,-0.623205,-459528.787372
23531478.552154,-2.913951,-0.515377,-462337.175726
23539518.005025,-2.899409,-0.364819,-463574.923994
23547557.457895,-2.874318,3.015192,-463237.802627
23555596.910766,-2.907470,3.701508,-461326.963615
23563636.363636,-2.802498,3.094128,-457848.936542
23571675.816507,-2.703706,6.710983,-452815.606280
23579715.269377,-2.661437,6.088397,-446244.172374
23587754.722248,-2.669026,6.939404,-438157.090270
23595794.175119,-2.681962,9.895374,-428581.994579
23603833.627989,-2.581844,10.532120,-417551.604652
23611873.080860,-2.348722,8.984275,-405103.612766
23619912.533730,-2.370448,12.266415,-391280.555332
23627951.986601,-2.452110,13.107230,-376129.667537
23635991.439471,-2.220107,15.984101,-359702.721936
23644030.892342,-2.096211,16.109885,-342055.851544
23652070.345213,-2.073480,17.872643,-323249.358013
23660109.798083,-1.928750,17.424808,-303347.505582
23668149.250954,-1.647139,19.896398,-282418.301471
23676188.703824,-1.421953,18.496057,-260533.263497
23684228.156695,-1.586179,19.873613,-237767.175686
23692267.609565,-1.264606,19.928976,-214197.832722
23700307.062436,-0.899995,23.665178,-189905.774122
23708346.515307,-0.826842,23.445307,-164974.009011
23716385.968177,-0.634726,21.239189,-139487.732480
23724425.421048,-0.546590,22.095262,-113534.034453
23732464.873918,-0.485073,24.024249,-87201.602097
23740504.326789,-0.269550,24.270122,-60580.416762
23748543.779659,-0.188093,23.432903,-33761.446506
23756583.232530,0.146054,22.396081,-6836.335241
23764622.685401,0.163396,22.127144,20102.910419
23772662.138271,0.392572,20.799806,46964.235565
23780701.591142,0.496580,23.992148,73655.851551
23788741.044012,0.836170,23.923798,100086.549648
23796780.496883,0.894444,23.073796,126166.012719
23804819.949753,0.985972,22.153098,151805.123843
23812859.402624,1.284141,19.843612,176916.270838
23820898.855495,1.431259,20.100602,201413.645645
23828938.308365,1.549786,20.539122,225213.537543
23836977.761236,1.463240,19.650755,248234.619203
23845017.214106,1.827907,18.839353,270398.224591
23853056.666977,1.977698,17.299949,291628.617780
23861096.119847,1.967730,15.684414,311853.251753
23869135.572718,2.099032,12.750527,331003.016301
23877175.025589,2.256743,15.532580,349012.474185
23885214.478459,2.406713,12.927452,365820.084742
23893253.931330,2.515724,11.577619,381368.414178
23901293.384200,2.530726,9.434077,395604.331827
23909332.837071,2.757829,10.214736,408479.191704
23917372.289941,2.634799,10.126560,419948.998736
23925411.742812,2.768865,8.923558,429974.559099
23933451.195683,2.787113,5.155951,438521.614148
23941490.648553,2.689920,5.367012,445560.957481
23949530.101424,2.889401,4.012361,451068.534748
23957569.554294,2.844632,1.483915,455025.525838
23965609.007165,2.894722,1.299099,457418.409198
23973648.460035,2.902388,-1.905433,458239.008033
23981687.912906,2.922422,-2.375093,457484.518251
23989727.365776,2.931673,-3.597881,455157.518042
23997766.818647,2.804890,-5.092236,451265.959069
24005806.271518,2.740775,-7.192792,445823.139294
24013845.724388,2.688911,-8.840424,438847.657542
24021885.177259,2.521995,-8.680925,430363.349943
24029924.630129,2.613131,-11.028480,420399.208480
24037964.083000,2.523896,-10.075320,408989.281923
24046003.535870,2.508511,-11.559098,396172.559477
24054042.988741,2.362605,-14.218189,381992.837550
24062082.441612,2.384863,-13.940835,366498.570101
24070121.894482,2.033251,-16.132462,349742.703057
24078161.347353,2.195425,-17.384809,331782.493400
24086200.800223,1.805586,-18.345369,312679.313503
24094240.253094,1.814005,-17.062650,292498.441422
24102279.705964,1.637465,-20.086685,271308.837823
24110319.158835,1.541669,-18.939221,249182.910342
24118358.611706,1.407893,-18.398253,226196.266154
24126398.064576,1.185960,-21.023976,202427.453616
24134437.517447,0.970125,-19.366971,177957.693856
24142476.970317,0.867885,-20.513936,152870.603230
24150516.423188,0.675809,-22.236552,127251.907593
24158555.876058,0.587143,-22.150885,101189.149364
24166595.328929,0.453209,-23.385293,74771.388383
24174634.781800,0.255680,-21.626557,48088.897579
24182674.234670,0.190946,-21.819164,21232.854497
24190713.687541,-0.261789,-22.697970,-5704.970265
24198753.140411,-0.269129,-20.842600,-32632.526652
24206792.593282,-0.619318,-25.802440,-59457.799698
24214832.046152,-0.448938,-22.439662,-86089.123950
24222871.499023,-0.733608,-21.711117,-112435.496707
24230910.951894,-0.918475,-22.446643,-138406.888981
24238950.404764,-0.980360,-20.623365,-163914.553142
24246989.857635,-1.209372,-21.432135,-188871.326181
24255029.310505,-1.348687,-20.822861,-213191.927553
24263068.763376,-1.488510,-19.414112,-236793.250598
24271108.216246,-1.778137,-20.384957,-259594.646519
24279147.669117,-1.754937,-19.448069,-281518.199979
24287187.121988,-2.033392,-17.699602,-302488.995340
24295226.574858,-2.054725,-16.602443,-322435.372663
24303266.027729,-2.121836,-15.680593,-341289.172579
24311305.480599,-2.417085,-14.128991,-358985.969199
24319344.933470,-2.426894,-12.091593,-375465.290264
24327384.386340,-2.488260,-12.690129,-390670.823788
24335423.839211,-2.639440,-10.561308,-404550.610483
24343463.292082,-2.735228,-9.002863,-417057.221310
24351502.744952,-2.759563,-7.451442,-428147.919551
24359542.197823,-2.731178,-6.539930,-437784.806846
24367581.650693,-2.805818,-4.752159,-445934.952696
24375621.103564,-2.790899,-4.332528,-452570.506991
24383660.556434,-2.824223,-3.234171,-457668.795179
24391700.009305,-2.741438,-2.101022,-461212.395744
24399739.462175,-2.858025,-1.120255,-463189.199742
24407778.915046,-2.854876,0.897526,-463592.452176
24415818.367917,-2.862346,2.213761,-462420.775080
24423857.820787,-2.838925,2.555109,-459678.172228
24431897.273658,-3.010996,6.476470,-455374.015450
24439936.726528,-2.863476,5.901568,-449523.012610
24447976.179399,-2.764270,6.642119,-442145.157349
24456015.632269,-2.801441,9.217467,-433265.660756
24464055.085140,-2.769129,9.570018,-422914.865230
24472094.538011,-2.554073,13.103667,-411128.140785
24480133.990881,-2.427790,10.080429,-397945.764195
24488173.443752,-2.387472,13.806302,-383412.781357
24496212.896622,-2.119978,12.312621,-367578.853366
24504252.349493,-2.039873,17.063591,-350498.086815
24512291.802363,-2.148482,15.379373,-332228.848910
24520331.255234,-1.939404,16.473289,-312833.568013
24528370.708105,-1.732159,18.590712,-292378.520327
24536410.160975,-1.601029,20.255403,-270933.603413
24544449.613846,-1.481105,21.797850,-248572.097345
24552489.066716,-1.385504,20.288964,-225370.414301
24560528.519587,-1.225148,20.039913,-201407.837453
24568567.972457,-1.069715,22.009967,-176766.250048
24576607.425328,-0.957182,23.503327,-151529.855598
24584646.878199,-0.806833,23.253504,-125784.890150
24592686.331069,-0.581930,23.882665,-99619.327603
24600725.783940,-0.452935,21.830289,-73122.579092
24608765.236810,-0.187132,21.041394,-46385.187458
24616804.689681,-0.141112,23.549737,-19498.517849
24624844.142551,0.322101,25.492013,7445.554484
24632883.595422,0.402077,21.523098,34354.958135
24640923.048293,0.456933,22.246295,61137.740169
24648962.501163,0.654915,22.753955,87702.380331
24657001.954034,0.816026,22.890027,113958.103787
24665041.406904,0.864495,22.288008,139815.191310
24673080.859775,1.091620,22.877802,165185.285865
24681120.312645,1.447736,19.195915,189981.694534
24689159.765516,1.315039,21.033662,214119.684762
24697199.218387,1.504026,19.723871,237516.773890
24705238.671257,1.774585,19.888573,260093.011020
24713278.124128,1.881160,18.019700,281771.250208
24721317.576998,2.066812,16.779205,302477.414087
24729357.029869,2.157085,15.177224,322140.747001
24737396.482739,2.177451,14.185626,340694.056780
24745435.935610,2.308643,14.483483,358073.944346
24753475.388481,2.297926,14.263867,374221.020363
24761514.841351,2.470005,11.305559,389080.108167
24769554.294222,2.590807,12.905415,402600.432321
24777593.747092,2.562116,9.831277,414735.792117
24785633.199963,2.616219,5.864418,425444.719449
24793672.652833,2.777910,5.559201,434690.620519
24801712.105704,2.853716,5.082050,442441.900879
24809751.558574,3.004906,3.396016,448672.073393
24817791.011445,2.742604,4.741498,453359.848752
24825830.464316,2.863995,1.642260,456489.208217
24833869.917186,2.830097,1.563178,458049.458357
24841909.370057,2.767183,-1.444300,458035.267597
24849948.822927,2.833331,-1.106871,456446.684426
24857988.275798,2.873977,-2.172780,453289.137242
24866027.728668,2.607166,-5.026847,448573.415793
24874067.181539,2.762266,-6.833990,442315.634314
24882106.634410,2.699618,-5.716871,434537.176460
24890146.087280,2.643675,-8.995188,425264.622234
24898185.540151,2.570924,-8.287061,414529.657161
24906224.993021,2.473688,-12.621379,402368.964014
24914264.445892,2.368942,-13.527037,388824.097466
24922303.898762,2.289790,-13.323253,373941.342091
24930343.351633,2.124290,-14.764679,357771.554200
24938382.804504,2.039336,-17.941730,340369.988066
24946422.257374,1.950830,-13.992284,321796.107105
24954461.710245,1.743683,-17.249376,302113.380688
24962501.163115,1.503414,-17.917975,281389.067254
24970540.615986,1.715140,-19.155939,259693.984480
24978580.068856,1.389916,-20.353037,237102.267292
24986619.521727,1.265783,-23.986873,213691.114527
24994658.974598,1.105242,-21.555337,189540.525144
25002698.427468,0.878813,-22.585610,164733.024851
25010737.880339,0.751872,-23.746605,139353.384108
25018777.333209,0.684450,-20.636877,113488.328452
25026816.786080,0.472538,-22.705155,87226.242147
25034856.238950,0.232356,-25.066290,60656.866162
25042895.691821,0.014630,-23.081985,33870.991514
25050935.144692,0.024214,-24.356170,6960.149026
25058974.597562,-0.232985,-21.588874,-19983.703449
25067014.050433,-0.422339,-21.616221,-46868.495259
25075053.503303,-0.483159,-24.620686,-73602.357569
25083092.956174,-0.549255,-21.471148,-100093.937289
25091132.409044,-0.874917,-21.679425,-126252.709243
25099171.861915,-1.020920,-24.291253,-151989.285499
25107211.314786,-1.325650,-21.474302,-177215.720824
25115250.767656,-1.236583,-21.523473,-201845.813206
25123290.220527,-1.461657,-20.202669,-225795.398409
25131329.673397,-1.781650,-17.601168,-248982.637582
25139369.126268,-1.889613,-18.901426,-271328.296911
25147408.579138,-1.852827,-18.024632,-292756.018366
25155448.032009,-2.096895,-15.176876,-313192.580633
25163487.484880,-2.246953,-14.880935,-332568.149317
25171526.937750,-2.271122,-14.907795,-350816.515578
25179566.390621,-2.354073,-13.302346,-367875.322370
25187605.843491,-2.439404,-12.334892,-383686.277530
25195645.296362,-2.417730,-10.674362,-398195.352965
25203684.749232,-2.722682,-10.268635,-411352.969274
25211724.202103,-2.800947,-8.457137,-423114.165170
25219763.654973,-2.806167,-8.781854,-433438.751114
25227803.107844,-2.848346,-7.265484,-442291.446651
25235842.560715,-2.848215,-2.096243,-449642.000968
25243882.013585,-2.952394,-3.406992,-455465.296265
25251921.466456,-2.818786,-1.224975,-459741.433581
25259960.919326,-2.768002,-1.236207,-462455.800799
25268000.372197,-2.937731,-0.776816,-463599.122573
25276039.825067,-2.793415,-1.662596,-463167.492024
25284079.277938,-2.899827,3.709945,-461162.384090
25292118.730809,-2.810119,4.350586,-457590.650484
25300158.183679,-2.785260,6.487857,-452464.496286
25308197.636550,-2.834923,8.755920,-445801.438233
25316237.089420,-2.615103,6.046210,-437624.244862
25324276.542291,-2.622176,7.825610,-427960.858707
25332315.995161,-2.554830,11.946221,-416844.300817
25340355.448032,-2.605078,10.767215,-404312.557918
25348394.900903,-2.431234,16.833031,-390408.452608
25356434.353773,-2.167205,17.354124,-375179.497026
25364473.806644,-2.396385,15.052803,-358677.730495
25372513.259514,-2.146016,18.025962,-340959.541701
25380552.712385,-2.064924,16.483765,-322085.476001
25388592.165255,-1.852328,15.400303,-302120.028539
25396631.618126,-1.754674,21.247602,-281131.423845
25404671.070997,-1.447043,18.453009,-259191.382717
25412710.523867,-1.424716,19.351982,-236374.877133
25420749.976738,-1.163309,20.292954,-212759.874062
25428789.429608,-1.063195,21.995599,-188427.069046
25436828.882479,-1.021242,21.939451,-163459.610448
25444868.335349,-0.748388,21.827762,-137942.815326
25452907.788220,-0.580508,19.869178,-111963.877892
25460947.241091,-0.481491,21.654931,-85611.571558
25468986.693961,-0.277440,21.405341,-58975.945586
25477026.146832,-0.005424,24.009798,-32148.017380
25485065.599702,0.166201,23.864082,-5219.461463
25493105.052573,0.288602,23.412882,21717.703781
25501144.505443,0.386766,25.143048,48571.430552
25509183.958314,0.428796,22.900720,75249.956167
25517223.411185,0.825815,22.717684,101662.116632
25525262.864055,0.863655,20.398911,127717.658152
25533302.316926,1.243113,22.921077,153327.545551
25541341.769796,1.256089,21.825766,178404.266508
25549381.222667,1.183102,21.929810,202862.130602
25557420.675537,1.481872,18.842175,226617.562125
25565460.128408,1.522636,16.472465,249589.385675
25573499.581278,1.798958,20.769733,271699.103540
25581539.034149,1.851717,17.303615,292871.163933
25589578.487020,2.080391,15.017741,313033.219167
25597617.939890,2.053912,14.116168,332116.372875
25605657.392761,2.093864,12.868608,350055.415435
25613696.845631,2.402417,14.622549,366789.046801
25621736.298502,2.345451,14.624260,382260.085977
25629775.751372,2.396955,12.225901,396415.666407
25637815.204243,2.676162,11.332451,409207.416629
25645854.657114,2.689515,7.100111,420591.625566
25653894.109984,2.795105,7.607154,430529.391896
25661933.562855,2.874598,6.786314,438986.756974
25669973.015725,2.756241,3.959621,445934.820884
25678012.468596,2.885786,0.241510,451349.841187
25686051.921466,2.940955,2.158712,455213.314053
25694091.374337,2.825126,-0.264296,457512.037492
25702130.827208,2.862081,0.268403,458238.156467
25710170.280078,2.890703,-3.397528,457389.189734
25718209.732949,2.773167,-5.039858,454968.038324
25726249.185819,2.870817,-4.692970,450982.975626
25734288.638690,2.818501,-6.900204,445447.619118
25742328.091560,2.679085,-7.138821,438380.883834
25750367.544431,2.738809,-8.460626,429806.917730
25758406.997302,2.396315,-9.021429,419755.019164
25766446.450172,2.385361,-10.615791,408259.536782
25774485.903043,2.635547,-11.791867,395359.752145
25782525.355913,2.291243,-14.393238,381099.745496
25790564.808784,2.108510,-14.726036,365528.245136
25798604.261654,2.234032,-17.041890,348698.460909
25806643.714525,1.970000,-18.033381,330667.902379
25814683.167396,1.834053,-15.053134,311498.182313
25822722.620266,1.891130,-17.453514,291254.806141
25830762.073137,1.598322,-20.985981,270006.948115
25838801.526007,1.485792,-20.973922,247827.214934
25846840.978878,1.345610,-19.256180,224791.397634
25854880.431748,1.286098,-20.922835,200978.212603
25862919.884619,0.996621,-21.544422,176469.032595
25870959.337490,0.840723,-22.691901,151347.608669
25878998.790360,0.789399,-22.925267,125699.784004
25887038.243231,0.506657,-21.706635,99613.200555
25895077.696101,0.317932,-23.755009,73176.999576
25903117.148972,0.307157,-23.754404,46481.517009
25911156.601842,-0.044030,-23.092395,19617.974793
25919196.054713,-0.192268,-25.225087,-7321.830850
25927235.507584,-0.481976,-24.482269,-34245.843094
25935274.960454,-0.490864,-22.235703,-61062.059084
25943314.413325,-0.641277,-22.961078,-87678.844318
25951353.866195,-0.744371,-24.466915,-114005.245775
25959393.319066,-1.008707,-23.578767,-139951.302712
25967432.771936,-0.928202,-23.121942,-165428.354073
25975472.224807,-1.376639,-20.451245,-190349.341457
25983511.677677,-1.349714,-18.263897,-214629.106604
25991551.130548,-1.514280,-19.333508,-238184.682395
25999590.583419,-1.559036,-19.760938,-260935.576360
26007630.036289,-1.731877,-18.899308,-282804.045731
26015669.489160,-1.942611,-17.727304,-303715.363100
26023708.942030,-2.083057,-14.816909,-323598.071774
26031748.394901,-2.210873,-14.801278,-342384.229946
26039787.847771,-2.380315,-14.959730,-360009.642868
26047827.300642,-2.273199,-10.226837,-376414.082210
26055866.753513,-2.626875,-11.190027,-391541.491864
26063906.206383,-2.625186,-9.340127,-405340.179503
26071945.659254,-2.734886,-10.076153,-417762.993215
26079985.112124,-2.795945,-6.548240,-428767.482625
26088024.564995,-2.811024,-6.076936,-438316.043962
26096064.017865,-2.838612,-9.474908,-446376.048547
26104103.470736,-2.997206,-5.588550,-452919.954297
26112142.923607,-2.927077,-3.228681,-457925.399831
26120182.376477,-2.763688,-2.697070,-461375.280890
26128221.829348,-2.970615,-0.815421,-463257.808784
26136261.282218,-3.008535,3.437288,-463566.550667
26144300.735089,-2.811350,2.012085,-462300.451530
26152340.187959,-2.824132,1.881300,-459463.837797
26160379.640830,-2.870629,3.949402,-455066.402547
26168419.093701,-2.878606,5.688261,-449123.172389
26176458.546571,-2.727242,8.473551,-441654.456115
26184497.999442,-2.643579,10.364905,-432685.775300
26192537.452312,-2.584357,9.320195,-422247.777095
26200576.905183,-2.313945,11.493564,-410376.129499
26208616.358053,-2.522596,14.824228,-397111.399478
26216655.810924,-2.389553,14.105530,-382498.914342
26224695.263795,-2.097389,14.145076,-366588.606856
26232734.716665,-1.995020,16.330552,-349434.844611
26240774.169536,-2.041677,13.466057,-331096.244248
26248813.622406,-1.978725,16.812589,-311635.471153
26256853.075277,-1.759682,21.102452,-291119.025321
26264892.528147,-1.567778,20.530777,-269617.014119
26272931.981018,-1.422785,18.455663,-247202.912720
26280971.433889,-1.343630,21.066543,-223953.313027
26289010.886759,-1.196207,20.634317,-199947.661950
26297050.339630,-1.160344,23.061551,-175267.989926
26305089.792500,-0.769499,21.711204,-149998.630607
26313129.245371,-0.784348,21.851272,-124225.932684
26321168.698241,-0.614463,26.544533,-98037.964824
26329208.151112,-0.464305,24.238377,-71524.214722
26337247.603983,-0.199986,22.726703,-44775.283316
26345287.056853,0.170427,21.432438,-17882.575188
26353326.509724,0.159512,24.800710,9062.013777
26361365.962594,0.267143,23.564548,35966.410410
26369405.415465,0.396935,22.359310,62738.678882
26377444.868335,0.668072,23.290183,89287.334867
26385484.321206,0.777318,20.750813,115521.658150
26393523.774076,0.943187,20.683470,141352.002631
26401563.226947,1.182378,20.918006,166690.102659
26409602.679818,1.202228,19.378845,191449.374647
26417642.132688,1.612721,19.754296,215545.212939
26425681.585559,1.541738,18.439040,238895.278916
26433721.038429,1.734653,21.426106,261419.782363
26441760.491300,1.907465,17.253519,283041.754119
26449799.944170,1.935473,16.329431,303687.309089
26457839.397041,2.130673,16.293737,323285.898723
26465878.849912,2.186943,14.672564,341770.552090
26473918.302782,2.237197,14.635480,359078.104721
26481957.755653,2.345467,13.119917,375149.414454
26489997.208523,2.567334,11.330612,389929.563532
26498036.661394,2.426470,8.222023,403368.046260
26506076.114264,2.740269,8.990493,415418.941593
26514115.567135,2.678778,7.791077,426041.070052
26522155.020006,2.735449,6.313532,435198.134441
26530194.472876,2.793227,6.472789,442858.843878
26538233.925747,2.706347,5.807498,448997.020722
26546273.378617,2.857260,3.193775,453591.690023
26554312.831488,2.732938,-0.803457,456627.151197
26562352.284358,3.157926,-0.200893,458093.031679
26570391.737229,2.845422,-1.518055,457984.322363
26578431.190100,2.836393,-2.617959,456301.394724
26586470.642970,2.941830,-3.505551,453049.999546
26594510.095841,2.726286,-5.762064,448241.247267
26602549.548711,2.757738,-7.292415,441891.570022
26610589.001582,2.803416,-9.797480,434022.665484
26618628.454452,2.752432,-9.902983,424661.422724
26626667.907323,2.695920,-11.871528,413839.830330
26634707.360194,2.630503,-12.106635,401594.867090
26642746.813064,2.359888,-14.200586,387968.375639
26650786.265935,2.248482,-14.565275,373006.919473
26658825.718805,2.316694,-14.759150,356761.623835
26666865.171676,2.084882,-17.884579,339288.001017
26674904.624546,2.031968,-16.039578,320645.760664
26682944.077417,1.996091,-18.090294,300898.605738
26690983.530288,1.701463,-20.391758,280114.014839
26699022.983158,1.541328,-18.010857,258363.011621
26707062.436029,1.480658,-21.472932,235719.922096
26715101.888899,1.171586,-22.514378,212262.120647
26723141.341770,0.913808,-23.024758,188069.765639
26731180.794640,1.001753,-24.435791,163225.525498
26739220.247511,0.798803,-23.712607,137814.296228
26747259.700382,0.797296,-22.944399,111922.911309
26755299.153252,0.526687,-24.317527,85639.844975
26763338.606123,0.210540,-25.126898,59054.909887
26771378.058993,0.137129,-23.223911,32258.950229
26779417.511864,-0.019174,-24.319330,5343.531286
26787456.964734,-0.339690,-23.149875,-21599.373451
26795496.417605,-0.289327,-26.233079,-48477.696568
26803535.870475,-0.570020,-22.811210,-75199.591334
26811575.323346,-0.573850,-21.358986,-101673.745555
26819614.776217,-0.931944,-21.150185,-127809.693598
26827654.229087,-1.147838,-21.206708,-153518.125526
26835693.681958,-1.205512,-20.097361,-178711.192278
26843733.134828,-1.295093,-22.446264,-203302.805865
26851772.587699,-1.461173,-21.732770,-227208.933540
26859812.040569,-1.537743,-22.493832,-250347.884952
26867851.493440,-1.840061,-18.412557,-272640.591290
26875890.946311,-1.917004,-16.394235,-294010.875475
26883930.399181,-1.937481,-15.882994,-314385.712461
26891969.852052,-2.135146,-17.122319,-333695.478778
26900009.304922,-2.399760,-15.604494,-351874.190439
26908048.757793,-2.279773,-11.557846,-368859.728420
26916088.210663,-2.564575,-12.867554,-384594.050924
26924127.663534,-2.533574,-11.300218,-399023.391724
26932167.116405,-2.603231,-9.629432,-412098.443882
26940206.569275,-2.764482,-10.183206,-423774.528241
26948246.022146,-2.763050,-7.309377,-434011.746103
26956285.475016,-2.814332,-7.023252,-442775.115560
26964324.927887,-2.824970,-6.167832,-450034.691037
26972364.380757,-2.771347,-3.087253,-455765.665620
26980403.833628,-2.852394,-2.163559,-459948.455821
26988443.286499,-2.847594,-2.593958,-462568.768503
26996482.739369,-2.751710,-0.146000,-463617.649715
27004522.192240,-2.829953,1.977804,-463091.515295
27012561.645110,-2.792278,3.122185,-460992.163111
27020601.097981,-2.758181,3.459152,-457326.766923
27028640.550851,-2.820766,3.080550,-452107.851868
27036680.003722,-2.589989,6.299883,-445353.251658
27044719.456593,-2.793295,6.835279,-437086.047642
27052758.909463,-2.684859,11.981105,-427334.489931
27060798.362334,-2.748489,10.823709,-416131.900870
27068837.815204,-2.632314,11.498211,-403516.561163
27076877.268075,-2.523044,13.458317,-389531.579070
27084916.720945,-2.227717,13.776340,-374224.743095
27092956.173816,-2.088137,14.415572,-357648.358690
27100995.626687,-1.951440,19.145636,-339859.069519
27109035.079557,-1.934105,18.960284,-320917.663901
27117074.532428,-1.898101,20.096595,-300888.867084
27125113.985298,-1.665764,19.792323,-279841.120076
27133153.438169,-1.443327,18.075847,-257846.345770
27141192.891039,-1.395877,21.024212,-234979.703173
27149232.343910,-1.267155,20.080761,-211319.330581
27157271.796780,-1.189673,22.780245,-186946.078568
27165311.249651,-1.031492,21.041676,-161943.233711
27173350.702522,-0.815023,21.729681,-136396.233987
27181390.155392,-0.590292,26.491089,-110392.376821
27189429.608263,-0.480222,22.354025,-84020.520778
27197469.061133,-0.176041,22.273561,-57370.781925
27205508.514004,-0.210530,22.674592,-30534.225892
27213547.966874,-0.025295,21.511531,-3602.556683
27221587.419745,0.159646,23.504791,23332.196679
27229626.872616,0.368460,23.557582,50177.994635
27237666.325486,0.514304,22.214597,76843.101597
27245705.778357,0.739688,22.299607,103236.399423
27253745.231227,0.780726,23.104941,129267.698776
27261784.684098,1.029830,21.284058,154848.047316
27269824.136968,1.319859,19.142692,179890.033661
27277863.589839,1.273757,20.621561,204308.086084
27285903.042710,1.354882,20.085470,228018.764918
27293942.495580,1.664141,19.743391,250941.047686
27301981.948451,1.777334,16.350688,272996.605963
27310021.401321,1.956500,15.479034,294110.073035
27318060.854192,2.054118,15.687676,314209.301434
27326100.307062,2.166606,15.263375,333225.609481
27334139.759933,2.267697,15.319030,351094.015972
27342179.212804,2.522133,16.818667,367753.462238
27350218.665674,2.640215,11.047527,383147.020780
27358258.118545,2.617745,11.042974,397222.089804
27366297.571415,2.678927,10.642918,409930.572966
27374337.024286,2.606822,7.937689,421229.043725
27382376.477156,2.727540,6.088325,431078.893735
27390415.930027,2.649035,6.003776,439446.464774
27398455.382898,2.714084,5.356563,446303.163763
27406494.835768,2.729759,3.904825,451625.560471
27414534.288639,3.034306,-0.069835,455395.467572
27422573.741509,2.769452,0.770746,457600.002804
27430613.194380,3.050178,-6.001216,458231.632982
27438652.647250,2.794562,-1.663756,457288.199745
27446692.100121,2.886679,-3.294375,454772.926926
27454731.552992,2.754305,-4.618887,450694.409541
27462771.005862,2.894463,-7.538307,445066.584413
27470810.458733,2.889699,-8.912779,437908.682556
27478849.911603,2.677839,-9.943057,429245.163450
27486889.364474,2.602544,-10.197181,419105.631471
27494928.817344,2.658294,-12.248088,407524.734718
27502968.270215,2.526100,-14.282612,394542.046623
27511007.723086,2.440530,-14.233674,380201.930724
27519047.175956,2.375160,-17.078195,364553.389063
27527086.628827,2.160428,-14.330379,347649.894746
27535126.081697,2.089219,-16.181370,329549.209213
27543165.534568,1.967203,-16.952967,310313.184864
27551204.987438,1.768019,-18.580657,290007.553699
27559244.440309,1.695871,-18.833926,268701.702705
27567283.893179,1.488820,-15.498036,246468.436749
27575323.346050,1.483911,-19.469070,223383.729796
27583362.798921,1.183174,-21.567508,199526.465296
27591402.251791,1.077999,-21.758962,174978.166629
27599441.704662,0.742641,-24.175558,149822.718528
27607481.157532,0.706300,-22.625501,124146.080434
27615520.610403,0.634398,-23.554508,98035.992766
27623560.063273,0.346035,-23.220392,71581.677091
27631599.516144,0.186408,-24.810620,44873.531252
27639638.969015,0.037550,-22.899586,18002.820462
27647678.421885,-0.152255,-24.197817,-8938.634562
27655717.874756,-0.458754,-23.107422,-35858.771359
27663757.327626,-0.498213,-24.661113,-62665.600316
27671796.780497,-0.479176,-23.088775,-89267.519008
27679836.233367,-0.955328,-21.943582,-115573.625214
27687875.686238,-0.945942,-22.176484,-141494.027544
27695915.139109,-1.111674,-21.451087,-166940.152606
27703954.591979,-1.235367,-20.686877,-191825.047679
27711994.044850,-1.365093,-19.794736,-216063.677834
27720033.497720,-1.619395,-19.957507,-239573.216516
27728072.950591,-1.654137,-18.683935,-262273.328570
27736112.403461,-1.925482,-17.345045,-284086.444757
27744151.856332,-1.979267,-17.114657,-304938.026818
27752191.309203,-2.155515,-16.346540,-324756.822182
27760230.762073,-2.119072,-15.397878,-343475.107444
27768270.214944,-2.384464,-14.843311,-361028.919785
27776309.667814,-2.282129,-11.876068,-377358.275543
27784349.120685,-2.598482,-14.355784,-392407.375183
27792388.573555,-2.642879,-11.681262,-406124.793971
27800428.026426,-2.628938,-9.412693,-418463.657702
27808467.479297,-2.701041,-7.871411,-429381.802870
27816506.932167,-2.709336,-7.275829,-438841.920753
27824546.385038,-2.880521,-7.106083,-446811.684894
27832585.837908,-2.924540,-6.142808,-453263.861573
27840625.290779,-2.975457,-3.606921,-458176.402861
27848664.743649,-2.907733,-3.206060,-461532.521964
27856704.196520,-2.936668,-0.476103,-463320.750588
27864743.649391,-2.982883,1.491400,-463534.978122
27872783.102261,-2.917788,2.605079,-462174.472522
27880822.555132,-2.950344,5.275227,-459243.882813
27888862.008002,-2.779383,5.931261,-454753.223203
27896901.460873,-2.760853,4.440258,-448717.838859
27904940.913743,-2.803945,5.664369,-441158.353476
27912980.366614,-2.679290,8.941951,-432100.598800
27921019.819485,-2.725434,12.203684,-421575.526357
27929059.272355,-2.608849,10.284550,-409619.101693
27937098.725226,-2.470010,12.411761,-396272.181465
27945138.178096,-2.441212,14.541884,-381580.373841
27953177.630967,-2.141827,17.250861,-365593.882638
27961217.083837,-2.101982,17.708646,-348367.335779
27969256.536708,-1.911126,16.718757,-329959.598619
27977295.989578,-1.969315,18.081731,-310433.572792
27985335.442449,-1.615025,18.972590,-289855.981271
27993374.895320,-1.444585,18.727828,-268297.140367
28001414.348190,-1.589572,21.699968,-245830.719446
28009453.801061,-1.302274,20.767450,-222533.489195
28017493.253931,-1.163737,18.487493,-198485.059283
28025532.706802,-1.069974,22.278832,-173767.606327
28033572.159672,-0.873259,20.936034,-148465.593082
28041611.612543,-0.736168,22.230121,-122665.479823
28049651.065414,-0.387969,24.347239,-96455.428896
28057690.518284,-0.288921,23.967616,-69925.003460
28065729.971155,-0.301729,24.447891,-43164.861432
28073769.424025,-0.075154,20.522161,-16266.445703
28081808.876896,0.145958,23.166570,10678.328338
28089848.329766,0.252081,22.742612,37577.386888
28097887.782637,0.474503,22.149210,64338.812363
28105927.235508,0.654311,24.119292,90871.157485
28113966.688378,0.776315,22.239190,117083.757776
28122006.141249,1.099639,22.271702,142887.041368
28130045.594119,0.934575,19.587199,168192.835081
28138085.046990,1.467230,24.270380,192914.665721
28146124.499860,1.397148,20.402657,216968.055573
28154163.952731,1.617163,18.212055,240270.811074
28162203.405602,1.740690,18.608612,262743.303671
28170242.858472,1.931491,19.139135,284308.741931
28178282.311343,2.140694,16.210177,304893.433944
28186321.764213,2.179085,14.862462,324427.039137
28194361.217084,2.173657,15.798505,342842.808635
28202400.669954,2.465806,14.495131,360077.813358
28210440.122825,2.281114,11.761429,376073.159048
28218479.575696,2.569676,12.228103,390774.187528
28226519.028566,2.414952,9.600533,404130.663467
28234558.481437,2.622820,9.313761,416096.946049
28242597.934307,2.778966,7.894373,426632.144928
28250637.387178,2.667552,7.263041,435700.259957
28258676.840048,2.738468,5.468926,443270.304205
28266716.292919,2.862335,3.490152,449316.409847
28274755.745790,2.774281,4.973880,453817.916551
28282795.198660,2.828920,1.202357,456759.442083
28290834.651531,2.947946,-1.683035,458130.934868
28298874.104401,2.916629,-0.556525,457927.708335
28306913.557272,2.849110,-5.658100,456150.456937
28314953.010142,2.998785,-2.928178,452805.253772
28322992.463013,2.725572,-5.585763,447903.529837
28331031.915884,2.816207,-6.076267,441462.034958
28339071.368754,2.636014,-10.098464,433502.780564
28347110.821625,2.659725,-6.828272,424052.964464
28355150.274495,2.374461,-11.263521,413144.877909
28363189.727366,2.616690,-11.715755,400815.795252
28371229.180236,2.352856,-14.717823,387107.846574
28379268.633107,2.166394,-15.575607,372067.873720
28387308.085977,2.238025,-13.459494,355747.270237
28395347.538848,1.920970,-17.028473,338201.805752
28403386.991719,1.947893,-17.925476,319491.435402
28411426.444589,1.672097,-17.962886,299680.094958
28419465.897460,1.879791,-19.185905,278835.482353
28427505.350330,1.562333,-19.386680,257028.826340
28435544.803201,1.490925,-21.721618,234334.643105
28443584.256071,1.101997,-19.647240,210830.481625
28451623.708942,1.062061,-20.850438,186596.658682
28459663.161813,1.162602,-20.705297,161715.984404
28467702.614683,0.764567,-20.625592,136273.479297
28475742.067554,0.547029,-23.182651,110356.083713
28483781.520424,0.474062,-25.123150,84052.360767
28491820.973295,0.261605,-23.647047,57452.193707
28499860.426165,0.288697,-22.327985,30646.478768
28507899.879036,0.032187,-22.001080,3726.814569
28515939.331907,-0.216010,-23.988701,-23214.810893
28523978.784777,-0.253660,-23.274141,-50086.334575
28532018.237648,-0.665077,-20.940124,-76795.932980
28540057.690518,-0.773660,-24.962044,-103252.335933
28548097.143389,-0.997733,-22.967678,-129365.138459
28556136.596259,-0.972260,-19.601473,-155045.109712
28564176.049130,-1.230488,-19.305453,-180204.497886
28572215.502001,-1.272117,-19.599646,-204757.330075
28580254.954871,-1.626878,-17.601126,-228619.706053
28588294.407742,-1.676541,-19.715007,-251710.084975
28596333.860612,-1.745352,-20.177121,-273949.564008
28604373.313483,-1.997456,-19.281390,-295262.147957
28612412.766353,-2.112696,-17.689856,-315575.008947
28620452.219224,-2.177292,-16.487549,-334818.735286
28628491.672095,-2.085875,-14.518404,-352927.568657
28636531.124965,-2.501572,-12.541636,-369839.628815
28644570.577836,-2.525330,-10.371006,-385497.125051
28652610.030706,-2.651164,-10.877772,-399846.553659
28660649.483577,-2.524390,-11.124891,-412838.880775
28668688.936447,-2.774660,-9.888015,-424429.709924
28676728.389318,-2.794831,-6.974034,-434579.433732
28684767.842189,-2.799431,-6.380236,-443253.369274
28692807.295059,-2.844624,-5.143015,-450421.876580
28700846.747930,-2.861167,-3.161104,-456060.459929
28708886.200800,-2.849085,-2.554204,-460149.851546
28716925.653671,-2.922536,-1.475557,-462676.077448
28724965.106541,-2.883022,1.073779,-463630.505192
28733004.559412,-2.956187,-0.260843,-463009.873374
28741044.012282,-2.938959,2.044628,-460816.302773
28749083.465153,-2.793450,5.653048,-457057.289107
28757122.918024,-2.817340,6.487145,-451745.677414
28765162.370894,-2.761688,6.716279,-444899.618163
28773201.823765,-2.681801,9.193880,-436542.505231
28781241.276635,-2.580679,11.060564,-426702.895960
28789280.729506,-2.634261,11.206056,-415414.413577
28797320.182376,-2.559721,12.535186,-402715.632296
28805359.635247,-2.501919,12.394543,-388649.945507
28813399.088118,-2.289842,14.454087,-373265.417492
28821438.540988,-2.327213,16.193350,-356614.619188
28829477.993859,-2.159257,17.901976,-338754.448541
28837517.446729,-2.113488,16.089439,-319745.936080
28845556.899600,-1.747733,16.350739,-299654.036367
28853596.352470,-1.802073,20.917680,-278547.406041
28861635.805341,-1.616920,20.399240,-256498.169205
28869675.258212,-1.426804,20.801692,-233581.670974
28877714.711082,-1.300627,20.212486,-209876.220005
28885754.163953,-1.133559,22.567145,-185462.820913
28893793.616823,-0.828421,21.975282,-160424.897461
28901833.069694,-0.838329,21.211514,-134848.007495
28909872.522564,-0.645778,25.264822,-108819.550577
28917911.975435,-0.297141,24.664619,-82428.469336
28925951.428306,-0.174955,22.769482,-55764.945532
28933990.881176,-0.135026,22.032550,-28920.091899
28942030.334047,-0.046396,22.517326,-1985.640797
28950069.786917,0.231027,22.181836,24946.369247
28958109.239788,0.361789,24.170761,51783.908046
28966148.692658,0.654139,21.706766,78435.268237
28974188.145529,0.805652,22.855093,104809.378650
28982227.598400,0.996564,22.038069,130816.115515
28990267.051270,1.059195,20.755587,156366.610426
28998306.504141,1.279370,19.895715,181373.554015
29006345.957011,1.276081,22.828504,205751.494298
29014385.409882,1.453533,20.647682,229417.128679
29022424.862752,1.515264,17.209530,252289.588603
29030464.315623,1.707063,18.599080,274290.715896
29038503.768494,2.025004,17.746135,295345.329842
29046543.221364,2.085268,15.426586,315381.484081
29054582.674235,2.039169,15.557888,334330.712467
29062622.127105,2.312724,15.426454,352128.263018
29070661.579976,2.322116,13.679192,368713.319185
29078701.032846,2.362514,11.843617,384029.207673
29086740.485717,2.609748,11.199131,398023.592095
29094779.938588,2.570811,11.452723,410648.651818
29102819.391458,2.674440,8.187692,421861.245369
29110858.844329,2.840379,6.803845,431623.057854
29118898.297199,2.795969,5.115488,439900.731891
29126937.750070,2.834472,6.107022,446665.981587
29134977.202940,2.835623,2.409557,451895.689205
29143016.655811,2.939211,2.952422,455571.984152
29151056.108681,2.873143,0.459302,457682.304049
29159095.561552,2.855110,-0.392797,458219.437659
29167135.014423,2.877051,0.263579,457181.549527
29175174.467293,2.792167,-3.484026,454572.186251
29183213.920164,2.821742,-5.581075,450400.264365
29191253.373034,2.827945,-5.040671,444680.039869
29199292.825905,2.671526,-8.427130,437431.059516
29207332.278775,2.638701,-10.064429,428678.094016
29215371.731646,2.777527,-10.879086,418451.053391
29223411.184517,2.580494,-11.618618,406784.884772
29231450.637387,2.580708,-11.814162,393719.452975
29239490.090258,2.426124,-14.885518,379299.404282
29247529.543128,2.278095,-14.258771,363574.013879
29255568.995999,2.183293,-18.213758,346597.017471
29263608.448869,1.958541,-14.334689,328426.427666
29271647.901740,1.892786,-17.386480,309124.335737
29279687.354611,1.883165,-18.553251,288756.699444
29287726.807481,1.738322,-20.697346,267393.117653
29295766.260352,1.481661,-18.370835,245106.592506
29303805.713222,1.301210,-20.660537,221973.279961
29311845.166093,1.310088,-21.823566,198072.229560
29319884.618963,1.066443,-23.354702,173485.114305
29327924.071834,0.892315,-23.190729,148295.951569
29335963.524705,0.621051,-21.283110,122590.816004
29344002.977575,0.302959,-22.654331,96457.545404
29352042.430446,0.495964,-23.129931,69985.440558
29360081.883316,0.163103,-23.277295,43264.960096
29368121.336187,-0.034563,-21.237994,16387.411380
29376160.789057,-0.377915,-21.339381,-10555.361507
29384200.241928,-0.478613,-22.393897,-37471.291600
29392239.694799,-0.646193,-25.096827,-64268.403662
29400279.147669,-0.560470,-22.708662,-90855.128471
29408318.600540,-0.993416,-20.733657,-117140.615725
29416358.053410,-0.961762,-23.365584,-143035.044493
29424397.506281,-1.233018,-21.628136,-168449.930137
29432436.959151,-1.230857,-20.961846,-193298.426686
29440476.412022,-1.471031,-21.024493,-217495.623589
29448515.864893,-1.540497,-16.304790,-240958.835874
29456555.317763,-1.789321,-19.846343,-263607.886689
29464594.770634,-1.847833,-17.695037,-285365.381278
29472634.223504,-2.041964,-16.433746,-306156.971449
29480673.676375,-2.150213,-15.825638,-325911.609629
29488713.129245,-2.204017,-13.558483,-344561.791649
29496752.582116,-2.299211,-13.091690,-362043.787406
29504792.034987,-2.526941,-14.234271,-378297.858646
29512831.487857,-2.569507,-8.867520,-393268.463090
29520870.940728,-2.498656,-10.172171,-406904.444232
29528910.393598,-2.766928,-8.412575,-419159.206151
29536949.846469,-2.594607,-6.775583,-429990.872727
29544989.299339,-2.724556,-7.077297,-439362.430746
29553028.752210,-2.827182,-5.718354,-447241.856375
29561068.205080,-2.967834,-4.141830,-453602.224588
29569107.657951,-2.919966,-1.537168,-458421.801180
29577147.110822,-3.098355,-1.997006,-461684.117030
29585186.563692,-2.856035,-1.088851,-463378.024380
29593226.016563,-2.875404,1.855321,-463497.734928
29601265.469433,-2.979053,1.831042,-462042.839607
29609304.922304,-3.029558,5.499904,-459018.309984
29617344.375174,-2.759754,5.222169,-454434.481271
29625383.828045,-2.590132,7.541378,-448307.017007
29633423.280916,-2.906397,10.568134,-440656.855536
29641462.733786,-2.698257,8.589952,-431510.138456
29649502.186657,-2.594380,12.413810,-420898.121289
29657541.639527,-2.432909,10.357828,-408857.066682
29665581.092398,-2.438289,12.634783,-395428.120484
29673620.545268,-2.379733,13.829280,-380657.171155
29681659.998139,-2.179978,15.625631,-364594.692952
29689699.451010,-2.027314,17.147131,-347295.573455
29697738.903880,-1.983440,16.982969,-328818.926007
29705778.356751,-1.801811,17.043626,-309227.887719
29713817.809621,-1.644986,17.167947,-288589.403721
29721857.262492,-1.602257,22.166435,-266973.998400
29729896.715362,-1.368881,21.228963,-244455.534411
29737936.168233,-1.404070,18.034814,-221110.960277
29745975.621104,-1.112556,20.062724,-197020.047449
29754015.073974,-1.043591,24.389016,-172265.117713
29762054.526845,-0.816908,23.540890,-146930.761888
29770093.979715,-0.654187,22.852647,-121103.550766
29778133.432586,-0.534389,22.268431,-94871.739293
29786172.885456,-0.399608,22.828433,-68324.964982
29794212.338327,-0.102667,23.821483,-41553.941621
29802251.791198,-0.112676,23.876712,-14650.149281
29810291.244068,0.131697,20.990721,12294.478276
29818330.696939,0.463878,23.741552,39187.867747
29826370.149809,0.540144,21.840139,65938.120920
29834409.602680,0.643721,21.785818,92453.828694
29842449.055550,0.756244,22.234974,118644.383445
29850488.508421,0.866053,23.890466,144420.288634
29858527.961292,1.106275,23.586773,169693.464639
29866567.414162,1.262999,21.088205,194377.549724
29874606.867033,1.467425,19.428806,218388.195157
29882646.319903,1.657266,22.584982,241643.353436
29890685.772774,1.710347,16.895358,264063.558656
29898725.225644,1.812959,18.185454,285572.198055
29906764.678515,1.952452,16.779518,306095.773813
29914804.131386,2.095671,15.645261,325564.154199
29922843.584256,2.181596,15.883758,343910.813221
29930883.037127,2.341809,11.687841,361073.057955
29938922.489997,2.421408,12.923061,376992.242778
29946961.942868,2.529654,12.720194,391613.969760
29955001.395738,2.705693,8.632273,404888.274557
29963040.848609,2.552420,10.556973,416769.797141
29971080.301479,2.516101,7.326111,427217.936802
29979119.754350,2.701388,7.117616,436196.990886
29987159.207221,2.734220,5.482439,443676.276795
29995198.660091,2.886175,3.699082,449630.236836
30003238.112962,2.947680,0.573498,454038.525553
30011277.565832,2.861620,2.009663,456886.079247
30019317.018703,2.859611,-3.120504,458163.167459
30027356.471573,2.850422,-3.719720,457865.426209
30035395.924444,2.827120,-3.083458,455993.872921
30043435.377315,2.927343,-5.648027,452554.902934
30051474.830185,2.777834,-4.553177,447560.267657
30059514.283056,2.697370,-6.182391,441027.034410
30067553.735926,2.785118,-10.329727,432977.528100
30075593.188797,2.445885,-11.140229,423439.254940
30083632.641667,2.538430,-12.416338,412444.808450
30091672.094538,2.521328,-11.306217,400031.758088
30099711.547409,2.304947,-12.914785,386242.520860
30107751.000279,2.256741,-14.787821,371124.216389
30115790.453150,2.129646,-13.289911,354728.505887
30123829.906020,1.992256,-17.729637,337111.415635
30131869.358891,1.944413,-17.893751,318333.145522
30139908.811761,1.730304,-17.754153,298457.863343
30147948.264632,1.603794,-21.293131,277553.485527
30155987.717503,1.545420,-19.299317,255691.445054
30164027.170373,1.458051,-19.326802,232946.447364
30172066.623244,1.261669,-20.436880,209396.215075
30180106.076114,1.012636,-22.654396,185121.222399
30188145.528985,0.891103,-20.348773,160204.420146
30196184.981855,0.657901,-23.515352,134730.952275
30204224.434726,0.522538,-22.801553,108787.864943
30212263.887597,0.428701,-24.201169,82463.809057
30220303.340467,0.330699,-24.665478,55848.737346
30228342.793338,0.079868,-21.282376,29033.596974
30236382.246208,-0.093275,-22.301941,2110.018769
30244421.699079,-0.278058,-23.558955,-24829.995897
30252461.151949,-0.501430,-23.472217,-51694.389485
30260500.604820,-0.449228,-22.129930,-78391.362864
30268540.057691,-0.750240,-23.456691,-104829.688998
30276579.510561,-0.955489,-23.676040,-130919.024685
30284618.963432,-0.976289,-24.064760,-156570.219268
30292658.416302,-1.179498,-21.456816,-181695.619272
30300697.869173,-1.369907,-21.306773,-206209.367936
30308737.322043,-1.565587,-19.181885,-230027.698587
30316776.774914,-1.512642,-19.368364,-253069.220888
30324816.227784,-1.855732,-17.804256,-275255.198956
30332855.680655,-1.871980,-18.001659,-296509.820415
30340895.133526,-2.114986,-17.503966,-316760.455455
30348934.586396,-2.257904,-14.889833,-335937.905020
30356974.039267,-2.340557,-14.815681,-353976.637267
30365013.492137,-2.398868,-12.517619,-370815.011499
30373052.945008,-2.661508,-11.267787,-386395.488797
30381092.397878,-2.491418,-11.445083,-400664.828643
30389131.850749,-2.698602,-6.791028,-413574.270843
30397171.303620,-2.780283,-9.280427,-425079.702154
30405210.756490,-2.715512,-6.550195,-435141.807015
30413250.209361,-2.722773,-7.421392,-443726.201908
30421289.662231,-2.925603,-7.356551,-450803.552834
30429329.115102,-2.736553,-3.394249,-456349.675565
30437368.567972,-2.714958,-4.052996,-460345.618277
30445408.020843,-2.889827,-0.393288,-462777.726313
30453447.473714,-3.007781,0.263481,-463637.688844
30461486.926584,-3.034373,4.584487,-462922.567265
30469526.379455,-2.989736,3.694746,-460634.805241
30477565.832325,-2.822280,5.310560,-456782.220351
30485605.285196,-2.956534,5.679288,-451377.977381
30493644.738066,-2.753973,7.954584,-444440.543332
30501684.190937,-2.600467,8.182676,-435993.624319
30509723.643808,-2.610164,8.654824,-426066.084565
30517763.096678,-2.603181,10.735982,-414691.847767
30525802.549549,-2.321481,11.868409,-401909.781172
30533842.002419,-2.604555,13.617358,-387763.562767
30541881.455290,-2.333432,16.564166,-372301.532023
30549920.908160,-2.052673,14.474283,-355576.524711
30557960.361031,-2.108088,16.511445,-337645.692359
30565999.813902,-1.905947,15.674332,-318570.306958
30574039.266772,-1.802984,16.455198,-298415.551584
30582078.719643,-1.660772,20.497930,-277250.297659
30590118.172513,-1.332210,20.803746,-255146.869613
30598157.625384,-1.480294,20.440272,-232180.797739
30606197.078254,-1.204325,20.017627,-208430.560093
30614236.531125,-1.091336,21.004952,-183977.314332
30622275.983996,-0.907520,23.485051,-158904.620381
30630315.436866,-0.655513,21.745111,-133298.154900
30638354.889737,-0.639960,21.278576,-107245.418516
30646394.342607,-0.430917,22.902788,-80835.436822
30654433.795478,-0.142950,22.497762,-54158.456166
30662473.248348,-0.311030,22.197328,-27305.635263
30670512.701219,0.147652,22.203817,-368.733701
30678552.154090,0.336778,24.348623,26560.201622
30686591.606960,0.388671,22.427094,53389.151024
30694631.059831,0.565656,23.125407,80026.436494
30702670.512701,0.824227,22.218352,106381.034956
30710709.965572,0.977829,22.475808,132362.889317
30718749.418442,1.109233,21.511692,157883.216196
30726788.871313,1.096538,21.212367,182854.809313
30734828.324183,1.455001,18.928746,207192.337482
30742867.777054,1.514275,18.769177,230812.636201
30750907.229925,1.693050,19.536696,253634.991832
30758946.682795,1.724103,19.053300,275581.417414
30766986.135666,1.964911,17.035527,296576.919152
30775025.588536,2.008926,16.276066,316549.752684
30783065.041407,2.036945,16.711782,335431.668236
30791104.494277,2.361778,13.653967,353158.143844
30799143.947148,2.271067,13.149117,369668.605832
30807183.400019,2.334532,13.103196,384906.635801
30815222.852889,2.594881,11.070494,398820.163418
30823262.305760,2.539858,10.999985,411361.644349
30831301.758630,2.692212,10.703255,422488.222718
30839341.211501,2.713315,8.202552,432161.877559
30847380.664371,2.747227,5.041676,440349.552734
30855420.117242,2.818598,5.422027,447023.269889
30863459.570113,2.817632,3.822047,452160.224066
30871499.022983,2.706807,4.500630,455742.861621
30879538.475854,2.946716,0.878002,457758.940217
30887577.928724,2.859237,-1.062753,458201.570649
30895617.381595,2.742409,-1.139732,457069.240393
30903656.834465,2.855173,-4.162756,454365.818768
30911696.287336,2.839600,-3.682457,450100.543717
30919735.740207,2.748490,-8.172171,444287.990242
30927775.193077,2.662324,-8.085592,436948.020593
30935814.645948,2.638654,-10.992186,428105.716405
30943854.098818,2.660630,-9.776960,417791.292980
30951893.551689,2.341807,-12.427427,406039.996048
30959933.004559,2.476218,-13.549142,392891.981321
30967972.457430,2.315758,-14.259385,378392.177276
30976011.910301,2.229948,-13.112537,362590.131634
30984051.363171,2.144221,-15.745664,345539.842040
30992090.816042,1.853443,-16.846891,327299.571556
31000130.268912,1.897970,-17.797588,307931.649561
31008169.721783,1.554471,-18.256616,287502.258767
31016209.174653,1.560743,-21.309736,266081.209062
31024248.627524,1.588255,-21.214372,243741.698963
31032288.080395,1.204709,-20.415528,220560.065486
31040327.533265,1.062845,-23.249850,196615.523290
31048366.986136,1.109125,-23.588144,171989.893994
31056406.439006,0.852616,-22.669153,146767.326582
31064445.891877,0.611727,-22.043424,121034.009850
31072485.344747,0.436296,-20.681836,94877.877892
31080524.797618,0.436837,-21.543897,68388.309619
31088564.250489,0.102782,-24.335405,41655.823334
31096603.703359,0.102379,-22.553244,14771.767424
31104643.156230,-0.162823,-23.786107,-12171.991790
31112682.609100,-0.097235,-21.516833,-39083.383975
31120722.061971,-0.534648,-24.772890,-65870.449399
31128761.514841,-0.568612,-22.750493,-92441.653170
31136800.967712,-0.918216,-24.025901,-118706.198026
31144840.420582,-1.083239,-21.412018,-144574.334596
31152879.873453,-1.259200,-21.587887,-169957.668089
31160919.326324,-1.256356,-22.993425,-194769.460349
31168958.779194,-1.491503,-19.855078,-218924.926249
31176998.232065,-1.654217,-20.220507,-242341.523419
31185037.684935,-1.694155,-21.021401,-264939.234294
31193077.137806,-1.938295,-16.889815,-286640.839556
31201116.590676,-1.832317,-15.805478,-307372.181992
31209156.043547,-2.038623,-16.666433,-327062.419906
31217195.496418,-2.341151,-14.486415,-345644.269190
31225234.949288,-2.389701,-14.701712,-363054.233245
31233274.402159,-2.424415,-13.675214,-379232.819957
31241313.855029,-2.531676,-11.219320,-394124.744989
31249353.307900,-2.639580,-14.052226,-407679.120693
31257392.760770,-2.629689,-9.247597,-419849.630002
31265432.213641,-2.761283,-8.183363,-430594.684701
31273471.666512,-2.753662,-4.529092,-439877.567539
31281511.119382,-2.769398,-6.199533,-447666.557696
31289550.572253,-2.893368,-3.935909,-453935.039179
31297590.025123,-2.924345,-2.435097,-458661.591770
31305629.477994,-3.037285,-0.941408,-461830.064223
31313668.930864,-2.944777,0.877763,-463429.629455
31321708.383735,-2.887331,1.265138,-463454.821544
31329747.836606,-2.765013,2.584062,-461905.554405
31337787.289476,-2.708558,5.588214,-458787.122085
31345826.742347,-2.861663,5.352270,-454110.180674
31353866.195217,-2.884301,5.635119,-447890.711889
31361905.648088,-2.831673,7.780196,-440149.968467
31369945.100958,-2.662032,8.744297,-430914.401534
31377984.553829,-2.669362,8.656405,-420215.570226
31386024.006700,-2.456203,10.988455,-408090.033842
31394063.459570,-2.556194,12.395656,-394579.226920
31402102.912441,-2.353070,12.840075,-379729.317646
31410142.365311,-2.422323,15.504852,-363591.050094
31418181.818182,-2.220877,17.794427,-346219.570826
31426221.271052,-2.012550,15.395155,-327674.240450
31434260.723923,-1.688643,18.358474,-308018.430772
31442300.176794,-1.547024,18.057214,-287319.308256
31450339.629664,-1.408360,21.749614,-265647.604499
31458379.082535,-1.483046,20.863240,-243077.374534
31466418.535405,-1.386786,20.297232,-219685.743777
31474457.988276,-1.192494,20.391123,-195552.644475
31482497.441146,-1.038483,19.587254,-170760.542573
31490536.894017,-0.860750,21.087014,-145394.155911
31498576.346888,-0.766185,23.223687,-119540.164735
31506615.799758,-0.478529,23.052953,-93286.915501
31514655.252629,-0.307674,21.978406,-66724.118979
31522694.705499,-0.197980,21.982185,-39942.543706
31530734.158370,0.024175,22.341877,-13033.705810
31538773.611240,0.151279,23.684847,13910.443704
31546813.064111,0.206001,23.477080,40797.833169
31554852.516981,0.508511,24.751244,67536.584873
31562891.969852,0.598688,23.472280,94035.329020
31570931.422723,0.759846,23.250589,120203.515951
31578970.875593,1.001566,21.463729,145951.725561
31587010.328464,1.084676,20.348490,171191.972867
31595049.781334,1.460399,21.378342,195838.008657
31603089.234205,1.381701,20.082483,219805.614215
31611128.687075,1.734333,17.491950,243012.889114
31619168.139946,1.788094,19.979149,265380.531072
31627207.592817,1.959528,19.848294,286832.106944
31635247.045687,2.120942,18.464283,307294.313901
31643286.498558,2.011340,15.882653,326697.229918
31651325.951428,2.192442,15.517432,344974.552704
31659365.404299,2.224498,15.396231,362063.826267
31667404.857169,2.369510,13.844891,377906.654333
31675444.310040,2.444433,10.948988,392448.899896
31683483.762911,2.581201,10.559338,405640.870208
31691523.215781,2.681352,7.968155,417437.486590
31699562.668652,2.631865,8.505555,427798.438467
31707602.121522,2.807864,5.381286,436688.321117
31715641.574393,2.756939,5.239058,444076.756654
31723681.027263,2.831545,2.974650,449938.497830
31731720.480134,2.671498,3.428464,454253.514314
31739759.933005,2.968149,1.267106,457007.061131
31747799.385875,2.957012,-3.796243,458189.729054
31755838.838746,2.821715,0.905474,457797.476752
31763878.291616,2.929985,-1.515214,455831.644603
31771917.744487,2.869577,-5.111000,452298.950111
31779957.197357,2.750381,-6.106700,447211.464953
31787996.650228,2.713875,-6.563630,440586.573728
31796036.103099,2.439875,-8.187337,432446.914553
31804075.555969,2.667581,-9.501820,422820.301703
31812115.008840,2.493070,-11.604400,411739.630568
31820154.461710,2.428158,-9.784423,399242.765244
31828193.914581,2.485693,-12.124752,385372.409147
31836233.367451,2.209986,-14.390346,370175.959090
31844272.820322,2.321966,-16.427244,353705.343323
31852312.273193,2.169439,-17.205973,336016.844083
31860351.726063,1.912037,-17.290045,317170.905278
31868391.178934,1.971082,-18.864247,297231.925933
31876430.631804,1.552872,-19.601596,276268.040137
31884470.084675,1.476047,-18.956255,254350.884219
31892509.537545,1.445962,-21.169582,231555.351955
31900548.990416,1.236352,-22.813143,207959.338647
31908588.443286,1.002441,-23.521172,183643.474945
31916627.896157,0.975268,-20.421518,158690.851322
31924667.349028,0.710738,-22.309983,133186.734143
31932706.801898,0.509929,-24.274795,107218.274297
31940746.254769,0.426307,-22.197834,80874.209393
31948785.707639,0.118719,-23.102148,54244.560532
31956825.160510,-0.073870,-23.193254,27420.324692
31964864.613380,-0.159086,-21.939081,493.163780
31972904.066251,-0.351493,-23.905304,-26444.908588
31980943.519122,-0.532249,-24.947929,-53301.841511
31988982.971992,-0.586083,-22.300581,-79985.861353
31997022.424863,-0.733479,-22.146953,-106405.785341
32005061.877733,-0.898026,-23.976390,-132471.333156
32013101.330604,-1.171821,-19.796820,-158093.435425
32021140.783474,-1.289044,-21.427248,-183184.538089
32029180.236345,-1.493702,-22.253411,-207658.901582
32037219.689216,-1.488443,-18.817164,-231432.893818
32045259.142086,-1.698014,-18.694635,-254425.275968
32053298.594957,-1.734639,-17.123086,-276557.480068
32061338.047827,-1.866888,-18.462795,-297753.877495
32069377.500698,-1.936886,-15.392345,-317942.037399
32077416.953568,-2.253032,-15.870888,-337052.974208
32085456.406439,-2.210375,-15.449589,-355021.383362
32093495.859310,-2.236530,-12.640983,-371785.864467
32101535.312180,-2.495909,-14.028580,-387289.131109
32109574.765051,-2.701906,-13.658082,-401478.206606
32117614.217921,-2.772027,-8.676490,-414304.605038
32125653.670792,-2.624524,-10.452107,-425724.496933
32133693.123662,-2.706041,-4.069873,-435698.859033
32141732.576533,-2.941035,-4.852199,-444193.607643
32149772.029404,-2.852964,-5.122382,-451179.715101
32157811.482274,-2.847606,-2.257131,-456633.308969
32165850.935145,-2.804868,-2.051574,-460535.753605
32173890.388015,-2.821740,1.033071,-462873.713848
32181929.840886,-2.859041,0.770468,-463639.200584
32189969.293756,-2.787508,-0.063914,-462829.598044
32198008.746627,-2.992980,2.406335,-460447.672747
32206048.199498,-2.907226,2.246282,-456501.564041
32214087.652368,-2.704436,5.839267,-451004.756293
32222127.105239,-2.781211,7.933963,-443976.032811
32230166.558109,-2.638784,5.981437,-435439.411659
32238206.010980,-2.765571,12.188639,-425424.063583
32246245.463850,-2.562860,10.710699,-413964.212331
32254284.916721,-2.554777,13.213145,-401099.017708
32262324.369592,-2.344774,15.133346,-386872.441759
32270363.822462,-2.256021,13.713755,-371333.098547
32278403.275333,-2.244199,15.507232,-354534.088030
32286442.728203,-1.917609,18.147454,-336532.814617
32294482.181074,-2.026315,19.584771,-317390.791002
32302521.633944,-1.705517,19.097210,-297173.427973
32310561.086815,-1.539286,20.947889,-275949.810892
32318600.539685,-1.538186,21.737279,-253792.463622
32326639.992556,-1.346048,22.512614,-230777.100705
32334679.445427,-1.272375,19.927446,-206982.368634
32342718.898297,-1.190308,21.197805,-182489.577105
32350758.351168,-0.994572,21.656053,-157382.421178
32358797.804038,-0.741741,21.887117,-131746.695274
32366837.256909,-0.719461,22.569437,-105670.000007
32374876.709779,-0.549748,22.225941,-79241.442840
32382916.162650,-0.169384,21.237824,-52551.333595
32390955.615521,-0.082270,21.705858,-25690.875851
32398995.068391,0.269826,23.155693,1248.144709
32407034.521262,0.374808,21.278623,28173.673945
32415073.974132,0.199661,24.603186,54993.703816
32423113.427003,0.606025,19.932794,81616.586788
32431152.879873,0.588028,21.974368,107951.349003
32439192.332744,0.894803,21.980842,133908.001148
32447231.785615,1.080390,20.539264,159397.845964
32455271.238485,1.214672,22.620823,184333.781330
32463310.691356,1.367528,19.395068,208630.597908
32471350.144226,1.481047,16.213436,232205.270313
32479389.597097,1.799037,19.444717,254977.240817
32487429.049967,1.735703,17.826668,276868.694634
32495468.502838,1.982564,17.850072,297804.825813
32503507.955709,2.118106,14.917629,317714.092868
32511547.408579,2.303069,16.302220,336528.463241
32519586.861450,2.252581,13.430401,354183.645779
32527626.314320,2.436304,11.921653,370619.310423
32535665.767191,2.500013,12.128713,385779.294367
32543705.220061,2.450463,10.862081,399611.793971
32551744.672932,2.560478,9.074053,412069.541784
32559784.125803,2.559674,9.401043,423109.968058
32567823.578673,2.791499,7.456499,432695.346218
32575863.031544,2.892718,5.021999,440792.921781
32583902.484414,2.767895,3.486886,447375.024274
32591941.937285,2.834333,4.004078,452419.161799
32599981.390155,2.715323,2.988697,455908.097878
32608020.843026,2.996941,1.215949,457829.910363
32616060.295897,2.773424,-0.015092,458178.032171
32624099.748767,2.919924,-3.710129,456951.273724
32632139.201638,2.881090,-4.583349,454153.827016
32640178.654508,2.993123,-5.259344,449795.251286
32648218.107379,2.767502,-7.310594,443890.440355
32656257.560249,2.743855,-6.130085,436459.571731
32664297.013120,2.581586,-12.157887,427528.037660
32672336.465991,2.481962,-8.572943,417126.358357
32680375.918861,2.598925,-7.988790,405290.077714
32688415.371732,2.519772,-12.762715,392059.641845
32696454.824602,2.362000,-11.756586,377480.260870
32704494.277473,2.061858,-14.845363,361601.754435
32712533.730343,2.068153,-15.823482,344478.381462
32720573.183214,2.044892,-16.339418,326168.654748
32728612.636084,1.864223,-16.858660,306735.141013
32736652.088955,1.729122,-18.366186,286244.247104
32744691.541826,1.600277,-20.095178,264765.993075
32752730.994696,1.313341,-20.550077,242373.772915
32760770.447567,1.366503,-19.128861,219144.103759
32768809.900437,1.040489,-21.182288,195156.364410
32776849.353308,0.873898,-19.996624,170492.524097
32784888.806178,0.874664,-22.462326,145236.862375
32792928.259049,0.614458,-21.696820,119475.681128
32800967.711920,0.482409,-21.583100,93297.009669
32809007.164790,0.363161,-24.938899,66790.303927
32817046.617661,0.195197,-20.273975,40046.140766
32825086.070531,0.063276,-22.404107,13155.908475
32833125.523402,-0.349104,-23.287739,-13788.505519
32841164.976272,-0.314580,-23.023668,-40695.028647
32849204.429143,-0.418123,-23.859544,-67471.717813
32857243.882014,-0.790826,-20.421799,-94027.073584
32865283.334884,-0.726634,-20.782714,-120270.352852
32873322.787755,-1.010833,-21.421974,-146111.878913
32881362.240625,-1.244537,-20.190873,-171463.347908
32889401.693496,-1.295391,-21.691147,-196238.130566
32897441.146366,-1.427214,-20.419408,-220351.568227
32905480.599237,-1.625135,-19.590807,-243721.262136
32913520.052108,-1.723880,-17.772804,-266267.355004
32921559.504978,-1.756783,-19.081325,-287912.803896
32929598.957849,-1.809685,-12.674956,-308583.643496
32937638.410719,-2.033899,-14.960442,-328209.238851
32945677.863590,-2.485334,-16.695096,-346722.526746
32953717.316460,-2.369542,-16.367740,-364060.244867
32961756.769331,-2.445869,-14.450157,-380163.147971
32969796.222202,-2.425224,-12.801404,-394976.210344
32977835.675072,-2.642775,-11.520058,-408448.813820
32985875.127943,-2.722089,-7.186536,-420534.920760
32993914.580813,-2.876494,-8.755855,-431193.231362
33001954.033684,-2.803790,-8.563901,-440387.324791
33009993.486554,-2.973312,-4.046287,-448085.783633
33018032.939425,-2.780449,-4.459779,-454262.301250
33026072.392296,-2.990276,-4.027050,-458895.771679
33034111.845166,-2.993309,-0.295729,-461970.361746
33042151.298037,-2.996063,-0.594647,-463475.565177
33050190.750907,-2.844705,-0.106818,-463406.238497
33058230.203778,-2.769299,1.923801,-461762.618604
33066269.656648,-2.906473,3.544087,-458550.321960
33074309.109519,-2.949210,8.848556,-453780.325402
33082348.562390,-2.803015,8.173426,-447468.928629
33090388.015260,-2.635733,6.213675,-439637.698505
33098427.468131,-2.541115,8.431661,-430313.395365
33106466.921001,-2.462219,8.797955,-419527.881566
33114506.373872,-2.475249,11.422575,-407318.012613
33122545.826742,-2.410710,13.607688,-393725.511219
33130585.279613,-2.212064,12.892626,-378796.824730
33138624.732483,-2.398607,14.517013,-362582.966414
33146664.185354,-2.213828,15.838865,-345139.341135
33154703.638225,-2.089938,16.649086,-326525.556032
33162743.091095,-1.947436,17.384248,-306805.216833
33170782.543966,-1.710654,17.790501,-286045.710505
33178821.996836,-1.614952,20.642364,-264317.974986
33186861.449707,-1.530186,23.175588,-241696.256775
33194900.902577,-1.336661,23.803086,-218257.857232
33202940.355448,-1.254955,20.688463,-194082.868419
33210979.808319,-1.022451,19.950512,-169253.899422
33219019.261189,-0.839808,22.759516,-143855.794060
33227058.714060,-0.409319,22.614442,-117975.340967
33235098.166930,-0.377701,21.228925,-91700.977023
33243137.619801,-0.406472,23.923327,-65122.485149
33251177.072671,-0.015855,23.549034,-38330.687515
33259216.525542,-0.007959,22.657460,-11417.135181
33267255.978413,0.228743,21.278965,15526.204739
33275295.431283,0.300227,23.750421,42407.263343
33283334.884154,0.512918,23.193147,69134.184555
33291374.337024,0.623567,19.439199,95615.639003
33299413.789895,0.843512,22.351583,121761.136109
33307453.242765,0.973280,23.866564,147481.333305
33315492.695636,1.121512,21.493200,172688.341327
33323532.148507,1.358616,21.732041,197296.024547
33331571.601377,1.232720,22.096254,221220.295306
33339611.054248,1.500197,18.269761,244379.401255
33347650.507118,1.689951,19.461532,266694.204714
33355689.959989,1.995170,17.637682,288088.453093
33363729.412859,1.857921,15.682757,308489.039459
33371768.865730,1.951416,16.955732,327826.252351
33379808.318601,2.380610,13.831103,346034.013996
33387847.771471,2.355300,11.085278,363050.106101
33395887.224342,2.544757,12.183474,378816.382462
33403926.677212,2.506601,10.342673,393278.967660
33411966.130083,2.609124,7.762817,406388.441159
33420005.582953,2.642367,7.481227,418100.006180
33428045.035824,2.635362,7.494710,428373.642779
33436084.488695,2.957860,6.727411,437174.244605
33444123.941565,2.887497,5.120752,444471.738852
33452163.394436,2.782723,5.171211,450241.189034
33460202.847306,2.788873,3.874756,454462.880188
33468242.300177,2.876877,3.312695,457122.386245
33476281.753047,2.842780,-0.522080,458210.619327
33484321.205918,3.100152,-1.886950,457723.860799
33492360.658788,2.815995,-2.328700,455663.773979
33500400.111659,2.974191,-5.705619,452037.398452
33508439.564530,2.786452,-6.623039,446857.126015
33516479.017400,2.868677,-6.273987,440140.658335
33524518.470271,2.657616,-9.516182,431910.946454
33532557.923141,2.742981,-11.067756,422196.112371
33540597.376012,2.375690,-12.620632,411029.352940
33548636.828882,2.481020,-11.570205,398448.826430
33556676.281753,2.305101,-11.282829,384497.522140
33564715.734624,2.350274,-14.912540,369223.113493
33572755.187494,2.179266,-16.337011,352677.795133
33580794.640365,2.131218,-15.608668,334918.104567
33588834.093235,1.877989,-18.828519,316004.728971
33596873.546106,1.913829,-18.198742,296002.297811
33604912.998976,1.642083,-19.670160,274979.162001
33612952.451847,1.443591,-18.625790,253007.160332
33620991.904718,1.310253,-20.254450,230161.373997
33629031.357588,1.276873,-21.806978,206519.870022
33637070.810459,0.910030,-22.443656,182163.434505
33645110.263329,0.819236,-23.962186,157175.296558
33653149.716200,0.638934,-21.695527,131640.843903
33661189.169070,0.508571,-23.098163,105647.331089
33669228.621941,0.449224,-24.213043,79283.581335
33677268.074812,0.316213,-23.859355,52639.683007
33685307.527682,0.051064,-22.897977,25806.681775
33693346.980553,-0.189736,-23.798670,-1123.730500
33701386.433423,-0.298821,-22.134221,-28059.529094
33709425.886294,-0.308801,-21.362807,-54908.670874
33717465.339164,-0.725847,-22.735132,-81579.408827
33725504.792035,-0.857838,-24.234417,-107980.605568
33733544.244906,-0.837326,-21.757388,-134022.044769
33741583.697776,-1.082302,-19.760691,-159614.739441
33749623.150647,-1.326955,-23.015725,-184671.236014
33757662.603517,-1.215193,-18.728907,-209105.913176
33765702.056388,-1.622469,-18.889146,-232835.274453
33773741.509258,-1.617330,-19.237230,-255778.233528
33781780.962129,-2.004975,-16.441174,-277856.391320
33789820.415000,-1.968438,-16.247677,-298994.303891
33797859.867870,-2.065849,-19.223865,-319119.740239
33805899.320741,-2.218661,-16.086211,-338163.929129
33813938.773611,-2.391512,-12.840936,-356061.794086
33821978.226482,-2.256235,-13.178212,-372752.175776
33830017.679352,-2.472084,-11.601025,-388178.040990
33838057.132223,-2.713751,-10.109708,-402286.677538
33846096.585094,-2.723823,-9.717798,-415029.874372
33854136.037964,-2.653316,-9.836129,-426364.086329
33862175.490835,-2.930180,-7.262682,-436250.582929
33870214.943705,-2.807761,-8.071208,-444655.580728
33878254.396576,-2.792697,-2.779853,-451550.358753
33886293.849446,-2.880584,-3.906162,-456911.356650
33894333.302317,-3.018158,-1.730466,-460720.255190
33902372.755187,-2.930587,1.875419,-462964.038871
33910412.208058,-2.867329,0.115903,-463635.040392
33918451.660929,-2.900004,3.402737,-462730.966855
33926491.113799,-2.846004,4.509474,-460254.907595
33934530.566670,-2.873964,2.744463,-456215.323629
33942570.019540,-2.853898,7.467854,-450626.018743
33950609.472411,-2.846425,4.767728,-443506.092318
33958648.925281,-2.907267,7.529680,-434879.874071
33966688.378152,-2.597473,9.366815,-424776.840912
33974727.831023,-2.421012,11.091199,-413231.516223
33982767.283893,-2.472069,13.823703,-400283.351879
33990806.736764,-2.498119,13.515077,-385976.593446
33998846.189634,-2.495442,13.531390,-370360.128981
34006885.642505,-2.170390,14.169510,-353487.321975
34014925.095375,-2.106303,15.593007,-335415.829008
34022964.548246,-1.939099,16.928483,-316207.402724
34031004.001117,-1.899888,18.804079,-295927.680819
34039043.453987,-1.551652,20.401765,-274645.961741
34047082.906858,-1.445671,20.960304,-252434.967898
34055122.359728,-1.386121,20.726259,-229370.597147
34063161.812599,-1.166237,20.969876,-205531.663446
34071201.265469,-1.284976,21.340571,-180999.627538
34079240.718340,-1.041030,24.101087,-155858.318583
34087280.171211,-0.850938,20.771159,-130193.647707
34095319.624081,-0.629047,22.700693,-104093.314435
34103359.076952,-0.340684,26.963323,-77646.507002
34111398.529822,-0.265190,25.000622,-50943.597596
34119437.982693,-0.056495,23.967399,-24075.833533
34127477.435563,0.051498,23.497882,2864.974536
34135516.888434,0.158119,22.751107,29786.766363
34143556.341305,0.532747,24.669462,56597.546678
34151595.794175,0.555275,24.839908,83205.699554
34159635.247046,0.577627,24.279808,109520.301467
34167674.699916,1.014281,22.982590,135451.431997
34175714.152787,1.042039,21.395818,160910.481091
34183753.605657,1.233352,19.896447,185810.451866
34191793.058528,1.485867,20.438048,210066.257877
34199832.511399,1.721498,20.002607,233595.013878
34207871.964269,1.678939,19.455620,256316.319043
34215911.417140,1.784042,16.481407,278152.531715
34223950.870010,2.031244,18.879161,299029.034713
34231990.322881,2.104447,17.707322,318874.490304
34240029.775751,2.242204,13.230427,337621.083985
34248069.228622,2.245187,13.732274,355204.756203
34256108.681493,2.338062,11.650163,371565.421260
34264148.134363,2.512489,11.247689,386647.172633
34272187.587234,2.690873,11.446722,400398.474013
34280227.040104,2.699428,9.430564,412772.335413
34288266.492975,2.787252,8.159324,423726.473737
34296305.945845,2.714596,7.112106,433223.457268
34304345.398716,2.829712,4.009369,441230.833577
34312384.851586,2.815958,5.060782,447721.240414
34320424.304457,2.809866,4.058739,452672.499217
34328463.757328,3.057284,2.476547,456067.690887
34336503.210198,2.784737,1.718338,457895.213615
34344542.663069,2.845738,0.012573,458148.822515
34352582.115939,2.868369,-3.640491,456827.650973
34360621.568810,2.814722,-2.580197,453936.213604
34368661.021680,2.844102,-5.910269,449484.390828
34376700.474551,2.680672,-6.085808,443487.395101
34384739.927422,2.699891,-7.599147,435965.718939
34392779.380292,2.581843,-8.842540,426945.064890
34400818.833163,2.510008,-12.179404,416456.257702
34408858.286033,2.353158,-12.398457,404535.138996
34416897.738904,2.426921,-14.337324,391222.444787
34424937.191774,2.364695,-15.240752,376563.666285
34432976.644645,2.194289,-15.435819,360608.894444
34441016.097516,2.108621,-15.094966,343412.648798
34449055.550386,2.028074,-17.700610,325033.691158
34457095.003257,1.861621,-17.861050,305534.824816
34465134.456127,1.587160,-17.908825,284982.679937
34473173.908998,1.420113,-17.494690,263447.485875
34481213.361868,1.528244,-21.386079,241002.831196
34489252.814739,1.352736,-21.035779,217725.412205
34497292.267610,1.166543,-21.882762,193694.770875
34505331.720480,0.927903,-21.829636,168993.023037
34513371.173351,0.869681,-23.202787,143704.577781
34521410.626221,0.722389,-22.667841,117915.849016
34529450.079092,0.449677,-20.620820,91714.960188
34537489.531962,0.412296,-24.104314,65191.443145
34545528.984833,0.107101,-23.210449,38435.932200
34553568.437704,-0.142014,-20.341970,11539.854417
34561607.890574,-0.127603,-23.820015,-15404.882802
34569647.343445,-0.401493,-22.173196,-42306.205783
34577686.796315,-0.542227,-21.640830,-69072.189201
34585726.249186,-0.546810,-22.893129,-95611.370204
34593765.702056,-0.850871,-21.679202,-121833.060956
34601805.154927,-0.941516,-21.902886,-147647.658524
34609844.607798,-1.184488,-21.543884,-172966.951067
34617884.060668,-1.323069,-20.709322,-197704.419265
34625923.513539,-1.626488,-20.267528,-221775.531967
34633962.966409,-1.524079,-18.903888,-245098.035047
34642002.419280,-1.761665,-17.910951,-267592.232475
34650041.872150,-1.931552,-15.651711,-289181.258647
34658081.325021,-1.802422,-18.203437,-309791.341052
34666120.777892,-2.179382,-15.250029,-329352.052351
34674160.230762,-2.348522,-13.119818,-347796.551050
34682199.683633,-2.366920,-15.741298,-365061.809892
34690239.136503,-2.458975,-14.049984,-381088.831241
34698278.589374,-2.682279,-10.885727,-395822.848676
34706318.042244,-2.615882,-10.012883,-409213.514143
34714357.495115,-2.535744,-9.211562,-421215.069992
34722396.947985,-2.913741,-7.736697,-431786.505345
34730436.400856,-2.714067,-7.574452,-440891.696231
34738475.853727,-2.961907,-5.970607,-448499.529025
34746515.306597,-2.844243,-3.862392,-454584.006775
34754554.759468,-2.886151,-0.235134,-459124.338025
34762594.212338,-2.850350,-0.741632,-462105.007873
34770633.665209,-2.970427,-1.014111,-463515.830982
34778673.118079,-2.997994,2.270710,-463351.986386
34786712.570950,-3.068917,2.379641,-461614.033964
34794752.023821,-2.812597,3.987458,-458307.912524
34802791.476691,-2.779788,6.004467,-453444.919514
34810830.929562,-2.781639,6.461681,-447041.672414
34818870.382432,-2.809739,9.270364,-439120.051956
34826909.835303,-2.685444,10.167568,-429707.127345
34834949.288173,-2.491084,9.678938,-418835.063772
34842988.741044,-2.579017,11.229017,-406541.012494
34851028.193915,-2.364799,13.198090,-392866.983885
34859067.646785,-2.453071,14.173528,-377859.703883
34867107.099656,-2.161915,15.936537,-361570.454316
34875146.552526,-2.189785,16.967381,-344054.897672
34883186.005397,-2.005755,17.009550,-325372.886888
34891225.458267,-1.885950,17.667359,-305588.260829
34899264.911138,-1.777964,18.266796,-284768.626140
34907304.364009,-1.631587,18.417124,-262985.126221
34915343.816879,-1.455556,18.604403,-240312.198129
34923383.269750,-1.233024,21.875328,-216827.318213
34931422.722620,-1.045884,20.411986,-192610.737366
34939462.175491,-1.009063,21.053667,-167745.206797
34947501.628361,-0.868654,22.654263,-142315.695264
34955541.081232,-0.732640,19.962521,-116409.098718
34963580.534103,-0.420545,23.298698,-90113.943373
34971619.986973,-0.324824,20.928570,-63520.083200
34979659.439844,-0.076727,24.782460,-36718.392883
34987698.892714,-0.185121,24.458911,-9800.457287
34995738.345585,0.126423,22.245029,17141.741496
35003777.798455,0.302162,24.701042,44016.138465
35011817.251326,0.640649,22.272262,70730.900305
35019856.704197,0.807112,21.480608,97194.739196
35027896.157067,0.869773,21.665669,123317.224753
35035935.609938,1.029276,23.406661,149009.093043
35043975.062808,1.181036,21.817707,174182.551606
35052014.515679,1.380748,22.198202,198751.579455
35060053.968549,1.512753,19.050432,222632.221021
35068093.421420,1.684229,19.675387,245742.873045
35076132.874290,1.668823,20.304699,268004.563417
35084172.327161,1.873000,18.074368,289341.221043
35092211.780032,2.064872,14.458274,309679.935785
35100251.232902,2.117931,15.375283,328951.207606
35108290.685773,2.271248,14.591019,347089.184060
35116330.138643,2.391016,14.612410,364031.885321
35124369.591514,2.316125,10.621486,379721.415970
35132409.044384,2.426880,9.841139,394104.162840
35140448.497255,2.614676,11.183173,407130.978211
35148487.950126,2.741676,7.614071,418757.347757
35156527.402996,2.829599,9.451913,428943.542661
35164566.855867,2.821192,4.861992,437654.755369
35172606.308737,2.741771,4.558398,444861.218531
35180645.761608,2.856924,3.200805,450538.306724
35188685.214478,2.898901,2.335120,454666.620599
35196724.667349,2.835287,-0.000652,457232.053171
35204764.120220,2.841325,-1.845394,458225.838020
35212803.573090,2.825562,-1.580006,457644.579256
35220843.025961,2.941561,-3.992970,455490.263116
35228882.478831,2.701576,-5.879233,451770.251176
35236921.931702,2.698091,-4.697258,446497.255206
35244961.384572,2.628695,-7.789071,439689.293715
35253000.837443,2.623211,-8.359488,431369.630397
35261040.290314,2.686382,-8.777474,421566.694625
35269079.743184,2.537214,-11.676272,410313.984304
35277119.196055,2.535641,-12.854106,397649.951416
35285158.648925,2.448267,-13.396410,383617.870605
35293198.101796,2.281009,-14.473222,368265.691322
35301237.554666,2.216116,-13.863122,351645.873962
35309277.007537,2.055012,-16.640631,333815.210605
35317316.460408,1.967350,-18.043769,314834.630951
35325355.913278,1.853361,-17.631631,294768.994110
35333395.366149,1.542337,-18.120023,273686.866977
35341434.819019,1.447690,-19.827122,251660.289928
35349474.271890,1.268050,-21.397200,228764.530643
35357513.724760,1.247081,-22.273607,205077.826914
35365553.177631,1.009312,-22.001049,180681.119291
35373592.630502,0.894985,-22.183618,155657.774503
35381632.083372,0.729608,-22.039328,130093.300577
35389671.536243,0.497005,-22.578402,104075.054650
35397710.989113,0.288771,-23.609558,77691.944455
35405750.441984,0.237063,-24.524802,51034.124518
35413789.894854,0.069109,-25.460469,24192.688079
35421829.347725,-0.020553,-21.684110,-2740.644177
35429868.800596,-0.182444,-22.532797,-29673.837547
35437908.253466,-0.346257,-24.802294,-56514.857801
35445947.706337,-0.606277,-25.445139,-83171.985678
35453987.159207,-0.833978,-21.516957,-109554.130299
35462026.612078,-0.881890,-20.135733,-135571.140443
35470066.064948,-1.026228,-19.833947,-161134.112596
35478105.517819,-1.314501,-21.799891,-186155.694754
35486144.970689,-1.506405,-22.941158,-210550.384912
35494184.423560,-1.426547,-17.967539,-234234.823237
35502223.876431,-1.522200,-18.530189,-257128.076919
35510263.329301,-1.974472,-18.814167,-279151.916728
35518302.782172,-1.892089,-19.303495,-300231.084337
35526342.235042,-2.025369,-16.619027,-320293.549483
35534381.687913,-2.175531,-14.859937,-339270.756112
35542421.140783,-2.247254,-14.518739,-357097.856637
35550460.593654,-2.417341,-13.398498,-373713.933532
35558500.046525,-2.480028,-12.810293,-389062.207501
35566539.499395,-2.617417,-11.492857,-403090.231492
35574578.952266,-2.725406,-9.968955,-415750.069920
35582618.405136,-2.569070,-8.591207,-426998.462469
35590657.858007,-2.675970,-7.458876,-436796.971916
35598697.310877,-2.925342,-6.641633,-445112.115480
35606736.763748,-2.959882,-4.585528,-451915.479229
35614776.216619,-2.929429,-1.634822,-457183.815187
35622815.669489,-2.911149,-2.385442,-460899.120763
35630855.122360,-3.087115,-2.305067,-463048.700271
35638894.575230,-2.850408,1.003710,-463625.208322
35646934.028101,-2.744461,2.905121,-462626.674910
35654973.480971,-2.866153,4.305790,-460056.512156
35663012.933842,-2.896700,4.046668,-455923.502639
35671052.386713,-2.943193,6.423720,-450241.769391
35679091.839583,-2.843228,7.134711,-443030.727635
35687131.292454,-2.667329,8.080135,-434315.018440
35695170.745324,-2.555092,11.195231,-424124.424519
35703210.198195,-2.578028,12.047673,-412493.768458
35711249.651065,-2.642649,13.067712,-399462.793724
35719289.103936,-2.550899,12.310238,-385076.028854
35727328.556807,-2.245734,14.260610,-369382.635298
35735368.009677,-2.166085,17.742747,-352436.239425
35743407.462548,-2.019929,15.357956,-334294.749278
35751446.915418,-1.949909,18.119961,-315020.156688
35759486.368289,-1.782470,18.933418,-294678.325451
35767525.821159,-1.614298,20.788999,-273338.766252
35775565.274030,-1.591101,21.216181,-251074.399144
35783604.726901,-1.333844,19.896990,-227961.304370
35791644.179771,-1.380069,21.524385,-204078.462383
35799683.632642,-1.136324,21.365749,-179507.483965
35807723.085512,-0.957073,20.187385,-154332.331349
35815762.538383,-0.752339,22.186599,-128639.031311
35823801.991253,-0.572081,21.515150,-102515.381202
35831841.444124,-0.491055,23.541985,-76050.648936
35839880.896995,-0.364834,22.010242,-49335.267951
35847920.349865,-0.030319,22.559084,-22460.528182
35855959.802736,0.036915,22.724880,4481.735885
35863999.255606,0.431316,24.029790,31399.459025
35872038.708477,0.476626,24.809611,58200.659874
35880078.161347,0.664166,22.941033,84793.755236
35888117.614218,0.773126,23.626393,111087.873043
35896157.067088,0.894673,21.756559,136993.162869
35904196.519959,0.969975,23.227661,162421.102966
35912235.972830,1.303986,20.258039,187284.802751
35920275.425700,1.424882,20.120093,211499.299723
35928314.878571,1.567993,19.435545,234981.849794
35936354.331441,1.607485,18.374104,257652.210031
35944393.784312,1.778026,18.550718,279432.912862
35952433.237182,1.824245,16.113124,300249.530788
35960472.690053,2.159284,17.828845,320030.930716
35968512.142924,2.177705,15.180909,338709.517024
35976551.595794,2.305736,12.924084,356221.462551
35984591.048665,2.344404,12.694240,372506.926700
35992630.501535,2.590510,9.687501,387510.259919
36000669.954406,2.578205,10.856814,401180.193863
36008709.407276,2.605577,9.965773,413470.016588
36016748.860147,2.692900,8.244722,424337.732170
36024788.313018,2.637055,9.577092,433746.204209
36032827.765888,2.901514,5.325638,441663.282732
36040867.218759,2.761412,6.410468,448061.914049
36048906.671629,2.836702,4.588541,452920.233203
36056946.124500,2.726539,0.142868,456221.638687
36064985.577370,2.879644,-2.332413,457954.849168
36073025.030241,2.783405,1.226064,458113.942039
36081064.483112,3.021061,-3.321894,456698.373660
36089103.935982,2.782426,-3.787845,453712.981210
36097143.388853,2.861981,-4.394870,449167.966168
36105182.841723,2.706178,-4.963928,443078.859439
36113222.294594,2.727822,-7.194355,435466.468295
36121261.747464,2.555104,-9.907515,426356.805268
36129301.200335,2.561708,-10.880397,415780.999262
36137340.653206,2.386928,-7.913243,403775.189184
36145380.106076,2.614634,-12.744712,390380.400450
36153419.558947,2.313682,-14.120601,375642.404798
36161459.011817,2.122234,-14.478273,359611.563879
36169498.464688,2.079683,-18.145932,342342.657162
36177537.917558,1.947062,-16.346278,323894.694753
36185577.370429,1.662577,-19.565435,304330.715740
36193616.823300,1.770396,-18.465889,283717.572787
36201656.276170,1.558634,-20.276508,262125.703689
36209695.729041,1.404438,-20.501926,239628.890673
36217735.181911,1.274203,-21.796236,216304.008281
36225774.634782,1.044104,-22.869222,192230.760671
36233814.087652,0.905658,-20.515890,167491.409268
36241853.540523,0.962368,-25.646367,142170.491655
36249892.993394,0.575296,-24.073740,116354.532706
36257932.446264,0.526538,-23.367924,90131.748915
36265971.899135,0.298934,-23.452026,63591.746948
36274011.352005,0.148541,-21.979080,36825.217449
36282050.804876,-0.097244,-21.962495,9923.625135
36290090.257746,-0.035570,-22.061566,-17021.103750
36298129.710617,-0.395970,-23.014288,-43916.895559
36306169.163487,-0.560149,-23.611949,-70671.843868
36314208.616358,-0.795122,-22.432757,-97194.523534
36322248.069229,-0.998669,-24.947011,-123394.303108
36330287.522099,-1.109161,-22.896263,-149181.654531
36338326.974970,-1.260606,-23.344480,-174468.459064
36346366.427840,-1.395221,-19.113015,-199168.308404
36354405.880711,-1.393248,-20.371262,-223196.799948
36362445.333581,-1.766432,-19.489781,-246471.825212
36370484.786452,-1.820403,-19.826249,-268913.850404
36378524.239323,-1.930785,-19.684886,-290446.188200
36386563.692193,-2.068689,-18.471604,-310995.259799
36394603.145064,-2.284968,-16.516962,-330490.846346
36402642.597934,-2.358800,-15.094529,-348866.328886
36410682.050805,-2.389671,-11.494901,-366058.915998
36418721.503675,-2.391909,-12.712829,-382009.858375
36426760.956546,-2.508507,-14.006022,-396664.649569
36434800.409417,-2.717789,-8.297633,-409973.212251
36442839.862287,-2.624102,-7.881627,-421890.069329
36450879.315158,-2.766377,-5.130489,-432374.499350
36458918.768028,-2.823219,-5.451739,-441390.675651
36466958.220899,-3.036012,-5.184947,-448907.788783
36474997.673769,-2.797315,-1.533787,-454900.151794
36483037.126640,-2.892534,-1.224644,-459347.287997
36491076.579511,-2.961478,-2.530229,-462234.000948
36499116.032381,-3.025695,0.540408,-463550.426375
36507155.485252,-3.026838,1.026822,-463292.065878
36515194.938122,-2.778706,4.221853,-461459.802312
36523234.390993,-3.095249,5.487974,-458059.896759
36531273.843863,-2.774116,5.626260,-453103.967137
36539313.296734,-2.864386,3.985896,-446608.948505
36547352.749605,-2.639621,7.150841,-438597.035186
36555392.202475,-2.776310,9.204844,-429095.604933
36563431.655346,-2.542737,10.562560,-418137.125369
36571471.108216,-2.422171,10.685814,-405759.043047
36579510.561087,-2.358570,14.491531,-392003.655485
36587550.013957,-2.399929,15.462957,-376917.966635
36595589.466828,-2.351907,13.847221,-360553.526259
36603628.919699,-2.039956,16.390259,-342966.253782
36611668.372569,-2.081570,17.837611,-324216.247203
36619707.825440,-1.989566,18.898969,-304367.577738
36627747.278310,-1.663258,21.004065,-283488.070874
36635786.731181,-1.665141,20.757613,-261649.074606
36643826.184051,-1.387970,19.683747,-238925.215627
36651865.636922,-1.294939,18.367328,-215394.144324
36659905.089792,-1.114063,22.335005,-191136.269430
36667944.542663,-0.941197,22.726979,-166234.483265
36675983.995534,-0.876382,22.335581,-140773.878474
36684023.448404,-0.591340,22.942115,-114841.457259
36692062.901275,-0.491782,22.674646,-88525.834081
36700102.354145,-0.295688,24.253692,-61916.932851
36708141.807016,-0.168506,21.807372,-35105.679649
36716181.259886,-0.136940,22.134706,-8183.692020
36724220.712757,0.227612,22.696745,18757.034099
36732260.165628,0.472410,22.433898,45624.438737
36740299.618498,0.407664,21.612014,72326.712476
36748339.071369,0.622349,22.865628,98772.610167
36756378.524239,0.880550,20.741297,124871.762736
36764417.977110,1.051920,20.779760,150534.985977
36772457.429980,1.158382,22.360802,175674.585316
36780496.882851,1.328804,24.401257,200204.655468
36788536.335722,1.520327,20.437107,224041.373988
36796575.788592,1.609863,17.006988,247103.287705
36804615.241463,1.670447,19.574742,269311.591057
36812654.694333,1.874895,18.799724,290590.395379
36820694.147204,2.044888,15.588105,310866.988226
36828733.600074,2.107754,16.533964,330072.081839
36836773.052945,2.058640,16.205804,348140.049912
36844812.505816,2.346061,12.274119,365009.151846
36852851.958686,2.567067,12.301088,380621.743722
36860891.411557,2.643259,12.481232,394924.475281
36868930.864427,2.664117,11.636500,407868.472226
36876970.317298,2.655479,8.104617,419409.503235
36885009.770168,2.729138,5.933127,429508.131100
36893049.223039,2.660312,6.749747,438129.847497
36901088.675910,2.729162,5.186883,445245.190896
36909128.128780,2.742101,4.970584,450829.847243
36917167.581651,2.806757,2.394732,454864.733041
36925207.034521,2.853854,1.365605,457336.060558
36933246.487392,2.891586,-0.786467,458235.384947
36941285.940262,3.066074,-0.582391,457559.633100
36949325.393133,2.746173,-4.514949,455311.114147
36957364.846004,2.887550,-4.239648,451497.511572
36965404.298874,2.833848,-6.208099,446131.856951
36973443.751745,2.724603,-7.447272,439232.485424
36981483.204615,2.622704,-6.786436,430822.973044
36989522.657486,2.599026,-10.191661,420932.056207
36997562.110356,2.394311,-10.646484,409593.533467
37005601.563227,2.466113,-12.332960,396846.150030
37013641.016098,2.423442,-15.013701,382733.465367
37021680.468968,2.311916,-14.230714,367303.704359
37029719.921839,2.183475,-15.984040,350609.592508
37037759.374709,2.142316,-15.759538,332708.175770
37045798.827580,1.888191,-19.035822,313660.625616
37053838.280450,1.699905,-20.439351,293532.030004
37061877.733321,1.588787,-17.450321,272391.170970
37069917.186191,1.559311,-19.359502,250310.289578
37077956.639062,1.434563,-20.692626,227364.839080
37085996.091933,1.144490,-23.998812,203633.227065
37094035.544803,1.036753,-22.007426,179196.547543
37102074.997674,0.974808,-21.446307,154138.303830
37110114.450544,0.605872,-24.131318,128544.123208
37118153.903415,0.389444,-22.502141,102501.464326
37126193.356285,0.387743,-23.051201,76099.318340
37134232.809156,0.312089,-23.855608,49427.904822
37142272.262027,-0.087662,-23.175599,22578.363464
37150311.714897,-0.221002,-24.193743,-4357.557354
37158351.167768,-0.191431,-21.930188,-31287.814082
37166390.620638,-0.486751,-21.940362,-58120.382527
37174430.073509,-0.643038,-22.887991,-84763.572307
37182469.526379,-0.825056,-21.914538,-111126.340174
37190508.979250,-1.010165,-22.033525,-137118.601117
37198548.432121,-1.221867,-19.550679,-162651.536194
37206587.884991,-1.093749,-23.269268,-187637.896042
37214627.337862,-1.249645,-20.250110,-211992.299016
37222666.790732,-1.708086,-22.436786,-235631.522948
37230706.243603,-1.723750,-19.763886,-258474.789532
37238745.696473,-1.945746,-20.581301,-280444.040352
37246785.149344,-1.965990,-18.297609,-301464.203615
37254824.602215,-2.243235,-17.975319,-321463.450688
37262864.055085,-2.417158,-17.787488,-340373.441538
37270903.507956,-2.300207,-15.257420,-358129.558264
37278942.960826,-2.401240,-13.055704,-374671.125903
37286982.413697,-2.495043,-12.739839,-389941.619763
37295021.866567,-2.569477,-9.640369,-403888.858580
37303061.319438,-2.520177,-10.030081,-416465.182821
37311100.772309,-2.598939,-9.304620,-427627.617549
37319140.225179,-2.746231,-5.550578,-437338.019271
37327179.678050,-2.889369,-8.128081,-445563.206278
37335219.130920,-2.970252,-4.990630,-452275.072037
37343258.583791,-3.018373,-2.856033,-457450.681228
37351298.036661,-3.020116,-1.430518,-461072.348121
37359337.489532,-2.778312,1.601056,-463127.697007
37367376.942403,-2.926667,1.963276,-463609.704492
37375416.395273,-2.919328,2.849672,-462516.723494
37383455.848144,-3.008037,1.571646,-459852.488871
37391495.301014,-2.820607,4.798000,-455626.104660
37399534.753885,-2.930401,6.394239,-449852.012966
37407574.206755,-2.884068,6.068719,-442549.944611
37415613.659626,-2.655333,8.389092,-433744.851717
37423653.112497,-2.576206,8.692792,-423466.822429
37431692.565367,-2.572059,10.985967,-411750.978115
37439732.018238,-2.487920,12.456409,-398637.353338
37447771.471108,-2.455617,13.800513,-384170.759063
37455810.923979,-2.341822,14.507179,-368400.629527
37463850.376849,-2.143850,17.246519,-351380.853315
37471889.829720,-2.084717,17.121837,-333169.589220
37479929.282590,-1.982596,16.890077,-313829.067502
37487968.735461,-1.799492,20.844532,-293425.377243
37496008.188332,-1.663545,21.123914,-272028.240510
37504047.641202,-1.519884,20.568312,-249710.774104
37512087.094073,-1.440525,19.680655,-226549.239716
37520126.546943,-1.023226,21.835025,-202622.783325
37528165.999814,-1.074307,23.124887,-178013.164748
37536205.452684,-0.919802,21.792941,-152804.478256
37544244.905555,-0.740440,24.166556,-127082.865215
37552284.358426,-0.465369,23.987124,-100936.219724
37560323.811296,-0.480806,23.371507,-74453.888278
37568363.264167,-0.184500,23.422839,-47726.364452
37576402.717037,-0.187192,23.271297,-20844.979674
37584442.169908,-0.102606,24.041096,6098.408862
37592481.622778,0.223763,24.364140,33011.732089
37600521.075649,0.345873,21.406321,59803.023677
37608560.528520,0.715084,22.680263,86380.734293
37616599.981390,0.786103,23.280456,112654.044440
37624639.434261,0.980145,22.210538,138533.174795
37632678.887131,1.294796,22.386635,163929.692998
37640718.340002,1.161271,21.952437,188756.815842
37648757.792872,1.322021,20.216256,212929.705812
37656797.245743,1.570467,19.213208,236365.760997
37664836.698614,1.750229,16.927638,258984.897344
37672876.151484,1.746253,20.087818,280709.822317
37680915.604355,1.929079,16.341580,301466.299021
37688955.057225,2.100497,19.272637,321183.399870
37696994.510096,2.220370,12.968925,339793.748963
37705033.962966,2.261374,13.053263,357233.752314
37713073.415837,2.362245,15.672271,373443.815159
37721112.868708,2.483802,14.372112,388368.545605
37729152.321578,2.537962,9.269866,401956.943902
37737191.774449,2.734380,11.835461,414162.576725
37745231.227319,2.907516,9.303198,424943.735835
37753270.680190,2.725971,5.260660,434263.580610
37761310.133060,2.758439,5.469316,442090.263926
37769349.585931,2.860883,4.947471,448397.040985
37777389.038802,2.885853,2.467860,453162.360710
37785428.491672,2.879903,1.634674,456369.939382
37793467.944543,2.884302,0.384489,458008.816289
37801507.397413,2.900300,-1.215971,458073.391174
37809546.850284,2.833392,-6.116315,456563.443375
37817586.303154,2.811822,-5.321011,453484.132583
37825625.756025,2.841669,-3.763674,448845.981200
37833665.208896,2.770450,-2.309554,442664.838397
37841704.661766,2.689168,-7.078204,434961.825943
37849744.114637,2.743970,-9.460860,425763.266033
37857783.567507,2.609602,-10.570841,415100.591346
37865823.020378,2.465808,-11.819522,403010.237629
37873862.473248,2.469013,-12.148916,389533.519196
37881901.926119,2.273148,-13.096108,374716.487748
37889941.378989,2.226340,-12.923688,358609.775012
37897980.831860,2.052673,-13.311461,341268.419722
37906020.284731,1.982641,-16.477265,322751.679547
37914059.737601,1.947916,-16.189171,303122.828601
37922099.190472,1.660709,-17.228289,282448.941223
37930138.643342,1.497459,-18.490410,260800.662779
37938178.096213,1.229116,-20.560112,238251.968255
37946217.549083,1.159906,-21.466043,214879.909477
37954257.001954,1.061504,-19.940914,190764.351814
37962296.454825,0.869611,-22.532063,165987.701265
37970335.907695,0.769369,-21.853959,140634.622874
37978375.360566,0.721718,-25.602067,114791.751411
37986414.813436,0.392418,-22.692470,88547.395332
37994454.266307,0.330569,-24.554294,61991.235021
38002493.719177,0.159568,-22.164818,35214.016335
38010533.172048,0.033218,-22.026528,8307.240517
38018572.624919,-0.281421,-22.593762,-18637.148474
38026612.077789,-0.445880,-23.235417,-45527.078154
38034651.530660,-0.806919,-23.768196,-72270.662131
38042690.983530,-0.618345,-23.880236,-98776.514094
38050730.436401,-0.813327,-22.770049,-124954.060098
38058769.889271,-0.874137,-22.130307,-150713.848058
38066809.342142,-1.222928,-19.793878,-175967.853423
38074848.795013,-1.317002,-21.522094,-200629.779968
38082888.247883,-1.560705,-19.554944,-224615.354680
38090927.700754,-1.607948,-20.891709,-247842.615725
38098967.153624,-1.590185,-20.622529,-270232.192529
38107006.606495,-1.913063,-17.712927,-291707.576990
38115046.059365,-2.018982,-20.438873,-312195.384924
38123085.512236,-2.312874,-13.638273,-331625.606823
38131124.965107,-2.244808,-14.406495,-349931.847088
38139164.417977,-2.267689,-11.562787,-367051.550913
38147203.870848,-2.515037,-13.056726,-382926.218040
38155243.323718,-2.567261,-10.819033,-397501.602664
38163282.776589,-2.529421,-8.880781,-410727.898797
38171322.229459,-2.755571,-10.066106,-422559.910465
38179361.682330,-2.795995,-7.817470,-432957.206141
38187401.135201,-2.701070,-4.496772,-441884.256912
38195440.588071,-2.738516,-6.165025,-449310.557883
38203480.040942,-2.919252,-1.665233,-455210.732417
38211519.493812,-2.904656,-2.775463,-459564.618850
38219558.946683,-3.083089,-2.250893,-462357.339384
38227598.399553,-2.853057,-0.726616,-463579.350928
38235637.852424,-3.084607,0.313091,-463226.477712
38243677.305294,-2.824173,1.134649,-461299.925548
38251716.758165,-2.760059,2.018515,-457806.277717
38259756.211036,-2.900073,6.581274,-452757.472467
38267795.663906,-2.796989,7.909538,-446170.762224
38275835.116777,-2.824677,7.039916,-438068.654634
38283874.569647,-2.826789,10.718534,-428478.835655
38291914.022518,-2.702020,11.367739,-417434.074946
38299953.475388,-2.521727,13.578506,-404972.113894
38307992.928259,-2.404933,13.358587,-391135.536641
38316032.381130,-2.439523,14.379498,-375971.624575
38324071.834000,-2.250158,15.229218,-359532.194757
38332111.286871,-2.022647,16.337470,-341873.422861
38340150.739741,-1.933854,15.553509,-323055.651209
38348190.192612,-1.841008,19.925589,-303143.182577
38356229.645482,-1.790007,17.187910,-282204.060466
38364269.098353,-1.624234,19.065202,-260309.836580
38372308.551224,-1.354200,22.174732,-237535.326335
38380348.004094,-1.375547,22.754763,-213958.353198
38388387.456965,-1.106295,21.800970,-189659.482756
38396426.909835,-0.993957,21.293910,-164721.747415
38404466.362706,-0.763178,23.944547,-139230.362663
38412505.815576,-0.594680,22.261146,-113272.435882
38420545.268447,-0.494377,23.578229,-86936.668688
38428584.721318,-0.421225,22.453798,-60313.053827
38436624.174188,-0.211347,24.042779,-33492.567658
38444663.627059,0.120523,25.631031,-6566.859276
38452703.079929,0.157875,26.074739,20372.062668
38460742.532800,0.365924,22.394733,47232.144370
38468781.985670,0.512393,20.750442,73921.601431
38476821.438541,0.767554,20.721517,100349.232503
38484860.891412,0.908634,19.392367,126424.730926
38492900.344282,0.994626,20.739878,152058.993329
38500939.797153,1.333067,21.538578,177164.424098
38508979.250023,1.393846,19.927270,201655.234706
38517018.702894,1.576051,19.683441,225447.736865
38525058.155764,1.601264,19.150006,248460.628496
38533097.608635,1.728850,17.666274,270615.271551
38541137.061506,1.861294,15.100664,291835.960730
38549176.514376,2.044010,17.989124,312050.182175
38557215.967247,2.088239,15.050240,331188.861258
38565255.420117,2.188177,16.171519,349186.598621
38573294.872988,2.398557,11.832883,365981.893651
38581334.325858,2.544613,10.998659,381517.354638
38589373.778729,2.521643,10.889425,395739.894889
38597413.231600,2.555693,10.443119,408600.914131
38605452.684470,2.734113,7.788098,420056.464586
38613492.137341,2.851280,7.003285,430067.401148
38621531.590211,2.786085,4.718059,438599.515142
38629571.043082,2.722887,3.637962,445623.651224
38637610.495952,2.779987,4.661433,451115.807006
38645649.948823,2.889037,2.822117,455057.215075
38653689.401693,2.945110,-1.182534,457434.407128
38661728.854564,2.862118,-0.566090,458239.259990
38669768.307435,2.758335,-0.891677,457469.023374
38677807.760305,2.835267,-3.258386,455126.329278
38685847.213176,2.834340,-3.917754,451219.182993
38693886.666046,2.772017,-4.882089,445760.935748
38701926.118917,2.750946,-4.774895,438770.239083
38709965.571787,2.761592,-9.053891,430270.981120
38718005.024658,2.563948,-10.234519,420292.204930
38726044.477529,2.408743,-11.913491,408868.009290
38734083.930399,2.514544,-11.479980,396037.432166
38742123.383270,2.312107,-11.973663,381844.317308
38750162.836140,2.119597,-18.505030,366337.164441
38758202.289011,2.153729,-17.191975,349568.963524
38766241.741881,1.887579,-17.173709,331597.013683
38774281.194752,1.996924,-16.214058,312482.727413
38782320.647623,1.880543,-18.168944,292291.420717
38790360.100493,1.475876,-20.880178,271092.089920
38798399.553364,1.437160,-19.117803,248957.175897
38806439.006234,1.514556,-20.592917,225962.316532
38814478.459105,1.116889,-19.942637,202186.088253
38822517.911975,0.979578,-20.437696,177709.737528
38830557.364846,0.842464,-21.625001,152616.903236
38838596.817717,0.708499,-21.363693,126993.330860
38846636.270587,0.505125,-21.822986,100926.579482
38854675.723458,0.362721,-22.366393,74505.722587
38862715.176328,0.155811,-20.917704,47821.043683
38870754.629199,-0.037822,-24.908522,20963.727794
38878794.082069,-0.062574,-21.709800,-5974.450134
38886833.534940,-0.424884,-26.687345,-32901.438840
38894872.987811,-0.558767,-25.015844,-59725.225296
38902912.440681,-0.468450,-24.835296,-86354.149132
38910951.893552,-0.848084,-20.495704,-112697.215845
38918991.346422,-0.972531,-21.281362,-138664.407748
38927030.799293,-0.978698,-22.207613,-164166.991562
38935070.252163,-1.143390,-18.621661,-189117.821640
38943109.705034,-1.415057,-20.293906,-213431.637744
38951149.157905,-1.487486,-21.908674,-237025.356398
38959188.610775,-1.654179,-16.698535,-259818.354795
38967228.063646,-1.875743,-18.007150,-281732.746289
38975267.516516,-1.975306,-16.813081,-302693.646552
38983306.969387,-2.093943,-13.532033,-322629.429457
38991346.422257,-2.242308,-14.710821,-341471.971837
38999385.875128,-2.263740,-13.280471,-359156.886274
39007425.327999,-2.401119,-11.586879,-375623.741108
39015464.780869,-2.512924,-10.848994,-390816.266956
39023504.233740,-2.497195,-8.547009,-404682.548974
39031543.686610,-2.572880,-9.808820,-417175.204275
39039583.139481,-2.777603,-8.263632,-428251.543826
39047622.592351,-2.659816,-7.809593,-437873.718333
39055662.045222,-2.955957,-5.161453,-446008.847574
39063701.498092,-2.789487,-3.708159,-452629.132751
39071740.950963,-2.883121,-4.337423,-457711.951489
39079780.403834,-2.985887,-1.418912,-461239.935134
39087819.856704,-2.969410,-0.743942,-463201.028105
39095859.309575,-3.010723,2.906789,-463588.529095
39103898.762445,-2.773759,1.679450,-462401.113958
39111938.215316,-2.798175,4.917984,-459642.840251
39119977.668186,-2.726628,4.855264,-455323.133353
39128017.121057,-2.699436,6.786381,-449456.754263
39136056.573928,-2.856476,6.627812,-442063.749164
39144096.026798,-2.725090,6.031613,-433169.380917
39152135.479669,-2.652272,10.726474,-422804.042737
39160174.932539,-2.346920,11.672722,-411003.154334
39168214.385410,-2.423677,15.445708,-397807.040880
39176253.838280,-2.446500,15.911250,-383260.795213
39184293.291151,-2.346501,16.014966,-367414.123750
39192332.744022,-2.171417,13.993174,-350321.176631
39200372.196892,-2.127972,15.726478,-332040.362681
39208411.649763,-1.871894,18.758036,-312634.149822
39216451.102633,-1.827025,19.576114,-292168.851612
39224490.555504,-1.654510,21.338298,-270714.400639
39232530.008374,-1.582861,18.719302,-248344.109557
39240569.461245,-1.427883,21.727935,-225134.420562
39248608.914116,-1.172307,18.056376,-201164.644185
39256648.366986,-1.047158,19.492754,-176516.688274
39264687.819857,-0.950828,22.784604,-151274.778103
39272727.272727,-0.778039,24.536019,-125525.168567
39280766.725598,-0.594962,23.844427,-99355.849435
39288806.178468,-0.359617,21.229874,-72856.244677
39296845.631339,-0.274805,21.159717,-46116.906896
39304885.084210,-0.113251,23.473178,-19229.207890
39312924.537080,0.061892,22.777667,7714.973573
39320963.989951,0.376051,24.037561,34623.565714
39329003.442821,0.529908,21.544536,61404.618371
39337042.895692,0.576700,21.305112,87966.617198
39345082.348562,0.787289,22.745763,114218.796387
39353121.801433,0.995783,19.780788,140071.448824
39361161.254304,1.223846,21.531751,165436.232626
39369200.707174,1.203343,21.533490,190226.473026
39377240.160045,1.416951,17.376185,214357.458543
39385279.612915,1.559519,18.072222,237746.730458
39393319.065786,1.684121,19.374791,260314.364582
39401358.518656,1.914885,20.420859,281983.244370
39409397.971527,1.992743,17.523695,302679.324439
39417437.424398,1.967763,16.183909,322331.883588
39425476.877268,2.150408,14.111251,340873.766462
39433516.330139,2.359760,13.985228,358241.613034
39441555.783009,2.185999,10.235158,374376.075108
39449595.235880,2.457512,12.288474,389222.019130
39457634.688750,2.631724,11.252736,402728.714573
39465674.141621,2.625412,7.947938,414850.007300
39473713.594491,2.730961,7.531106,425544.477276
39481753.047362,2.732624,5.505372,434775.580103
39489792.500233,2.843790,2.815662,442511.771903
39497831.953103,2.894165,2.869489,448726.617099
39505871.405974,2.841061,3.224372,453398.878756
39513910.858844,3.048756,1.926410,456512.591148
39521950.311715,2.921444,-1.539422,458057.114315
39529989.764585,2.774826,-1.858389,458027.170418
39538029.217456,2.914551,-1.745042,456422.861781
39546068.670327,2.765992,-4.420506,453249.670534
39554108.123197,2.757514,-5.191751,448518.439887
39562147.576068,2.755726,-5.055912,442245.337069
39570187.028938,2.531275,-5.204236,434451.798091
39578226.481809,2.564106,-6.546742,425164.454489
39586265.934679,2.518693,-10.190645,414415.042327
39594305.387550,2.575682,-13.222298,402240.293745
39602344.840421,2.331107,-11.709676,388681.811445
39610384.293291,2.306948,-12.457532,373785.926527
39618423.746162,2.233025,-13.703995,357603.540170
39626463.199032,1.878290,-15.106742,340189.949693
39634502.651903,1.832787,-19.912729,321604.659606
39642542.104773,1.774691,-17.682974,301911.178263
39650581.557644,1.745150,-18.384990,281176.800856
39658621.010515,1.711939,-18.037250,259472.379451
39666660.463385,1.398929,-19.995734,236872.080884
39674699.916256,1.227510,-19.413904,213453.133318
39682739.369126,0.928802,-20.104449,189295.562345
39690778.821997,0.854096,-22.339078,164481.917534
39698818.274867,0.884839,-22.263150,139096.990338
39706857.727738,0.637164,-22.571203,113227.524361
39714897.180609,0.422932,-20.284118,86961.918936
39722936.633479,0.228703,-22.469913,60389.927057
39730976.086350,0.095352,-23.799719,33602.348682
39739015.539220,0.021778,-23.951850,6690.720454
39747054.992091,-0.172447,-24.347322,-20252.997089
39755094.444961,-0.486286,-22.026329,-47136.733755
39763133.897832,-0.647424,-20.360328,-73868.624315
39771173.350703,-0.831628,-23.545615,-100357.322418
39779212.803573,-0.784307,-22.902778,-126512.312732
39787252.256444,-1.183833,-21.253480,-152244.220250
39795291.709314,-1.213242,-23.054742,-177465.115692
39803331.162185,-1.279640,-22.415538,-202088.815975
39811370.615055,-1.542616,-20.099323,-226031.178708
39819410.067926,-1.621605,-19.897699,-249210.389719
39827449.520797,-1.815241,-16.556877,-271547.242627
39835488.973667,-1.703266,-15.790675,-292965.409495
39843528.426538,-1.999018,-15.783301,-313391.701658
39851567.879408,-2.080766,-16.567905,-332756.319816
39859607.332279,-2.235551,-15.248868,-350993.092548
39867646.785149,-2.331066,-11.385940,-368039.702424
39875686.238020,-2.442151,-12.683570,-383837.898961
39883725.690890,-2.605770,-12.492630,-398333.697661
39891765.143761,-2.669114,-9.571443,-411477.564494
39899804.596632,-2.566140,-8.712894,-423224.585157
39907844.049502,-2.851893,-8.807295,-433534.618547
39915883.502373,-2.826684,-6.400257,-442372.433940
39923922.955243,-2.998548,-6.239061,-449707.831368
39931962.408114,-2.850081,0.282171,-455515.744823
39940001.860984,-2.835755,-2.993783,-459776.327911
39948041.313855,-2.894883,-1.534999,-462475.021661
39956080.766726,-2.917643,-2.182657,-463602.604288
39964120.219596,-2.920477,1.706878,-463155.222692
39972159.672467,-2.880985,2.099069,-461134.405639
39980199.125337,-2.862104,3.615752,-457547.058519
39988238.578208,-2.950106,6.412301,-452405.439767
39996278.031078,-2.816206,8.570960,-445727.118964
40004317.483949,-2.767691,8.972125,-437534.916800
40012356.936820,-2.743315,8.987273,-427856.827100
40020396.389690,-2.538681,9.156205,-416725.921153
40028435.842561,-2.613575,12.809634,-404180.234717
40036475.295431,-2.505553,11.010973,-390262.638035
40044514.748302,-2.186065,12.786906,-375020.689347
40052554.201172,-2.212029,14.992116,-358506.472378
40060593.654043,-2.076267,17.394034,-340776.418356
40068633.106914,-1.991535,16.220298,-321891.113187
40076672.559784,-1.914254,16.649442,-301915.090416
40084712.012655,-1.640417,16.687672,-280916.610715
40092751.465525,-1.382892,19.878826,-258967.428625
40100790.918396,-1.525346,19.904296,-236142.547357
40108830.371266,-1.275427,20.694929,-212519.962505
40116869.824137,-1.078286,23.996152,-188180.395516
40124909.277008,-0.944040,22.263043,-163207.017861
40132948.729878,-0.841993,22.681903,-137685.166824
40140988.182749,-0.647080,21.889707,-111702.053893
40149027.635619,-0.483234,24.377876,-85346.466749
40157067.088490,-0.254378,24.992303,-58708.465865
40165106.541360,0.132092,23.399971,-31879.076760
40173145.994231,-0.028625,23.139943,-4949.978949
40181185.447102,0.241899,24.148017,21986.807333
40189224.899972,0.360106,22.199575,48839.235579
40197264.352843,0.775206,22.450377,75515.547546
40205303.805713,0.765304,20.436060,101924.586800
40213343.258584,0.833237,22.778099,127976.110217
40221382.711454,1.065065,21.129218,153581.096347
40229422.164325,1.192418,20.863601,178652.049619
40237461.617195,1.460512,19.451617,203103.299321
40245501.070066,1.564339,17.579370,226851.292347
40253540.522937,1.491432,19.688220,249814.878714
40261579.975807,1.602786,19.588115,271915.588856
40269619.428678,2.013839,16.479128,293077.901768
40277658.881548,2.074385,16.139293,313229.503072
40285698.334419,2.202810,14.492109,332301.532121
40293737.787289,2.234370,12.415569,350228.817309
40301777.240160,2.397667,14.810289,366950.098766
40309816.693031,2.364142,10.633795,382408.237698
40317856.145901,2.542310,9.906686,396550.411630
40325895.598772,2.546757,10.085537,409328.294911
40333935.051642,2.540720,7.163389,420698.223852
40341974.504513,2.603622,9.553732,430621.345924
40350013.957383,2.750851,4.650003,439063.752527
40358053.410254,2.944487,4.922425,445996.594858
40366092.863125,2.865858,2.450532,451396.182491
40374132.315995,3.019083,2.911462,455244.064333
40382171.768866,2.799250,-0.252616,457527.091670
40390211.221736,2.764078,-0.241089,458237.463101
40398250.674607,2.800055,0.534960,457372.751194
40406290.127477,2.702846,-1.748006,454935.910782
40414329.580348,2.767861,-4.813390,450935.268867
40422369.033219,2.759561,-6.418719,445384.496161
40430408.486089,2.816644,-6.305698,438302.560380
40438447.938960,2.561612,-8.436058,429713.661419
40446487.391830,2.574819,-10.110162,419647.148665
40454526.844701,2.369011,-12.283181,408137.420703
40462566.297571,2.490217,-13.976083,395223.807772
40470605.750442,2.248468,-12.502726,380950.437370
40478645.203313,2.183619,-14.514025,365366.083461
40486684.656183,2.249003,-15.614052,348523.999812
40494724.109054,1.998674,-16.994131,330481.738018
40502763.561924,1.867921,-18.971696,311300.950835
40510803.014795,1.678644,-20.709999,291047.181512
40518842.467665,1.534173,-21.481550,269789.639816
40526881.920536,1.491342,-18.845454,247600.965534
40534921.373407,1.187294,-21.977920,224556.980258
40542960.826277,1.268356,-20.765151,200736.428284
40551000.279148,1.035234,-20.527173,176220.707543
40559039.732018,0.704059,-20.927800,151093.591443
40567079.184889,0.643693,-23.761503,125440.942613
40575118.637759,0.611528,-23.985076,99350.419496
40583158.090630,0.393172,-20.062544,72911.176804
40591197.543501,0.117894,-23.853806,46213.560875
40599236.996371,0.203453,-24.757870,19348.800939
40607276.449242,-0.147185,-25.748889,-7591.302622
40615315.902112,-0.264113,-24.544852,-34514.691964
40623355.354983,-0.575482,-22.128363,-61329.366361
40631394.807853,-0.673759,-22.559617,-87943.696578
40639434.260724,-0.800254,-21.268743,-114266.737983
40647473.713594,-0.879152,-24.625481,-140208.541315
40655513.166465,-1.136920,-22.404313,-165680.460054
40663552.619336,-1.302285,-20.725207,-190595.453336
40671592.072206,-1.372917,-21.782453,-214868.383385
40679631.525077,-1.618355,-19.497377,-238416.306438
40687670.977947,-1.592003,-17.452056,-261158.756176
40695710.430818,-1.916794,-17.631018,-283018.018685
40703749.883688,-2.099379,-16.622127,-303919.398019
40711789.336559,-2.160362,-16.393758,-323791.471443
40719828.789430,-2.245349,-12.952427,-342566.333494
40727868.242300,-2.302143,-14.629162,-360179.828024
40735907.695171,-2.458744,-11.434508,-376571.767428
40743947.148041,-2.490231,-11.291266,-391686.138314
40751986.600912,-2.634124,-9.269092,-405471.292909
40760026.053782,-2.774201,-9.764889,-417880.125544
40768065.506653,-2.562811,-7.320529,-428870.233623
40776104.959524,-2.680197,-5.833271,-438404.062514
40784144.412394,-2.704826,-4.967882,-446449.033883
40792183.865265,-2.832484,-3.332532,-452977.657015
40800223.318135,-3.110459,-3.131200,-457967.622755
40808262.771006,-3.052300,0.105878,-461401.879739
40816302.223876,-2.957344,-1.488147,-463268.692665
40824341.676747,-3.011868,0.792998,-463561.682389
40832381.129618,-2.800476,1.000384,-462279.847728
40840420.582488,-2.850346,7.137277,-459427.568877
40848460.035359,-2.862946,5.241585,-455014.592445
40856499.488229,-2.795653,4.191417,-449055.998147
40864538.941100,-2.704046,6.535254,-441572.147275
40872578.393970,-2.749506,7.817447,-432588.613123
40880617.846841,-2.570648,11.790886,-422136.093597
40888657.299712,-2.558587,11.441327,-410250.306317
40896696.752582,-2.229986,12.450653,-396971.866566
40904736.205453,-2.380892,14.139379,-382346.148501
40912775.658323,-2.135102,14.203771,-366423.130108
40920815.111194,-1.998550,15.855479,-349257.222412
40928854.564064,-1.959622,14.733607,-330907.083556
40936894.016935,-1.988632,15.157752,-311435.418354
40944933.469806,-1.795479,18.184941,-290908.764021
40952972.922676,-1.642845,20.914647,-269397.262809
40961012.375547,-1.359892,20.048885,-246974.422319
40969051.828417,-1.386321,21.686252,-223716.864317
40977091.281288,-1.165082,21.701778,-199704.062907
40985130.734158,-1.091738,21.025488,-175018.072958
40993170.187029,-0.837352,24.019008,-149743.249714
41001209.639900,-0.699130,21.710031,-123965.960536
41009249.092770,-0.421183,23.795230,-97774.289779
41017288.545641,-0.320655,25.810052,-71257.737793
41025327.998511,-0.113179,24.262964,-44506.915088
41033367.451382,-0.081426,23.466996,-17613.232711
41041406.904252,0.321845,21.390579,9331.410126
41049446.357123,0.372893,23.282656,36234.940066
41057485.809993,0.604190,24.273779,63005.424247
41065525.262864,0.482198,21.576302,89551.384435
41073564.715735,0.847318,23.398309,115782.109630
41081604.168605,0.871962,24.749088,141607.966027
41089643.621476,1.179430,20.706964,166940.703310
41097683.074346,1.403786,20.689698,191693.756219
41105722.527217,1.311527,22.960148,215782.540347
41113761.980087,1.652517,17.781179,239124.741183
41121801.432958,1.559861,18.675876,261640.595385
41129840.885829,1.878336,20.024511,283253.163349
41137880.338699,1.865923,15.503510,303888.592115
41145919.791570,1.963847,16.843100,323476.367735
41153959.244440,2.139044,14.214396,341949.556230
41161998.697311,2.275260,14.062863,359245.032308
41170038.150181,2.466523,15.368931,375303.695076
41178077.603052,2.550873,10.589272,390070.669992
41186117.055923,2.361479,8.494587,403495.496378
41194156.508793,2.578757,10.448741,415532.299856
41202195.961664,2.652311,7.145903,426139.949099
41210235.414534,2.733505,6.435952,435282.196389
41218274.867405,2.784021,6.997378,442927.801479
41226314.320275,2.820444,3.016944,449050.638336
41234353.773146,2.784862,3.198483,453629.784433
41242393.226017,2.829675,2.224249,456649.592229
41250432.678887,2.979614,0.002918,458099.742650
41258472.131758,2.805362,-2.037588,457975.280341
41266511.584628,2.762192,-2.952275,456276.630605
41274551.037499,2.748230,-4.454896,453009.597953
41282590.490369,2.744003,-2.969388,448185.346257
41290629.943240,2.677727,-7.659286,441820.360617
41298669.396111,2.539601,-8.155588,433936.391016
41306708.848981,2.793587,-9.256343,424560.378004
41314748.301852,2.585145,-7.099662,413724.360640
41322787.754722,2.565796,-13.061775,401465.367005
41330827.207593,2.359858,-13.978521,387825.287679
41338866.660463,2.312482,-14.469643,372850.732587
41346906.113334,2.175289,-16.449867,356592.871735
41354945.566205,2.024461,-12.296651,339107.260350
41362985.019075,1.960312,-15.540223,320453.649044
41371024.471946,1.926441,-20.953826,300695.779636
41379063.924816,1.737006,-17.966512,279901.167339
41387103.377687,1.540350,-19.819238,258140.870050
41395142.830557,1.460285,-21.647386,235489.245540
41403182.283428,1.416693,-20.211580,212023.697359
41411221.736299,1.113357,-22.534445,187824.410341
41419261.189169,0.930744,-22.545132,162974.076602
41427300.642040,0.590297,-21.526496,137557.612967
41435340.094910,0.572724,-25.950325,111661.870804
41443379.547781,0.487447,-22.287365,85375.339235
41451419.000651,0.220851,-26.290533,58787.842762
41459458.453522,0.151161,-23.224326,31990.234323
41467497.906392,-0.082981,-22.006600,5074.084836
41475537.359263,-0.082854,-24.025867,-21868.629712
41483576.812134,-0.212256,-23.905209,-48745.842555
41491616.265004,-0.790272,-20.349257,-75465.710758
41499655.717875,-0.836778,-21.676049,-101936.929052
41507695.170745,-1.004988,-21.031929,-128069.041835
41515734.623616,-1.065562,-20.798658,-153772.752276
41523774.076486,-1.294718,-21.106582,-178960.227449
41531813.529357,-1.270339,-18.607099,-203545.398471
41539852.982228,-1.561521,-19.353311,-227444.254610
41547892.435098,-1.491062,-19.874379,-250575.130363
41555931.887969,-1.794799,-18.660300,-272858.984517
41563971.340839,-1.792537,-16.759286,-294219.670237
41572010.793710,-1.987149,-21.203719,-314584.195282
41580050.246580,-2.161255,-14.903950,-333882.971414
41588089.699451,-2.359085,-15.913651,-352050.052204
41596129.152322,-2.379589,-15.693085,-369023.358372
41604168.605192,-2.431095,-12.335712,-384744.889917
41612208.058063,-2.613866,-11.465715,-399160.924323
41620247.510933,-2.635155,-10.550697,-412222.200118
41628286.963804,-2.753580,-9.853107,-423884.085226
41636326.416674,-2.731395,-6.805715,-434106.729465
41644365.869545,-2.743891,-6.129941,-442855.200727
41652405.322416,-2.834680,-2.638744,-450099.604350
41660444.775286,-2.861732,-3.951738,-455815.185259
41668484.228157,-2.940560,-0.708255,-459982.412573
41676523.681027,-3.015950,-0.307007,-462587.046334
41684563.133898,-2.979587,0.531840,-463620.186166
41692602.586768,-2.811175,1.324775,-463078.301698
41700642.039639,-2.825540,3.897724,-460963.244618
41708681.492510,-2.921366,5.404603,-457282.242355
41716720.945380,-2.926633,4.889235,-452047.873370
41724760.398251,-2.755581,8.575240,-445278.024184
41732799.851121,-2.758596,8.358472,-436995.828254
41740839.303992,-2.421311,11.280942,-427229.586921
41748878.756862,-2.456663,13.316560,-416012.672705
41756918.209733,-2.552122,13.897756,-403383.415262
41764957.662604,-2.433541,12.444909,-389384.970408
41772997.115474,-2.454501,15.349591,-374065.172653
41781036.568345,-2.188164,15.943869,-357476.371742
41789076.021215,-2.077613,15.401565,-339675.253767
41797115.474086,-2.003326,17.788818,-320722.647467
41805154.926956,-1.908070,20.737388,-300683.316365
41813194.379827,-1.838485,16.884906,-279625.737465
41821233.832697,-1.528465,19.870100,-257621.867257
41829273.285568,-1.434665,21.385358,-234746.895831
41837312.738439,-1.342042,20.132237,-211078.989943
41845352.191309,-0.975665,20.438258,-186699.025909
41853391.644180,-0.895908,22.693190,-161690.313243
41861431.097050,-0.914815,22.992828,-136138.309971
41869470.549921,-0.750644,23.393430,-110130.330617
41877510.002791,-0.420813,23.262169,-83755.247832
41885549.455662,-0.317163,23.800831,-57103.188711
41893588.908533,-0.168877,23.486414,-30265.226808
41901628.361403,0.002413,23.143606,-3333.070936
41909667.814274,0.099968,24.289185,23601.248222
41917707.267144,0.173572,25.469016,50445.692590
41925746.720015,0.657948,24.990323,77108.531205
41933786.172885,0.808699,22.888922,103498.653676
41941825.625756,0.861180,20.941960,129525.881517
41949865.078627,1.068568,21.947319,155101.276301
41957904.531497,1.344406,21.973435,180137.443575
41965943.984368,1.236872,19.746864,204548.831493
41973983.437238,1.622785,19.475878,228252.023165
41982022.890109,1.649132,18.513620,251166.021697
41990062.342979,1.740053,19.041928,273212.526972
41998101.795850,1.804509,16.223197,294316.203212
42006141.248721,2.022826,16.544719,314404.936406
42014180.701591,2.244666,15.861465,333410.080737
42022220.154462,2.326788,13.992771,351266.693150
42030259.607332,2.350057,14.147512,367913.755277
42038299.060203,2.461957,10.586851,383294.381938
42046338.513073,2.516887,10.820884,397356.015529
42054377.965944,2.616398,7.526725,410050.605618
42062417.418815,2.607596,9.228453,421334.773134
42070456.871685,2.669157,9.124410,431169.958611
42078496.324556,2.767267,4.202918,439522.553937
42086535.777426,2.731112,5.879154,446364.017207
42094575.230297,2.833421,1.789830,451670.970250
42102614.683167,2.689327,3.577187,455425.278515
42110654.136038,2.647720,0.424825,457614.113044
42118693.588909,2.899311,-2.010060,458229.994303
42126733.041779,2.944129,-3.098028,457270.817745
42134772.494650,3.000905,-3.929181,454739.861003
42142811.947520,2.720405,-4.149252,450645.772685
42150851.400391,2.696688,-5.439513,445002.542823
42158890.853261,2.729731,-6.847061,437829.455069
42166930.306132,2.846368,-9.001295,429151.020798
42174969.759003,2.632822,-11.523130,418996.895351
42183009.211873,2.376351,-12.058409,407401.776695
42191048.664744,2.501102,-13.332876,394405.286863
42199088.117614,2.398738,-12.167544,380051.836551
42207127.570485,2.115247,-15.322315,364390.473368
42215167.023355,2.169819,-17.462981,347474.714234
42223206.476226,1.959483,-16.031200,329362.362497
42231245.929096,1.835787,-15.825292,310115.310426
42239285.381967,1.823033,-21.254124,289799.327701
42247324.834838,1.668819,-19.867133,268483.836682
42255364.287708,1.409102,-20.012192,246241.675177
42263403.740579,1.447022,-21.643051,223148.847549
42271443.193449,1.161158,-21.150230,199284.264998
42279482.646320,1.048809,-22.424230,174729.475909
42287522.099190,0.956340,-22.286438,149568.387195
42295561.552061,0.790955,-23.386346,123886.977573
42303601.004932,0.491404,-24.034102,97773.003763
42311640.457802,0.304828,-24.416219,71315.700614
42319679.910673,0.112889,-21.946416,44605.476178
42327719.363543,-0.005244,-22.941883,17733.602769
42335758.816414,-0.204981,-22.737062,-9208.094921
42343798.269284,-0.173711,-26.712248,-36127.553604
42351837.722155,-0.280511,-23.583193,-62932.785982
42359877.175026,-0.645966,-22.531389,-89532.195087
42367916.627896,-0.809190,-23.779708,-115834.887274
42375956.080767,-0.995939,-20.328958,-141750.982817
42383995.533637,-1.074654,-20.393918,-167191.923044
42392034.986508,-1.380756,-19.602792,-192070.772949
42400074.439378,-1.876211,-20.070195,-216302.518261
42408113.892249,-1.658479,-18.338515,-239804.355951
42416153.345120,-1.734742,-19.730608,-262495.977180
42424192.797990,-1.873964,-17.963316,-284299.841721
42432232.250861,-2.017083,-17.052070,-305141.442933
42440271.703731,-2.051989,-14.375716,-324949.562346
42448311.156602,-2.182297,-13.289881,-343656.513040
42456350.609472,-2.355638,-12.812457,-361198.370928
42464390.062343,-2.542200,-13.556692,-377515.193195
42472429.515214,-2.599543,-8.883631,-392551.223136
42480468.968084,-2.632692,-8.142106,-406255.080678
42488508.420955,-2.653057,-9.530615,-418579.937955
42496547.873825,-2.802337,-7.192497,-429483.679327
42504587.326696,-2.790082,-6.762007,-438929.045286
42512626.779566,-3.013705,-6.086889,-446883.759789
42520666.232437,-2.844160,-3.173181,-453320.640540
42528705.685308,-2.774756,-3.440150,-458217.691878
42536745.138178,-2.962760,0.305055,-461558.179944
42544784.591049,-2.894363,0.037456,-463330.689852
42552824.043919,-2.922108,1.880283,-463529.164707
42560863.496790,-2.841971,1.567599,-462152.926292
42568902.949660,-2.770559,3.506425,-459206.677396
42576942.402531,-2.740146,5.805373,-454700.485734
42584981.855402,-2.720869,6.709752,-448649.749548
42593021.308272,-2.553278,7.783382,-441075.144994
42601060.761143,-2.726103,10.223359,-432002.555480
42609100.214013,-2.528027,12.545179,-421462.983228
42617139.666884,-2.515794,13.171937,-409492.443328
42625179.119754,-2.560634,12.749443,-396131.840673
42633218.572625,-2.404264,14.589190,-381426.830183
42641258.025495,-2.181349,16.437860,-365427.660794
42649297.478366,-2.127335,14.698706,-348189.003751
42657336.931237,-1.898964,18.380514,-329769.765790
42665376.384107,-1.993115,19.243138,-310232.887846
42673415.836978,-1.767086,18.818717,-289645.129974
42681455.289848,-1.577061,18.900074,-268076.843226
42689494.742719,-1.612383,17.857713,-245601.729245
42697534.195589,-1.333349,20.666493,-222296.588423
42705573.648460,-1.190575,19.391788,-198241.057461
42713613.101331,-0.958812,21.595396,-173517.337240
42721652.554201,-0.832187,21.164315,-148209.911933
42729692.007072,-0.543415,21.242086,-122405.260308
42737731.459942,-0.527939,24.211247,-96191.560219
42745770.912813,-0.237668,23.543880,-69658.387294
42753810.365683,-0.091933,24.150005,-42896.408840
42761849.818554,0.064575,23.625264,-15997.074022
42769889.271425,0.034478,23.177958,10947.698630
42777928.724295,0.174166,23.113920,37845.835318
42785968.177166,0.485677,23.876553,64605.421607
42794007.630036,0.660272,20.782387,91135.016505
42802047.082907,0.887715,23.050197,117343.964931
42810086.535777,0.877013,21.093370,143142.707497
42818125.988648,1.199785,22.388899,168443.086538
42826165.441519,1.276020,21.593749,193158.647365
42834204.894389,1.475694,20.513093,217204.933688
42842244.347260,1.506012,21.113179,240499.776215
42850283.800130,1.812125,17.232727,262963.573436
42858323.253001,1.920848,16.334072,284519.563629
42866362.705871,1.900141,16.048066,305094.087169
42874402.158742,2.132994,17.197827,324616.838231
42882441.611613,2.256121,15.349766,343021.105030
42890481.064483,2.284911,14.649764,360243.997792
42898520.517354,2.331874,13.107367,376226.663647
42906559.970224,2.491439,10.642313,390914.487746
42914599.423095,2.566033,10.737935,404257.279882
42922638.875965,2.766252,9.129965,416209.445995
42930678.328836,2.678636,8.923744,426730.143978
42938717.781707,2.645739,8.172350,435783.423234
42946757.234577,2.708598,5.190752,443338.347532
42954796.687448,2.890359,4.316080,449369.100710
42962836.140318,3.011471,0.379124,453855.074898
42970875.593189,2.938961,0.098871,456780.940940
42978915.046059,2.803074,0.708538,458136.700769
42986954.498930,2.974383,-2.807464,457917.721579
42994993.951801,2.805821,-3.472074,456124.751649
43003033.404671,2.799882,-4.737087,452763.917791
43011072.857542,2.876366,-5.746871,447846.704412
43019112.310412,2.854724,-7.335508,441389.914271
43027151.763283,2.771763,-6.988896,433415.611060
43035191.216153,2.617814,-11.664512,423951.044012
43043230.669024,2.507683,-11.317112,413028.554784
43051270.121894,2.387640,-10.007164,400685.466946
43059309.574765,2.445458,-12.183194,386963.958435
43067349.027636,2.326074,-15.114988,371910.917434
43075388.480506,2.266312,-16.079601,355577.782143
43083427.933377,2.119237,-16.236521,338020.365013
43091467.386247,1.802855,-16.996298,319298.662025
43099506.839118,1.744576,-19.966758,299476.647675
43107546.291988,1.639456,-19.458340,278622.056369
43115585.744859,1.566211,-19.423051,256806.150960
43123625.197730,1.497826,-21.982139,234103.479239
43131664.650600,1.160651,-21.062437,210591.619191
43139704.103471,1.141581,-22.390361,186350.913903
43147743.556341,0.967336,-22.862481,161464.197023
43155783.009212,0.826067,-23.153639,136016.509704
43163822.462082,0.591031,-21.080094,110094.810006
43171861.914953,0.254657,-23.022276,83787.675753
43179901.367824,0.171361,-24.506240,57185.001849
43187940.820694,-0.031604,-23.625762,30377.693095
43195980.273565,0.041548,-24.852009,3457.353557
43204019.726435,-0.226612,-22.073651,-23484.026461
43212059.179306,-0.382349,-23.589972,-50354.384754
43220098.632176,-0.558538,-23.445327,-77061.901808
43228138.085047,-0.836523,-22.077009,-103515.314559
43236177.537918,-0.917519,-22.135694,-129624.228252
43244216.990788,-0.926194,-19.806826,-155299.425328
43252256.443659,-1.187308,-20.698364,-180453.170295
43260295.896529,-1.332658,-20.104167,-204999.509531
43268335.349400,-1.504250,-18.344081,-228854.564997
43276374.802270,-1.708813,-20.988435,-251936.820864
43284414.255141,-1.672774,-18.418585,-274167.402056
43292453.708012,-2.039109,-18.758598,-295470.343784
43300493.160882,-2.036839,-18.547632,-315772.851119
43308532.613753,-2.180272,-14.998977,-335005.547752
43316572.066623,-2.428439,-15.749829,-353102.713052
43324611.519494,-2.298681,-13.681615,-370002.506651
43332650.972364,-2.414636,-12.988207,-385647.179751
43340690.425235,-2.500610,-12.225931,-399983.272468
43348729.878106,-2.604074,-8.256043,-412961.796505
43356769.330976,-2.709314,-10.039102,-424538.402557
43364808.783847,-2.808447,-7.961245,-434673.531852
43372848.236717,-2.872688,-6.886820,-443332.551335
43380887.689588,-3.089154,-5.378883,-450485.872006
43388927.142458,-2.937370,-1.350638,-456109.050040
43396966.595329,-2.783554,-2.111709,-460182.870303
43405006.048199,-3.000586,-2.634405,-462693.412021
43413045.501070,-2.932190,1.851228,-463632.096347
43421084.953941,-2.862212,0.907269,-462995.715674
43429124.406811,-2.963639,4.179053,-460786.444597
43437163.859682,-2.867309,4.038244,-457011.832483
43445203.312552,-2.912649,6.128253,-451684.777675
43453242.765423,-2.772493,7.059533,-444823.483411
43461282.218293,-2.573050,8.654085,-436451.395626
43469321.671164,-2.656146,8.509706,-426597.122838
43477361.124035,-2.688628,12.362410,-415294.338378
43485400.576905,-2.556548,11.955336,-402581.665332
43493440.029776,-2.442600,13.720621,-388502.544560
43501479.482646,-2.313852,13.779196,-373105.086251
43509518.935517,-2.334307,14.294775,-356441.905527
43517558.388387,-2.070975,15.309635,-338569.942643
43525597.841258,-1.723624,17.401854,-319550.268427
43533637.294129,-1.675196,17.283270,-299447.875581
43541676.746999,-1.815479,17.002761,-278331.456598
43549716.199870,-1.561578,20.372073,-256273.169035
43557755.652740,-1.476524,21.219482,-233348.388930
43565795.105611,-1.288533,18.826727,-209635.453244
43573834.558481,-1.082906,22.096126,-185215.392165
43581874.011352,-1.027645,20.678893,-160171.652223
43589913.464223,-0.891616,23.091743,-134589.811138
43597952.917093,-0.518521,21.772862,-108557.285393
43605992.369964,-0.430051,21.430809,-82163.031518
43614031.822834,-0.242231,22.227881,-55497.242116
43622071.275705,-0.155802,23.029776,-28651.037662
43630110.728575,0.056069,20.619225,-1716.155133
43638150.181446,0.270083,23.655711,25215.365470
43646189.634317,0.388132,24.311107,52051.495634
43654229.087187,0.616874,21.765098,78700.532807
43662268.540058,0.700498,22.123874,105071.413759
43670307.992928,0.825610,22.084931,131074.025756
43678347.445799,1.155336,21.970039,156619.514485
43686386.898669,1.129020,23.616366,181620.587686
43694426.351540,1.341946,20.001263,205991.813435
43702465.804411,1.401030,18.758523,229649.912080
43710505.257281,1.679842,20.995924,252514.040817
43718544.710152,1.814262,19.220177,274506.069941
43726584.163022,1.811705,16.545483,295550.849823
43734623.615893,2.047517,19.237034,315576.467713
43742663.068763,1.970931,16.869207,334514.493463
43750702.521634,2.212790,13.799290,352300.213375
43758741.974505,2.255211,12.770652,368872.851326
43766781.427375,2.426811,14.193974,384175.776456
43774820.880246,2.560683,10.344293,398156.696676
43782860.333116,2.554087,10.358553,410767.837361
43790899.785987,2.576016,6.094955,421966.104601
43798939.238857,2.693526,7.799930,431713.232458
43806978.691728,2.771118,4.204727,439975.913727
43815018.144598,2.706904,5.325095,446725.913752
43823057.597469,2.738026,3.897367,451940.166900
43831097.050340,2.761162,-0.236633,455600.855393
43839136.503210,2.817055,1.511458,457695.470178
43847175.956081,2.868048,-1.655034,458216.853687
43855215.408951,2.866838,0.878253,457163.224282
43863254.861822,2.685071,-3.409566,454538.182353
43871294.314692,2.710970,-3.072154,450350.698010
43879333.767563,2.756159,-4.224309,444615.080432
43887373.220434,2.688904,-8.943213,437350.928972
43895412.673304,2.721739,-7.697097,428583.066182
43903452.126175,2.597128,-10.733147,418341.452988
43911491.579045,2.544790,-10.517814,406661.086320
43919531.031916,2.241535,-14.388469,393581.879508
43927570.484786,2.309465,-15.635957,379148.525909
43935609.937657,2.174537,-15.409768,363410.346169
43943649.390528,2.066201,-15.409272,346421.119698
43951688.843398,1.988847,-17.195632,328238.900896
43959728.296269,1.969906,-17.966776,308925.820773
43967767.749139,1.818372,-19.017704,288547.874638
43975807.202010,1.571799,-17.722994,267174.696587
43983846.654880,1.491320,-20.453520,244879.321553
43991886.107751,1.386807,-17.572111,221737.935735
43999925.560622,1.136507,-22.854306,197829.616263
44007965.013492,0.935635,-25.308093,173236.060978
44016004.466363,0.887634,-21.285052,148041.309260
44024043.919233,0.786762,-22.465232,122331.454859
44032083.372104,0.540695,-22.042867,96194.351693
44040122.824974,0.426407,-24.236003,69719.313649
44048162.277845,0.014778,-22.909696,42996.809379
44056201.730716,0.065449,-22.765719,16118.153161
44064241.183586,-0.115888,-22.655969,-10824.807137
44072280.636457,-0.390991,-23.373531,-37740.003911
44080320.089327,-0.613094,-24.050623,-64535.464429
44088359.542198,-0.757034,-20.185638,-91119.625112
44096398.995068,-0.985176,-23.386676,-117401.644422
44104438.447939,-1.156317,-19.639123,-143291.713275
44112477.900810,-1.211338,-18.232104,-168701.361935
44120517.353680,-1.238299,-22.095197,-193543.762323
44128556.806551,-1.356670,-20.413761,-217734.024723
44136596.259421,-1.603618,-18.098705,-241189.487856
44144635.712292,-1.696819,-18.560288,-263830.001352
44152675.165162,-1.852479,-17.440255,-285578.199627
44160714.618033,-2.130828,-17.154680,-306359.766255
44168754.070904,-2.081701,-18.239985,-326103.687918
44176793.523774,-2.313630,-16.059622,-344742.497062
44184832.976645,-2.204566,-13.223725,-362212.502451
44192872.429515,-2.560755,-13.991817,-378454.006801
44200911.882386,-2.561362,-12.424183,-393411.510776
44208951.335256,-2.651279,-8.091129,-407033.902637
44216990.788127,-2.608605,-9.972834,-419274.632897
44225030.240997,-2.763195,-6.443530,-430091.873388
44233069.693868,-2.826992,-9.280079,-439448.660190
44241109.146739,-2.685748,-6.448177,-447313.019942
44249148.599609,-2.853615,-2.649139,-453658.079105
44257188.052480,-2.798427,-3.677020,-458462.155784
44265227.505350,-2.977694,-3.679019,-461708.833825
44273266.958221,-2.921073,0.469447,-463387.018905
44281306.411091,-3.044404,2.396008,-463490.976447
44289345.863962,-2.960296,2.430965,-462020.351215
44297385.316833,-2.908387,4.605514,-458980.168527
44305424.769703,-2.853859,7.150074,-454380.817083
44313464.222574,-2.893094,4.853892,-448238.013466
44321503.675444,-2.660529,7.850405,-440572.748435
44329543.128315,-2.811373,7.299101,-431411.215200
44337582.581185,-2.464316,9.643409,-420784.719913
44345622.034056,-2.514916,13.139621,-408729.574692
44353661.486927,-2.542133,14.172300,-395286.973538
44361700.939797,-2.336837,12.860218,-380502.851570
44369740.392668,-2.261165,13.988999,-364427.728058
44377779.845538,-2.303547,16.935996,-347116.533792
44385819.298409,-1.956160,16.808010,-328628.423378
44393858.751279,-1.729330,17.321238,-309026.573096
44401898.204150,-1.816425,19.347643,-288377.965022
44409937.657021,-1.626552,19.026088,-266753.158139
44417977.109891,-1.601635,19.827835,-244226.047227
44426016.562762,-1.350822,21.739967,-220873.610358
44434056.015632,-1.143388,20.313922,-196775.645851
44442095.468503,-0.971783,23.740754,-172014.499587
44450134.921373,-0.916491,21.629103,-146674.783630
44458174.374244,-0.617066,22.741482,-120843.087087
44466213.827115,-0.506148,23.942125,-94607.680230
44474253.279985,-0.276188,23.691647,-68058.212862
44482292.732856,-0.305599,22.908823,-41285.407968
44490332.185726,-0.020705,22.759183,-14380.751710
44498371.638597,0.227017,22.099935,12563.819197
44506411.091467,0.283532,22.103624,39456.231647
44514450.544338,0.377071,22.151642,66204.590763
44522489.997209,0.596218,21.249585,92717.493919
44530529.450079,0.829935,20.605340,118904.343072
44538568.902950,1.126927,21.238942,144675.654349
44546608.355820,1.130748,22.704823,169943.363823
44554647.808691,1.281934,20.478492,194621.128440
44562687.261561,1.348872,18.557871,218624.621064
44570726.714432,1.645180,18.718073,241871.818635
44578766.167303,1.843410,17.596563,264283.282452
44586805.620173,2.040237,17.453444,285782.429625
44594845.073044,1.969884,17.920173,306295.794767
44602884.525914,1.997627,15.259840,325753.281039
44610923.978785,2.320751,13.862236,344088.399676
44618963.431655,2.404169,14.535686,361238.497190
44627002.884526,2.464874,12.807187,377144.969464
44635042.337396,2.413210,9.633805,391753.462012
44643081.790267,2.624624,13.221068,405014.055711
44651121.243138,2.725497,10.381840,416881.437387
44659160.696008,2.780914,8.662877,427315.054649
44667200.148879,2.656586,3.924931,436279.254470
44675239.601749,2.845146,5.386092,443743.405012
44683279.054620,2.757562,1.736535,449682.000300
44691318.507490,2.795319,3.203549,454074.747380
44699357.960361,2.737550,-0.061641,456906.635663
44707397.413232,2.938940,-0.284500,458167.988219
44715436.866102,2.921952,-2.435446,457854.494843
44723476.318973,2.848029,-2.125930,455967.226780
44731515.771843,3.043031,-4.776609,452512.633073
44739555.224714,2.866525,-5.747333,447502.518517
44747594.677584,2.888091,-7.081051,440954.003326
44755634.130455,2.592610,-8.002289,432889.464631
44763673.583326,2.623234,-10.101975,423336.460009
44771713.036196,2.521519,-11.811489,412327.633322
44779752.489067,2.393702,-14.450030,399900.603163
44787791.941937,2.295554,-12.863200,386097.834315
44795831.394808,2.114033,-13.875869,370966.492633
44803870.847678,2.060266,-14.242229,354558.283886
44811910.300549,2.224660,-13.888325,336929.277057
44819949.753420,1.969235,-16.133095,318139.712759
44827989.206290,1.842586,-17.219032,298253.797382
44836028.659161,1.542385,-18.798745,277339.483686
44844068.112031,1.553545,-19.196599,255468.238605
44852107.564902,1.411123,-19.632869,232714.799033
44860147.017772,1.161072,-21.775001,209156.916434
44868186.470643,1.013923,-20.067069,184875.091164
44876225.923514,0.852762,-20.049112,159952.297378
44884265.376384,0.885693,-22.301245,134473.699511
44892304.829255,0.545309,-24.644559,108526.361250
44900344.282125,0.374598,-21.679972,82198.948026
44908383.734996,0.170039,-23.388231,55581.424042
44916423.187866,-0.023444,-22.787617,28764.744841
44924462.640737,0.097735,-24.467675,1840.546510
44932502.093608,-0.276415,-21.914724,-25099.167460
44940541.546478,-0.550182,-22.099257,-51962.340557
44948580.999349,-0.585968,-21.751948,-78657.177822
44956620.452219,-0.756579,-23.868637,-105092.459518
44964659.905090,-1.076987,-20.678854,-131177.852846
44972699.357960,-1.012068,-21.623147,-156824.220620
44980738.810831,-1.203301,-22.383572,-181943.925860
44988778.263701,-1.405054,-20.745095,-206451.131263
44996817.716572,-1.504517,-19.771489,-230262.092517
45004857.169443,-1.702893,-18.397143,-253295.444465
45012896.622313,-1.808513,-17.695338,-275472.479147
45020936.075184,-2.103468,-17.080794,-296717.414743
45028975.528054,-1.930906,-16.183834,-316957.654545
45037014.980925,-2.135313,-13.586087,-336124.035016
45045054.433795,-2.281001,-12.112341,-354151.062139
45053093.886666,-2.486980,-12.275193,-370977.135214
45061133.339537,-2.526890,-12.012458,-386544.757358
45069172.792407,-2.577550,-12.251340,-400800.731979
45077212.245278,-2.643581,-11.344990,-413696.344555
45085251.698148,-2.806294,-8.738250,-425187.529099
45093291.151019,-2.898817,-6.866066,-435235.018737
45101330.603889,-2.849917,-7.697319,-443804.479887
45109370.056760,-2.830498,-1.674261,-450866.629587
45117409.509631,-2.952425,-5.082592,-456397.335548
45125448.962501,-2.943627,-3.540357,-460377.698632
45133488.415372,-3.122281,-1.284938,-462794.117417
45141527.868242,-2.714528,0.481956,-463638.334685
45149567.321113,-2.870693,3.185262,-462907.465637
45157606.773983,-2.939628,2.804995,-460604.007747
45165646.226854,-2.862417,7.837262,-456735.832232
45173685.679725,-3.023895,8.224361,-451316.157150
45181725.132595,-2.887338,7.478179,-444363.502236
45189764.585466,-2.611442,9.669736,-435901.625619
45197804.038336,-2.627426,11.674844,-425959.442632
45205843.491207,-2.599848,10.952238,-414570.927011
45213882.944077,-2.476689,13.287659,-401774.994795
45221922.396948,-2.445071,13.967188,-387615.371350
45229961.849819,-2.404489,15.741831,-372140.441956
45238001.302689,-2.163297,17.180516,-355403.086460
45246040.755560,-2.172648,15.525947,-337460.498586
45254080.208430,-2.015368,17.722262,-318373.990494
45262119.661301,-1.734490,22.282888,-298208.783266
45270159.114171,-1.577029,19.081803,-277033.784043
45278198.567042,-1.623829,21.852406,-254921.350554
45286238.019913,-1.464470,19.897057,-231947.043864
45294277.472783,-1.181012,18.559105,-208189.370171
45302316.925654,-1.102291,24.195619,-183729.512540
45310356.378524,-1.006104,22.051653,-158651.053489
45318395.831395,-0.886444,23.395756,-133039.689380
45326435.284265,-0.634195,23.159337,-106982.937578
45334474.737136,-0.412340,22.019072,-80569.837398
45342514.190007,-0.176581,25.421378,-53890.645843
45350553.642877,-0.185705,24.420462,-27036.529184
45358593.095748,0.095410,20.517332,-99.251436
45366632.548618,0.179693,22.275219,26829.139215
45374672.001489,0.322302,23.831283,53656.624953
45382711.454359,0.574082,22.692842,80291.532763
45390750.907230,0.854190,22.117805,106642.847699
45398790.360100,0.832440,19.709579,132620.523884
45406829.812971,1.183190,20.718855,158135.792217
45414869.265842,1.251872,19.913638,183101.463703
45422908.718712,1.455961,20.300972,207432.227390
45430948.171583,1.549295,18.716785,231044.941892
45438987.624453,1.627294,20.210544,253858.919487
45447027.077324,1.717409,20.067134,275796.201844
45455066.530194,1.788461,16.953549,296781.826411
45463105.983065,1.890647,13.896469,316744.082576
45471145.435936,2.123785,15.416214,335614.756711
45479184.888806,2.215808,15.309871,353329.365264
45487224.341677,2.294963,15.110770,369827.375112
45495263.794547,2.259384,12.673283,385052.410405
45503303.247418,2.503818,12.641485,398952.445217
45511342.700288,2.679480,10.054040,411479.981317
45519382.153159,2.819526,7.393981,422592.210482
45527421.606030,2.816316,5.280078,432251.160781
45535461.058900,2.757153,6.584773,440423.826319
45543500.511771,2.869672,4.698912,447082.280038
45551539.964641,2.956111,5.529921,452203.769131
45559579.417512,2.915091,1.926092,455770.792804
45567618.870382,2.966294,1.140392,457771.162073
45575658.323253,2.837073,-0.436040,458198.041414
45583697.776124,2.953517,-0.817141,457049.972127
45591737.228994,2.813967,-2.537926,454330.877314
45599776.681865,2.808375,-3.597803,450050.048474
45607816.134735,2.683282,-5.007680,444222.113758
45615855.587606,2.642821,-7.434798,436866.987978
45623895.040476,2.578102,-9.873256,428009.804557
45631934.493347,2.511986,-10.574628,417680.829644
45639973.946218,2.472558,-10.010210,405915.358690
45648013.399088,2.238871,-12.642353,392753.595842
45656052.851959,2.251715,-14.861889,378240.516559
45664092.304829,2.173074,-14.307541,362425.713922
45672131.757700,2.086121,-16.765046,345363.229172
45680171.210570,2.105652,-17.920450,327111.367039
45688210.663441,1.898922,-18.602275,307732.496515
45696250.116312,1.727165,-18.291089,287292.837724
45704289.569182,1.793792,-19.868472,265862.235641
45712329.022053,1.450639,-20.441427,243513.921425
45720368.474923,1.351599,-20.064252,220324.262175
45728407.927794,1.276572,-20.593311,196372.499979
45736447.380664,0.909475,-22.425368,171740.481124
45744486.833535,0.899455,-20.345580,146512.376429
45752526.286406,0.593741,-23.505172,120774.393612
45760565.739276,0.676276,-24.269943,94614.482713
45768605.192147,0.281358,-21.557945,68122.035553
45776644.645017,0.126627,-24.180462,41387.580274
45784684.097888,-0.061202,-23.438800,14502.471992
45792723.550758,-0.161862,-23.807063,-12441.419376
45800763.003629,-0.221755,-20.810945,-39352.023046
45808802.456499,-0.538944,-22.979252,-66137.381981
45816841.909370,-0.709277,-21.172556,-92705.967120
45824881.362241,-0.732253,-21.334715,-118966.990147
45832920.815111,-1.045991,-22.085401,-144830.713729
45840960.267982,-1.036390,-19.534793,-170208.758152
45848999.720852,-1.385134,-20.696874,-195014.403335
45857039.173723,-1.463881,-19.629677,-219162.885156
45865078.626593,-1.498151,-17.526587,-242571.685110
45873118.079464,-1.671914,-18.031715,-265160.812278
45881157.532335,-2.019860,-16.005741,-286853.076671
45889196.985205,-2.008070,-16.421530,-307574.352996
45897236.438076,-2.175609,-16.534761,-327253.833954
45905275.890946,-2.203204,-17.123121,-345824.272196
45913315.343817,-2.466938,-12.335800,-363222.210115
45921354.796687,-2.497105,-12.534399,-379388.196693
45929394.249558,-2.561849,-11.257459,-394266.990648
45937433.702429,-2.678112,-12.345615,-407807.749202
45945473.155299,-2.693130,-9.126975,-419964.201821
45953512.608170,-2.847728,-5.063028,-430694.808325
45961552.061040,-2.798587,-7.104406,-439962.900830
45969591.513911,-2.929193,-5.681972,-447736.809061
45977630.966781,-2.800554,-3.948730,-453989.968559
45985670.419652,-2.997215,-0.549395,-458701.011463
45993709.872523,-2.983429,-1.863292,-461853.839529
46001749.325393,-2.965262,0.848445,-463437.679130
46009788.778264,-3.076818,-1.731208,-463447.118081
46017828.231134,-2.978562,4.294212,-461882.124127
46025867.684005,-2.979513,2.907559,-458748.045057
46033907.136875,-2.806217,6.161532,-454055.590428
46041946.589746,-2.881249,3.376989,-447820.794967
46049986.042617,-2.864298,4.394013,-440064.963783
46058025.495487,-2.650475,9.416543,-430814.599560
46066064.948358,-2.660524,9.977581,-420101.311999
46074104.401228,-2.402209,11.744128,-407961.709798
46082143.854099,-2.387024,12.929045,-394437.275557
46090183.306969,-2.283096,13.179152,-379574.224032
46098222.759840,-2.398761,16.349113,-363423.344203
46106262.212711,-2.095353,17.337473,-346039.825732
46114301.665581,-1.989381,18.068549,-327483.070364
46122341.118452,-2.035709,19.158244,-307816.488949
46130380.571322,-1.937308,17.973380,-287107.284756
46138420.024193,-1.376613,19.460519,-265426.223834
46146459.477063,-1.472583,17.786794,-242847.393191
46154498.929934,-1.277209,22.274449,-219447.947632
46162538.382805,-1.086527,22.342022,-195307.846109
46170577.835675,-1.048698,21.659212,-170509.578493
46178617.288546,-0.842121,22.850069,-145137.883694
46186656.741416,-0.726895,25.535183,-119279.460097
46194696.194287,-0.417132,21.900346,-93022.669303
46202735.647157,-0.357883,22.178981,-66457.234186
46210775.100028,-0.258009,22.883908,-39673.932296
46218814.552898,0.067731,23.210379,-12764.285665
46226854.005769,0.332477,23.143392,14179.751941
46234893.458640,0.350290,22.683235,41066.109236
46242932.911510,0.364617,23.259461,67802.912037
46250972.364381,0.744802,21.848128,94298.797206
46259011.817251,0.900591,21.118115,120463.224852
46267051.270122,1.041910,21.798830,146206.787721
46275090.722992,1.245600,23.746859,171441.516703
46283130.175863,1.301801,20.938680,196081.181446
46291169.628734,1.451414,21.348814,220041.585004
46299209.081604,1.540424,20.090020,243240.851560
46307248.534475,1.688458,17.071533,265599.706198
46315287.987345,1.746336,19.544355,287041.745799
46323327.440216,2.063627,16.575781,307493.700122
46331366.893086,2.243180,17.225711,326885.682178
46339406.345957,2.314076,16.149805,345151.427035
46347445.798828,2.271007,15.870610,362228.518268
46355485.251698,2.443461,11.921189,378058.601228
46363524.704569,2.421420,13.711975,392587.582464
46371564.157439,2.584552,8.748795,405765.814554
46379603.610310,2.712283,9.103139,417548.265761
46387643.063180,2.613692,8.007292,427894.673917
46395682.516051,2.891147,7.659992,436769.683995
46403721.968922,2.762564,4.480058,444142.968934
46411761.421792,2.823828,3.465099,449989.333257
46419800.874663,2.804322,3.557084,454288.799174
46427840.327533,2.923004,-0.141609,457026.674854
46435879.780404,3.043639,0.894743,458193.604615
46443919.233274,2.931544,-0.636783,457785.600909
46451958.686145,2.848299,-2.982683,455804.057938
46459998.139016,2.773065,-3.078942,452255.746889
46468037.591886,2.843203,-6.776070,447152.792807
46476077.044757,2.691546,-6.528116,440512.633148
46484116.497627,2.582385,-9.295895,432357.958203
46492155.950498,2.581380,-9.704031,422716.633560
46500195.403368,2.509532,-12.425624,411621.604877
46508234.856239,2.468066,-14.340539,399110.785315
46516274.309110,2.326009,-12.824061,385226.925973
46524313.761980,2.440054,-12.643574,370017.469807
46532353.214851,2.137463,-14.669544,353534.389508
46540392.667721,1.958625,-15.730353,335834.009908
46548432.120592,1.919938,-17.989641,316976.815510
46556471.573462,1.731138,-18.601922,297027.243804
46564511.026333,1.666917,-19.968667,276053.465072
46572550.479203,1.369508,-21.423930,254127.149449
46580589.932074,1.327758,-21.982284,231323.222010
46588629.384945,1.056802,-21.637361,207719.606745
46596668.837815,1.036445,-22.368891,183396.960282
46604708.290686,0.739618,-21.951484,158438.396271
46612747.743556,0.803051,-22.196238,132929.201375
46620787.196427,0.554681,-20.821932,106956.543835
46628826.649297,0.381148,-23.075376,80609.175605
46636866.102168,0.280837,-24.186009,53977.129072
46644905.555039,0.042998,-22.993368,27151.409409
46652945.007909,-0.261466,-23.790932,223.683592
46660984.460780,-0.406948,-25.464521,-26714.032833
46669023.913650,-0.422842,-23.437470,-53569.690180
46677063.366521,-0.473180,-24.605562,-80251.519171
46685102.819391,-0.666105,-22.070603,-106668.344522
46693142.272262,-0.900473,-20.879477,-132729.896500
46701181.725133,-1.233443,-22.646998,-158347.119388
46709221.178003,-1.312718,-20.814831,-183432.475800
46717260.630874,-1.275488,-18.115758,-207900.245805
46725300.083744,-1.574331,-18.835024,-231666.819848
46733339.536615,-1.504641,-18.844894,-254650.984450
46741378.989485,-1.702186,-19.532733,-276774.199727
46749418.442356,-1.994936,-17.575676,-297960.867772
46757457.895227,-1.960264,-18.769499,-318138.590980
46765497.348097,-2.216667,-17.150481,-337238.419444
46773536.800968,-2.326023,-13.501010,-355195.086563
46781576.253838,-2.513345,-12.726008,-371947.232067
46789615.706709,-2.588759,-12.703670,-387437.611693
46797655.159579,-2.640994,-8.003887,-401613.292796
46805694.612450,-2.634656,-11.041825,-414425.835229
46813734.065321,-2.701263,-9.038183,-425831.456864
46821773.518191,-2.663565,-6.485196,-435791.183208
46829812.971062,-2.852265,-6.945061,-444270.980579
46837852.423932,-2.774393,-3.876947,-451241.872404
46845891.876803,-2.976350,-3.986660,-456680.038239
46853931.329673,-2.881068,-2.507979,-460566.895163
46861970.782544,-2.856856,-0.020232,-462889.161279
46870010.235415,-2.858828,-0.148808,-463638.901103
46878049.688285,-2.957644,1.693762,-462813.552673
46886089.141156,-2.956359,2.725313,-460415.936315
46894128.594026,-2.821626,2.971819,-456454.244996
46902168.046897,-2.899179,6.576292,-450942.016330
46910207.499767,-2.725675,8.388343,-443898.086322
46918246.952638,-2.836118,8.229865,-435346.524996
46926286.405509,-2.764114,11.863194,-425316.554152
46934325.858379,-2.627564,9.788637,-413842.447506
46942365.311250,-2.516575,13.626706,-400963.413575
46950404.764120,-2.296446,12.483734,-386723.461695
46958444.216991,-2.254075,14.880003,-371171.251636
46966483.669861,-2.177295,16.086974,-354359.927325
46974523.122732,-2.118893,16.888042,-336346.935247
46982562.575602,-1.890427,16.834551,-317193.828141
46990602.028473,-1.891435,20.774495,-296966.054669
46998641.481344,-1.497302,18.741202,-275732.735766
47006680.934214,-1.477420,21.452134,-253566.428449
47014720.387085,-1.560853,19.989722,-230542.877876
47022759.839955,-1.299319,20.855130,-206740.758518
47030799.292826,-1.048875,22.218942,-182241.405317
47038838.745696,-0.880812,22.377417,-157128.535752
47046878.198567,-0.685841,21.241756,-131487.963771
47054917.651438,-0.539789,21.748123,-105407.306545
47062957.104308,-0.514964,25.606409,-78975.685077
47070996.557179,-0.451690,25.449037,-52283.419660
47079036.010049,-0.167054,22.740831,-25421.721241
47087075.462920,0.082943,21.807021,1517.620258
47095114.915790,0.154644,25.025641,28442.549600
47103154.368661,0.387387,23.119815,55261.060794
47111193.821532,0.364319,21.183376,81881.511495
47119233.274402,0.788003,23.871893,108212.936156
47127272.727273,0.850402,22.486567,134165.356871
47135312.180143,1.010291,21.754925,159650.090838
47143351.633014,1.190216,21.558613,184580.053402
47151391.085884,1.393579,20.766084,208870.055635
47159430.538755,1.564023,20.796511,232437.095435
47167469.991626,1.670037,18.745605,255200.641159
47175509.444496,1.870200,19.011137,277082.906806
47183548.897367,1.878584,15.480040,298009.117825
47191588.350237,2.030604,14.676393,317907.766629
47199627.803108,2.353969,14.502547,336710.856941
47207667.255978,2.161542,14.234728,354354.136156
47215706.708849,2.305278,11.800921,370777.314888
47223746.161720,2.376528,10.793488,385924.272998
47231785.614590,2.485717,10.824163,399743.251359
47239825.067461,2.687192,9.491111,412187.028720
47247864.520331,2.605207,6.225938,423213.083075
47255903.973202,2.705967,6.366645,432783.736959
47263943.426072,2.780325,3.222972,440866.286202
47271982.878943,2.721920,4.203790,447433.111681
47280022.331814,2.787171,2.267279,452461.773697
47288061.784684,2.886506,2.702659,455935.088659
47296101.237555,2.853944,0.949116,457841.187795
47304140.690425,2.881222,1.079042,458173.557717
47312180.143296,2.875808,-2.422281,456931.062676
47320219.596166,2.784842,-5.556868,454117.948435
47328259.049037,2.784064,-6.583106,449743.827776
47336298.501908,2.771669,-5.752109,443823.647635
47344337.954778,2.612723,-6.495109,436377.638042
47352377.407649,2.631562,-8.962974,427431.242980
47360416.860519,2.496677,-8.078780,417015.033444
47368456.313390,2.366436,-10.234821,405164.602982
47376495.766260,2.236284,-14.457759,391920.446056
47384535.219131,2.302785,-13.602959,377327.819675
47392574.672001,2.291100,-15.064729,361436.588745
47400614.124872,2.031687,-13.641666,344301.055671
47408653.577743,1.831733,-14.179305,325979.774800
47416693.030613,1.949124,-17.556846,306535.352335
47424732.483484,1.786336,-16.244761,286034.232401
47432771.936354,1.693523,-17.878194,264546.469994
47440811.389225,1.431276,-17.538908,242145.491595
47448850.842095,1.278771,-19.624297,218907.844267
47456890.294966,1.198178,-22.061791,194912.934075
47464929.747837,0.939409,-21.460496,170242.754753
47472969.200707,0.820253,-21.681175,144981.607516
47481008.653578,0.597587,-22.557781,119215.812994
47489048.106448,0.517304,-22.574720,93033.416262
47497087.559319,0.296994,-20.904099,66523.885980
47505127.012189,0.145882,-22.184830,39777.808664
47513166.465060,-0.023690,-24.687573,12886.579145
47521205.917931,-0.136273,-24.419280,-14057.911746
47529245.370801,-0.329078,-25.662613,-40963.591172
47537284.823672,-0.400740,-22.449917,-67738.518925
47545324.276542,-0.718699,-21.633554,-94291.201589
47553363.729413,-1.034087,-23.439210,-120530.905189
47561403.182283,-1.163166,-20.715543,-146367.965241
47569442.635154,-1.163554,-22.152742,-171714.093147
47577482.088025,-1.344094,-18.003242,-196482.677886
47585521.540895,-1.471311,-22.542619,-220589.081980
47593560.993766,-1.683016,-18.073680,-243950.930704
47601600.446636,-1.748369,-19.260070,-266488.393581
47609639.899507,-1.901261,-16.780422,-288124.457165
47617679.352377,-2.185311,-15.153373,-308785.188209
47625718.805248,-2.160907,-16.739603,-328399.986304
47633758.258119,-2.372034,-15.560311,-346901.825130
47641797.710989,-2.245346,-13.827803,-364227.481495
47649837.163860,-2.486307,-13.832687,-380317.751377
47657876.616730,-2.331931,-10.697351,-395117.652224
47665916.069601,-2.640098,-9.402042,-408576.610852
47673955.522471,-2.623667,-10.095500,-420648.636242
47681994.975342,-2.781433,-9.316356,-431292.476715
47690034.428213,-2.851703,-4.960507,-440471.760881
47698073.881083,-2.894505,-6.349719,-448155.121930
47706113.333954,-2.924070,-4.544732,-454316.304817
47714152.786824,-2.918897,-1.812308,-458934.255977
47722192.239695,-2.949363,0.422888,-461993.195271
47730231.692565,-2.878528,0.221321,-463482.669904
47738271.145436,-2.754013,1.510575,-463397.590147
47746310.598307,-2.893692,2.840672,-461738.246729
47754350.051177,-2.793845,3.460130,-458510.309842
47762389.504048,-2.785264,4.863053,-453724.809769
47770428.956918,-2.892575,6.901535,-447398.099185
47778468.409789,-2.943814,7.407624,-439551.797283
47786507.862659,-2.714224,12.044052,-430212.715901
47794547.315530,-2.538940,10.101248,-419412.767894
47802586.768400,-2.580697,10.841654,-407188.858092
47810626.221271,-2.518800,12.962798,-393582.757187
47818665.674142,-2.439645,14.217472,-378640.958996
47826705.127012,-2.248571,12.384312,-362414.521591
47834744.579883,-2.276122,18.453453,-344958.892821
47842784.032753,-2.178270,13.853543,-326333.720842
47850823.485624,-1.881053,16.484179,-306602.650294
47858862.938494,-1.719595,20.935443,-285833.104813
47866902.391365,-1.706770,18.342250,-264096.056641
47874941.844236,-1.436014,21.244756,-241465.784103
47882981.297106,-1.426851,20.709226,-218019.617787
47891020.749977,-1.277141,21.411997,-193837.676296
47899060.202847,-0.939052,21.445594,-169002.592474
47907099.655718,-0.824450,20.940445,-143599.231037
47915139.108588,-0.802509,25.286166,-117714.398578
47923178.561459,-0.617697,25.244690,-91436.546941
47931218.014330,-0.346479,23.062206,-64855.470967
47939257.467200,-0.186547,23.048786,-38062.001654
47947296.920071,0.080755,22.942408,-11147.695777
47955336.372941,0.139827,23.117222,15795.476976
47963375.825812,0.324779,22.719368,42675.448277
47971415.278682,0.489151,22.862010,69400.365761
47979454.731553,0.827394,20.541086,95878.906906
47987494.184424,0.818534,21.443406,122020.591089
47995533.637294,1.025773,23.834928,147736.088770
48003573.090165,1.245565,20.505286,172937.526744
48011612.543035,1.329145,21.526745,197538.788418
48019651.995906,1.479696,18.395437,221455.808074
48027691.448776,1.696551,21.437366,244606.858143
48035730.901647,1.808921,17.861801,266912.828471
48043770.354518,1.730544,16.970465,288297.496654
48051809.807388,2.007374,16.329443,308687.788495
48059849.260259,2.037816,15.702021,328014.027711
48067888.713129,2.177085,12.770823,346210.174027
48075928.166000,2.304917,16.955672,363214.048840
48083967.618870,2.353213,13.502538,378967.547697
48092007.071741,2.454590,13.068607,393416.838839
48100046.524612,2.708524,9.743534,406512.547158
48108085.977482,2.702036,9.948943,418209.922913
48116125.430353,2.648766,5.417731,428468.994647
48124164.883223,2.797037,6.534446,437254.705776
48132204.336094,2.741632,4.662165,444537.034382
48140243.788964,2.739171,1.138576,450291.095798
48148283.241835,2.853934,1.378240,454497.227649
48156322.694706,2.938881,-0.089245,457141.057033
48164362.147576,2.929488,2.056281,458213.549641
48172401.600447,2.915379,-0.679153,457711.040626
48180441.053317,2.944907,-2.023052,455635.247128
48188480.506188,2.659951,-5.112791,451993.262403
48196519.959058,2.732331,-5.631343,446797.531586
48204559.411929,2.704426,-6.476788,440065.809167
48212598.864799,2.601586,-10.058638,431821.098318
48220638.317670,2.701288,-10.297332,422091.572290
48228677.770541,2.500762,-10.795214,410910.478139
48236717.223411,2.374783,-11.257379,398316.023121
48244756.676282,2.284507,-14.703136,384351.244129
48252796.129152,2.190520,-15.225512,369063.860632
48260835.582023,2.257587,-15.003435,352506.111608
48268875.034893,2.098546,-14.506412,334734.577044
48276914.487764,1.858205,-16.813404,315809.984586
48284953.940635,1.774393,-18.963852,295797.002034
48292993.393505,1.807256,-18.277798,274764.016352
48301032.846376,1.601663,-18.421531,252782.899993
48309072.299246,1.187258,-18.907206,229928.765294
48317111.752117,1.270038,-21.818852,206279.707809
48325151.204987,1.288533,-21.235583,181916.539448
48333190.657858,0.904915,-23.449191,156922.512329
48341230.110729,0.716065,-20.854391,131383.034299
48349269.563599,0.456358,-23.534383,105385.377079
48357309.016470,0.422648,-23.614514,79018.378050
48365348.469340,0.158811,-23.434412,52372.136681
48373387.922211,-0.016378,-24.896723,25537.706649
48381427.375081,-0.096995,-22.932449,-1393.215303
48389466.827952,-0.265895,-24.103440,-28328.602710
48397506.280823,-0.259064,-24.426915,-55176.413843
48405545.733693,-0.485923,-24.314995,-81844.906236
48413585.186564,-0.797315,-23.195743,-108242.950178
48421624.639434,-0.945947,-24.432443,-134280.340114
48429664.092305,-1.101801,-24.252761,-159868.102893
48437703.545175,-1.218628,-21.883080,-184918.801797
48445742.998046,-1.556241,-21.304407,-209346.835325
48453782.450917,-1.520222,-22.508399,-233068.729706
48461821.903787,-1.632820,-20.635520,-256003.424137
48469861.356658,-1.837050,-16.378602,-278072.547780
48477900.809528,-2.012231,-14.876207,-299200.687567
48485940.262399,-2.103742,-16.048085,-319315.645893
48493979.715269,-2.270138,-16.864764,-338348.687324
48502019.168140,-2.299812,-13.280821,-356234.773479
48510058.621011,-2.654115,-15.118464,-372912.785275
48518098.073881,-2.558890,-12.405235,-388325.731770
48526137.526752,-2.491719,-10.492732,-402420.944922
48534176.979622,-2.793410,-9.080141,-415150.259550
48542216.432493,-2.762390,-11.323540,-426470.177928
48550255.885363,-2.808504,-3.898570,-436342.018423
48558295.338234,-2.783474,-5.986390,-444732.047668
48566334.791104,-2.740047,-3.839689,-451611.595842
48574374.243975,-2.913861,-2.394282,-456957.154632
48582413.696846,-2.788127,-2.943027,-460750.457568
48590453.149716,-2.928087,0.196838,-462978.542441
48598492.602587,-2.951079,2.631465,-463633.795592
48606532.055457,-2.861591,3.330975,-462713.977939
48614571.508328,-2.922600,3.278323,-460222.232615
48622610.961198,-2.781198,4.886882,-456167.074241
48630650.414069,-2.717386,5.138264,-450562.359822
48638689.866940,-3.039348,7.901687,-443427.241393
48646729.319810,-2.650344,6.785329,-434786.100588
48654768.772681,-2.700201,9.744154,-424668.465305
48662808.225551,-2.524096,11.712925,-413108.908827
48670847.678422,-2.460917,10.238387,-400146.931660
48678887.131292,-2.391988,13.684510,-385826.826569
48686926.584163,-2.397629,14.164477,-370197.527218
48694966.037034,-2.170106,14.993766,-353312.440958
48703005.489904,-2.011800,15.118902,-335229.266328
48711044.942775,-1.973327,16.416725,-316009.795891
48719084.395645,-1.772779,17.583156,-295719.705080
48727123.848516,-1.635722,20.008472,-274428.327777
48735163.301386,-1.389031,17.307995,-252208.419392
48743202.754257,-1.347693,21.646963,-229135.908245
48751242.207128,-1.115320,20.764026,-205289.636111
48759281.659998,-1.090116,22.006786,-180751.088808
48767321.112869,-0.905248,24.147618,-155604.117748
48775360.565739,-0.845955,21.108019,-129934.653405
48783400.018610,-0.638644,22.501375,-103830.411681
48791439.471480,-0.185000,21.518029,-77380.594172
48799478.924351,-0.297329,21.516010,-50675.583346
48807518.377222,-0.037554,24.372504,-23806.633704
48815557.830092,0.065276,22.171013,3134.440054
48823597.282963,0.153186,23.670465,30055.576770
48831636.735833,0.422573,23.326433,56864.783415
48839676.188704,0.428788,24.356712,83470.449437
48847715.641574,0.623301,24.077096,109781.659813
48855755.094445,0.917596,21.101295,135708.505708
48863794.547316,1.178845,21.608158,161162.391715
48871834.000186,1.377736,19.418061,186056.338591
48879873.453057,1.464527,19.469356,210305.280475
48887912.905927,1.466225,20.161951,233826.355578
48895952.358798,1.646640,17.306499,256539.189321
48903991.811668,1.859006,18.164602,278366.168995
48912031.264539,1.937988,17.782224,299232.708967
48920070.717410,1.891574,16.978373,319067.505551
48928110.170280,2.168099,16.555905,337802.780667
48936149.623151,2.366291,14.816343,355374.513438
48944189.076021,2.570829,12.504030,371722.658966
48952228.528892,2.431949,10.667848,386791.353508
48960267.981762,2.637060,12.207004,400529.105372
48968307.434633,2.562426,8.241175,412888.970873
48976346.887503,2.597181,8.403944,423828.714739
48984386.340374,2.739746,4.893973,433310.954441
48992425.793245,2.883664,7.579367,441303.287930
49000465.246115,2.828819,5.122462,447778.404364
49008504.698986,2.856172,0.643903,452714.177426
49016544.151856,2.865583,1.507892,456093.740935
49024583.604727,2.835947,-0.258178,457905.546485
49032623.057597,2.827904,-0.797049,458143.402897
49040662.510468,2.737705,-1.682078,456806.497389
49048701.963339,2.788512,-3.774210,453899.398340
49056741.416209,2.743553,-5.127593,449432.039683
49064780.869080,2.892409,-4.520950,443419.686968
49072820.321950,2.601895,-9.088283,435882.885184
49080859.774821,2.654468,-8.183597,426847.388567
49088899.227691,2.598856,-11.183171,416344.072585
49096938.680562,2.407149,-10.828544,404408.828435
49104978.133433,2.248561,-13.654274,391082.440402
49113017.586303,2.353111,-13.873527,376410.446488
49121057.039174,2.225528,-13.971439,360442.982809
49129096.492044,1.896799,-17.314927,343234.612266
49137135.944915,2.007553,-18.217822,324844.138103
49145175.397785,1.868955,-16.894273,305334.402965
49153214.850656,1.799747,-16.043751,284772.074157
49161254.303527,1.535366,-17.876913,263227.415835
49169293.756397,1.400763,-18.466455,240774.048903
49177333.209268,1.287438,-22.228924,217488.699438
49185372.662138,1.114262,-20.885025,193450.936513
49193412.115009,1.044259,-21.995361,168742.900293
49201451.567879,0.843099,-20.909770,143449.021357
49209491.020750,0.608392,-25.417413,117655.732182
49217530.473621,0.473355,-23.765519,91451.171796
49225569.926491,0.476061,-21.179980,64924.884596
49233609.379362,0.228223,-23.706247,38167.514358
49241648.832232,-0.041145,-21.832503,11270.494501
49249688.285103,-0.091520,-22.925118,-15674.264354
49257727.737973,-0.487284,-22.351470,-42574.688459
49265767.190844,-0.457656,-20.514966,-69338.855560
49273806.643715,-0.656773,-22.107850,-95875.309014
49281846.096585,-0.940561,-22.248099,-122093.370303
49289885.549456,-1.000681,-22.742688,-147903.448897
49297925.002326,-1.201528,-20.176803,-173217.348397
49305964.455197,-1.186530,-21.504920,-197948.567911
49314003.908067,-1.379567,-21.269085,-222012.597642
49322043.360938,-1.670456,-21.203758,-245327.207667
49330082.813809,-1.957438,-21.306939,-267812.728926
49338122.266679,-1.873303,-17.103829,-289392.325466
49346161.719550,-2.067196,-16.908281,-309992.256994
49354201.172420,-2.183687,-17.309242,-329542.130862
49362240.625291,-2.108946,-14.855219,-347975.142606
49370280.078161,-2.460337,-12.682868,-365228.304222
49378319.531032,-2.354532,-11.821689,-381242.659413
49386358.983902,-2.516639,-11.301422,-395963.485039
49394398.436773,-2.725719,-10.232617,-409340.478123
49402437.889644,-2.651808,-10.291273,-421327.927738
49410477.342514,-2.710614,-6.198915,-431884.871207
49418516.795385,-2.881383,-8.554436,-440975.234080
49426556.248255,-2.853316,-6.796638,-448567.953402
49434595.701126,-2.814773,-2.655791,-454637.083863
49442635.153996,-3.021328,-2.010671,-459161.886454
49450674.606867,-3.081063,-0.389323,-462126.899336
49458714.059738,-2.882752,1.681750,-463521.990672
49466753.512608,-2.827243,-0.495147,-463342.393255
49474792.965479,-2.976291,3.240819,-461588.720792
49482832.418349,-2.834113,3.487484,-458266.965809
49490871.871220,-2.839728,4.487584,-453388.479178
49498911.324090,-2.852360,5.953517,-446969.931321
49506950.776961,-2.612285,8.653472,-439033.255253
49514990.229832,-2.831801,7.707702,-429605.571629
49523029.682702,-2.617130,10.911930,-418719.096072
49531069.135573,-2.647890,11.057005,-406411.029086
49539108.588443,-2.630405,12.426879,-392723.428940
49547148.041314,-2.355871,13.233086,-377703.067946
49555187.494184,-2.273266,16.368688,-361401.272633
49563226.947055,-1.971963,15.892757,-343873.748359
49571266.399926,-2.095910,17.763125,-325180.388956
49579305.852796,-1.935712,17.860986,-305385.072068
49587345.305667,-1.698204,19.878448,-284555.440872
49595384.758537,-1.654445,16.877844,-262762.672928
49603424.211408,-1.432796,18.813002,-240081.236964
49611463.664278,-1.340621,20.550135,-216588.638400
49619503.117149,-1.146934,23.709502,-192365.154504
49627542.570020,-0.918658,21.150731,-167493.560076
49635582.022890,-0.783719,21.963005,-142058.844592
49643621.475761,-0.685817,22.565430,-116147.921788
49651660.928631,-0.620454,23.403288,-89849.332661
49659700.381502,-0.408999,25.541365,-63252.942915
49667739.834372,-0.240447,22.324659,-36449.635878
49675779.287243,-0.073363,23.464539,-9531.001939
49683818.740114,0.096047,22.286035,17410.974422
49691858.192984,0.466282,24.328715,44284.228965
49699897.645855,0.503745,23.508955,70996.932279
49707937.098725,0.568238,20.998637,97457.803578
49715976.551596,0.811191,20.509686,123576.422619
49724016.004466,0.902006,22.920300,149263.538679
49732055.457337,1.004132,18.044134,174431.375537
49740094.910208,1.407344,18.962781,198993.931419
49748134.363078,1.453171,23.042369,222867.272870
49756173.815949,1.623475,22.912218,245969.821575
49764213.268819,1.666205,17.227571,268222.633116
49772252.721690,1.856052,17.893761,289549.666738
49780292.174560,2.052807,16.696491,309878.045190
49788331.627431,1.989186,14.147534,329138.303756
49796371.080301,2.014132,12.494304,347264.627622
49804410.533172,2.207603,14.266697,364195.076782
49812449.986043,2.470313,12.601402,379871.797684
49820489.438913,2.340827,10.355103,394241.220932
49828528.891784,2.590315,9.179107,407254.244337
49836568.344654,2.592535,6.673061,418866.400700
49844607.797525,2.624265,8.067037,429038.009774
49852647.250395,2.838469,5.757772,437734.313843
49860686.703266,2.791077,2.643902,444925.596505
49868726.156137,2.746265,2.917108,450587.284212
49876765.609007,2.811776,0.527003,454700.030237
49884805.061878,2.867122,2.118711,457249.780794
49892844.514748,2.823304,0.909074,458227.823051
49900883.967619,2.820972,-1.428972,457630.814912
49908923.420489,2.747365,-5.091341,455460.796431
49916962.873360,2.785491,-2.743269,451725.182842
49925002.326231,2.870199,-4.714286,446436.739226
49933041.779101,2.888272,-4.827633,439613.536881
49941081.231972,2.598777,-10.030129,431278.891581
49949120.684842,2.684238,-8.578543,421461.283892
49957160.137713,2.533340,-11.239830,410194.261857
49965199.590583,2.585664,-12.267263,397516.326361
49973239.043454,2.266301,-13.677215,383470.799557
49981278.496325,2.273656,-15.318339,368105.676842
49989317.949195,2.306765,-16.630787,351473.462841
49997357.402066,2.195211,-17.124808,333630.991993
50005396.854936,1.951484,-17.253341,314639.234347
50013436.307807,1.848315,-17.362633,294563.087209
50021475.760677,1.782180,-20.319229,273471.153392
50029515.213548,1.506807,-16.633303,251435.506779
50037554.666419,1.218740,-21.498128,228531.446043
50045594.119289,1.090423,-19.270593,204837.237344
50053633.572160,1.067434,-22.904412,180433.846877
50061673.025030,0.966892,-23.807728,155404.664207
50069712.477901,0.640360,-20.320359,129835.217310
50077751.930771,0.588494,-24.428753,103812.880315
50085791.383642,0.305646,-20.295554,77426.574937
50093830.836513,0.347336,-25.087659,50766.466619
50101870.289383,0.099657,-22.194114,23923.656421
50109909.742254,-0.056118,-21.802388,-3010.130279
50117949.195124,-0.409370,-22.906553,-29942.857222
50125988.647995,-0.362846,-26.649894,-56782.491775
50134028.100865,-0.779390,-24.289199,-83437.319410
50142067.553736,-0.840013,-24.558163,-109816.257111
50150107.006606,-0.955850,-25.181555,-135829.164612
50158146.459477,-0.973910,-21.678163,-161387.152419
50166185.912348,-1.286392,-21.411149,-186402.885563
50174225.365218,-1.474321,-19.666145,-210790.882022
50182264.818089,-1.625643,-19.178869,-234467.804839
50190304.270959,-1.713918,-19.639106,-257352.746884
50198343.723830,-1.810047,-17.670998,-279367.507330
50206383.176700,-2.006197,-16.040661,-300436.858875
50214422.629571,-2.060413,-15.091832,-320488.804799
50222462.082442,-2.242160,-14.335637,-339454.824992
50230501.535312,-2.237365,-15.170844,-357270.110093
50238540.988183,-2.423318,-14.562992,-373873.782953
50246580.441053,-2.560790,-12.198762,-389209.106661
50254619.893924,-2.467348,-8.631086,-403223.678416
50262659.346794,-2.713131,-8.825872,-415869.608604
50270698.799665,-2.656831,-11.079054,-427103.684432
50278738.252536,-2.833781,-7.204436,-436887.517603
50286777.705406,-2.733645,-5.924635,-445187.675483
50294817.158277,-3.011674,-1.831964,-451975.795350
50302856.611147,-2.842943,-5.085398,-457228.681318
50310896.064018,-2.961560,-1.056160,-460928.383590
50318935.516888,-3.041662,-1.214138,-463062.259800
50326974.969759,-2.983176,2.890656,-463623.018218
50335014.422630,-2.965431,3.908589,-462608.742657
50343053.875500,-2.965158,4.524488,-460022.899031
50351093.328371,-2.830059,3.073131,-455874.323501
50359132.781241,-2.822839,7.032778,-450177.192294
50367172.234112,-2.875408,6.885470,-442950.973246
50375211.686982,-2.835249,9.341087,-434220.359290
50383251.139853,-2.690494,11.062598,-424015.184070
50391290.592724,-2.563336,8.859011,-412370.320000
50399330.045594,-2.508772,11.647496,-399325.559096
50407369.498465,-2.198228,13.300476,-384925.477006
50415408.951335,-2.329932,13.318975,-369219.280683
50423448.404206,-2.100613,17.681423,-352260.640249
50431487.857076,-2.110187,15.549952,-334107.505584
50439527.309947,-1.941878,18.841859,-314821.908314
50447566.762818,-1.889030,20.528306,-294469.749837
50455606.215688,-1.670221,17.679174,-273120.576128
50463645.668559,-1.393856,19.518687,-250847.340094
50471685.121429,-1.370452,21.756630,-227726.152284
50479724.574300,-1.076306,22.028817,-203836.020806
50487764.027170,-1.073366,20.422329,-179258.581353
50495803.480041,-0.748010,22.750873,-154077.818233
50503842.932912,-0.770345,25.385404,-128379.777396
50511882.385782,-0.593786,21.798654,-102252.272392
50519921.838653,-0.424399,25.483723,-75784.584309
50527961.291523,-0.112877,22.338398,-49067.156684
50536000.744394,-0.104293,22.078433,-22191.286446
50544040.197264,0.129068,22.040785,4751.188055
50552079.650135,0.107835,24.458490,31668.200877
50560119.103005,0.526141,22.426083,58467.773081
50568158.555876,0.599782,22.866248,85058.327039
50576198.008747,0.798737,22.163715,111348.999364
50584237.461617,0.866837,21.678899,137249.951407
50592276.914488,1.043826,22.159388,162672.676240
50600316.367358,1.370223,22.248166,187530.301102
50608355.820229,1.261560,19.431993,211737.884252
50616395.273099,1.479230,20.809285,235212.705227
50624434.725970,1.830241,19.550979,257874.547505
50632474.178841,1.917061,18.152458,279645.972619
50640513.631711,1.907216,16.562455,300452.584777
50648553.084582,2.049506,17.976883,320223.285073
50656592.537452,2.110386,15.260803,338890.514451
50664631.990323,2.117290,11.406159,356390.484557
50672671.443193,2.515710,14.226104,372663.395713
50680710.896064,2.532469,11.960138,387653.641263
50688750.348935,2.442521,10.195492,401309.997587
50696789.801805,2.551488,11.958018,413585.799136
50704829.254676,2.710768,6.439680,424439.097898
50712868.707546,2.727739,5.685944,433832.806736
50720908.160417,2.693756,5.545273,441734.826126
50728947.613287,2.839596,3.908993,448118.153838
50736987.066158,2.750307,5.408558,452960.977208
50745026.519029,2.856300,3.176693,456246.747681
50753065.971899,2.796864,1.469840,457964.237348
50761105.424770,2.825576,-1.541142,458107.577325
50769144.877640,2.988058,-3.527098,456676.277803
50777184.330511,2.780179,-3.898122,453675.229714
50785223.783381,2.828930,-7.158775,449114.688034
50793263.236252,2.611990,-7.599307,443010.236725
50801302.689123,2.633000,-6.489940,435382.735493
50809342.141993,2.755584,-8.469258,426258.248506
50817381.594864,2.616090,-10.415316,415667.955320
50825421.047734,2.590163,-11.315227,403648.044348
50833460.500605,2.311189,-15.587502,390239.589190
50841499.953475,2.226376,-13.847357,375488.408286
50849539.406346,2.186976,-15.800329,359444.908340
50857578.859217,2.071305,-16.455568,342163.912080
50865618.312087,1.937544,-18.694858,323704.470923
50873657.764958,1.861980,-17.144956,304129.663181
50881697.217828,1.740940,-20.724976,283506.378523
50889736.670699,1.538950,-17.312079,261905.089398
50897776.123569,1.442402,-21.423471,239399.610223
50905815.576440,1.229578,-19.862886,216066.845152
50913855.029311,1.151719,-23.382898,191986.525281
50921894.482181,1.035833,-21.225955,167240.936201
50929933.935052,0.844464,-23.919187,141914.636810
50937973.387922,0.634188,-23.646877,116094.170373
50946012.840793,0.383753,-23.085924,89867.768785
50954052.293663,0.339523,-20.733819,63325.051076
50962091.746534,0.162804,-24.437231,36556.717170
50970131.199404,-0.032297,-26.180912,9654.237949
50978170.652275,-0.142816,-21.183814,-17290.457312
50986210.105146,-0.280892,-23.597206,-44185.295081
50994249.558016,-0.597336,-22.484853,-70938.372193
51002289.010887,-0.812673,-22.762525,-97458.269902
51010328.463757,-0.946162,-23.491226,-123654.366262
51018367.916628,-1.060171,-19.916188,-149437.145800
51026407.369498,-1.410983,-23.936266,-174718.505403
51034446.822369,-1.414050,-21.046347,-199412.055371
51042486.275240,-1.528442,-19.991898,-223433.414629
51050525.728110,-1.550643,-19.506218,-246700.499063
51058565.180981,-1.815006,-16.771079,-269133.802016
51066604.633851,-1.858463,-16.311973,-290656.665971
51074644.086722,-2.034083,-17.392401,-311195.544499
51082683.539592,-2.161913,-17.505830,-330680.253576
51090722.992463,-2.193513,-13.576101,-349044.211415
51098762.445334,-2.518121,-17.023255,-366224.665980
51106801.898204,-2.423691,-11.799767,-382162.909421
51114841.351075,-2.590096,-11.338343,-396804.478683
51122880.803945,-2.621133,-10.043700,-410099.341619
51130920.256816,-2.509404,-10.587741,-422002.067950
51138959.709686,-2.711190,-6.153847,-432471.984510
51146999.162557,-2.805611,-8.206336,-441473.314232
51155038.615428,-2.816656,-4.096916,-448975.298397
51163078.068298,-2.986977,-3.034968,-454952.301752
51171117.521169,-2.796238,-1.727941,-459383.900095
51179156.974039,-2.998022,-0.241058,-462254.950079
51187196.426910,-2.847703,2.748508,-463555.640953
51195235.879780,-3.139690,1.010728,-463281.528084
51203275.332651,-3.027688,2.030634,-461433.548155
51211314.785522,-2.924003,4.514241,-458018.015951
51219354.238392,-2.774065,5.348174,-453046.602792
51227393.691263,-2.910108,7.411365,-446536.296645
51235433.144133,-2.750556,9.004690,-438509.344071
51243472.597004,-2.533212,10.372696,-428993.174215
51251512.049874,-2.685638,10.370325,-418020.305067
51259551.502745,-2.298225,12.216632,-405628.232351
51267590.955616,-2.454549,13.246802,-391859.301394
51275630.408486,-2.491972,12.329897,-376760.562423
51283669.861357,-2.291162,14.449300,-360383.609798
51291709.314227,-2.192780,15.831016,-342784.405698
51299748.767098,-2.030042,19.433842,-324023.088896
51307788.219968,-1.801087,18.610631,-304163.769254
51315827.672839,-1.682925,19.419445,-283274.308653
51323867.125709,-1.654739,18.074471,-261426.089102
51331906.578580,-1.553654,19.976628,-238693.768810
51339946.031451,-1.327839,22.131511,-215155.027078
51347985.484321,-1.225749,19.537347,-190890.298851
51356024.937192,-1.034900,22.479210,-165982.499865
51364064.390062,-0.825042,24.280754,-140516.743314
51372103.842933,-0.613919,25.221444,-114580.049003
51380143.295803,-0.392725,23.430669,-88261.045994
51388182.748674,-0.395936,23.817185,-61649.669749
51396222.201545,-0.323143,23.483879,-34836.854806
51404261.654415,0.013868,23.728268,-7914.224045
51412301.107286,0.174733,22.653865,19026.224399
51420340.560156,0.359111,25.906357,45892.431505
51428380.013027,0.642492,23.537756,72592.591944
51436419.465897,0.630240,23.777165,99035.467791
51444458.918768,0.765395,23.426330,125130.700297
51452498.371639,0.891988,19.800564,150789.118652
51460537.824509,1.246794,20.898028,175923.044700
51468577.277380,1.306937,21.120110,200446.592544
51476616.730250,1.532223,20.342286,224275.962024
51484656.183121,1.571225,20.192177,247329.725085
51492695.635991,1.879370,19.849809,269529.104014
51500735.088862,1.815437,18.716629,290798.240643
51508774.541733,2.044139,14.828118,311064.455562
51516813.994603,2.098418,17.363268,330258.496476
51524853.447474,2.124836,16.137203,348314.774847
51532892.900344,2.340845,13.547433,365171.590021
51540932.353215,2.335725,11.784212,380771.340064
51548971.806085,2.575482,10.446158,395060.718601
51557011.258956,2.569824,9.524866,407990.896962
51565050.711827,2.765251,9.858974,419517.691046
51573090.164697,2.763779,7.455891,429601.712294
51581129.617568,2.933836,6.452581,438208.502295
51589169.070438,2.654231,6.239596,445308.650524
51597208.523309,2.967454,1.928694,450877.894852
51605247.976179,2.751398,2.981562,454897.204446
51613287.429050,2.768298,3.549840,457352.844799
51621326.881921,2.967159,1.521001,458236.424670
51629366.334791,2.914695,-3.760093,457544.924752
51637405.787662,2.778500,-4.497109,455280.707990
51645445.240532,2.627184,-5.016158,451451.511507
51653484.693403,2.807027,-7.455058,446070.420166
51661524.146273,2.662932,-5.662776,439155.821857
51669563.599144,2.557532,-9.645179,430731.344663
51677603.052015,2.622001,-9.005048,420825.776120
51685642.504885,2.438242,-11.647971,409472.964846
51693681.957756,2.351579,-13.726120,396711.704874
51701721.410626,2.479161,-16.813398,382585.603092
51709760.863497,2.257182,-15.016560,367142.930230
51717800.316367,2.105915,-14.332858,350436.455911
51725839.769238,2.128529,-16.971074,332523.268335
51733879.222108,1.912571,-17.662373,313464.579196
51741918.674979,1.810993,-17.468188,293325.514516
51749958.127850,1.649539,-20.325888,272174.892102
51757997.580720,1.488043,-20.225022,250084.986386
51766037.033591,1.368292,-19.152955,227131.281452
51774076.486461,1.336922,-20.829445,203392.213099
51782115.939332,0.990798,-18.948582,178948.900815
51790155.392202,0.857950,-21.958121,153884.870581
51798194.845073,0.675502,-20.918487,128285.769453
51806234.297944,0.454926,-24.027697,102239.072893
51814273.750814,0.399851,-23.622957,75833.785854
51822313.203685,0.130448,-22.935184,49160.138643
51830352.656555,0.098575,-22.912981,22309.278583
51838392.109426,-0.063796,-23.224815,-4627.041438
51846431.562296,-0.513552,-22.581397,-31556.776507
51854471.015167,-0.316002,-21.400453,-58387.904213
51862510.468038,-0.721151,-22.308398,-85028.739099
51870549.920908,-0.798604,-21.311074,-111388.245961
51878589.373779,-0.865518,-21.687931,-137376.350933
51886628.826649,-1.152016,-21.760005,-162904.249275
51894668.279520,-1.354975,-21.608783,-187884.708835
51902707.732390,-1.465955,-19.860745,-212232.368128
51910747.185261,-1.528701,-17.932658,-235864.028032
51918786.638132,-1.799935,-19.912231,-258698.936089
51926826.091002,-1.953394,-20.361369,-280659.062442
51934865.543873,-2.067567,-17.050871,-301669.366482
51942904.996743,-2.201114,-16.260559,-321658.053262
51950944.449614,-2.195234,-15.348579,-340556.818837
51958983.902484,-2.385462,-14.985530,-358301.083664
51967023.355355,-2.497824,-12.696515,-374830.213280
51975062.808226,-2.461262,-12.001309,-390087.725494
51983102.261096,-2.605277,-11.263934,-404021.483403
51991141.713967,-2.711729,-9.814366,-416583.873539
51999181.166837,-2.713546,-7.914045,-427731.968581
52007220.619708,-2.799838,-9.130671,-437427.674036
52015260.072578,-2.781712,-6.945165,-445637.858414
52023299.525449,-2.818097,-1.922266,-452334.466448
52031338.978320,-2.961506,-5.557944,-457494.614955
52039378.431190,-2.776440,0.148152,-461100.671036
52047417.884061,-3.041125,-0.032903,-463140.312329
52055457.336931,-2.965484,2.115278,-463606.569112
52063496.789802,-2.920298,3.503394,-462497.848126
52071536.242672,-2.910820,5.949666,-459817.938014
52079575.695543,-2.861692,2.745063,-455575.996378
52087615.148414,-2.913212,7.065090,-449786.518488
52095654.601284,-2.758207,8.849452,-442469.287739
52103694.054155,-2.661691,10.649103,-433649.308065
52111733.507025,-2.766676,9.677708,-423356.718484
52119772.959896,-2.544882,11.369580,-411626.690114
52127812.412766,-2.494215,14.300424,-398499.305992
52135851.865637,-2.207764,14.450890,-384019.424096
52143891.318507,-2.208102,13.229026,-368236.524071
52151930.771378,-2.065938,15.157373,-351204.538139
52159970.224249,-2.027218,18.946694,-332981.666816
52168009.677119,-1.825453,13.965182,-313630.180027
52176049.129990,-1.697407,18.819164,-293216.204320
52184088.582860,-1.871534,19.405628,-271809.496910
52192128.035731,-1.574880,19.612991,-249483.207303
52200167.488601,-1.471385,21.265993,-226313.627339
52208206.941472,-1.265753,20.502315,-202379.930490
52216246.394343,-1.046180,20.102022,-177763.901315
52224285.847213,-0.877094,18.815831,-152549.655991
52232325.300084,-0.779273,23.072586,-126823.354877
52240364.752954,-0.445169,20.975534,-100672.908096
52248404.205825,-0.596942,22.990722,-74187.675130
52256443.658695,-0.220323,24.278326,-47458.159467
52264483.111566,0.016919,22.713592,-20575.699345
52272522.564437,0.257710,22.352980,6367.844369
52280562.017307,0.324645,24.552034,33280.402079
52288601.470178,0.320737,20.180017,60070.010069
52296640.923048,0.557323,21.838112,86645.124760
52304680.375919,0.772632,23.367733,112914.935525
52312719.828789,0.879791,22.904799,138789.674998
52320759.281660,1.025896,19.472308,164180.925827
52328798.734531,1.147021,22.317511,189001.922799
52336838.187401,1.347347,19.584604,213167.849337
52344877.640272,1.445816,20.174028,236596.127321
52352917.093142,1.557584,17.632891,259206.699275
52360956.546013,1.690248,19.137466,280922.301931
52368995.998883,1.857160,18.128864,301668.730245
52377035.451754,2.067339,14.837932,321375.090971
52385074.904625,2.179542,13.180338,339974.044909
52393114.357495,2.228392,16.338200,357402.037008
52401153.810366,2.452294,10.615604,373599.513553
52409193.263236,2.512658,11.444802,388511.125655
52417232.716107,2.441215,10.903385,402085.918393
52425272.168977,2.555830,7.059304,414277.504936
52433311.621848,2.659526,5.979769,425044.225041
52441351.074719,2.634692,8.304186,434349.287427
52449390.527589,2.614488,4.184340,442160.895480
52457429.980460,2.814432,3.302850,448452.355921
52465469.433330,3.014178,2.834814,453202.170010
52473508.886201,2.884352,-0.189340,456394.107012
52481548.339071,2.800575,-0.549938,458017.259665
52489587.791942,2.808808,-2.256796,458066.081442
52497627.244813,2.854156,-3.416002,456540.405516
52505666.697683,2.925788,-3.807525,453445.445318
52513706.150554,2.825451,-3.736424,448791.776731
52521745.603424,2.634519,-6.363958,442595.301946
52529785.056295,2.704894,-9.375375,434877.195124
52537824.509165,2.540554,-9.785586,425663.830044
52545863.962036,2.411046,-11.531434,414986.689971
52553903.414906,2.618622,-12.311215,402882.260083
52561942.867777,2.375713,-13.990913,389391.902796
52569982.320648,2.415040,-15.444204,374561.716414
52578021.773518,2.179954,-15.101872,358442.377619
52586061.226389,2.029256,-15.779775,341088.968289
52594100.679259,1.961469,-16.096386,322560.787283
52602140.132130,1.884624,-17.193729,302921.147809
52610179.585000,1.858999,-18.330694,282237.161073
52618219.037871,1.544015,-20.114335,260579.506951
52626258.490742,1.382142,-22.968866,238022.192468
52634297.943612,1.174070,-21.492766,214642.298904
52642337.396483,1.134625,-22.186555,190519.718401
52650376.849353,0.906405,-21.664412,165736.880958
52658416.302224,0.696632,-22.883829,140378.472757
52666455.755094,0.522147,-24.241639,114531.146783
52674495.207965,0.557912,-22.988127,88283.226713
52682534.660836,0.273897,-22.063940,61724.405108
52690574.113706,0.114190,-23.395517,34945.436922
52698613.566577,-0.199060,-22.726172,8037.829376
52706653.019447,-0.085852,-22.121110,-18906.470732
52714692.472318,-0.208534,-21.004015,-45795.391219
52722731.925188,-0.407098,-22.654847,-72537.049142
52730771.378059,-0.692042,-24.241367,-99040.064774
52738810.830930,-0.793160,-20.955290,-125213.873858
52746850.283800,-1.051225,-21.463919,-150969.037080
52754889.736671,-1.143341,-21.849772,-176217.545694
52762929.189541,-1.499692,-19.138972,-200873.122257
52770968.642412,-1.697256,-18.062296,-224851.515454
52779008.095282,-1.637991,-19.948840,-248070.787993
52787047.548153,-1.876785,-19.390058,-270451.596596
52795087.001024,-1.881266,-19.077725,-291917.463123
52803126.453894,-2.017786,-16.430809,-312395.035916
52811165.906765,-2.033094,-16.967600,-331814.340440
52819205.359635,-2.243720,-14.341938,-350109.018403
52827244.812506,-2.499631,-13.352036,-367216.554508
52835284.265376,-2.337169,-12.512755,-383078.490076
52843323.718247,-2.469694,-9.734362,-397640.622809
52851363.171118,-2.556772,-12.091571,-410853.192000
52859402.623988,-2.721383,-9.812991,-422671.048582
52867442.076859,-2.783688,-8.347006,-433053.809400
52875481.529729,-2.810387,-7.747281,-441965.995206
52883520.982600,-2.902275,-6.311180,-449377.151904
52891560.435470,-2.855557,-4.312679,-455261.954602
52899599.888341,-3.022858,-1.682727,-459600.294167
52907639.341211,-2.980460,-1.120573,-462377.345925
52915678.794082,-2.971666,-0.284393,-463583.620330
52923718.246953,-2.949068,2.351437,-463214.995384
52931757.699823,-2.707010,1.372165,-461272.730727
52939797.152694,-2.748587,4.412130,-457763.463331
52947836.605564,-2.861873,4.803562,-452699.184819
52955876.058435,-2.796959,7.101201,-446097.200491
52963915.511305,-2.680548,6.965291,-437980.070186
52971954.964176,-2.651735,9.054410,-428375.531195
52979994.417047,-2.511605,12.043333,-417316.403480
52988033.869917,-2.514599,12.451383,-404840.477520
52996073.322788,-2.448771,15.166404,-390990.385178
53004112.775658,-2.384364,15.430576,-375813.454025
53012152.228529,-2.245489,15.502768,-359361.545609
53020191.681399,-1.975596,16.117189,-341690.878245
53028231.134270,-1.973325,15.254001,-322861.834904
53036270.587141,-1.869592,19.368572,-302938.756879
53044310.040011,-1.649111,18.842329,-281989.723924
53052349.492882,-1.486802,19.589430,-260086.321609
53060388.945752,-1.413526,19.832801,-237303.396716
53068428.398623,-1.130648,20.111274,-213718.801464
53076467.851493,-1.017501,21.786133,-189413.127487
53084507.304364,-1.030514,21.396887,-164469.430438
53092546.757235,-0.854109,21.126965,-138972.946179
53100586.210105,-0.617887,21.524612,-113010.799516
53108625.662976,-0.551083,22.575390,-86671.706485
53116665.115846,-0.253808,25.308280,-60045.671199
53124704.568717,-0.042145,22.253871,-33223.678285
53132744.021587,0.032915,22.488220,-6297.381988
53140783.474458,-0.055902,22.673066,20641.207031
53148822.927329,0.478965,21.959713,47500.036107
53156862.380199,0.564968,22.450587,74187.325122
53164901.833070,0.658951,22.357308,100611.880134
53172941.285940,0.754045,23.402201,126683.404997
53180980.738811,1.081066,21.569039,152312.809917
53189020.191681,1.158323,23.231124,177412.515878
53197059.644552,1.404110,21.081746,201896.753917
53205099.097423,1.479216,19.684219,225681.858203
53213138.550293,1.526866,18.853251,248686.551939
53221178.003164,1.694924,17.512005,270832.225089
53229217.456034,1.876282,15.921564,292043.203005
53237256.908905,1.883838,15.969435,312247.005012
53245296.361775,2.090510,13.761662,331374.592089
53253335.814646,2.144507,16.005851,349360.602778
53261375.267517,2.196562,13.325911,366143.576541
53269414.720387,2.597786,12.693596,381666.163768
53277454.173258,2.427991,10.821732,395875.321759
53285493.626128,2.657084,8.964160,408722.495970
53293533.078999,2.691935,10.590530,420163.785934
53301572.531869,2.822056,6.479476,430160.095274
53309611.984740,2.648986,8.124239,438677.265296
53317651.437610,2.667801,3.333649,445686.191724
53325690.890481,2.887339,3.423023,451162.924144
53333730.343352,2.807631,1.746469,455088.747846
53341769.796222,2.863789,0.355250,457450.247780
53349809.249093,2.988551,-2.659841,458239.354393
53357848.701963,2.839154,-0.209601,457453.371205
53365888.154834,2.831051,-4.555796,455094.984024
53373927.607704,2.860692,-5.127206,451172.251764
53381967.060575,2.675478,-4.712666,445698.578914
53390006.513446,2.577332,-6.564491,438692.669725
53398045.966316,2.606047,-9.412152,430178.464303
53406085.419187,2.539266,-11.255753,420185.056797
53414124.872057,2.616353,-11.022543,408746.595979
53422164.324928,2.514225,-11.792591,395902.168562
53430203.777798,2.236423,-12.149465,381695.665624
53438243.230669,2.268066,-16.149049,366175.632640
53446282.683540,2.057565,-14.635282,349395.103582
53454322.136410,1.952999,-16.822042,331411.419701
53462361.589281,1.914489,-17.210393,312286.033589
53470401.042151,1.763193,-19.976383,292084.299180
53478440.495022,1.489037,-21.229403,270875.248433
53486479.947892,1.568020,-19.462442,248731.355434
53494519.400763,1.443461,-21.774796,225728.288751
53502558.853634,1.037784,-19.582667,201944.652857
53510598.306504,1.042544,-21.401960,177461.719534
53518637.759375,0.669627,-21.437393,152363.150154
53526677.212245,0.575214,-22.323135,126734.709796
53534716.665116,0.458205,-22.492110,100663.974179
53542756.117986,0.461882,-23.428691,74240.030401
53550795.570857,0.183004,-24.620763,47553.172519
53558835.023728,0.065194,-22.196368,20694.593003
53566874.476598,-0.223664,-22.232130,-6243.928884
53574913.929469,-0.270969,-23.509212,-33170.340705
53582953.382339,-0.456070,-24.943663,-59992.631403
53590992.835210,-0.655937,-24.133128,-86619.145719
53599032.288080,-0.840074,-21.825702,-112958.897385
53607071.740951,-0.966017,-21.951146,-138921.880041
53615111.193822,-1.073141,-23.268376,-164419.374792
53623150.646692,-1.308879,-22.794366,-189364.253379
53631190.099563,-1.525405,-20.237239,-213671.275904
53639229.552433,-1.616647,-19.742673,-237257.382105
53647269.005304,-1.784048,-18.107131,-260041.975185
53655308.458174,-1.877526,-19.495087,-281947.197223
53663347.911045,-2.059798,-16.506675,-302898.195223
53671387.363916,-2.213170,-15.234967,-322823.376896
53679426.816786,-2.193532,-15.491839,-341654.655301
53687466.269657,-2.294019,-13.872238,-359327.681508
53695505.722527,-2.471434,-16.998324,-375782.064483
53703545.175398,-2.650091,-12.862368,-390961.577460
53711584.628268,-2.649148,-11.031090,-404814.350064
53719624.081139,-2.690053,-10.681847,-417293.045568
53727663.534009,-2.788511,-6.439032,-428355.022643
53735702.986880,-2.852476,-8.049371,-437962.481074
53743742.439751,-2.887427,-5.133672,-446082.590925
53751781.892621,-2.818805,-4.505841,-452687.604721
53759821.345492,-2.916105,-3.092039,-457754.952272
53767860.798362,-2.894809,-3.698574,-461267.317789
53775900.251233,-2.897156,-0.303661,-463212.699065
53783939.704103,-2.795833,-1.302617,-463584.448476
53791979.156974,-2.956113,3.032502,-462381.295707
53800018.609845,-2.814073,4.254713,-459607.352088
53808058.062715,-2.896379,5.330299,-455272.096543
53816097.515586,-2.713002,5.543949,-449390.343209
53824136.968456,-2.808421,7.626879,-441982.190801
53832176.421327,-2.792906,8.556726,-433072.953940
53840215.874197,-2.578767,11.468257,-422693.076649
53848255.327068,-2.513359,12.104573,-410878.028320
53856294.779939,-2.569010,12.388927,-397668.182513
53864334.232809,-2.388666,14.946051,-383108.678991
53872373.685680,-2.331244,13.651851,-367249.269472
53880413.138550,-2.157106,14.457793,-350144.147626
53888452.591421,-2.000427,16.387800,-331851.763880
53896492.044291,-1.935106,15.792531,-312434.625693
53904531.497162,-1.786652,18.388439,-291959.083954
53912570.950033,-1.483108,19.067106,-270495.106256
53920610.402903,-1.508830,19.752508,-248116.037805
53928649.855774,-1.191749,21.832954,-224898.350793
53936689.308644,-1.359663,21.324365,-200921.383080
53944728.761515,-1.041088,21.783003,-176267.067088
53952768.214385,-0.787995,22.219875,-151019.649824
53960807.667256,-0.733330,23.090932,-125265.405001
53968847.120127,-0.457256,23.238034,-99092.338228
53976886.572997,-0.321619,21.992749,-72589.886283
53984926.025868,-0.369152,22.070872,-45848.611494
53992965.478738,0.056750,22.716785,-18959.892281
54001004.931609,0.145108,21.160881,7984.389102
54009044.384479,0.278427,20.797009,34892.160535
54017083.837350,0.570906,21.597277,61671.474661
54025123.290221,0.542472,21.700482,88230.823075
54033162.743091,0.738127,22.706740,114479.449024
54041202.195962,0.902678,22.900761,140327.657537
54049241.648832,1.089799,23.110198,165687.121917
54057281.101703,1.368978,19.292710,190471.185573
54065320.554573,1.581640,21.648307,214595.158132
54073360.007444,1.553356,18.651724,237976.604838
54081399.460315,1.678820,18.174191,260535.628243
54089438.913185,1.673085,20.629724,282195.141225
54097478.366056,1.935780,17.100004,302881.130408
54105517.818926,2.246815,17.102210,322522.909074
54113557.271797,2.156166,16.481378,341053.358707
54121596.724667,2.260109,12.614292,358409.158347
54129636.177538,2.362581,14.178521,374531.000966
54137675.630408,2.368182,11.425742,389363.796130
54145715.083279,2.498251,11.673399,402856.858245
54153754.536150,2.553699,8.031273,414964.079760
54161793.989020,2.579434,8.709787,425644.088724
54169833.441891,2.782563,5.978108,434860.390154
54177872.894761,2.864408,6.309616,442581.490749
54185912.347632,2.778600,4.537524,448781.006502
54193951.800502,2.770478,3.594533,453437.752861
54201991.253373,2.922785,-0.409668,456535.817117
54210030.706244,2.889665,-1.405299,458064.612781
54218070.159114,2.982149,-0.694149,458018.915758
54226109.611985,2.848567,-0.322610,456398.882202
54234149.064855,2.860401,-3.703093,453210.047979
54242188.517726,2.719009,-3.310729,448463.309750
54250227.970596,2.666783,-6.611919,442174.887737
54258267.423467,2.514564,-7.622969,434366.270298
54266306.876338,2.708549,-7.411812,425064.140496
54274346.329208,2.479668,-10.118165,414300.284919
54282385.782079,2.567514,-11.011231,402111.485064
54290425.234949,2.500766,-11.770859,388539.391646
54298464.687820,2.289148,-13.807172,373630.382277
54306504.140690,2.229538,-12.012468,357435.402984
54314543.593561,2.156342,-17.618965,340009.794119
54322583.046432,1.937355,-17.993619,321413.101257
54330622.499302,1.960406,-18.212107,301708.871720
54338661.952173,1.562321,-17.202325,280964.437426
54346701.405043,1.608695,-19.619909,259250.684808
54354740.857914,1.405088,-19.085092,236641.812588
54362780.310784,1.383046,-22.962308,213215.078225
54370819.763655,1.054940,-19.420448,189050.533921
54378859.216526,0.959868,-21.084988,164230.753072
54386898.669396,0.821292,-23.413045,138840.548101
54394938.122267,0.763445,-23.719657,112966.680644
54402977.575137,0.330202,-23.679923,86697.565077
54411017.028008,0.136397,-21.583223,60122.966388
54419056.480878,0.072296,-22.316216,33333.693441
54427095.933749,-0.050283,-21.594298,6421.288672
54435135.386620,-0.317814,-23.690328,-20522.284729
54443174.839490,-0.519363,-22.051794,-47404.957062
54451214.292361,-0.681393,-20.946947,-74134.866735
54459253.745231,-0.764318,-21.563564,-100620.674166
54467293.198102,-0.862943,-23.148481,-126771.873901
54475332.650972,-1.167218,-21.292596,-152499.103885
54483372.103843,-1.153788,-22.709781,-177714.450823
54491411.556713,-1.343115,-17.787906,-202331.750591
54499451.009584,-1.636309,-20.504712,-226266.882671
54507490.462455,-1.658616,-21.103140,-249438.057597
54515529.915325,-1.745354,-19.696983,-271766.096448
54523569.368196,-2.057794,-18.836059,-293174.701408
54531608.821066,-1.984737,-16.322545,-313590.716486
54539648.273937,-2.081486,-15.617101,-332944.377499
54547687.726807,-2.334068,-15.047678,-351169.550467
54555727.179678,-2.391429,-11.662167,-368203.957601
54563766.632549,-2.377257,-13.254873,-383989.390114
54571806.085419,-2.604095,-9.424385,-398471.907126
54579845.538290,-2.491262,-10.984957,-411602.019991
54587884.991160,-2.635378,-6.746328,-423334.861403
54595924.444031,-2.612879,-7.134730,-433630.338716
54603963.896901,-2.776419,-8.564125,-442453.270943
54612003.349772,-2.930073,-4.674676,-449773.508975
54620042.802643,-2.811606,-2.901726,-455566.038606
54628082.255513,-3.032632,-2.020729,-459811.066007
54636121.708384,-3.014237,-1.272705,-462494.085367
54644161.161254,-2.974304,0.960216,-463605.928460
54652200.614125,-2.840362,4.033188,-463142.795973
54660240.066995,-2.825117,4.187108,-461106.270490
54668279.519866,-2.917158,4.688110,-457503.311083
54676318.972737,-3.010410,5.425682,-452346.229534
54684358.425607,-2.855857,6.515796,-445652.648264
54692397.878478,-2.819664,7.448749,-437445.440109
54700437.331348,-2.877201,7.509395,-427752.650170
54708476.784219,-2.689864,9.690439,-416607.399971
54716516.237089,-2.642181,9.385376,-404047.774285
54724555.689960,-2.332502,15.877500,-390116.690988
54732595.142831,-2.229648,14.280849,-374861.754405
54740634.595701,-2.276338,13.423044,-358335.092643
54748674.048572,-2.079364,16.648410,-340593.179454
54756713.501442,-1.924071,17.155210,-321696.641269
54764752.954313,-1.800342,16.898336,-301710.050019
54772792.407183,-1.811718,21.258474,-280701.702488
54780831.860054,-1.496185,19.837553,-258743.386937
54788871.312925,-1.437211,20.605272,-235910.137788
54796910.765795,-1.158540,22.999099,-212279.979229
54804950.218666,-1.072239,21.636039,-187933.658587
54812989.671536,-1.037073,19.551395,-162954.370412
54821029.124407,-1.010632,23.183622,-137427.472183
54829068.577277,-0.840443,22.099014,-111440.192637
54837108.030148,-0.408990,24.427658,-85081.333691
54845147.483019,-0.424652,21.233737,-58440.967000
54853186.935889,-0.109030,25.543278,-31610.126166
54861226.388760,-0.023699,22.793589,-4680.495666
54869265.841630,0.163212,22.457830,22255.902446
54877305.294501,0.364107,21.494519,49107.022990
54885344.747371,0.394220,23.045943,75781.112189
54893384.200242,0.757527,22.435385,102187.021207
54901423.653112,0.934585,22.837471,128234.517615
54909463.105983,1.360820,20.441877,153834.593724
54917502.558854,1.177253,21.193628,178899.770742
54925542.011724,1.347844,23.132248,203344.397695
54933581.464595,1.420960,18.181229,227084.944107
54941620.917465,1.520310,18.312341,250040.285441
54949660.370336,1.775026,20.029989,272131.980306
54957699.823206,1.933607,18.388583,293284.538504
54965739.276077,2.003554,16.423508,313425.678989
54973778.728948,2.152732,14.574975,332486.576859
54981818.181818,2.350561,15.655017,350402.098548
54989857.634689,2.301547,15.069778,367111.024381
54997897.087559,2.310303,14.164757,382556.257784
55005936.540430,2.496976,10.595096,396685.020384
55013975.993300,2.558038,9.837313,409449.032358
55022015.446171,2.639795,10.274541,420804.677416
55030054.899042,2.754260,7.610043,430713.151839
55038094.351912,2.685806,2.850383,439140.597080
55046133.804783,2.843020,5.706075,446058.215461
55054173.257653,2.829907,4.344226,451442.368579
55062212.710524,2.782346,1.209550,455274.658083
55070252.163394,2.842580,1.152082,457541.988538
55078291.616265,2.798720,-0.589708,458236.612182
55086331.069136,2.893102,-1.582533,457356.155397
55094370.522006,2.854240,-2.207079,454903.626816
55102409.974877,2.686950,-4.809921,450887.407051
55110449.427747,2.952262,-6.619964,445321.220045
55118488.880618,2.702273,-5.899609,438224.086186
55126528.333488,2.646620,-8.293745,429620.257304
55134567.786359,2.548835,-11.282850,419539.133804
55142607.239230,2.605819,-11.981447,408015.164196
55150646.692100,2.477289,-13.243138,395087.727385
55158686.144971,2.314112,-12.518671,380800.998107
55166725.597841,2.111186,-14.506874,365203.795977
55174765.050712,2.056778,-14.373922,348349.418664
55182804.503582,2.003642,-16.246419,330295.459772
55190843.956453,1.823496,-16.181113,311103.612028
55198883.409324,1.690680,-20.428035,290839.456477
55206922.862194,1.652419,-17.739001,269572.238375
55214962.315065,1.548252,-19.113754,247374.630578
55223001.767935,1.277699,-21.053192,224322.485202
55231041.220806,1.160588,-20.252947,200494.574429
55239080.673676,1.114551,-20.529971,175972.321334
55247120.126547,0.898070,-20.471239,150839.521649
55255159.579418,0.770163,-22.490216,125182.057424
55263199.032288,0.521678,-23.309400,99087.603554
55271238.485159,0.342111,-22.659504,72645.328188
55279277.938029,0.390616,-23.011078,45945.588023
55287317.390900,0.010617,-25.012602,19079.619548
55295356.843770,-0.044050,-24.183178,-7860.772722
55303396.296641,-0.248960,-25.964201,-34783.529960
55311435.749511,-0.515262,-22.101672,-61596.653598
55319475.202382,-0.706902,-24.273435,-88208.519701
55327514.655253,-0.783982,-21.853843,-114528.192056
55335554.108123,-0.961507,-22.706543,-140465.732916
55343593.560994,-1.116321,-22.025170,-165932.510326
55351633.013864,-1.352922,-17.678515,-190841.500990
55359672.466735,-1.551946,-17.827582,-215107.587645
55367711.919605,-1.533742,-19.875739,-238647.849911
55375751.372476,-1.832237,-19.518438,-261381.847647
55383790.825347,-1.741109,-15.602809,-283231.895823
55391830.278217,-1.862571,-15.430726,-304123.329977
55399869.731088,-2.102724,-14.282938,-323984.761360
55407909.183958,-2.160792,-15.438527,-342748.320872
55415948.636829,-2.377678,-13.517924,-360349.890989
55423988.089699,-2.404556,-12.196223,-376729.324853
55432027.542570,-2.578925,-12.665029,-391830.651804
55440066.995441,-2.689791,-12.263893,-405602.268644
55448106.448311,-2.748034,-10.297768,-417997.115961
55456145.901182,-2.741832,-7.490740,-428972.838951
55464185.354052,-2.770313,-5.688425,-438491.932138
55472224.806923,-2.773678,-5.063850,-446521.867541
55480264.259793,-2.913855,-6.425721,-453035.205825
55488303.712664,-2.839116,-3.694043,-458009.690063
55496343.165535,-2.954832,-2.589043,-461428.321798
55504382.618405,-2.953338,0.770510,-463279.419118
55512422.071276,-2.967389,2.285907,-463556.656583
55520461.524146,-2.940313,4.230296,-462259.086837
55528500.977017,-3.025418,2.078067,-459391.143843
55536540.429887,-2.851675,6.089590,-454962.627736
55544579.882758,-2.859114,6.959071,-448988.671335
55552619.335629,-2.678041,7.012122,-441489.688424
55560658.788499,-2.686904,10.717077,-432491.304006
55568698.241370,-2.514955,10.054589,-422024.266731
55576737.694240,-2.589561,10.271520,-410124.343829
55584777.147111,-2.647618,10.807036,-396832.198887
55592816.599981,-2.231454,13.061679,-382193.252894
55600856.052852,-2.187214,15.721713,-366257.529036
55608895.505723,-2.114344,17.098042,-349079.481756
55616934.958593,-2.040017,16.994143,-330717.810678
55624974.411464,-1.955156,16.889567,-311235.260026
55633013.864334,-1.818664,19.547272,-290698.404209
55641053.317205,-1.708552,19.928188,-269177.420340
55649092.770075,-1.391617,19.072664,-246745.848423
55657132.222946,-1.313678,20.139125,-223480.340061
55665171.675817,-1.130463,21.752549,-199460.396525
55673211.128687,-1.041190,22.606558,-174768.097090
55681250.581558,-0.886183,22.856585,-149487.818560
55689290.034428,-0.670165,24.682056,-123705.946938
55697329.487299,-0.571110,23.577258,-97510.582237
55705368.940169,-0.269274,25.637001,-70991.237429
55713408.393040,-0.314758,23.211769,-44238.532570
55721447.845910,-0.088937,23.119261,-17343.885136
55729487.298781,0.173476,24.978473,9600.802361
55737526.751652,0.369807,22.746248,36503.456415
55745566.204522,0.462838,23.159492,63272.147152
55753605.657393,0.598317,23.176372,89815.402471
55761645.110263,0.910450,23.551078,116042.520612
55769684.563134,0.926057,21.500300,141863.880097
55777724.016004,1.213020,22.649393,167191.245977
55785763.468875,1.168326,21.128493,191938.071345
55793802.921746,1.454546,21.439026,216019.793076
55801842.374616,1.557836,21.018084,239354.120791
55809881.827487,1.679389,19.050265,261861.318053
55817921.280357,1.884569,15.554162,283464.474838
55825960.733228,2.005297,16.774112,304089.770346
55834000.186098,2.063789,16.036578,323666.725257
55842039.638969,2.117893,13.596932,342128.442565
55850079.091840,2.449054,12.782650,359411.836179
55858118.544710,2.359178,11.531758,375457.846492
55866157.997581,2.486791,13.206957,390211.642197
55874197.450451,2.546498,11.957158,403622.807653
55882236.903322,2.733678,8.376965,415645.515161
55890276.356192,2.650797,8.429384,426238.681563
55898315.809063,2.667908,7.718568,435366.108632
55906355.261934,2.832789,6.055602,442996.606758
55914394.714804,2.686082,3.423145,449104.101537
55922434.167675,2.663294,4.640076,453667.722865
55930473.620545,2.909012,0.797373,456671.876251
55938513.073416,2.975441,2.992462,458106.296115
55946552.526286,2.711909,-1.986558,457966.080854
55954591.979157,2.856150,-0.929424,456251.709603
55962631.432028,2.785088,-5.142441,452969.040594
55970670.884898,2.792695,-5.718413,448129.291131
55978710.337769,2.711347,-7.111089,441748.999271
55986749.790639,2.591576,-8.402764,433849.967300
55994789.243510,2.612644,-8.452970,424459.187242
56002828.696380,2.727049,-12.930278,413608.748612
56010868.149251,2.362778,-10.015016,401335.728773
56018907.602122,2.322021,-12.515627,387682.066233
56026947.054992,2.249190,-16.027211,372694.417333
56034986.507863,2.294134,-14.997351,356423.996824
56043025.960733,2.034464,-15.792990,338926.402850
56051065.413604,1.843963,-14.191482,320261.426967
56059104.866474,1.883078,-17.453930,300492.849831
56067144.319345,1.729201,-19.806586,279688.223242
56075183.772216,1.378266,-19.881613,257918.639320
56083223.225086,1.312173,-17.472926,235258.487568
56091262.677957,1.206105,-21.505739,211785.200675
56099302.130827,1.121443,-21.226116,187578.989920
56107341.583698,0.892742,-23.616441,162722.571077
56115381.036568,0.690603,-23.396564,137300.881765
56123420.489439,0.697326,-24.849556,111400.791209
56131459.942309,0.317346,-23.604353,85110.803390
56139499.395180,0.288582,-22.100453,58520.754620
56147538.848051,0.061358,-21.930456,31721.506560
56155578.300921,0.013227,-24.732109,4804.635729
56163617.753792,-0.239253,-20.339655,-22137.879420
56171657.206662,-0.340364,-24.274442,-49013.972803
56179696.659533,-0.555316,-23.693562,-75731.805311
56187736.112403,-0.923465,-22.814476,-102200.078628
56195775.565274,-0.861802,-22.468074,-128328.347219
56203815.018145,-0.976066,-21.040169,-154027.327388
56211854.471015,-1.183516,-21.966495,-179209.202372
56219893.923886,-1.359731,-20.344726,-203787.922425
56227933.376756,-1.476175,-20.826280,-227679.498860
56235972.829627,-1.509449,-20.530202,-250802.291049
56244012.282497,-1.789219,-19.549229,-273077.285400
56252051.735368,-1.971393,-16.553848,-294428.365355
56260091.188239,-1.923285,-16.140202,-314782.571496
56268130.641109,-2.226221,-16.353287,-334070.350848
56276170.093980,-2.227455,-15.553905,-352225.794558
56284209.546850,-2.446505,-12.630081,-369186.863110
56292248.999721,-2.472998,-11.182487,-384895.598324
56300288.452591,-2.675147,-11.059499,-399298.321407
56308327.905462,-2.604152,-8.923708,-412345.816376
56316367.358333,-2.631135,-10.074235,-423993.498245
56324406.811203,-2.612394,-6.143508,-434201.565366
56332446.264074,-2.879055,-6.019761,-442935.135444
56340485.716944,-2.688322,-5.086895,-450164.364736
56348525.169815,-3.024292,-1.829791,-455864.550019
56356564.622685,-2.802194,-3.215547,-460016.213022
56364604.075556,-2.915243,0.119075,-462605.166969
56372643.528427,-2.922971,1.747668,-463622.565069
56380682.981297,-2.885251,3.873997,-463064.930739
56388722.434168,-2.965758,5.198622,-460934.169488
56396761.887038,-2.869085,4.805723,-457237.562406
56404801.339909,-2.964692,4.857739,-451987.741280
56412840.792779,-2.878547,7.538269,-445202.645432
56420880.245650,-2.834128,7.723301,-436905.460420
56428919.698521,-2.730929,8.915712,-427124.538802
56436959.151391,-2.601609,8.872831,-415893.303265
56444998.604262,-2.627658,10.476788,-403250.132401
56453038.057132,-2.512059,12.973127,-389238.229573
56461077.510003,-2.266591,16.886908,-373905.475276
56469116.962873,-2.135984,16.775894,-357304.263528
56477156.415744,-2.048966,15.242424,-339491.322834
56485195.868614,-2.071210,17.544803,-320527.522329
56493235.321485,-1.932639,17.869834,-300477.663791
56501274.774356,-1.723880,19.090466,-279410.260198
56509314.227226,-1.432946,21.793265,-257397.301609
56517353.680097,-1.437872,21.565283,-234514.009173
56525393.132967,-1.298134,22.070568,-210838.578079
56533432.585838,-1.102682,21.524902,-186451.910358
56541472.038708,-0.941016,24.243618,-161437.338430
56549511.491579,-0.814826,23.088310,-135880.340344
56557550.944450,-0.572821,23.084742,-109868.247692
56565590.397320,-0.346749,24.463518,-83489.947181
56573629.850191,-0.416985,23.388624,-56835.576900
56581669.303061,-0.164775,23.186046,-29996.218303
56589708.755932,0.019232,21.848462,-3063.584972
56597748.208802,0.154959,23.157599,23870.290775
56605787.661673,0.381798,22.488073,50713.372378
56613827.114544,0.534692,25.121830,77373.933533
56621866.567414,0.663989,23.510672,103760.871628
56629906.020285,0.895186,21.101665,129784.019061
56637945.473155,0.944334,21.585363,155354.451349
56645984.926026,1.077056,22.178239,180384.790992
56654024.378896,1.288995,21.300767,204789.506062
56662063.831767,1.428576,19.906426,228485.202470
56670103.284638,1.631188,20.921571,251390.908933
56678142.737508,1.715024,19.444467,273428.353672
56686182.190379,1.939283,17.508686,294522.231866
56694221.643249,1.937224,19.632778,314600.462988
56702261.096120,2.215302,15.293620,333594.437106
56710300.548990,2.328203,15.761224,351439.249338
56718340.001861,2.350196,10.794920,368073.921637
56726379.454732,2.446443,12.164967,383441.611160
56734418.907602,2.586363,11.027618,397489.804512
56742458.360473,2.635041,7.940839,410170.497186
56750497.813343,2.484919,7.105204,421440.357604
56758537.266214,2.724779,7.383491,431260.875187
56766576.719084,2.706883,5.466148,439598.491944
56774616.171955,2.804856,4.232188,446424.717155
56782655.624826,2.777259,2.932815,451716.224720
56790695.077696,2.973068,3.111681,455454.932867
56798734.530567,3.009194,-0.586005,457628.065944
56806773.983437,2.887968,-0.454338,458228.198073
56814813.436308,2.812655,-2.267113,457253.278523
56822852.889178,2.878317,-5.565346,454706.638723
56830892.342049,2.837062,-3.805577,450596.980870
56838931.794920,2.825905,-4.096257,444938.348203
56846971.247790,2.705480,-7.230070,437750.077005
56855010.700661,2.646392,-8.515734,429056.730535
56863050.153531,2.680035,-8.935526,418888.015091
56871089.606402,2.490075,-11.381710,407278.678496
56879129.059272,2.454607,-11.619726,394268.391367
56887168.512143,2.354280,-10.658860,379901.611548
56895207.965013,2.177968,-14.149775,364227.432198
56903247.417884,2.124424,-14.267460,347299.414028
56911286.870755,2.096513,-14.592277,329175.402280
56919326.323625,1.897935,-17.474864,309917.329064
56927365.776496,1.568748,-19.510514,289591.001723
56935405.229366,1.683869,-20.787636,268265.877965
56943444.682237,1.478879,-19.913362,246014.828515
56951484.135107,1.188931,-18.948622,222913.888105
56959523.587978,1.262749,-21.074736,199041.995660
56967563.040849,1.098657,-22.319364,174480.724543
56975602.493719,0.802612,-22.986922,149314.003816
56983641.946590,0.553953,-20.883324,123627.831442
56991681.399460,0.598522,-21.621691,97509.980417
56999720.852331,0.491258,-24.319631,71049.698838
57007760.305201,0.312361,-21.624838,44337.404934
57015799.758072,-0.019262,-23.272401,17464.378092
57023839.210943,-0.267113,-23.958533,-9477.553056
57031878.663813,-0.286701,-21.523067,-36396.324422
57039918.116684,-0.382006,-23.660510,-63199.951060
57047957.569554,-0.645836,-22.157435,-89796.841486
57055997.022425,-0.950495,-21.881865,-116096.110662
57064036.475295,-0.971926,-21.486555,-142007.890562
57072075.928166,-1.185523,-21.438045,-167443.637257
57080115.381037,-1.345426,-21.362494,-192316.433489
57088154.833907,-1.411700,-20.573481,-216541.285676
57096194.286778,-1.443205,-16.101046,-240035.414341
57104233.739648,-1.745785,-19.832935,-262718.536987
57112273.192519,-1.995188,-18.016292,-284513.142432
57120312.645389,-2.021121,-15.880446,-305344.755669
57128352.098260,-2.024199,-17.428956,-325142.192363
57136391.551131,-2.195283,-15.441877,-343837.802095
57144431.004001,-2.272957,-14.559874,-361367.699532
57152470.456872,-2.474836,-12.666418,-377671.982730
57160509.909742,-2.601049,-12.700772,-392694.937834
57168549.362613,-2.341939,-10.562212,-406385.229445
57176588.815483,-2.671367,-9.229919,-418696.076058
57184628.268354,-2.838141,-9.189282,-429585.409904
57192667.721225,-2.789711,-8.648130,-439016.020712
57200707.174095,-2.983353,-5.907481,-446955.682858
57208746.626966,-2.847454,-2.095725,-453377.265480
57216786.079836,-2.791665,-3.826303,-458258.825197
57224825.532707,-2.965918,-1.139461,-461583.681081
57232864.985577,-2.767478,1.443479,-463340.471667
57240904.438448,-2.882433,1.798804,-463523.193775
57248943.891319,-3.000248,-1.096272,-462131.223017
57256983.344189,-2.843528,3.517750,-459169.315940
57265022.797060,-2.904006,5.698575,-454647.593765
57273062.249930,-3.092477,5.866173,-448581.507807
57281101.702801,-2.973010,8.308165,-440991.786671
57289141.155671,-2.670662,10.212158,-431904.365421
57297180.608542,-2.695052,10.949722,-421350.296961
57305220.061412,-2.575926,12.127636,-409365.645916
57313259.514283,-2.466061,12.833333,-395991.365401
57321298.967154,-2.187101,13.707627,-381273.157073
57329338.420024,-2.185211,15.084739,-365261.314966
57337377.872895,-2.211571,15.974846,-348010.553631
57345417.325765,-2.118843,16.796681,-329579.821165
57353456.778636,-1.871111,18.203120,-310032.097782
57361496.231506,-1.898857,18.972715,-289434.180597
57369535.684377,-1.706362,18.479159,-267856.455377
57377575.137248,-1.504419,20.005877,-245372.656018
57385614.590118,-1.308082,20.784435,-222059.612590
57393654.042989,-1.223953,21.358636,-197996.988800
57401693.495859,-1.145548,19.994367,-173267.009767
57409732.948730,-0.839723,23.774747,-147954.181048
57417772.401600,-0.661085,22.078879,-122144.999877
57425811.854471,-0.527837,22.919154,-95927.659586
57433851.307342,-0.511966,25.654768,-69391.748241
57441890.760212,-0.175216,22.225169,-42627.942508
57449930.213083,-0.003281,23.052357,-15727.697795
57457969.665953,0.227394,23.389675,11217.064257
57466009.118824,0.240476,21.680332,38114.269889
57474048.571694,0.521980,23.544963,64872.007845
57482088.024565,0.572873,20.995786,91398.843451
57490127.477436,0.916629,22.381542,117604.131054
57498166.930306,0.831789,21.905990,143398.323775
57506206.383177,1.029043,21.451287,168693.279497
57514245.836047,1.300171,19.124683,193402.562064
57522285.288918,1.368217,20.690342,217441.736637
57530324.741788,1.536414,18.775175,240728.658228
57538364.194659,1.708852,19.988662,263183.752394
57546403.647530,1.763793,17.184250,284730.287151
57554443.100400,1.855066,18.794992,305294.635186
57562482.553271,2.200205,18.076416,324806.525444
57570522.006141,2.202656,16.147692,343199.283253
57578561.459012,2.162633,11.912687,360410.058167
57586600.911882,2.347834,12.978253,376380.038725
57594640.364753,2.400198,11.720522,391054.653424
57602679.817624,2.593090,10.533824,404383.757194
57610719.270494,2.473217,8.965916,416321.802752
57618758.723365,2.722810,7.015223,426827.996244
57626798.176235,2.773290,6.165232,435866.436634
57634837.629106,2.944466,3.538507,443406.238398
57642877.081976,2.791154,3.099780,449421.637050
57650916.534847,2.878871,2.385627,453892.077190
57658955.987718,2.802718,0.916728,456802.282742
57666995.440588,2.820690,-0.224918,458142.309152
57675034.893459,2.908997,-3.581918,457907.577379
57683074.346329,2.904626,-1.911021,456098.889530
57691113.799200,2.833458,-3.872166,452722.426127
57699153.252070,2.672336,-4.996911,447789.724986
57707192.704941,2.665966,-6.784309,441317.641788
57715232.157811,2.675202,-6.144102,433328.292486
57723271.610682,2.521415,-8.915491,423848.977725
57731311.063553,2.623953,-9.581346,412912.089559
57739350.516423,2.333591,-12.390268,400555.000759
57747389.969294,2.372892,-14.136944,386819.937106
57755429.422164,2.084484,-15.171799,371753.833102
57763468.875035,2.162948,-15.254789,355408.171586
57771508.327905,2.065806,-16.047737,337838.807812
57779547.780776,2.045364,-16.585319,319105.778585
57787587.233647,1.922196,-17.845586,299273.097105
57795626.686517,1.616113,-19.691208,278408.534226
57803666.139388,1.577895,-19.542120,256583.386878
57811705.592258,1.246162,-21.268350,233872.234431
57819745.045129,1.309233,-19.362466,210352.683851
57827784.497999,1.138298,-22.816274,186105.104505
57835823.950870,0.991804,-24.008065,161212.353530
57843863.403741,0.772334,-21.335350,135759.492696
57851902.856611,0.693330,-23.093347,109833.497745
57859942.309482,0.490123,-24.497208,83522.961177
57867981.762352,0.065353,-22.142208,56917.789522
57876021.215223,-0.005660,-22.249851,30108.896116
57884060.668093,-0.117469,-23.312473,3187.890440
57892100.120964,-0.344064,-21.831278,-23753.234925
57900139.573835,-0.297363,-21.162918,-50622.418644
57908179.026705,-0.583807,-23.229591,-77327.845218
57916218.479576,-0.711244,-22.798868,-103778.258726
57924257.932446,-0.937927,-20.936666,-129883.274661
57932297.385317,-1.096870,-23.063592,-155553.688784
57940336.838187,-1.385194,-21.340328,-180701.781946
57948376.291058,-1.455783,-19.953764,-205241.619839
57956415.743929,-1.414121,-17.978288,-229089.346640
57964455.196799,-1.574404,-18.451299,-252163.471562
57972494.649670,-1.933065,-18.836521,-274385.147315
57980534.102540,-2.089435,-19.134773,-295678.439538
57988573.555411,-1.965777,-16.063458,-315970.586280
57996613.008281,-2.146927,-17.170611,-335192.246632
58004652.461152,-2.447835,-13.767378,-353277.737677
58012691.914023,-2.366479,-11.803114,-370165.258938
58020731.366893,-2.452898,-11.514041,-385797.103556
58028770.819764,-2.516606,-9.160971,-400119.855480
58036810.272634,-2.753688,-9.586701,-413084.572005
58044849.725505,-2.630334,-9.689397,-424646.951002
58052889.178375,-2.697982,-10.456214,-434767.482319
58060928.631246,-2.617019,-5.446361,-443411.582783
58068968.084116,-2.908286,-5.667600,-450549.714375
58077007.536987,-2.803654,-0.762172,-456157.485171
58085046.989858,-2.952145,-2.031140,-460215.732687
58093086.442728,-2.942018,-0.209561,-462710.589363
58101125.895599,-2.868399,3.104843,-463633.529951
58109165.348469,-3.067493,2.475676,-462981.400640
58117204.801340,-2.893303,1.806529,-460756.429842
58125244.254210,-2.929484,6.663480,-456966.220571
58133283.707081,-3.077317,4.961651,-451623.724467
58141323.159952,-2.736133,5.215718,-444747.197535
58149362.612822,-2.728055,8.596672,-436360.137762
58157402.065693,-2.628669,9.059983,-426491.204824
58165441.518563,-2.806535,10.045116,-415174.122149
58173480.971434,-2.248513,13.327931,-402447.561683
58181520.424304,-2.387324,11.672626,-388355.011743
58189559.877175,-2.163274,11.437747,-372944.628403
58197599.330046,-2.207908,15.013214,-356269.070953
58205638.782916,-2.097873,16.452321,-338385.321941
58213678.235787,-2.011496,16.820859,-319354.492471
58221717.688657,-1.866529,18.611007,-299241.613362
58229757.141528,-1.557945,19.467783,-278115.412943
58237796.594398,-1.522330,20.966816,-256048.082191
58245836.047269,-1.365176,22.380203,-233115.028048
58253875.500140,-1.262940,20.314957,-209394.615750
58261914.953010,-1.247505,23.066003,-184967.901032
58269954.405881,-0.892951,23.915743,-159918.353159
58277993.858751,-0.846437,21.322384,-134331.569700
58286033.311622,-0.471162,22.688202,-108294.984025
58294072.764492,-0.371193,23.573492,-81897.566538
58302112.217363,-0.241829,23.706919,-55229.520653
58310151.670234,-0.098003,22.943125,-28381.974555
58318191.123104,-0.007268,23.531381,-1446.669805
58326230.575975,0.344075,23.170510,25484.352152
58334270.028845,0.470988,25.150895,52319.064507
58342309.481716,0.440535,25.322727,78965.769554
58350348.934586,0.542134,21.888644,105333.412032
58358388.387457,0.910292,21.540659,131331.890271
58366427.840328,1.059648,20.671912,156872.364087
58374467.293198,1.107847,17.874185,181867.558354
58382506.746069,1.338830,20.244473,206232.061239
58390546.198939,1.517442,19.272097,229882.616061
58398585.651810,1.625738,20.398884,252738.405796
58406625.104680,1.804900,18.473912,274721.329233
58414664.557551,1.761175,18.110013,295756.267861
58422704.010422,2.067535,16.762735,315771.342554
58430743.463292,2.291767,14.636637,334698.159195
58438782.916163,2.278854,15.571660,352472.042389
58446822.369033,2.558421,13.423891,369032.256460
58454861.821904,2.530811,9.352985,384322.213001
58462901.274774,2.405265,14.297392,398289.664240
58470940.727645,2.599231,12.810763,410886.881576
58478980.180515,2.667616,7.250078,422070.818678
58487019.633386,2.740601,9.493618,431803.258575
58495059.086257,2.706564,6.536493,440050.944254
58503098.539127,2.896040,3.922658,446785.692297
58511137.991998,2.800392,3.071201,451984.489195
58519177.444868,2.967958,1.099132,455629.569982
58527216.897739,2.874346,-0.723014,457708.478940
58535256.350609,2.735039,-0.947903,458214.112168
58543295.803480,2.811741,-2.054967,457144.741851
58551335.256351,2.666929,-3.578036,454504.022166
58559374.709221,2.794280,-4.710388,450300.976799
58567414.162092,2.791391,-5.463833,444549.968099
58575453.614962,2.747187,-8.859639,437270.648015
58583493.067833,2.566485,-7.969424,428487.890929
58591532.520703,2.686592,-9.908091,418231.708669
58599571.973574,2.560607,-10.575347,406537.147944
58607611.426445,2.263679,-14.034908,393444.170589
58615650.879315,2.363062,-13.524338,378997.517016
58623690.332186,2.202335,-16.559139,363246.553318
58631729.785056,2.081943,-14.671429,346245.102592
58639769.237927,1.943829,-15.774262,328051.261009
58647808.690797,1.698398,-17.040972,308727.199293
58655848.143668,1.822412,-19.965019,288338.950282
58663887.596539,1.534228,-18.390933,266956.183275
58671927.049409,1.314965,-20.926350,244651.965974
58679966.502280,1.310871,-21.301794,221502.514794
58688005.955150,1.243600,-20.303864,197586.934423
58696045.408021,1.049518,-19.815420,172986.947514
58704084.860891,0.892805,-22.118306,147786.615426
58712124.313762,0.657220,-24.207768,122072.050976
58720163.766633,0.460541,-21.755325,95931.124179
58728203.219503,0.319311,-23.868696,69453.161986
58736242.672374,0.252958,-27.084369,42728.643043
58744282.125244,-0.159037,-23.472754,15848.888510
58752321.578115,-0.282829,-24.356091,-11094.249990
58760361.030985,-0.334015,-24.169500,-38008.704246
58768400.483856,-0.515947,-21.414200,-64802.504060
58776439.936727,-0.579362,-24.225382,-91384.091531
58784479.389597,-1.017842,-21.174540,-117662.633912
58792518.842468,-0.918030,-22.635683,-143548.334001
58800558.295338,-1.126210,-23.139631,-168952.736991
58808597.748209,-1.163849,-22.253048,-193789.032728
58816637.201079,-1.504289,-20.884354,-217972.352356
58824676.653950,-1.608649,-17.396191,-241420.058320
58832716.106821,-1.701529,-19.307622,-264052.026758
58840755.559691,-1.888929,-16.332696,-285790.921285
58848795.012562,-2.020563,-17.750783,-306562.457267
58856834.465432,-2.071730,-16.516289,-326295.655663
58864873.918303,-2.223882,-14.862865,-344923.085562
58872913.371173,-2.424846,-13.101115,-362381.094610
58880952.824044,-2.438194,-11.998829,-378610.026519
58888992.276914,-2.651421,-13.414546,-393554.424912
58897031.729785,-2.688720,-9.281196,-407163.222836
58905071.182656,-2.812741,-6.668520,-419389.917255
58913110.635526,-2.743353,-5.962492,-430192.727962
58921150.088397,-2.792033,-7.884172,-439534.740347
58929189.541267,-2.885523,-6.671598,-447384.031537
58937228.994138,-2.869079,-6.115277,-453713.779481
58945268.447008,-2.889378,-3.091531,-458502.354605
58953307.899879,-2.831856,-2.387994,-461733.393726
58961347.352750,-2.899443,1.389485,-463395.855962
58969386.805620,-2.877861,-0.490706,-463484.060463
58977426.258491,-2.873808,2.702855,-461997.705823
58985465.711361,-2.841355,6.222021,-458941.871109
58993505.164232,-2.831622,4.986609,-454326.998506
59001544.617102,-2.827887,6.962650,-448168.857635
59009584.069973,-2.780088,6.320305,-440488.491665
59017623.522844,-2.756596,10.142676,-431312.145408
59025662.975714,-2.530816,7.191458,-420671.175632
59033702.428585,-2.485972,11.583972,-408601.943917
59041741.881455,-2.399191,11.177083,-395145.692402
59049781.334326,-2.359454,11.725318,-380348.402848
59057820.787196,-2.206796,16.022214,-364260.639521
59065860.240067,-2.185997,15.221856,-346937.376404
59073899.692938,-2.085258,16.661655,-328437.809343
59081939.145808,-1.865197,17.735101,-308825.153767
59089978.598679,-1.743067,19.314274,-288166.428675
59098018.051549,-1.666555,20.970552,-266532.227621
59106057.504420,-1.539121,19.439107,-243996.477486
59114096.957290,-1.356487,19.693539,-220636.185865
59122136.410161,-1.221320,22.059037,-196531.177915
59130175.863032,-1.103632,21.692063,-171763.823589
59138215.315902,-0.866237,22.334521,-146418.756160
59146254.768773,-0.783357,23.244983,-120582.583026
59154294.221643,-0.550372,21.735745,-94343.589754
59162333.674514,-0.337493,25.770270,-67791.438400
59170373.127384,-0.215545,23.676130,-41016.861126
59178412.580255,-0.134412,23.910181,-14111.350147
59186452.033126,0.217123,22.792680,12833.154902
59194491.485996,0.265545,22.654218,39724.581137
59202530.938867,0.442361,23.218648,66471.037054
59210570.391737,0.550240,21.337324,92981.126529
59218609.844608,0.879611,23.623424,119164.261135
59226649.297478,0.845145,20.489493,144930.969690
59234688.750349,1.069421,22.210665,170193.203996
59242728.203220,1.311468,21.211432,194864.639709
59250767.656090,1.414330,21.701485,218860.971319
59258807.108961,1.739299,18.090640,242100.200237
59266846.561831,1.629619,17.642220,264502.914992
59274886.014702,1.812801,17.697817,285992.562589
59282925.467572,1.953874,15.989958,306495.710103
59290964.920443,2.002935,16.543395,325942.295611
59299004.373313,2.331653,14.485405,344265.867596
59307043.826184,2.271901,12.272234,361403.812027
59315083.279055,2.272144,12.654407,377297.566317
59323122.731925,2.465671,8.846935,391892.819435
59331162.184796,2.474638,10.199577,405139.697504
59339201.637666,2.791155,8.036258,416992.934214
59347241.090537,2.735697,9.900713,427412.025512
59355280.543407,2.876710,5.876470,436361.368007
59363319.996278,2.725398,4.344775,443810.380630
59371359.449149,2.881388,5.073122,449733.609133
59379398.902019,2.887417,3.226012,454110.813077
59387438.354890,2.592097,1.692027,456927.034981
59395477.807760,2.747174,-0.579606,458172.651452
59403517.260631,2.842864,-1.175320,457843.406054
59411556.713501,2.766897,-4.104768,455940.423862
59419596.166372,2.610869,-5.003380,452470.207615
59427635.619243,2.695249,-6.885883,447444.615492
59435675.072113,2.795133,-8.624827,440880.820598
59443714.524984,2.751080,-5.066493,432801.252272
59451753.977854,2.638852,-9.921367,423233.519454
59459793.430725,2.491740,-9.559318,412210.316332
59467832.883595,2.444586,-12.564958,399769.310626
59475872.336466,2.400594,-9.627375,385953.014873
59483911.789337,2.201998,-13.714571,370808.641155
59491951.242207,2.130136,-16.889218,354387.939769
59499990.695078,2.019445,-15.364227,336747.022391
59508030.147948,1.801890,-15.009609,317946.170331
59516069.600819,1.758446,-18.270442,298049.628551
59524109.053689,1.469530,-18.387266,277125.386124
59532148.506560,1.394800,-19.055069,255244.943912
59540187.959431,1.486779,-20.169128,232483.070235
59548227.412301,1.314897,-22.772323,208917.545380
59556266.865172,0.943842,-19.206108,184628.895814
59564306.318042,0.913147,-22.461165,159700.119015
59572345.770913,0.737177,-21.854300,134216.399861
59580385.223783,0.679634,-20.558703,108264.819538
59588424.676654,0.380384,-23.125521,81934.057976
59596464.129525,0.158698,-23.544276,55314.090817
59604503.582395,0.107642,-25.233103,28495.881954
59612543.035266,-0.102229,-25.464700,1571.072700
59620582.488136,-0.315660,-23.386554,-25368.331366
59628621.941007,-0.422566,-23.472583,-52230.274791
59636661.393877,-0.526287,-21.889053,-78922.966817
59644700.846748,-0.750459,-21.333133,-105355.195040
59652740.299618,-1.066832,-22.107304,-131436.637092
59660779.752489,-1.124244,-21.362631,-157078.169290
59668819.205360,-1.210830,-22.221646,-182192.171180
59676858.658230,-1.489502,-19.930785,-206692.824946
59684898.111101,-1.568908,-20.335922,-230496.408663
59692937.563971,-1.789604,-19.560740,-253521.582387
59700977.016842,-1.858778,-17.783494,-275689.666101
59709016.469712,-2.045601,-17.437736,-296924.908574
59717055.922583,-1.948775,-16.592978,-317154.746218
59725095.375454,-2.079826,-14.111687,-336310.051044
59733134.828324,-2.262384,-13.522557,-354325.366881
59741174.281195,-2.378281,-13.632875,-371139.133048
59749213.734065,-2.418663,-13.888559,-386693.894716
59757253.186936,-2.670820,-11.381274,-400936.499240
59765292.639806,-2.678860,-9.353291,-413818.277784
59773332.092677,-2.719896,-7.450724,-425295.211634
59781371.545548,-2.772596,-7.847206,-435328.082613
59789410.998418,-2.767625,-6.773934,-443882.607093
59797450.451289,-2.923665,-3.944357,-450929.553152
59805489.904159,-2.908841,-2.905458,-456444.840454
59813529.357030,-2.889734,-0.355908,-460409.622548
59821568.809900,-2.729640,-2.983029,-462810.351255
59829608.262771,-2.825290,1.383228,-463638.822972
59837647.715642,-2.981132,-0.707143,-462892.206705
59845687.168512,-2.868189,2.574158,-460573.053737
59853726.621383,-2.929045,5.566873,-456689.288918
59861766.074253,-2.823553,6.379259,-451254.183577
59869805.527124,-2.705578,6.569327,-444286.310176
59877844.979994,-2.735211,7.996976,-435809.478847
59885884.432865,-2.725646,9.399621,-425852.656025
59893923.885736,-2.679142,10.846828,-414449.865473
59901963.338606,-2.535538,12.177538,-401640.072008
59910002.791477,-2.549374,14.737358,-387467.048365
59918042.244347,-2.257069,13.563204,-371979.225611
59926081.697218,-2.278134,17.055240,-355229.527652
59934121.150088,-2.210248,15.545052,-337275.190388
59942160.602959,-1.972479,18.058324,-318177.566127
59950200.055830,-1.785366,18.400786,-298001.913940
59958239.508700,-1.629932,18.297993,-276817.176657
59966278.961571,-1.522075,18.848711,-254695.745283
59974318.414441,-1.351164,21.113715,-231713.211630
59982357.867312,-1.187591,20.140546,-207948.110010
59990397.320182,-1.173812,21.243849,-183481.648869
59998436.773053,-1.053576,21.945949,-158397.433292
60006476.225924,-0.855750,20.774852,-132781.179308
60014515.678794,-0.660367,23.485691,-106720.420995
60022555.131665,-0.415791,22.894366,-80304.211356
60030594.584535,-0.219800,25.556835,-53622.818022
60038634.037406,-0.109996,22.275761,-26767.414787
60046673.490276,0.003281,25.445608,170.229939
60054712.943147,0.331856,23.726247,27098.066716
60062752.396017,0.407388,22.425940,53924.079617
60070791.848888,0.598627,22.264402,80556.600665
60078831.301759,0.924286,22.241705,106904.623066
60086870.754629,0.724727,22.556889,132878.112197
60094910.207500,1.059048,23.975092,158388.313262
60102949.660370,1.317880,20.672049,183348.054583
60110989.113241,1.277807,21.827722,207672.045472
60119028.566111,1.635590,19.027072,231277.167687
60127068.018982,1.595074,16.514336,254082.759448
60135107.471853,1.825500,18.553024,276010.891081
60143146.924723,1.957769,15.444581,296986.631303
60151186.377594,1.998302,15.625192,316938.303278
60159225.830464,2.103739,15.586655,335797.729546
60167265.283335,2.291939,13.413989,353500.464990
60175304.736205,2.379542,14.631608,369986.017059
60183344.189076,2.434017,12.584076,385198.052472
60191383.641947,2.540272,11.694738,399084.589726
60199423.094817,2.623888,11.308875,411598.176713
60207462.547688,2.570343,9.826863,422696.052878
60215502.000558,2.754416,7.966099,432340.295332
60223541.453429,2.898913,3.217194,440497.948442
60231580.906299,2.975367,5.350547,447141.136446
60239620.359170,2.885634,3.314206,452247.158705
60247659.812041,3.015684,2.260427,455798.567277
60255699.264911,2.944059,-1.183946,457783.226535
60263738.717782,2.849178,-2.713919,458194.354640
60271778.170652,2.944514,-2.647801,457030.546715
60279817.623523,2.852074,-5.270892,454295.779642
60287857.076393,2.725728,-5.888931,449999.398476
60295896.529264,2.785519,-4.874223,444156.084513
60303935.982135,2.691378,-6.614987,436785.805115
60311975.435005,2.631521,-9.085783,427913.745488
60320014.887876,2.431435,-10.811994,417570.222616
60328054.340746,2.511434,-11.588681,405790.581662
60336093.793617,2.303574,-12.708243,392615.075194
60344133.246487,2.342690,-12.455808,378088.725633
60352172.699358,2.143966,-13.921252,362261.171407
60360212.152229,2.184512,-19.013394,345186.497331
60368251.605099,1.955732,-15.534111,326923.049789
60376291.057970,1.773960,-16.508950,307533.237361
60384330.510840,1.734420,-18.596765,287083.317558
60392369.963711,1.480506,-19.304036,265643.170423
60400409.416581,1.358427,-22.106047,243286.059729
60408448.869452,1.266350,-17.864313,220088.382634
60416488.322323,1.179679,-22.197092,196129.408623
60424527.775193,0.949220,-21.813297,171491.008629
60432567.228064,0.910494,-23.058508,146257.375274
60440606.680934,0.655860,-23.153963,120514.735170
60448646.133805,0.362107,-22.759845,94351.054270
60456685.586675,0.249235,-22.667785,67855.737279
60464725.039546,0.051719,-24.594816,41119.322145
60472764.492416,0.078271,-20.860723,14233.170681
60480803.945287,-0.102893,-21.654969,-12710.843633
60488843.398158,-0.443812,-24.283048,-39620.649590
60496882.851028,-0.605982,-23.855441,-66404.292879
60504922.303899,-0.685316,-22.790786,-92970.250304
60512961.756769,-0.768131,-23.308164,-119227.742527
60521001.209640,-0.996687,-21.231950,-145087.044280
60529040.662510,-1.390295,-20.282104,-170459.790959
60537080.115381,-1.260610,-20.323046,-195259.280586
60545119.568252,-1.371273,-20.563628,-219400.770074
60553159.021122,-1.594680,-19.595417,-242801.764811
60561198.473993,-1.776434,-18.114157,-265382.300549
60569237.926863,-1.801210,-18.534381,-287065.216659
60577277.379734,-2.042418,-15.992164,-307776.419790
60585316.832604,-2.211383,-18.081910,-327445.137066
60593356.285475,-2.214716,-13.977716,-346004.157919
60601395.738346,-2.261824,-13.274247,-363390.063755
60609435.191216,-2.415340,-10.913249,-379543.444673
60617474.644087,-2.475969,-14.086269,-394409.102464
60625514.096957,-2.547167,-9.467061,-407936.239241
60633553.549828,-2.844015,-9.732405,-420078.631016
60641593.002698,-2.723562,-9.213785,-430794.785655
60649632.455569,-2.763070,-6.418814,-440048.084661
60657671.908440,-3.122959,-3.532075,-447806.908307
60665711.361310,-2.816179,-5.392629,-454044.743683
60673750.814181,-2.908187,-1.471859,-458740.275292
60681790.267051,-3.079828,-0.809455,-461877.457891
60689829.719922,-3.104583,1.081103,-463445.571319
60697869.172792,-3.123014,0.854845,-463439.257130
60705908.625663,-2.928399,4.133023,-461858.536896
60713948.078534,-2.909815,5.558965,-458708.812148
60721987.531404,-2.839722,6.944215,-454000.845903
60730026.984275,-3.038020,5.962083,-447750.725896
60738066.437145,-2.768693,8.742352,-439979.809603
60746105.890016,-2.691077,8.590842,-430714.651252
60754145.342886,-2.605403,11.274856,-419986.911100
60762184.795757,-2.487599,10.737514,-407833.247230
60770224.248628,-2.460941,12.227112,-394295.190295
60778263.701498,-2.339152,13.950024,-379419.001599
60786303.154369,-2.253734,14.135353,-363255.515014
60794342.607239,-2.198182,16.511614,-345859.963281
60802382.060110,-2.049235,17.293045,-327291.789264
60810421.512980,-1.981379,16.731983,-307614.442833
60818460.965851,-1.754579,19.273148,-286895.164043
60826500.418722,-1.616308,22.798074,-265204.753367
60834539.871592,-1.458632,19.102746,-242617.329763
60842579.324463,-1.276889,21.143604,-219210.077400
60850618.777333,-1.052292,22.301462,-195062.981907
60858658.230204,-0.898332,21.296197,-170258.557054
60866697.683074,-0.858936,22.424339,-144881.562790
60874737.135945,-0.898815,20.055485,-119018.715611
60882776.588815,-0.500769,21.704572,-92758.392232
60890816.041686,-0.387764,25.084998,-66190.327599
60898855.494557,-0.109938,25.046412,-39405.308249
60906894.947427,0.034840,24.298019,-12494.862080
60914934.400298,0.133133,20.960691,14449.054408
60922973.853168,0.290713,24.695846,41334.370344
60931013.306039,0.410338,22.270615,68069.215102
60939052.758909,0.704262,21.234808,94562.232236
60947092.211780,0.843111,22.994664,120722.891656
60955131.664651,0.904744,19.328421,146461.798982
60963171.117521,1.207364,21.079824,171691.001016
60971210.570392,1.342876,21.925473,196324.286289
60979250.023262,1.561889,22.288308,220277.479658
60987289.476133,1.679501,17.141915,243468.729941
60995328.929003,1.662229,20.877878,265818.789615
61003368.381874,1.859708,19.772547,287251.285617
61011407.834745,1.824381,18.873278,307692.980317
61019447.287615,2.096263,15.057532,327074.021782
61027486.740486,2.162128,15.300564,345328.182467
61035526.193356,2.402252,12.439728,362393.085532
61043565.646227,2.330932,14.197542,378210.417977
61051605.099097,2.450166,12.195382,392726.129919
61059644.551968,2.774639,10.165657,405890.619281
61067684.004839,2.592706,10.301941,417658.901286
61075723.457709,2.631235,6.125655,427990.762184
61083762.910580,2.659235,7.184721,436850.896659
61091802.363450,2.563135,5.739960,444209.028479
61099841.816321,2.781494,4.525178,450040.013949
61107881.269191,2.978251,3.095072,454323.927832
61115920.722062,2.875440,-0.931329,457046.131437
61123960.174933,2.899977,0.033893,458197.322639
61131999.627803,2.729647,0.181444,457773.567668
61140039.080674,2.674401,-4.377387,455776.314550
61148078.533544,2.792258,-6.009480,452212.388160
61156117.986415,2.796459,-6.146240,447093.966897
61164157.439285,2.679306,-5.409390,440438.541073
61172196.892156,2.730719,-8.515223,432268.853146
61180236.345027,2.733832,-9.896928,422612.820003
61188275.797897,2.416070,-11.733654,411503.437567
61196315.250768,2.460455,-10.303898,398978.668044
61204354.703638,2.240757,-13.651258,385081.310202
61212394.156509,2.218416,-15.670809,369858.853124
61220433.609379,2.081196,-16.214851,353363.313928
61228473.062250,2.008984,-16.446603,335651.060019
61236512.515120,1.862180,-16.181206,316782.616475
61244551.967991,1.652416,-18.974838,296822.459225
61252591.420862,1.719122,-19.690131,275838.794726
61260630.873732,1.579542,-20.622428,253903.326892
61268670.326603,1.249582,-20.776313,231091.012073
61276709.779473,1.184818,-20.464078,207479.802920
61284749.232344,0.932951,-20.425789,183150.382009
61292788.685214,0.938264,-21.228314,158185.886141
61300828.138085,0.735708,-21.531998,132671.622247
61308867.590956,0.444318,-22.421171,106694.775891
61316907.043826,0.437243,-24.793952,80344.113340
61324946.496697,0.214953,-23.236576,53709.678239
61332985.949567,0.198120,-23.543984,26882.483921
61341025.402438,-0.139101,-26.364549,-45.797596
61349064.855308,-0.268409,-23.756653,-26983.148869
61357104.308179,-0.363437,-20.998137,-53837.521461
61365143.761050,-0.622660,-24.114855,-80517.150481
61373183.213920,-0.799889,-24.023524,-106930.868165
61381222.666791,-0.814033,-22.792514,-132988.415398
61389262.119661,-1.166413,-22.574784,-158600.750149
61397301.572532,-1.313821,-21.646092,-183680.351734
61405341.025402,-1.300702,-20.590439,-208141.519888
61413380.478273,-1.595171,-18.007137,-231900.667615
61421419.931144,-1.742921,-16.801105,-254876.606813
61429459.384014,-1.724378,-16.118486,-276990.825704
61437498.836885,-1.688196,-16.711110,-298167.757125
61445538.289755,-2.173273,-18.374441,-318335.036740
61453577.742626,-2.174668,-15.931727,-337423.750332
61461617.195496,-2.531738,-13.881571,-355368.669278
61469656.648367,-2.305760,-10.489919,-372108.473454
61477696.101238,-2.462514,-12.651820,-387585.960770
61485735.554108,-2.578153,-12.227472,-401748.242634
61493775.006979,-2.652818,-9.899864,-414546.924687
61501814.459849,-2.750611,-9.812177,-425938.272164
61509853.912720,-2.789918,-7.157399,-435883.359348
61517893.365590,-2.895367,-7.686555,-444348.202581
61525932.818461,-2.742168,-2.107374,-451303.876391
61533972.271332,-2.889405,-1.752317,-456726.612335
61542011.724202,-2.856323,-2.357509,-460597.880218
61550051.177073,-3.048104,-0.930039,-462904.451413
61558090.629943,-2.894599,0.300083,-463638.444067
61566130.082814,-2.778857,3.354254,-462797.350030
61574169.535684,-2.800675,3.745534,-460384.043432
61582208.988555,-3.030482,6.085061,-456406.770853
61590248.441426,-2.794837,4.097089,-450879.123154
61598287.894296,-2.811001,7.752705,-443819.989026
61606327.347167,-2.757775,9.417439,-435253.490449
61614366.800037,-2.655705,8.148958,-425208.900266
61622406.252908,-2.458085,9.766473,-413720.542148
61630445.705778,-2.366692,11.562772,-400827.673311
61638485.158649,-2.399206,14.573806,-386574.350368
61646524.611519,-2.191035,14.732670,-371009.278778
61654564.064390,-2.149872,15.417512,-354185.646419
61662603.517261,-2.025164,14.977766,-336160.941832
61670642.970131,-2.084907,17.196252,-316996.757782
61678682.423002,-1.917719,19.182253,-296758.580781
61686721.875872,-1.908898,19.562594,-275515.567315
61694761.328743,-1.660437,19.700515,-253340.307527
61702800.781613,-1.435012,21.814762,-230308.577168
61710840.234484,-1.226491,23.872875,-206499.078660
61718879.687355,-0.973249,22.682431,-181993.172160
61726919.140225,-0.978722,22.663754,-156874.597542
61734958.593096,-0.787186,19.784919,-131229.188246
61742998.045966,-0.532952,20.650257,-105144.577976
61751037.498837,-0.528860,23.018453,-78709.901242
61759076.951707,-0.266927,22.101343,-52015.488777
61767116.404578,-0.099120,23.187071,-25152.558865
61775155.857449,0.003206,24.545656,1787.094365
61783195.310319,0.227732,20.477770,28711.414609
61791234.763190,0.562538,22.741391,55528.397959
61799274.216060,0.541494,23.732958,82146.407291
61807313.668931,0.631814,21.729768,108474.485399
61815353.121801,0.942263,23.125354,134422.665812
61823392.574672,1.005734,21.764946,159902.280219
61831432.027543,1.058518,20.981613,184826.261460
61839471.480413,1.360526,19.297673,209109.441044
61847510.933284,1.451018,18.411849,232668.840185
61855550.386154,1.642496,17.953022,255423.953347
61863589.839025,1.708051,18.939602,277297.023346
61871629.291895,1.866268,14.946159,298213.307053
61879668.744766,2.019643,15.612074,318101.330803
61887708.197637,2.202330,14.147534,336893.134628
61895747.650507,2.181508,16.255000,354524.504487
61903787.103378,2.280194,13.549694,370935.191695
61911826.556248,2.585631,10.480431,386069.118795
61919866.009119,2.517818,8.877285,399874.571188
61927905.461989,2.502634,10.244764,412304.373845
61935944.914860,2.617031,9.320498,423316.052511
61943984.367731,2.749104,8.413328,432871.978847
61952023.820601,2.781320,4.407757,440939.499009
61960063.273472,2.773469,5.955490,447491.045227
61968102.726342,2.761697,2.520301,452504.230017
61976142.179213,2.777083,2.370639,455961.922674
61984181.632083,2.856292,1.059159,457852.307809
61992221.084954,2.914533,-1.413935,458168.925734
62000260.537825,2.764473,-3.284076,456910.694520
62008299.990695,2.823077,-4.650320,454081.913710
62016339.443566,2.714021,-4.366225,449692.249616
62024378.896436,2.829083,-5.461883,443756.702290
62032418.349307,2.654851,-8.299144,436295.554272
62040457.802177,2.730095,-7.989656,427334.301275
62048497.255048,2.594030,-13.260218,416903.565069
62056536.707918,2.546838,-11.029588,405038.988838
62064576.160789,2.479506,-12.253181,391781.115382
62072615.613660,2.382623,-13.240629,377175.248584
62080655.066530,2.312633,-14.567710,361271.298590
62088694.519401,1.994158,-14.813933,344123.611270
62096733.972271,2.062811,-17.053253,325790.782506
62104773.425142,1.907656,-16.857267,306335.457958
62112812.878012,1.556038,-18.171774,285824.119006
62120852.330883,1.587371,-19.712007,264326.855565
62128891.783754,1.402511,-19.972352,241917.126585
62136931.236624,1.279256,-21.822112,218671.509027
62144970.689495,1.116219,-20.457070,194669.436194
62153010.142365,0.906899,-22.524611,169992.926296
62161049.595236,0.855734,-22.328541,144726.302178
62169089.048106,0.641933,-21.671874,118955.903187
62177128.500977,0.608801,-21.970027,92769.790132
62185167.953848,0.264439,-22.716078,66257.444371
62193207.406718,0.087553,-25.943404,39509.462043
62201246.859589,-0.022677,-22.233695,12617.244486
62209286.312459,-0.087964,-23.156403,-14327.314090
62217325.765330,-0.375130,-24.578668,-41232.140620
62225365.218200,-0.537428,-22.918182,-68005.297807
62233404.671071,-0.759879,-23.886967,-94555.298287
62241444.123942,-0.901586,-22.751992,-120791.417250
62249483.576812,-1.183017,-21.952915,-146624.002463
62257523.029683,-1.172216,-23.003755,-171964.780616
62265562.482553,-1.349598,-20.518402,-196727.158970
62273601.935424,-1.530284,-20.597222,-220826.521255
62281641.388294,-1.572903,-19.492067,-244180.516811
62289680.841165,-1.711095,-21.911631,-266709.341993
62297720.294036,-1.938963,-17.874989,-288336.012873
62305759.746906,-2.074328,-17.397751,-308986.628298
62313799.199777,-2.094674,-15.549347,-328590.622429
62321838.652647,-2.178800,-18.472138,-347081.005862
62329878.105518,-2.458026,-13.677206,-364394.594551
62337917.558388,-2.540225,-10.881691,-380472.225708
62345957.011259,-2.612328,-13.572304,-395258.959972
62353996.464130,-2.543209,-9.618254,-408704.269150
62362035.917000,-2.739688,-9.936836,-420762.208866
62370075.369871,-2.799467,-6.886032,-431391.575571
62378114.822741,-2.783513,-5.671191,-440556.047336
62386154.275612,-2.979665,-2.844028,-448224.307965
62394193.728482,-2.827245,-4.687266,-454370.154016
62402233.181353,-2.901283,-3.062265,-458972.584330
62410272.634224,-3.010769,-1.444857,-462015.871804
62418312.087094,-3.067080,-0.320576,-463489.617129
62426351.539965,-3.125111,2.276784,-463388.784325
62434390.992835,-2.893375,1.322711,-461713.717951
62442430.445706,-2.795457,1.810799,-458470.141925
62450469.898576,-2.884852,4.932506,-453669.139972
62458509.351447,-2.802118,7.962882,-447327.117738
62466548.804317,-2.702941,10.036181,-439465.746741
62474588.257188,-2.726743,9.632276,-430111.890308
62482627.710059,-2.728531,11.968757,-419297.511785
62490667.162929,-2.680157,13.493236,-407059.565313
62498706.615800,-2.483687,12.655458,-393439.869546
62506746.068670,-2.258626,14.090989,-378484.964761
62514785.521541,-2.366594,13.242983,-362245.953814
62522824.974411,-2.055680,19.171949,-344778.327519
62530864.427282,-1.931771,16.841645,-326141.775032
62538903.880153,-1.922353,18.138462,-306399.979878
62546943.333023,-1.822396,18.635642,-285620.402343
62554982.785894,-1.496376,21.457437,-263874.048950
62563022.238764,-1.404329,21.468205,-241235.229818
62571061.691635,-1.375257,21.468949,-217781.304743
62579101.144505,-1.250336,19.707882,-193592.418840
62587140.597376,-1.056783,20.079336,-168751.228683
62595180.050247,-0.896287,22.990515,-143342.619853
62603219.503117,-0.552966,23.326720,-117453.416875
62611258.955988,-0.414957,23.450643,-91172.086528
62619298.408858,-0.306757,21.965483,-64588.435539
62627337.861729,-0.265570,24.421181,-37793.303707
62635377.314599,-0.003682,22.493637,-10878.253486
62643416.767470,0.137470,21.642195,16064.742892
62651456.220341,0.353833,21.495954,42943.617701
62659495.673211,0.436675,23.335364,69666.522323
62667535.126082,0.589947,24.429056,96142.141115
62675574.578952,0.979696,21.561238,122280.003438
62683614.031823,0.944593,21.290859,147990.792814
62691653.484693,1.102772,22.683330,173186.652127
62699692.937564,1.337259,20.401127,197781.483844
62707732.390435,1.341953,20.704559,221691.244223
62715771.843305,1.571946,20.628294,244834.230498
62723811.296176,1.703730,19.709151,267131.360072
62731850.749046,1.789536,19.662931,288506.440750
62739890.201917,2.145886,17.234378,308886.431095
62747929.654787,2.034225,15.093765,328201.690029
62755969.107658,2.072304,14.493133,346386.214797
62764008.560529,2.249521,13.898130,363377.866506
62772048.013399,2.334780,13.879026,379118.582474
62780087.466270,2.680388,11.373344,393554.574621
62788126.919140,2.481781,7.764983,406636.513284
62796166.372011,2.528098,9.819259,418319.695774
62804205.824881,2.561574,8.373076,428564.199136
62812245.277752,2.721975,5.615910,437335.016567
62820284.730623,2.879347,6.280503,444602.177041
62828324.183493,2.749313,2.039291,450340.847725
62836363.636364,2.788551,1.123865,454531.418835
62844403.089234,2.783213,1.313482,457159.570642
62852442.542105,2.757888,-0.441814,458216.322411
62860481.994975,2.838068,-2.895670,457698.063081
62868521.447846,2.751520,-2.830877,455606.563614
62876560.900716,2.847327,-2.276668,451948.970934
62884600.353587,2.708746,-5.105253,446737.783514
62892639.806458,2.741267,-6.824158,439990.808658
62900679.259328,2.535349,-9.011654,431731.101658
62908718.712199,2.512522,-9.331524,421986.887009
62916758.165069,2.443566,-10.247356,410791.461962
62924797.617940,2.393202,-11.328103,398183.082741
62932837.070810,2.320209,-13.409189,384204.833821
62940876.523681,2.468399,-16.046375,368904.480697
62948915.976552,2.134022,-17.565297,352334.306670
62956955.429422,2.149374,-16.688279,334550.934183
62964994.882293,1.805303,-17.452571,315615.131333
62973034.335163,1.757596,-17.340963,295591.604227
62981073.788034,1.792245,-18.380771,274548.775863
62989113.240904,1.349519,-19.522466,252558.552326
62997152.693775,1.284692,-19.829964,229696.077075
63005192.146646,1.182679,-19.112406,206039.474164
63013231.599516,1.068945,-20.259113,181669.581287
63021271.052387,0.937231,-22.550201,156669.673539
63029310.505257,0.587954,-25.627243,131125.178864
63037349.958128,0.480387,-21.597224,105123.386124
63045389.410998,0.330667,-23.148701,78753.146833
63053428.863869,0.148438,-22.590362,52104.571531
63061468.316740,-0.041259,-21.858770,25268.721871
63069507.769610,-0.270649,-24.249273,-1662.700553
63077547.222481,-0.263450,-22.689877,-28597.667565
63085586.675351,-0.342196,-24.591277,-55444.138874
63093626.128222,-0.678145,-20.797958,-82110.376592
63101665.581092,-0.760273,-22.095802,-108505.258712
63109705.033963,-0.922130,-22.285491,-134538.590484
63117744.486834,-1.067812,-21.400068,-160121.412623
63125783.939704,-1.261541,-20.215113,-185166.305295
63133823.392575,-1.420443,-22.377536,-209587.686840
63141862.845445,-1.595692,-21.579669,-233302.106216
63149902.298316,-1.652886,-19.416406,-256228.528164
63157941.751186,-1.778398,-17.385811,-278288.610116
63165981.204057,-1.921329,-18.823463,-299406.969897
63174020.656928,-2.073086,-14.762000,-319511.443323
63182060.109798,-2.293359,-16.095289,-338533.330790
63190099.562669,-2.209703,-13.829621,-356407.632031
63198139.015539,-2.416887,-13.699946,-373073.268231
63206178.468410,-2.443615,-12.646193,-388473.290740
63214217.921280,-2.619917,-13.290731,-402555.075676
63222257.374151,-2.820241,-12.149608,-415270.503747
63230296.827021,-2.671697,-8.933621,-426576.124679
63238336.279892,-2.947034,-7.744209,-436433.305693
63246375.732763,-2.905978,-6.115753,-444808.363516
63254415.185633,-2.975584,-4.517168,-451672.679489
63262454.638504,-2.917061,-5.317089,-457002.797345
63270494.091374,-2.917729,-3.168584,-460780.503381
63278533.544245,-2.978945,-0.861029,-462992.888682
63286572.997115,-2.870293,1.839613,-463632.393240
63294612.449986,-2.940582,2.711714,-462696.831785
63302651.902857,-2.848385,4.380895,-460189.401250
63310691.355727,-2.925885,4.448282,-456118.669854
63318730.808598,-2.796674,9.400929,-450498.547816
63326770.261468,-2.850697,5.684631,-443348.239823
63334809.714339,-2.806229,10.155894,-434692.179413
63342849.167209,-2.757368,9.112089,-424559.945466
63350888.620080,-2.536782,14.204567,-412986.161149
63358928.072951,-2.593810,11.222228,-400010.375588
63366967.525821,-2.445937,15.545003,-385676.928734
63375006.978692,-2.494199,16.784662,-370034.799840
63383046.431562,-2.236418,16.638160,-353137.440098
63391085.884433,-2.134439,16.352480,-335042.589987
63399125.337303,-1.915621,18.075858,-315812.081965
63407164.790174,-1.602437,19.398533,-295511.629184
63415204.243045,-1.693088,19.156810,-274210.600934
63423243.695915,-1.532127,17.422509,-251981.785602
63431283.148786,-1.509436,21.229560,-228901.141945
63439322.601656,-1.310358,21.198958,-205047.539529
63447362.054527,-1.210251,21.441936,-180502.489219
63455401.507397,-0.951812,21.396366,-155349.864649
63463440.960268,-0.886792,19.904647,-129675.615612
63471480.413139,-0.698039,22.311492,-103567.474361
63479519.866009,-0.513146,23.898423,-77114.655814
63487559.318880,-0.226665,24.828646,-50407.552697
63495598.771750,-0.169072,26.096387,-23537.426661
63503638.224621,0.070203,24.360692,3403.903577
63511677.677491,0.144242,24.760536,30324.375981
63519717.130362,0.369634,23.246890,57131.999791
63527756.583233,0.563588,22.174503,83735.169867
63535796.036103,0.784451,22.960359,110042.979711
63543835.488974,0.849689,21.362029,135965.532111
63551874.941844,1.234622,21.054912,161414.246330
63559914.394715,1.259670,21.204077,186302.160796
63567953.847585,1.238379,20.674008,210544.230267
63575993.300456,1.601246,19.750129,234057.616432
63584032.753327,1.565919,20.000284,256761.970989
63592072.206197,1.725690,16.374895,278579.710203
63600111.659068,2.103718,17.768179,299436.280016
63608151.111938,2.045382,17.788335,319260.410815
63616190.564809,2.057408,15.681547,337984.360961
63624230.017679,2.251042,13.546221,355544.148279
63632269.470550,2.281080,13.984668,371879.768691
63640308.923420,2.449619,12.249327,386935.401251
63648348.376291,2.579849,11.057946,400659.598905
63656387.829162,2.734111,8.359777,413005.464281
63664427.282032,2.700684,8.668429,423930.809948
63672466.734903,2.657129,5.687387,433398.302580
63680506.187773,2.817424,7.477352,441375.590519
63688545.640644,2.649802,5.721254,447835.414335
63696585.093514,2.863791,3.612633,452755.699968
63704624.546385,2.891372,5.109608,456119.634161
63712663.999256,2.789329,-0.267911,457915.721915
63720703.452126,2.712899,-2.925735,458137.825760
63728742.904997,2.898674,-1.950478,456785.186742
63736782.357867,2.958858,-5.209821,453862.427004
63744821.810738,2.735234,-3.698190,449379.533995
63752861.263608,2.810495,-5.870669,443351.826346
63760900.716479,2.798205,-5.093214,435799.901517
63768940.169350,2.730583,-10.486597,426749.565421
63776979.622220,2.583609,-8.659518,416231.744233
63785019.075091,2.516258,-12.264950,404282.378720
63793058.527961,2.462015,-14.164937,390942.301418
63801097.980832,2.061882,-13.058083,376257.097108
63809137.433702,2.082773,-15.015805,360276.947048
63817176.886573,2.091827,-14.971403,343056.457490
63825216.339444,1.957635,-15.295333,324654.473089
63833255.792314,1.757466,-16.632165,305133.875824
63841295.245185,1.764059,-17.637139,284561.370117
63849334.698055,1.583957,-20.227394,263007.254898
63857374.150926,1.465482,-20.124374,240545.183388
63865413.603796,1.283415,-20.650110,217251.911408
63873453.056667,1.084533,-20.571685,193207.035104
63881492.509538,0.976432,-20.771115,168492.718948
63889531.962408,0.724413,-21.342758,143193.414977
63897571.415279,0.618477,-23.681957,117395.574208
63905610.868149,0.314331,-22.684085,91187.351223
63913650.321020,0.295763,-22.317921,64658.302931
63921689.773890,0.073586,-24.762704,37899.082547
63929729.226761,-0.096846,-23.050325,11001.129810
63937768.679632,0.082311,-21.397257,-15943.641471
63945808.132502,-0.364959,-23.819365,-42843.157505
63953847.585373,-0.674661,-22.273843,-69605.499142
63961887.038243,-0.565791,-22.260366,-96139.215975
63969926.491114,-0.830223,-21.635183,-122353.638840
63977965.943984,-1.009209,-22.629848,-148159.189637
63986005.396855,-1.286133,-21.033550,-173467.687442
63994044.849726,-1.292244,-21.276003,-198192.649820
64002084.302596,-1.628869,-22.270709,-222249.588354
64010123.755467,-1.613258,-20.962790,-245556.297354
64018163.208337,-1.770022,-18.097995,-268033.134759
64026202.661208,-1.977821,-16.434390,-289603.294290
64034242.114078,-2.011931,-14.528416,-310193.067901
64042281.566949,-2.179032,-14.973333,-329732.097654
64050321.019819,-2.088959,-14.652027,-348153.616143
64058360.472690,-2.442372,-11.195852,-365394.674637
64066399.925561,-2.445078,-11.101051,-381396.358195
64074439.378431,-2.661363,-12.235945,-396103.986980
64082478.831302,-2.684472,-12.852567,-409467.303110
64090518.284172,-2.762363,-9.285336,-421440.642393
64098557.737043,-2.917149,-7.592109,-431983.090370
64106597.189913,-2.699211,-5.826874,-441058.622122
64114636.642784,-2.778901,-4.680600,-448636.225376
64122676.095655,-2.959515,-2.272467,-454690.006475
64130715.548525,-3.037259,-0.548026,-459199.278861
64138755.001396,-3.004410,-2.650751,-462148.633762
64146794.454266,-3.049676,1.538472,-463527.992848
64154833.907137,-2.860876,-0.581575,-463332.642671
64162873.360007,-2.867618,4.014688,-461563.250767
64170912.812878,-2.825826,4.680260,-458225.863378
64178952.265749,-2.904271,5.074153,-453331.884792
64186991.718619,-2.834718,6.728813,-446898.038371
64195031.171490,-2.718449,7.923886,-438946.309407
64203070.624360,-2.535718,10.182473,-429503.869992
64211110.077231,-2.535116,11.781223,-418602.986172
64219149.530101,-2.524154,13.742126,-406280.907686
64227188.982972,-2.467317,11.862720,-392579.740680
64235228.435843,-2.416330,13.398334,-377546.303830
64243267.888713,-2.400064,14.929888,-361231.968342
64251307.341584,-2.257461,16.733941,-343692.482429
64259346.794454,-2.058034,17.035643,-324987.780796
64267386.247325,-1.850221,17.813234,-305181.779845
64275425.700195,-1.762643,17.727692,-284342.159263
64283465.153066,-1.727722,19.379510,-262540.130743
64291504.605937,-1.452939,20.536170,-239850.194660
64299544.058807,-1.216246,23.891227,-216349.885476
64307583.511678,-1.171759,21.824441,-192119.506812
64315622.964548,-0.931121,20.632584,-167241.857026
64323662.417419,-0.853472,20.723811,-141801.946285
64331701.870289,-0.855853,22.698711,-115886.706080
64339741.323160,-0.402843,22.515932,-89584.692160
64347780.776031,-0.432658,21.958750,-62985.781932
64355820.228901,-0.065329,20.990538,-36180.867336
64363859.681772,-0.060569,24.462635,-9261.544257
64371899.134642,0.045001,21.544628,17680.200474
64379938.587513,0.271076,22.652752,44552.303405
64387978.040383,0.622876,22.225403,71262.939063
64396017.493254,0.770955,21.972598,97720.833725
64404056.946125,0.539441,21.812695,123835.577322
64412096.398995,0.898043,21.303668,149517.932372
64420135.851866,1.072659,21.601842,174680.138924
64428175.304736,1.351968,21.043756,199236.214442
64436214.757607,1.468325,19.778407,223102.247617
64444254.210477,1.620615,20.566076,246196.685107
64452293.663348,1.758753,17.988227,268440.610210
64460333.116218,1.884741,19.188558,289758.012539
64468372.569089,2.040126,16.599663,310076.047753
64476412.021960,2.097246,15.682225,329325.286479
64484451.474830,2.234517,16.189057,347439.951563
64492490.927701,2.267240,16.516006,364358.142835
64500530.380571,2.341890,13.488803,380022.048631
64508569.833442,2.376751,12.702804,394378.143347
64516609.286312,2.503299,11.402864,407377.370336
64524648.739183,2.637273,7.719848,418975.309547
64532688.192054,2.680961,9.530218,429132.329313
64540727.644924,2.712712,5.544320,437813.721772
64548767.097795,2.748148,5.597927,444989.821477
64556806.550665,2.769055,2.696719,450636.106762
64564846.003536,2.674873,3.703411,454733.283531
64572885.456406,2.842898,-1.014589,457267.351202
64580924.909277,2.958021,1.976669,458229.650532
64588964.362148,2.898938,-0.897986,457616.893222
64597003.815018,2.722645,-3.337373,455431.173142
64605043.267889,2.830128,-5.427317,451679.959180
64613082.720759,2.681871,-2.055212,446376.069727
64621122.173630,2.745998,-9.109787,439537.628861
64629161.626500,2.647230,-7.898012,431188.004426
64637201.079371,2.666111,-10.711516,421355.728175
64645240.532242,2.617867,-10.427927,410074.398278
64653279.985112,2.358588,-13.796598,397382.564508
64661319.437983,2.226798,-10.319251,383323.596512
64669358.890853,2.099972,-14.366076,367945.535617
64677398.343724,2.116389,-15.272757,351300.930658
64685437.796594,2.135745,-13.521502,333446.658419
64693477.249465,1.929982,-18.434550,314443.729273
64701516.702336,1.936336,-19.463847,294357.078702
64709556.155206,1.558289,-20.330175,273255.345409
64717595.608077,1.559939,-21.096467,251210.636763
64725635.060947,1.234095,-19.354647,228298.282406
64733674.513818,1.125749,-20.799674,204596.576836
64741713.966688,1.080130,-21.931809,180186.511866
64749753.419559,0.919270,-22.446635,155151.499869
64757792.872430,0.675952,-24.003633,129577.088740
64765832.325300,0.463417,-24.671470,103550.669573
64773871.778171,0.432224,-23.126856,77161.178031
64781911.231041,0.124359,-23.642884,50498.790444
64789950.683912,-0.193507,-22.099861,23654.615662
64797990.136782,-0.056440,-24.084172,-3279.616274
64806029.589653,-0.426563,-23.062174,-30211.867586
64814069.042523,-0.476482,-23.529201,-57050.107263
64822108.495394,-0.673210,-21.776437,-83702.625546
64830147.948265,-0.799425,-21.802462,-110078.347309
64838187.401135,-1.002968,-23.353481,-136087.143275
64846226.854006,-1.186887,-21.030939,-161640.138002
64854266.306876,-1.281780,-20.424706,-186650.013580
64862305.759747,-1.422788,-19.320552,-211031.308005
64870345.212617,-1.546404,-19.088825,-234700.707220
64878384.665488,-1.573099,-16.560043,-257577.329807
64886424.118359,-1.852946,-18.029529,-279583.003365
64894463.571229,-2.069034,-19.167299,-300642.531643
64902503.024100,-2.162494,-17.635528,-320683.951490
64910542.476970,-2.242162,-14.055246,-339638.778765
64918581.929841,-2.467820,-13.622190,-357442.242354
64926621.382711,-2.474289,-14.204359,-374033.505504
64934660.835582,-2.484261,-12.636610,-389355.873708
64942700.288453,-2.505666,-11.698072,-403356.988437
64950739.741323,-2.630079,-8.427056,-415989.006062
64958779.194194,-2.790438,-9.356368,-427208.761330
64966818.647064,-2.985170,-7.824060,-436977.914879
64974858.099935,-2.873121,-4.506259,-445263.084238
64982897.552805,-2.982164,-6.139280,-452035.957904
64990937.005676,-3.007243,-2.853960,-457273.392087
64998976.458547,-2.912473,-3.937442,-460957.489790
65007015.911417,-2.910249,-0.155604,-463075.661973
65015055.364288,-2.925198,0.443259,-463620.670566
65023094.817158,-3.008299,2.452081,-462590.653203
65031134.270029,-2.820962,2.747540,-459989.129588
65039173.722899,-3.060325,6.226211,-455824.989465
65047213.175770,-2.692284,8.459260,-450112.462244
65055252.628641,-2.734832,7.014009,-442871.068374
65063292.081511,-2.697633,8.385786,-434125.552642
65071331.534382,-2.680086,8.274844,-423905.799613
65079370.987252,-2.616791,13.485406,-412246.731513
65087410.440123,-2.605600,12.014010,-399188.188898
65095449.892993,-2.160439,14.392129,-384774.794508
65103489.345864,-2.303806,15.764289,-369055.800789
65111528.798735,-2.243616,15.069929,-352084.921589
65119568.251605,-2.064469,18.075264,-333920.148612
65127607.704476,-1.910854,18.063402,-314623.553253
65135647.157346,-1.885628,18.143792,-294261.074493
65143686.610217,-1.664792,18.120359,-272902.293571
65151726.063087,-1.606458,20.077691,-250620.196224
65159765.515958,-1.276028,23.440699,-227490.923281
65167804.968829,-1.349058,21.476163,-203593.510479
65175844.421699,-1.134855,22.024370,-179009.618390
65183883.874570,-0.880000,22.814457,-153823.253375
65191923.327440,-0.804055,20.775891,-128120.480523
65199962.780311,-0.567871,24.917477,-101989.129555
65208002.233181,-0.443559,22.562349,-75518.494701
65216041.686052,-0.284973,23.741210,-48799.029569
65224081.138922,-0.027973,24.011578,-21922.038049
65232120.591793,0.034280,23.391041,5020.637679
65240160.044664,0.088386,23.000769,31936.930982
65248199.497534,0.465952,22.397192,58734.865381
65256238.950405,0.577722,22.242293,85322.868845
65264278.403275,0.864734,22.972675,111610.086703
65272317.856146,0.887103,22.750846,137506.692108
65280357.309016,1.071690,21.979707,162924.192987
65288396.761887,1.209963,23.505303,187775.734431
65296436.214758,1.372771,21.572296,211976.395485
65304475.667628,1.448676,20.727870,235443.479338
65312515.120499,1.732521,20.589357,258096.795910
65320554.573369,1.651914,17.238194,279858.935867
65328594.026240,1.896074,18.000969,300655.535144
65336633.479110,1.948093,15.731183,320415.529052
65344672.931981,2.030644,14.533323,339071.395119
65352712.384852,2.333249,17.120644,356559.383820
65360751.837722,2.358543,12.804897,372819.736422
65368791.290593,2.378460,9.556381,387796.889182
65376830.743463,2.562386,11.016043,401439.663217
65384870.196334,2.637305,8.756699,413701.439393
65392909.649204,2.648133,8.117966,424540.317625
65400949.102075,2.757452,5.235782,433919.260052
65408988.554946,2.826101,4.252814,441806.217609
65417028.007816,2.735763,4.448331,448174.239532
65425067.460687,2.729934,3.495843,453001.565463
65433106.913557,2.807675,2.299028,456271.699800
65441146.366428,2.958959,-1.839239,457973.468068
65449185.819298,3.018651,-0.541344,458101.055104
65457225.272169,2.907668,-1.664770,456654.024925
65465264.725040,2.744439,-4.232473,453637.322223
65473304.177910,2.767657,-6.129995,449061.255464
65481343.630781,2.815232,-6.306463,442941.461662
65489383.083651,2.745427,-8.211807,435298.852952
65497422.536522,2.672350,-9.343934,426159.545121
65505461.989392,2.486851,-11.245789,415554.768375
65513501.442263,2.466249,-13.031957,403520.760618
65521540.895134,2.369623,-10.689610,390098.643621
65529580.348004,2.288798,-13.438474,375334.282505
65537619.800875,2.138701,-14.964156,359278.129016
65545659.253745,2.004808,-17.965280,341985.049120
65553698.706616,1.967909,-14.805389,323514.135524
65561738.159486,1.874019,-18.110927,303928.505745
65569777.612357,1.699486,-18.586655,283295.086431
65577817.065228,1.497014,-18.916578,261684.384661
65585856.518098,1.555388,-21.131749,239170.247020
65593895.970969,1.285172,-21.554354,215829.607246
65601935.423839,1.265456,-21.998461,191742.223345
65609974.876710,1.028300,-22.885752,166990.405046
65618014.329580,0.830063,-21.997984,141658.732534
65626053.782451,0.683285,-22.861209,115833.767434
65634093.235321,0.483183,-22.749102,89603.757015
65642132.688192,0.307552,-22.549487,63058.332637
65650172.141063,0.137776,-21.314302,36288.203473
65658211.593933,-0.052357,-23.476681,9384.846540
65666251.046804,-0.178556,-24.127460,-17559.805887
65674290.499674,-0.446075,-24.300240,-44453.680422
65682329.952545,-0.554552,-21.361071,-71204.877194
65690369.405415,-0.747682,-22.278891,-97721.983879
65698408.858286,-0.996640,-22.916922,-123914.388071
65706448.311157,-1.065648,-20.334097,-149692.586914
65714487.764027,-1.220476,-20.877436,-174968.492944
65722527.216898,-1.345480,-22.537462,-199655.735100
65730566.669768,-1.480204,-20.115952,-223669.953860
65738606.122639,-1.650247,-19.976839,-246929.089512
65746645.575509,-1.672983,-18.325866,-269353.662559
65754685.028380,-2.025927,-18.295172,-290867.045316
65762724.481251,-2.037886,-15.369965,-311395.723751
65770763.934121,-2.136877,-17.813288,-330869.548698
65778803.386992,-2.390193,-15.551157,-349221.975561
65786842.839862,-2.363284,-11.944092,-366390.291706
65794882.292733,-2.379562,-12.933925,-382315.830762
65802921.745603,-2.686780,-12.191316,-396944.173088
65810961.198474,-2.670664,-9.946463,-410225.331734
65819000.651345,-2.606867,-10.586927,-422113.923249
65827040.104215,-2.882069,-8.251060,-432569.322770
65835079.557086,-2.792874,-8.194475,-441555.802835
65843119.009956,-2.886209,-3.691105,-449042.655469
65851158.462827,-2.890763,-2.955183,-455004.297125
65859197.915697,-2.943084,-2.974427,-459420.356094
65867237.368568,-2.952168,0.986406,-462275.742130
65875276.821439,-2.999329,-0.676502,-463560.698005
65883316.274309,-2.909724,1.180852,-463270.832858
65891355.727180,-2.944963,4.979302,-461407.137197
65899395.180050,-2.924540,6.080611,-457975.979511
65907434.632921,-2.865399,6.935628,-452989.084515
65915474.085791,-2.933964,6.504020,-446463.493077
65923513.538662,-2.866339,7.483887,-438421.503991
65931552.991533,-2.558617,11.693930,-428890.597786
65939592.444403,-2.553290,10.111435,-417903.342805
65947631.897274,-2.489907,11.808786,-405497.283931
65955671.350144,-2.381482,11.641093,-391714.814282
65963710.803015,-2.251560,15.352057,-376603.030353
65971750.255885,-2.246835,17.958511,-360213.571078
65979789.708756,-2.273779,18.483038,-342602.441371
65987829.161627,-1.984607,17.365670,-323829.820757
65995868.614497,-1.976291,18.811282,-303959.857727
66003908.067368,-1.727631,18.505574,-283060.450530
66011947.520238,-1.667030,18.917045,-261203.015163
66019986.973109,-1.335899,19.527188,-238462.241329
66028026.425979,-1.444452,21.459559,-214915.837214
66036065.878850,-1.165344,20.972012,-190644.263947
66044105.331720,-1.020248,22.284003,-165730.460654
66052144.784591,-0.736933,23.615992,-140259.561046
66060184.237462,-0.535075,20.584539,-114318.602505
66068223.690332,-0.341251,23.741234,-87996.228662
66076263.143203,-0.271314,23.538031,-61382.386499
66084302.596073,-0.064924,22.435063,-34568.018978
66092342.048944,0.033004,24.777087,-7644.754287
66100381.501814,0.086317,23.299139,19295.407274
66108420.954685,0.477770,20.302586,46160.407663
66116460.407556,0.407992,23.790742,72858.445677
66124499.860426,0.570076,21.845685,99298.290642
66132539.313297,0.820603,21.331249,125389.594164
66140578.766167,1.009382,21.791127,151043.198863
66148618.219038,1.205200,22.577331,176171.443030
66156657.671908,1.348779,20.950062,200688.460182
66164697.124779,1.511938,20.515331,224510.472479
66172736.577650,1.658020,17.172487,247556.077002
66180776.030520,1.455530,20.448156,269746.523920
66188815.483391,1.938278,14.227176,291005.985586
66196854.936261,1.853180,16.309698,311261.815650
66204894.389132,2.108697,15.279014,330444.797304
66212933.842002,2.170320,14.047985,348489.379802
66220973.294873,2.288051,14.200736,365333.902453
66229012.747744,2.398254,13.019274,380920.805333
66237052.200614,2.562132,10.683719,395196.825962
66245091.653485,2.483657,10.738078,408113.181320
66253131.106355,2.594567,7.187690,419625.734538
66261170.559226,2.752548,7.777400,429695.145723
66269210.012096,2.777563,5.319528,438287.006386
66277249.464967,2.924115,4.579538,445371.957019
66285288.917838,2.785521,1.841504,450925.787423
66293328.370708,2.822481,2.632005,454929.519438
66301367.823579,2.856310,2.339764,457369.471789
66309407.276449,2.879035,0.847492,458237.306841
66317446.729320,2.755038,-0.905488,457530.059089
66325486.182190,2.745784,-1.455068,455250.145291
66333525.635061,2.798601,-4.687629,451405.356208
66341565.087932,2.718253,-5.583077,446008.829987
66349604.540802,2.768110,-9.487844,439079.007259
66357643.993673,2.585713,-7.170959,430639.568132
66365683.446543,2.610372,-11.300643,420719.351267
66373722.899414,2.611926,-9.771183,409352.255339
66381762.352284,2.497078,-12.726309,396577.123194
66389801.805155,2.322623,-14.884219,382437.609122
66397841.258025,2.314284,-12.464340,366982.029684
66405880.710896,2.241310,-16.038663,350263.198608
66413920.163767,1.979784,-16.569263,332338.246317
66421959.616637,1.934788,-18.686601,313268.424707
66429999.069508,1.825522,-19.972959,293118.897843
66438038.522378,1.553688,-18.142024,271958.519280
66446077.975249,1.479186,-21.365602,249859.596789
66454117.428119,1.358349,-20.464042,226897.645266
66462156.880990,1.096615,-21.342079,203151.128689
66470196.333861,1.004507,-22.637542,178701.191998
66478235.786731,0.902303,-21.708951,153631.383810
66486275.239602,0.588126,-21.950556,128027.370926
66494314.692472,0.524750,-21.935406,101976.645590
66502354.145343,0.294421,-23.150418,75568.226525
66510393.598213,0.309247,-25.588303,48892.354737
66518433.051084,-0.031368,-27.296158,22040.185154
66526472.503955,-0.393377,-27.227281,-4896.524863
66534511.956825,-0.230625,-23.760716,-31825.729068
66542551.409696,-0.502666,-23.528615,-58655.406865
66550590.862566,-0.824517,-23.554354,-85293.877749
66558630.315437,-0.776575,-23.944809,-111650.114597
66566669.768307,-0.986590,-22.888125,-137634.054716
66574709.221178,-1.101154,-21.079895,-163156.907597
66582748.674049,-1.433041,-19.738089,-188131.458329
66590788.126919,-1.464743,-22.547237,-212472.365620
66598827.579790,-1.589627,-18.790837,-236096.453419
66606867.032660,-1.585744,-18.565655,-258922.995142
66614906.485531,-1.959963,-16.673356,-280873.989524
66622945.938401,-1.852586,-17.506174,-301874.427158
66630985.391272,-2.210415,-19.107510,-321852.546813
66639024.844143,-2.149638,-16.325327,-340740.080654
66647064.297013,-2.421774,-12.534112,-358472.487517
66655103.749884,-2.346171,-12.419095,-374989.173458
66663143.202754,-2.536906,-10.300307,-390233.698812
66671182.655625,-2.462856,-10.665951,-404153.971050
66679222.108495,-2.719931,-8.257140,-416702.422788
66687261.561366,-2.620222,-8.678270,-427836.174333
66695301.014237,-2.793145,-7.454624,-437517.180206
66703340.467107,-2.824427,-4.948437,-445712.359149
66711379.919978,-2.991222,-2.342473,-452393.707169
66719419.372848,-2.822135,-3.498620,-457538.393229
66727458.825719,-2.984970,-1.488029,-461128.837267
66735498.278589,-2.930363,-0.754027,-463152.770267
66743537.731460,-2.924287,0.646152,-463603.276188
66751577.184331,-2.936171,3.522593,-462478.815594
66759616.637201,-2.787615,4.660364,-459783.230909
66767656.090072,-2.883661,4.754558,-455525.733300
66775695.542942,-2.746402,5.283493,-449720.871190
66783734.995813,-2.760345,7.303139,-442388.480549
66791774.448683,-2.746363,8.219839,-433553.617111
66799813.901554,-2.608755,11.733022,-423246.470753
66807853.354424,-2.577374,8.699805,-411502.262339
66815892.807295,-2.538377,14.558183,-398361.123357
66823932.260166,-2.382792,12.943905,-383867.958790
66831971.713036,-2.318359,15.636357,-368072.293671
66840011.165907,-2.103247,14.842366,-351028.103841
66848050.618777,-2.229370,14.968741,-332793.631520
66856090.071648,-1.897713,16.664512,-313431.186271
66864129.524518,-1.876950,18.476793,-293006.932095
66872168.977389,-1.711535,20.238854,-271590.661325
66880208.430260,-1.359136,19.767358,-249255.556148
66888247.883130,-1.391265,20.150264,-226077.938529
66896287.336001,-1.124132,23.462334,-202137.009402
66904326.788871,-1.105543,21.937846,-177514.578043
66912366.241742,-0.985971,25.247875,-152294.782505
66920405.694612,-0.799203,20.563802,-126563.802114
66928445.147483,-0.736686,22.134150,-100409.562980
66936484.600354,-0.337084,23.271623,-73921.437546
66944524.053224,-0.083247,23.433284,-47189.939184
66952563.506095,-0.042881,24.419939,-20306.412906
66960602.958965,0.169247,23.873110,6637.276777
66968642.411836,0.351329,25.447455,33549.059770
66976681.864706,0.590640,25.717245,60336.975005
66984721.317577,0.652039,22.465006,86909.484687
66992760.770448,0.635983,21.587077,113175.787091
67000800.223318,1.010179,23.773069,139046.126839
67008839.676189,1.247454,20.753306,164432.101613
67016879.129059,1.393870,22.429809,189246.964231
67024918.581930,1.446949,19.866863,213405.919075
67032958.034800,1.478779,20.985315,236826.411851
67040997.487671,1.648525,17.420120,259428.411685
67049036.940542,1.860042,16.896722,281134.684599
67057076.393412,1.973664,14.672531,301871.057433
67065115.846283,1.940774,16.819155,321566.671301
67073155.299153,2.021012,14.952164,340154.223725
67081194.752024,2.293419,13.717656,357570.198616
67089234.204894,2.395914,10.002655,373755.083323
67097273.657765,2.435161,11.873823,388653.571984
67105313.110636,2.531638,8.560895,402214.754526
67113352.563506,2.600735,8.768630,414392.290620
67121392.016377,2.579102,9.215241,425144.568040
67129431.469247,2.634322,7.040238,434434.844855
67137470.922118,2.678673,3.096637,442231.374977
67145510.374988,2.812409,4.707509,448507.516649
67153549.827859,2.951034,4.199923,453241.823478
67161589.280730,2.893204,1.380307,456418.117718
67169628.733600,2.897261,-1.201977,458025.545562
67177668.186471,2.817420,-0.501389,458058.614216
67185707.639341,2.731806,-3.582000,456517.210683
67193747.092212,2.772965,-4.435093,453406.602139
67201786.545082,2.784245,-5.997471,448737.417936
67209825.997953,2.929161,-5.074352,442525.613289
67217865.450823,2.680116,-7.451431,434792.414738
67225904.903694,2.544694,-10.553697,425564.247635
67233944.356565,2.517537,-10.047221,414872.645825
67241983.809435,2.441352,-11.141328,402754.143904
67250023.262306,2.381852,-13.590159,389250.152374
67258062.715176,2.382187,-14.516694,374406.816129
67266102.168047,2.186708,-14.184407,358274.856784
67274141.620917,2.129581,-16.135885,340909.399346
67282181.073788,1.839136,-16.585552,322369.783841
67290220.526659,1.711148,-16.907575,302719.362553
67298259.979529,1.589088,-19.295332,282025.283529
67306299.432400,1.649265,-17.979075,260358.261132
67314338.885270,1.260221,-20.776038,237792.334400
67322378.338141,1.334160,-21.419042,214404.614041
67330417.791011,1.047477,-20.091656,190275.018944
67338457.243882,0.871544,-22.303341,165486.003077
67346496.696753,0.704722,-23.570587,140122.273735
67354536.149623,0.535601,-20.895920,114270.502084
67362575.602494,0.508259,-22.600300,88019.026994
67370615.055364,0.241493,-20.502966,61457.553175
67378654.508235,0.231725,-21.593686,34676.844642
67386693.961105,-0.079562,-23.561013,7768.414564
67394733.413976,-0.005377,-25.360397,-19175.787451
67402772.866847,-0.342476,-21.453238,-46063.689554
67410812.319717,-0.675440,-23.519200,-72803.412283
67418851.772588,-0.780013,-24.738580,-99303.582523
67426891.225458,-0.727565,-24.249817,-125473.645741
67434930.678329,-1.024538,-23.520917,-151224.175422
67442970.131199,-1.353748,-19.248381,-176467.178655
67451009.584070,-1.327053,-19.200297,-201116.396809
67459049.036941,-1.554804,-19.131688,-225087.600295
67467088.489811,-1.502232,-17.787176,-248298.876391
67475127.942682,-1.897701,-19.161010,-270670.909142
67483167.395552,-1.959809,-17.508801,-292127.250399
67491206.848423,-2.160656,-20.099103,-312594.581051
67499246.301293,-2.183489,-16.278424,-332002.961563
67507285.754164,-2.128270,-16.031009,-350286.070970
67515325.207035,-2.278301,-13.680059,-367381.433507
67523364.659905,-2.583021,-12.314787,-383230.632096
67531404.112776,-2.518218,-12.713238,-397779.507958
67539443.565646,-2.656732,-8.026327,-410978.345693
67547483.018517,-2.763235,-7.530517,-422782.043150
67555522.471387,-2.641692,-5.895752,-433150.265559
67563561.924258,-2.836668,-7.379882,-442047.583356
67571601.377128,-2.805877,-4.581104,-449443.593245
67579640.829999,-2.819577,-2.668795,-455313.022097
67587680.282870,-2.828858,-2.179531,-459635.813310
67595719.735740,-2.825956,0.084158,-462397.195344
67603759.188611,-3.156370,-0.742115,-463587.732197
67611798.641481,-2.866133,-0.690680,-463203.355647
67619838.094352,-2.845350,4.489983,-461245.379162
67627877.547222,-2.937191,2.304893,-457720.493401
67635917.000093,-2.824082,4.948189,-452640.743357
67643956.452964,-2.873992,8.882565,-446023.487200
67651995.905834,-2.584443,10.104587,-437891.336954
67660035.358705,-2.749975,9.377626,-428272.081235
67668074.811575,-2.371283,11.441561,-417198.590294
67676114.264446,-2.709112,12.347160,-404708.703690
67684153.717316,-2.383341,12.195922,-390845.100995
67692193.170187,-2.536854,14.916780,-375655.155941
67700232.623058,-2.303606,15.234131,-359190.774551
67708272.075928,-2.265683,18.069177,-341508.217759
67716311.528799,-1.917797,16.127354,-322667.909164
67724350.981669,-1.817961,18.346790,-302734.228557
67732390.434540,-1.681556,16.785199,-281775.291917
67740429.887410,-1.569412,19.760875,-259862.718661
67748469.340281,-1.437038,20.170146,-237071.386907
67756508.793152,-1.356563,22.356523,-213479.177601
67764548.246022,-1.240041,21.372813,-189166.708397
67772587.698893,-1.012423,19.806394,-164217.058166
67780627.151763,-0.822914,21.414674,-138715.483115
67788666.604634,-0.635555,23.212551,-112749.125444
67796706.057504,-0.437522,22.629033,-86406.715581
67804745.510375,-0.374389,23.875529,-59778.268969
67812784.963246,-0.044431,23.452759,-32954.778479
67820824.416116,0.153466,23.337311,-6027.903471
67828863.868987,0.103901,22.656075,20910.343416
67836903.321857,0.412557,23.637116,47767.910685
67844942.774728,0.470437,23.741484,74453.022532
67852982.227598,0.643173,22.479824,100874.492452
67861021.680469,0.881768,23.408167,126942.034844
67869061.133340,0.939153,21.201093,152566.573520
67877100.586210,1.371845,21.834838,177660.546094
67885140.039081,1.297098,23.311927,202138.203195
67893179.491951,1.493402,18.739849,225915.901479
67901218.944822,1.524344,20.703613,248912.389456
67909258.397692,1.654509,16.881873,271049.085132
67917297.850563,1.812790,17.648904,292250.344533
67925337.303434,1.903347,14.644413,312443.720198
67933376.756304,1.924898,15.799137,331560.208729
67941416.209175,2.280687,15.961586,349534.486598
67949455.662045,2.314686,12.822283,366305.133356
67957495.114916,2.457718,12.103397,381814.841517
67965534.567786,2.468074,12.609867,396010.612392
67973574.020657,2.741053,10.663987,408843.937182
67981613.473527,2.522322,8.583869,420270.962742
67989652.926398,2.570714,6.908653,430252.641443
67997692.379269,2.701050,5.231693,438754.864583
68005731.832139,2.692585,6.212332,445748.578962
68013771.285010,2.775277,4.041363,451209.886148
68021810.737880,2.855226,0.407587,455120.124139
68029850.190751,2.978563,2.060076,457465.931148
68037889.643621,3.073109,-0.354477,458239.291241
68045929.096492,2.759542,-0.916933,457437.561751
68053968.549363,2.792519,-3.744302,455063.482291
68062008.002233,2.881303,-2.945063,451125.165396
68070047.455104,2.658305,-8.066542,445636.068813
68078086.907974,2.716084,-4.707117,438614.949495
68086126.360845,2.566877,-9.344682,430085.799524
68094165.813715,2.639788,-12.147945,420077.764116
68102205.266586,2.478760,-12.909707,408625.042030
68110244.719457,2.317272,-12.437381,395766.768712
68118284.172327,2.425229,-13.272713,381546.882551
68126323.625198,2.202202,-14.906250,366013.974754
68134363.078068,2.088769,-16.710356,349221.123289
68142402.530939,1.869913,-15.255943,331225.711515
68150441.983809,1.684839,-14.426104,312089.232100
68158481.436680,1.768733,-21.126275,291877.076884
68166520.889551,1.526950,-17.907978,270658.313434
68174560.342421,1.459844,-21.245757,248505.449029
68182599.795292,1.369206,-20.335850,225494.182890
68190639.248162,1.147465,-20.654391,201703.147512
68198678.701033,1.102702,-21.306614,177213.639959
68206718.153903,0.949921,-22.184644,152109.344069
68214757.606774,0.665560,-22.119566,126476.044490
68222797.059645,0.645814,-21.303024,100401.333544
68230836.512515,0.372744,-24.717535,73974.311916
68238875.965386,0.278316,-22.877294,47285.284178
68246915.418256,-0.118960,-22.891702,20425.450215
68254954.871127,-0.240267,-24.997889,-6513.406423
68262994.323997,-0.343737,-23.637865,-33439.232154
68271033.776868,-0.460589,-22.984047,-60260.017927
68279073.229739,-0.751100,-23.483866,-86884.113622
68287112.682609,-0.779666,-23.255910,-113220.541238
68295152.135480,-1.007087,-20.945006,-139179.305771
68303191.588350,-1.249012,-22.491923,-164671.702744
68311231.041221,-1.204396,-19.615145,-189610.621315
68319270.494091,-1.386836,-21.271187,-213910.841952
68327309.946962,-1.422188,-18.888485,-237489.327637
68335349.399833,-1.557587,-18.960492,-260265.507613
68343388.852703,-1.864715,-19.344577,-282161.552707
68351428.305574,-2.104720,-18.060563,-303102.641283
68359467.758444,-2.146683,-17.606209,-323017.214913
68367507.211315,-2.110609,-14.939804,-341837.222905
68375546.664185,-2.349659,-15.575022,-359498.354842
68383586.117056,-2.357652,-13.163969,-375940.260335
68391625.569926,-2.596310,-11.579107,-391106.755253
68399665.022797,-2.625573,-13.006423,-404946.013707
68407704.475668,-2.668427,-8.889759,-417410.745148
68415743.928538,-2.796381,-5.986164,-428458.355967
68423783.381409,-2.766228,-6.782603,-438051.095037
68431822.834279,-2.882243,-7.275766,-446156.182722
68439862.287150,-2.911269,-1.119063,-452745.922881
68447901.740020,-3.010338,-2.865555,-457797.797512
68455941.192891,-2.949232,-1.674324,-461294.543702
68463980.645762,-2.860387,-0.111639,-463224.212617
68472020.098632,-2.883063,0.490924,-463580.210323
68480059.551503,-2.951599,3.880806,-462361.320332
68488099.004373,-2.837392,2.646871,-459571.707748
68496138.457244,-2.826019,6.914372,-455220.905041
68504177.910114,-2.854556,5.393086,-449323.779473
68512217.362985,-2.730616,8.020450,-441900.482286
68520256.815856,-2.719523,9.955635,-432976.379856
68528296.268726,-2.709748,10.918849,-422581.967002
68536335.721597,-2.619938,10.690096,-410752.762787
68544375.174467,-2.418043,7.989642,-397529.189142
68552414.627338,-2.348024,11.755076,-382956.432740
68560454.080208,-2.412443,14.141636,-367084.290587
68568493.533079,-2.194475,13.631091,-349966.999861
68576532.985950,-2.182934,18.123497,-331663.052572
68584572.438820,-1.988638,16.042630,-312234.995693
68592611.891691,-1.775041,16.843814,-291749.217424
68600651.344561,-1.750127,18.401226,-270275.720337
68608690.797432,-1.575976,19.874056,-247887.882167
68616730.250302,-1.470031,22.038332,-224662.205074
68624769.703173,-1.345325,20.484890,-200678.054221
68632809.156044,-0.992112,21.342400,-176017.386574
68640848.608914,-0.939848,23.715426,-150764.470847
68648888.061785,-0.733164,24.095148,-125005.599541
68656927.514655,-0.443737,22.602546,-98828.794074
68664966.967526,-0.310558,22.123999,-72323.503999
68673006.420396,-0.371727,24.336030,-45580.301343
68681045.873267,-0.115608,22.232691,-18690.571114
68689085.326138,0.149242,22.340661,8253.800979
68697124.779008,0.306587,24.247521,35160.742508
68705164.231879,0.396151,22.165478,61938.308949
68713203.684749,0.560000,22.335024,88494.997870
68721243.137620,0.864964,24.491738,114740.061608
68729282.590490,1.096732,23.102443,140583.817362
68737322.043361,0.974913,21.530449,165937.953651
68745361.496232,1.221547,19.010789,190715.832093
68753400.949102,1.342703,20.342465,214832.783447
68761440.401973,1.411842,19.435112,238206.396952
68769479.854843,1.675049,19.735476,260756.801927
68777519.307714,1.788738,16.870896,282406.940699
68785558.760584,1.830755,16.939881,303082.831927
68793598.213455,2.161867,14.990403,322713.823396
68801637.666325,2.143961,15.871658,341232.833453
68809677.119196,2.394937,14.389561,358576.580230
68817716.572067,2.312397,13.235046,374685.797882
68825756.024937,2.483985,10.800905,389505.439119
68833795.477808,2.663354,8.730736,402984.863293
68841834.930678,2.691398,9.460510,415078.009458
68849874.383549,2.473511,5.213763,425743.553760
68857913.836419,2.660467,5.813937,434945.050642
68865953.289290,2.778318,7.777660,442651.057395
68873992.742161,2.712423,2.593925,448835.241585
68882032.195031,2.801578,2.252858,453476.471053
68890071.647902,2.798813,0.366706,456558.886115
68898111.100772,2.924073,-2.348485,458071.953752
68906150.553643,2.859713,-1.588060,458010.503620
68914190.006513,2.688574,-1.502268,456374.745700
68922229.459384,2.875005,-2.632794,453170.269588
68930268.912255,2.788606,-5.136645,448408.025401
68938308.365125,2.784308,-7.476331,442104.286342
68946347.817996,2.600547,-8.065824,434280.593112
68954387.270866,2.572171,-11.518909,424963.680289
68962426.723737,2.459468,-8.550118,414185.384975
68970466.176607,2.529224,-12.536048,401982.538014
68978505.629478,2.268652,-10.956198,388396.838116
68986545.082349,2.285231,-15.698304,373474.709393
68994584.535219,1.936105,-15.236456,357267.142700
69002623.988090,2.108393,-16.092134,339829.521402
69010663.440960,1.963380,-18.181918,321221.432123
69018702.893831,1.839157,-20.345759,301506.461126
69026742.346701,1.706224,-17.951386,280751.977037
69034781.799572,1.615574,-22.085824,259028.900629
69042821.252443,1.331848,-20.833044,236411.462482
69050860.705313,1.278663,-21.372187,212976.949330
69058900.158184,1.001585,-22.429160,188805.439954
69066939.611054,0.964332,-21.865021,163979.531552
69074979.063925,0.739445,-22.942227,138584.057484
69083018.516795,0.680556,-21.225980,112705.797391
69091057.969666,0.356773,-22.182260,86433.180661
69099097.422537,0.155711,-24.239251,59855.984245
69107136.875407,-0.079771,-22.020617,33065.025884
69115176.328278,-0.039232,-20.902427,6151.853772
69123215.781148,-0.201706,-21.108294,-20791.566278
69131255.234019,-0.442091,-21.147360,-47673.165089
69139294.686889,-0.720769,-21.591710,-74401.084738
69147334.139760,-0.732470,-19.668221,-100883.992443
69155373.592631,-1.030047,-22.611821,-127031.392660
69163413.045501,-1.051370,-20.785772,-152753.936317
69171452.498372,-1.208318,-20.816724,-177963.726133
69179491.951242,-1.336905,-19.494866,-202574.616972
69187531.404113,-1.540343,-20.354602,-226502.510215
69195570.856983,-1.640963,-20.492486,-249665.641137
69203610.309854,-1.682983,-20.425650,-271984.858300
69211649.762724,-1.932561,-17.127514,-293383.894035
69219689.215595,-1.982315,-13.998836,-313789.625049
69227728.668466,-2.053178,-16.481688,-333132.322301
69235768.121336,-2.265591,-14.820588,-351345.889277
69243807.574207,-2.449242,-13.249110,-368368.087845
69251847.027077,-2.441507,-8.757886,-384140.750939
69259886.479948,-2.565119,-11.877382,-398609.981312
69267925.932818,-2.662346,-13.386713,-411726.335720
69275965.385689,-2.870592,-8.105852,-423444.993873
69284004.838560,-2.699144,-6.297589,-433725.911589
69292044.291430,-2.855609,-7.931779,-442533.957634
69300083.744301,-2.810167,-4.120230,-449839.033768
69308123.197171,-2.909411,-5.862444,-455616.177593
69316162.650042,-3.096000,-1.716623,-459845.647858
69324202.102912,-3.087689,0.572083,-462512.991910
69332241.555783,-2.967329,-1.316129,-463609.095090
69340281.008654,-2.907136,1.572979,-463130.211869
69348320.461524,-2.957799,2.789957,-461077.978652
69356359.914395,-2.843859,5.222024,-457459.408190
69364399.367265,-2.839820,6.261512,-452286.865607
69372438.820136,-2.963600,5.743261,-445578.026157
69380478.273006,-2.738610,10.118783,-437355.814816
69388517.725877,-2.664834,11.637061,-427648.327952
69396557.178748,-2.464558,10.452626,-416488.737311
69404596.631618,-2.663038,11.382055,-403915.176669
69412636.084489,-2.465900,14.085517,-389970.611518
69420675.537359,-2.320922,15.520319,-374702.692255
69428714.990230,-2.293794,17.159228,-358163.591347
69436754.443100,-2.138953,17.053572,-340409.825057
69444793.895971,-2.123729,18.342739,-321502.060316
69452833.348842,-1.781260,16.993905,-301504.907417
69460872.801712,-1.853568,17.711753,-280486.699237
69468912.254583,-1.489155,20.158139,-258519.257731
69476951.707453,-1.341068,19.910085,-235677.648506
69484991.160324,-1.298455,22.031289,-212039.924317
69493030.613194,-1.203059,22.522869,-187686.858344
69501070.066065,-0.955552,20.606387,-162701.668186
69509109.518936,-0.858998,22.966226,-137169.731491
69517148.971806,-0.619425,21.960893,-111178.294212
69525188.424677,-0.608624,22.571411,-84816.172475
69533227.877547,-0.441437,23.548953,-58173.449082
69541267.330418,-0.129983,23.037175,-31341.165690
69549306.783288,0.050317,23.381717,-4411.011705
69557346.236159,0.053789,24.540122,22524.989030
69565385.689029,0.476541,24.749554,49374.792692
69573425.141900,0.617973,22.216956,76046.650006
69581464.594771,0.819795,23.625544,102449.419762
69589504.047641,0.899659,21.911051,128492.880258
69597543.500512,0.965745,21.567496,154088.037596
69605582.953382,1.136354,23.583387,179147.429793
69613622.406253,1.348541,17.640853,203585.425640
69621661.859123,1.574534,21.290270,227318.517323
69629701.311994,1.578657,17.584109,250265.605779
69637740.764865,1.835606,18.999017,272348.277816
69645780.217735,1.698506,17.001371,293491.074070
69653819.670606,2.140254,16.791528,313621.746850
69661859.123476,2.128254,14.835611,332671.507028
69669898.576347,2.303221,13.398974,350575.259093
69677938.029217,2.436438,11.813662,367271.823590
69685977.482088,2.398450,11.746288,382704.146187
69694016.934959,2.501658,10.617440,396819.492624
69702056.387829,2.665089,10.383064,409569.628928
69710095.840700,2.652445,9.101162,420910.986222
69718135.293570,2.710230,5.593350,430804.809608
69726174.746441,2.769721,5.920392,439217.290608
69734214.199311,2.580672,4.967733,446119.682674
69742253.652182,2.897979,2.599179,451488.399437
69750293.105053,2.769662,2.323799,455305.095292
69758332.557923,2.931925,-0.330180,457556.728089
69766372.010794,2.927927,0.386403,458235.603712
69774411.463664,2.755613,-0.319134,457339.402347
69782450.916535,2.797044,-2.971262,454871.186436
69790490.369405,2.944847,-4.118746,450839.390194
69798529.822276,2.757736,-7.810052,445257.790790
69806569.275147,2.658113,-8.348464,438145.461281
69814608.728017,2.705506,-8.634806,429526.705418
69822648.180888,2.382858,-10.778178,419430.974616
69830687.633758,2.514708,-10.378566,407892.767302
69838727.086629,2.364051,-12.350151,394951.511030
69846766.539499,2.322244,-12.063344,380651.427761
69854805.992370,2.210384,-16.490456,365041.382740
69862845.445241,2.206707,-16.317514,348174.717523
69870884.898111,1.967487,-17.089355,330109.067705
69878924.350982,1.837215,-14.027426,310906.165960
69886963.803852,1.801528,-18.481056,290631.631107
69895003.256723,1.689903,-18.568481,269354.743870
69903042.709593,1.517804,-21.212057,247148.210144
69911082.162464,1.295173,-19.784408,224087.912548
69919121.615335,1.033044,-20.101056,200252.651120
69927161.068205,0.974898,-20.012829,175723.874054
69935200.521076,0.713198,-24.790981,150585.399374
69943239.973946,0.656727,-20.433672,124923.128522
69951279.426817,0.590307,-22.915256,98824.752821
69959318.879687,0.227306,-20.904230,72379.453817
69967358.332558,0.134844,-24.903918,45677.598542
69975397.785428,-0.126394,-22.080291,18810.430714
69983437.238299,-0.280196,-21.283166,-8130.241058
69991476.691170,-0.324229,-21.147140,-35052.356989
69999516.144040,-0.654615,-21.293528,-61863.920703
70007555.596911,-0.766773,-24.449006,-88473.313595
70015595.049781,-0.771323,-25.320983,-114789.607905
70023634.502652,-1.028666,-22.987370,-140722.877427
70031673.955522,-1.226608,-22.929490,-166184.504803
70039713.408393,-1.377075,-20.724505,-191087.484335
70047752.861264,-1.414021,-20.974452,-215346.719301
70055792.314134,-1.636140,-18.226879,-238879.312734
70063831.767005,-1.884894,-17.873560,-261604.850699
70071871.219875,-1.798001,-18.801890,-283445.677072
70079910.672746,-1.988249,-17.789470,-304327.158906
70087950.125616,-2.168000,-17.222804,-324177.941458
70095989.578487,-2.293615,-16.520899,-342930.192019
70104029.031358,-2.443268,-12.568533,-360519.831706
70112068.484228,-2.362195,-12.622397,-376886.754430
70120107.937099,-2.639701,-9.340627,-391975.032286
70128147.389969,-2.641989,-9.820570,-405733.106661
70136186.842840,-2.769061,-8.007663,-418113.964426
70144226.295710,-2.683116,-7.253498,-429075.298575
70152265.748581,-2.836881,-6.486832,-438579.652804
70160305.201452,-2.757207,-5.982800,-446594.549495
70168344.654322,-2.845929,-5.076154,-453092.600704
70176384.107193,-2.973654,-2.916079,-458051.601744
70184423.560063,-2.982560,-2.435822,-461454.607059
70192463.012934,-2.958644,-1.622311,-463289.988140
70200502.465804,-2.787483,-0.875848,-463551.473252
70208541.918675,-3.045786,0.524227,-462238.168863
70216581.371546,-2.988795,5.528301,-459354.562707
70224620.824416,-2.827894,5.056673,-454910.508441
70232660.277287,-2.903957,5.742925,-448921.191977
70240699.730157,-2.727860,6.407168,-441407.079591
70248739.183028,-2.641565,8.322951,-432393.847982
70256778.635898,-2.770138,9.285653,-421912.296537
70264818.088769,-2.604672,11.867216,-409998.242080
70272857.541640,-2.619797,12.827007,-396692.396489
70280896.994510,-2.388589,13.153121,-382040.227573
70288936.447381,-2.273440,15.621476,-366091.803696
70296975.900251,-2.004180,14.642516,-348901.622704
70305015.353122,-2.039537,16.534402,-330528.425682
70313054.805992,-1.901988,18.660309,-311034.996237
70321094.258863,-1.844386,18.897389,-290487.945956
70329133.711734,-1.703402,19.684975,-268957.486786
70337173.164604,-1.355475,20.308796,-246517.191109
70345212.617475,-1.370445,20.453579,-223243.740340
70353252.070345,-1.222214,21.077118,-199216.662888
70361291.523216,-1.171321,20.325810,-174518.062408
70369330.976086,-0.850223,21.635177,-149232.337232
70377370.428957,-0.868854,21.800800,-123445.891978
70385409.881827,-0.585213,20.360791,-97246.842287
70393449.334698,-0.460586,21.650733,-70724.713723
70401488.787569,-0.295754,24.275817,-43970.135854
70409528.240439,0.010164,21.476917,-17074.532555
70417567.693310,0.061460,24.642681,9870.190392
70425607.146180,0.269908,23.815431,36771.959363
70433646.599051,0.515495,25.640101,63538.847507
70441686.051921,0.392091,21.849342,90079.388884
70449725.504792,0.724747,21.092325,116302.891007
70457764.957663,0.801635,22.898507,142119.744753
70465804.410533,1.237594,22.861395,167441.730573
70473843.863404,1.364091,21.967241,192182.319941
70481883.316274,1.420986,19.825524,216256.971044
70489922.769145,1.635423,21.828002,239583.417662
70497962.222015,1.726583,18.618874,262081.950290
70506001.674886,1.714559,18.928593,283675.688513
70514041.127757,1.838396,18.243788,304290.843713
70522080.580627,2.152538,16.651577,323856.971223
70530120.033498,2.267631,13.797966,342307.211033
70538159.486368,2.170341,15.818162,359578.516276
70546198.939239,2.318835,12.650199,375611.868651
70554238.392109,2.584044,10.358720,390352.480102
70562277.844980,2.552413,10.346681,403749.980042
70570317.297851,2.546703,9.234713,415758.587473
70578356.750721,2.728606,8.079384,426337.267412
70586396.203592,2.720747,5.882883,435449.871137
70594435.656462,2.605217,5.027740,443065.259694
70602475.109333,2.817882,4.424166,449157.410307
70610514.562203,2.837537,4.329687,453705.505305
70618554.015074,2.920372,5.059150,456694.003255
70626593.467945,2.795354,1.974402,458112.692072
70634632.920815,2.883588,0.693258,457956.723907
70642672.373686,2.759885,-3.990844,456226.631726
70650711.826556,2.848069,-2.337285,452928.327483
70658751.279427,2.955834,-6.755596,448073.081907
70666790.732297,2.810944,-6.964916,441677.486008
70674830.185168,2.588502,-8.021671,433763.394369
70682869.638039,2.667116,-9.481223,424357.850472
70690909.090909,2.488081,-10.480283,413492.994285
70698948.543780,2.443173,-11.338916,401205.952437
70706987.996650,2.427236,-11.870041,387538.711351
70715027.449521,2.156001,-15.230067,372537.973767
70723066.902391,2.055186,-13.617311,356254.999161
70731106.355262,2.051913,-17.186928,338745.428578
70739145.808132,1.852867,-15.909563,320069.094499
70747185.261003,1.736141,-17.941850,300289.816391
70755224.713874,1.673118,-19.594226,279475.182623
70763264.166744,1.545092,-19.790956,257696.319509
70771303.619615,1.420288,-18.351557,235027.648260
70779343.072485,1.152707,-22.376206,211546.630679
70787382.525356,0.962424,-23.740463,187333.504460
70795421.978226,0.854619,-22.767435,162471.009009
70803461.431097,0.759349,-22.852806,137044.102709
70811500.883968,0.475457,-24.168306,111139.672613
70819540.336838,0.456260,-23.346485,84846.237530
70827579.789709,0.291405,-20.827557,58253.645553
70835619.242579,0.185636,-22.936825,31452.767031
70843658.695450,-0.088043,-24.991738,4535.184056
70851698.148320,-0.232850,-23.871307,-22407.122484
70859737.601191,-0.370143,-23.482240,-49282.087221
70867777.054062,-0.610183,-23.528167,-75997.874900
70875816.506932,-0.708479,-23.447810,-102463.194194
70883855.959803,-1.137548,-22.742512,-128587.609662
70891895.412673,-1.213109,-23.274397,-154281.850775
70899934.865544,-1.088512,-17.754045,-179458.116962
70907974.318414,-1.579238,-20.828137,-204030.377645
70916013.771285,-1.581933,-17.095343,-227914.666210
70924053.224156,-1.715047,-19.424769,-251029.366930
70932092.677026,-1.989492,-17.875350,-273295.493865
70940132.129897,-1.986206,-17.548674,-294636.960758
70948171.582767,-2.036279,-17.310690,-314980.841038
70956211.035638,-2.105953,-15.917669,-334257.617017
70964250.488508,-2.468991,-14.278155,-352401.417439
70972289.941379,-2.244400,-13.131457,-369350.242580
70980329.394250,-2.516678,-14.174309,-385046.176092
70988368.847120,-2.638834,-11.139835,-399435.582928
70996408.299991,-2.766024,-8.183787,-412469.292614
71004447.752861,-2.672844,-9.349952,-424102.767262
71012487.205732,-2.884990,-4.571650,-434296.253776
71020526.658602,-2.724033,-8.247790,-443014.919686
71028566.111473,-2.953827,-5.132481,-450228.972174
71036605.564344,-2.756207,-4.890890,-455913.759884
71044645.017214,-3.099554,-1.973602,-460049.857154
71052684.470085,-2.930478,-0.263203,-462623.130405
71060723.922955,-3.031312,1.476848,-463624.786424
71068763.375826,-2.780240,3.318104,-463051.402421
71076802.828696,-2.893486,4.744027,-460904.937729
71084842.281567,-2.841880,4.197816,-457192.727091
71092881.734438,-2.933157,7.052135,-451927.455619
71100921.187308,-2.812433,7.749953,-445127.115428
71108960.640179,-2.916597,7.698286,-436814.944169
71117000.093049,-2.675553,10.486885,-427019.345612
71125039.545920,-2.689896,12.886236,-415773.792591
71133078.998790,-2.636434,13.479967,-403116.712629
71141118.451661,-2.401976,14.489183,-389091.356615
71149157.904531,-2.321308,13.181683,-373745.651015
71157197.357402,-2.297322,16.508279,-357132.034108
71165236.810273,-2.140768,17.433495,-339307.276781
71173276.263143,-2.021727,17.716028,-320332.288555
71181315.716014,-1.909779,16.747212,-300271.909435
71189355.168884,-1.693925,19.334726,-279194.688348
71197394.621755,-1.434805,19.924713,-257172.648904
71205434.074625,-1.373010,20.740289,-234281.043278
71213473.527496,-1.347387,23.401402,-210598.095071
71221512.980367,-0.996422,24.543734,-186204.731998
71229552.433237,-0.972914,21.065311,-161184.309358
71237591.886108,-0.810479,21.097053,-135622.325195
71245631.338978,-0.689704,22.076579,-109606.128136
71253670.791849,-0.569202,24.495104,-83224.618916
71261710.244719,-0.209294,22.197533,-56567.946585
71269749.697590,0.078223,21.676044,-29727.200467
71277789.150461,0.111719,23.595855,-2794.098885
71285828.603331,0.259183,22.046338,24139.324246
71293868.056202,0.499827,24.791568,50981.033910
71301907.509072,0.644067,22.633210,77639.308491
71309946.961943,0.644703,23.698056,104023.053192
71317986.414813,0.828705,21.295641,130042.111322
71326025.867684,1.056147,22.849972,155607.572371
71334065.320555,1.164781,18.296896,180632.075829
71342104.773425,1.367325,19.756858,205030.109710
71350144.226296,1.418876,19.534106,228718.302753
71358183.679166,1.602174,18.074482,251615.709319
71366223.132037,1.739321,18.225633,273644.085987
71374262.584907,2.024076,16.770211,294728.158926
71382302.037778,2.073036,16.423807,314795.881114
71390341.490649,1.916700,15.368037,333778.678526
71398380.943519,2.362106,14.239206,351611.684478
71406420.396390,2.243929,12.468366,368233.961263
71414459.849260,2.384182,12.104146,383588.708395
71422499.302131,2.451825,11.842716,397623.456705
71430538.755001,2.640881,9.526367,410290.247632
71438578.207872,2.551330,8.700676,421545.797099
71446617.660743,2.756148,5.824284,431351.643429
71454657.113613,2.872055,7.369124,439674.278768
71462696.566484,2.845531,5.537802,446485.263589
71470736.019354,2.773324,7.439430,451761.323865
71478775.472225,2.798533,0.791419,455484.430616
71486814.925095,2.900127,-0.811634,457641.861500
71494854.377966,2.785142,0.608907,458226.244293
71502893.830837,2.724111,-2.223908,457235.582083
71510933.283707,2.854483,-6.703267,454673.260096
71518972.736578,2.913653,-4.381431,450548.034114
71527012.189448,2.710598,-8.933739,444874.000575
71535051.642319,2.751751,-4.267384,437670.548390
71543091.095189,2.612817,-9.978936,428962.292693
71551130.548060,2.369455,-9.601616,418778.990727
71559170.000930,2.498854,-9.098893,407155.440162
71567209.453801,2.278481,-13.252170,394131.360184
71575248.906672,2.246209,-13.284988,379751.255769
71583288.359542,2.055963,-14.581369,364064.265607
71591327.812413,2.043800,-14.218079,347123.994189
71599367.265283,1.993063,-14.459018,328988.328624
71607406.718154,1.778767,-19.205037,309719.240847
71615446.171024,1.564711,-17.145104,289382.575837
71623485.623895,1.682804,-18.056225,268047.826629
71631525.076766,1.380097,-22.370463,245787.896838
71639564.529636,1.311075,-20.529431,222678.851544
71647603.982507,1.147700,-23.274812,198799.657364
71655643.435377,0.907920,-22.261499,174231.912614
71663682.888248,0.901085,-22.599249,149059.568477
71671722.341118,0.652378,-22.264591,123368.642131
71679761.793989,0.461196,-24.109973,97246.922818
71687801.246860,0.270074,-22.892984,70783.671853
71695840.699730,0.207534,-23.899839,44069.317612
71703880.152601,0.042397,-24.547060,17195.146523
71711919.605471,-0.114660,-24.113410,-9747.008874
71719959.058342,-0.375785,-21.769811,-36665.083723
71727998.511212,-0.698600,-23.196493,-63467.095458
71736037.964083,-0.611647,-21.266400,-90061.458114
71744077.416954,-0.936857,-22.224640,-116357.295291
71752116.869824,-1.098125,-20.639850,-142264.750689
71760156.322695,-1.157299,-20.507991,-167695.295159
71768195.775565,-1.241500,-21.316570,-192562.029217
71776235.228436,-1.640499,-19.070524,-216779.979998
71784274.681306,-1.515983,-18.234663,-240266.391607
71792314.134177,-1.693382,-17.047944,-262941.007918
71800353.587048,-1.937884,-18.412954,-284726.346815
71808393.039918,-1.911014,-16.961416,-305547.964958
71816432.492789,-2.072446,-16.935638,-325334.712166
71824471.945659,-2.363968,-16.908629,-344018.974544
71832511.398530,-2.345591,-12.956641,-361536.905540
71840550.851400,-2.531984,-12.455532,-377828.644097
71848590.304271,-2.517464,-10.917768,-392838.519226
71856629.757142,-2.756281,-12.580905,-406515.240230
71864669.210012,-2.698879,-10.045501,-418812.071967
71872708.662883,-2.853637,-5.056829,-429686.994567
71880748.115753,-2.924125,-6.887464,-439102.847001
71888787.568624,-2.865689,-3.041547,-447027.454075
71896827.021494,-2.880121,-2.468601,-453433.736375
71904866.474365,-2.944555,-3.594979,-458299.802798
71912905.927236,-2.938071,-2.025702,-461609.025367
71920945.380106,-3.030662,0.740761,-463350.096031
71928984.832977,-3.046864,2.688811,-463517.065328
71937024.285847,-3.010676,0.855557,-462109.362704
71945063.738718,-3.024853,3.782253,-459131.798458
71953103.191588,-2.775112,5.554500,-454594.547317
71961142.644459,-2.940272,5.927118,-448513.113659
71969182.097329,-2.832921,7.992619,-440908.278534
71977221.550200,-2.690135,9.426627,-431806.028656
71985261.003071,-2.603256,11.209736,-421237.467594
71993300.455941,-2.603956,14.049129,-409238.709503
72001339.908812,-2.375427,10.782866,-395850.755699
72009379.361682,-2.454771,13.216364,-381119.354562
72017418.814553,-2.427748,15.065349,-365094.845212
72025458.267423,-2.140814,15.915012,-347831.985480
72033497.720294,-2.013229,17.315272,-329389.764809
72041537.173165,-1.869462,19.702062,-309831.202668
72049576.626035,-1.816382,19.520098,-289223.133211
72057616.078906,-1.719560,17.237490,-267635.976894
72065655.531776,-1.678298,20.329487,-245143.499842
72073694.984647,-1.271504,20.296411,-221822.561779
72081734.437517,-1.226051,23.201981,-197752.853386
72089773.890388,-1.069922,22.172900,-173016.623991
72097813.343259,-0.962121,22.521074,-147698.400514
72105852.796129,-0.649799,22.337979,-121884.698618
72113892.249000,-0.567349,22.959190,-95663.727086
72121931.701870,-0.539677,23.374123,-69125.086392
72129971.154741,-0.370462,23.000979,-42359.462528
72138010.607611,-0.011644,22.658164,-15458.317116
72146050.060482,0.150024,21.952924,11486.425128
72154089.513353,0.367813,23.640647,38382.690509
72162128.966223,0.471860,25.059619,65138.570987
72170168.419094,0.430620,22.423791,91662.638233
72178207.871964,0.959739,21.203319,117864.256056
72186247.324835,1.100005,22.691995,143653.890115
72194286.777705,1.237753,20.135925,168943.413872
72202326.230576,1.291788,19.103855,193646.409732
72210365.683447,1.308213,22.484351,217678.464340
72218405.136317,1.513578,18.254886,240957.457035
72226444.589188,1.573255,18.851899,263403.840470
72234484.042058,1.816867,18.530145,284940.912427
72242523.494929,1.847374,18.684046,305495.077929
72250562.947799,2.073752,16.764832,324996.100712
72258602.400670,2.219983,13.863293,343377.343245
72266641.853541,2.379850,14.446631,360575.994429
72274681.306411,2.528337,13.392820,376533.284229
72282720.759282,2.566314,10.384043,391194.684511
72290760.212152,2.649743,11.161744,404510.095361
72298799.665023,2.747890,8.966602,416434.016285
72306839.117893,2.436759,7.395506,426925.701692
72314878.570764,2.846610,7.385268,435949.300128
72322918.023635,2.908085,7.712117,443473.976782
72330957.476505,2.841854,4.700449,449474.018850
72338996.929376,2.897479,1.871229,453928.923414
72347036.382246,2.961029,1.792805,456823.467481
72355075.835117,2.862366,1.836737,458147.760014
72363115.287987,2.915312,-1.891393,457897.275738
72371154.740858,2.885817,-3.427857,456072.870589
72379194.193728,2.937226,-3.484071,452680.778795
72387233.646599,2.793939,-4.382788,447732.591578
72395273.099470,2.660628,-6.158778,441245.217537
72403312.552340,2.598286,-10.758766,433240.824874
72411352.005211,2.722049,-9.849550,423746.765639
72419391.458081,2.598622,-9.455095,412795.482273
72427430.910952,2.431094,-14.381961,400424.396735
72435470.363822,2.427314,-11.584986,386675.782634
72443509.816693,2.406416,-12.744741,371596.620777
72451549.269564,2.185086,-16.090504,355238.438625
72459588.722434,2.196618,-14.397681,337657.134212
72467628.175305,1.831029,-18.466422,318912.785149
72475667.628175,1.770593,-14.846060,299069.443317
72483707.081046,1.594610,-19.712944,278194.915997
72491746.533916,1.388607,-16.620324,256360.534170
72499785.986787,1.260695,-23.806983,233640.908761
72507825.439658,1.131488,-20.555917,210113.675689
72515864.892528,0.879695,-21.742931,185859.230572
72523904.345399,0.811060,-21.388068,160960.454009
72531943.798269,0.749037,-20.841486,135502.428362
72539983.251140,0.513403,-21.571104,109572.147019
72548022.704010,0.389755,-24.001559,83258.217129
72556062.156881,0.204420,-23.070938,56650.556816
72564101.609752,0.091868,-22.418238,29840.087923
72572141.062622,-0.241556,-24.264846,2918.425311
72580180.515493,-0.334447,-24.848747,-24022.436192
72588219.968363,-0.371518,-23.427582,-50890.436154
72596259.421234,-0.743106,-21.405238,-77593.763119
72604298.874104,-0.764897,-22.812953,-104041.168343
72612338.326975,-0.778431,-22.433218,-130142.277597
72620377.779846,-1.201559,-20.890266,-155807.899992
72628417.232716,-1.284894,-21.715289,-180950.332754
72636456.685587,-1.317386,-20.753177,-205483.660916
72644496.138457,-1.634256,-19.125098,-229324.050901
72652535.591328,-1.699626,-19.377555,-252390.036991
72660575.044198,-1.968344,-18.718784,-274602.799708
72668614.497069,-1.999312,-17.925529,-295886.435149
72676653.949940,-2.092740,-16.318977,-316168.214362
72684693.402810,-2.183497,-14.113054,-335378.831861
72692732.855681,-2.429401,-13.819517,-353452.642471
72700772.308551,-2.475882,-14.438446,-370327.885622
72708811.761422,-2.471223,-11.575329,-385946.896413
72716851.214292,-2.507992,-11.662123,-400256.302652
72724890.667163,-2.685561,-9.632016,-413207.207229
72732930.120034,-2.749815,-6.957638,-424755.355222
72740969.572904,-2.662571,-6.388394,-434861.285100
72749009.025775,-2.869859,-6.739922,-443490.463591
72757048.478645,-2.978683,-4.828645,-450613.403664
72765087.931516,-2.905861,-2.088981,-456205.765304
72773127.384386,-2.855698,-2.382393,-460248.438689
72781166.837257,-2.973516,-0.272278,-462727.609470
72789206.290127,-2.746532,2.691338,-463634.806002
72797245.742998,-2.813290,0.975291,-462966.928278
72805285.195869,-2.966376,4.375805,-460726.258518
72813324.648739,-2.917004,4.999922,-456920.453387
72821364.101610,-2.898133,4.828030,-451562.517813
72829403.554480,-2.750647,7.768631,-444670.760563
72837443.007351,-2.814671,8.657885,-436268.731668
72845482.460221,-2.567780,10.421163,-426385.141952
72853521.913092,-2.620756,13.266238,-415053.764933
72861561.365963,-2.455944,11.886148,-402313.321398
72869600.818833,-2.515423,12.675085,-388207.347103
72877640.271704,-2.369106,15.033560,-372784.044001
72885679.724574,-2.196622,17.562730,-356096.115524
72893719.177445,-1.967454,14.833812,-338200.586499
72901758.630315,-2.069644,18.524995,-319158.608279
72909798.083186,-1.884096,16.542792,-299035.249783
72917837.536057,-1.683648,20.500592,-277899.275147
72925876.988927,-1.585293,19.264298,-255822.908749
72933916.441798,-1.326685,20.811105,-232881.588409
72941955.894668,-1.322605,19.533109,-209153.707606
72949995.347539,-1.202603,24.198256,-184720.347596
72958034.800409,-0.915715,21.775864,-159665.000357
72966074.253280,-0.582057,24.166096,-134073.283269
72974113.706151,-0.731541,23.515167,-108032.646564
72982153.159021,-0.504528,21.378903,-81632.074488
72990192.611892,-0.228362,23.937049,-54961.781235
72998232.064762,-0.067524,22.330578,-28112.902670
73006271.517633,0.046943,22.922100,-1177.184906
73014310.970503,0.282740,24.270011,25753.329200
73022350.423374,0.323732,24.449752,52586.614574
73030389.876245,0.540731,22.794259,79230.978387
73038429.329115,0.582091,23.287392,105595.373377
73046468.781986,0.974004,23.720927,131589.708973
73054508.234856,1.078278,23.371523,157125.159146
73062547.687727,1.136536,21.135681,182114.465936
73070587.140597,1.427863,20.847097,206472.237628
73078626.593468,1.430608,17.657387,230115.240544
73086666.046339,1.541594,20.182263,252962.683463
73094705.499209,1.610570,18.683263,274936.493700
73102744.952080,1.813759,16.379672,295961.583883
73110784.404950,2.014400,13.944982,315966.108538
73118823.857821,2.217180,18.161444,334881.709601
73126863.310691,2.218869,14.162013,352643.750002
73134902.763562,2.306319,12.102913,369191.534532
73142942.216432,2.477526,10.001105,384468.517259
73150981.669303,2.446351,10.765018,398422.494742
73159021.122174,2.428635,10.045004,411005.784423
73167060.575044,2.645095,10.384595,422175.387564
73175100.027915,2.515235,6.182061,431893.136174
73183139.480785,2.623215,6.652217,440125.823444
73191178.933656,2.863242,3.159610,446845.317205
73199218.386526,2.680279,3.969223,452028.656073
73207257.839397,2.944464,2.034486,455658.127909
73215297.292268,2.701711,1.051784,457721.330328
73223336.745138,2.684648,-0.560556,458211.213103
73231376.198009,2.834782,-1.717293,457126.102240
73239415.650879,2.782082,-2.750368,454469.705703
73247455.103750,2.775224,-5.965602,450251.100746
73255494.556620,2.739770,-6.918527,444484.702891
73263534.009491,2.676022,-9.223154,437190.216671
73271573.462362,2.530137,-9.528358,428392.568294
73279612.915232,2.515063,-7.076745,418121.820470
73287652.368103,2.457973,-12.496563,406413.069687
73295691.820973,2.376562,-12.425869,393306.326264
73303731.273844,2.341816,-13.897904,378846.377654
73311770.726714,2.236721,-15.475634,363082.635383
73319810.179585,2.103386,-15.340610,346068.966213
73327849.632456,1.963224,-16.772195,327863.508066
73335889.085326,1.656609,-16.191096,308528.471364
73343928.538197,1.760583,-18.759575,288129.926445
73351967.991067,1.489802,-22.270108,266737.577792
73360007.443938,1.397678,-21.157146,244424.525848
73368046.896808,1.439823,-19.904616,221267.017218
73376086.349679,1.088341,-18.228080,197344.184122
73384125.802550,1.021766,-21.726203,172737.773998
73392165.255420,0.801022,-20.670563,147531.870154
73400204.708291,0.644043,-20.736033,121812.604445
73408244.161161,0.498146,-22.167649,95667.862952
73416283.614032,0.354587,-24.906842,69186.985661
73424323.066902,0.289650,-23.861399,42460.461178
73432362.519773,0.007591,-23.444872,15579.617519
73440401.972644,-0.197118,-24.327841,-11363.689974
73448441.425514,-0.393653,-21.514640,-38277.392511
73456480.878385,-0.590327,-25.107217,-65069.522464
73464520.331255,-0.768284,-22.083453,-91648.527636
73472559.784126,-0.891702,-24.462713,-117923.584107
73480599.236996,-0.994166,-20.697400,-143804.906584
73488638.689867,-1.187484,-19.702322,-169204.055221
73496678.142738,-1.382265,-22.185936,-194034.237817
73504717.595608,-1.524113,-20.154804,-218210.606406
73512757.048479,-1.772293,-18.827905,-241650.547188
73520796.501349,-1.718114,-17.976716,-264273.962830
73528835.954220,-1.873949,-17.039189,-286003.546180
73536875.407090,-1.907088,-16.002276,-306765.044417
73544914.859961,-2.235677,-15.619407,-326487.512799
73552954.312831,-2.222120,-15.883482,-345103.557087
73560993.765702,-2.375665,-14.119923,-362549.563827
73569033.218573,-2.375481,-13.565931,-378765.917746
73577072.671443,-2.574857,-10.172696,-393697.205450
73585112.124314,-2.531185,-10.722769,-407292.404785
73593151.577184,-2.865629,-9.942322,-419505.059184
73601191.030055,-2.763008,-6.597879,-430293.436414
73609230.482925,-2.862384,-6.799619,-439620.671191
73617269.935796,-3.031649,-7.365002,-447454.891134
73625309.388667,-2.911699,-3.009498,-453769.325693
73633348.841537,-3.012782,-2.441770,-458542.397628
73641388.294408,-2.947150,-1.208367,-461757.796724
73649427.747278,-2.941517,0.752830,-463404.535548
73657467.200149,-3.049374,0.483182,-463476.986979
73665506.653019,-2.929102,2.640651,-461974.903438
73673546.105890,-2.903837,5.528339,-458903.417743
73681585.558761,-2.904747,5.468011,-454273.025557
73689625.011631,-2.749790,8.431617,-448099.549538
73697664.464502,-2.978168,7.560892,-440404.085255
73705703.917372,-2.700540,10.170245,-431212.929109
73713743.370243,-2.642112,11.872773,-420557.488484
73721782.823113,-2.644962,11.218335,-408474.174402
73729822.275984,-2.558720,11.619023,-395004.277123
73737861.728855,-2.291028,13.692968,-380193.825041
73745901.181725,-2.475796,15.520994,-364093.427399
73753940.634596,-2.210659,15.174044,-346758.101353
73761980.087466,-2.001184,16.971738,-328247.083967
73770019.540337,-1.798247,18.009577,-308623.629801
73778058.993207,-1.665205,18.911204,-287954.794753
73786098.446078,-1.585790,20.598004,-266311.206922
73794137.898949,-1.568740,19.093365,-243766.825269
73802177.351819,-1.411349,19.385549,-220398.686879
73810216.804690,-1.349203,20.563861,-196286.643727
73818256.257560,-1.174284,23.246842,-171513.089802
73826295.710431,-0.949102,22.269886,-146162.679566
73834335.163301,-0.705225,22.541344,-120322.038671
73842374.616172,-0.444281,22.074334,-94079.467952
73850414.069043,-0.453213,24.675714,-67524.641691
73858453.521913,-0.152278,24.096433,-40748.301187
73866492.974784,-0.012430,24.422493,-13841.944683
73874532.427654,0.219152,24.237543,13102.485296
73882571.880525,0.372907,21.356305,39992.916126
73890611.333395,0.509792,23.384833,66737.459701
73898650.786266,0.662310,22.889904,93244.726434
73906690.239137,0.897874,22.281548,119424.137542
73914729.692007,1.057645,21.241729,145186.234568
73922769.144878,1.135851,22.820497,170442.985072
73930808.597748,1.316395,20.061465,195108.083448
73938848.050619,1.445510,21.267976,219097.245843
73946887.503489,1.594676,19.116243,242328.498164
73954926.956360,1.711521,18.529746,264722.456198
73962966.409230,1.870676,17.445040,286202.596874
73971005.862101,1.849007,15.671336,306695.519753
73979045.314972,2.108284,14.987900,326131.197849
73987084.767842,2.100062,12.867001,344443.216919
73995124.220713,2.169041,14.302668,361569.002410
74003163.673583,2.435982,12.966004,377450.033281
74011203.126454,2.435008,11.694846,392032.041983
74019242.579324,2.427075,11.190415,405265.199894
74027282.032195,2.597748,8.376792,417104.287585
74035321.485066,2.885755,5.921533,427508.849359
74043360.937936,2.713301,6.074272,436443.331469
74051400.390807,2.772924,4.599113,443877.203625
74059439.843677,2.670148,6.314985,449785.063321
74067479.296548,2.893418,2.992337,454146.722631
74075518.749418,2.839263,1.253440,456947.277194
74083558.202289,2.975081,0.399474,458177.157152
74091597.655160,2.949804,0.576073,457832.159846
74099637.108030,2.950098,-5.947272,455913.464176
74107676.560901,2.716095,-1.122636,452427.626575
74115716.013771,2.775091,-6.076749,447386.558604
74123755.466642,2.807174,-7.288395,440807.486249
74131794.919512,2.728829,-9.321600,432712.891055
74139834.372383,2.538874,-9.393797,423130.433310
74147873.825254,2.452731,-10.707827,412092.857522
74155913.278124,2.270016,-13.835201,399637.880520
74163952.730995,2.401331,-13.678320,385808.062586
74171992.183865,2.306752,-16.502321,370650.662007
74180031.636736,2.162129,-15.123948,354217.473596
74188071.089606,2.056835,-17.224513,336564.651698
74196110.542477,1.936729,-16.815963,317752.518303
74204149.995348,1.785760,-16.869240,297845.356921
74212189.448218,1.517491,-20.683455,276911.192915
74220228.901089,1.410360,-17.538745,255021.561050
74228268.353959,1.414151,-18.493684,232251.261049
74236307.806830,1.198775,-20.701502,208678.101991
74244347.259700,0.958997,-22.727432,184382.636432
74252386.712571,0.919707,-19.468159,159447.885141
74260426.165442,0.730047,-20.898801,133959.053411
74268465.618312,0.535155,-21.007793,108003.239898
74276505.071183,0.454353,-23.475662,81669.138997
74284544.524053,0.140519,-23.475789,55046.737762
74292583.976924,0.058409,-22.787852,28227.008403
74300623.429794,-0.115807,-22.971284,1301.597430
74308662.882665,-0.153103,-21.753128,-25637.487524
74316702.335535,-0.509532,-20.850906,-52498.192095
74324741.788406,-0.638286,-23.547070,-79188.729759
74332781.241277,-0.609090,-22.920515,-105617.895473
74340820.694147,-0.976229,-22.995662,-131695.377334
74348860.147018,-1.039913,-23.471018,-157332.065193
74356899.599888,-1.375247,-22.814359,-182440.355148
74364939.052759,-1.435663,-22.579868,-206934.448902
74372978.505629,-1.569566,-21.315654,-230730.646947
74381017.958500,-1.777474,-20.808093,-253747.634575
74389057.411371,-1.627262,-20.243700,-275906.759744
74397096.864241,-1.950491,-15.957413,-297132.301835
74405136.317112,-2.092459,-14.747616,-317351.730407
74413175.769982,-2.164750,-17.579514,-336495.953042
74421215.222853,-2.409417,-13.669470,-354499.551434
74429254.675723,-2.511782,-13.295859,-371301.004945
74437294.128594,-2.556562,-12.792737,-386842.900821
74445333.581465,-2.559053,-11.505121,-401072.130379
74453373.034335,-2.711114,-8.952751,-413940.070489
74461412.487206,-2.755598,-7.207230,-425402.749721
74469451.940076,-2.835572,-8.081813,-435420.998613
74477491.392947,-2.812246,-6.194433,-443960.583498
74485530.845817,-2.718121,-4.919585,-450992.323506
74493570.298688,-2.729167,-4.364296,-456492.190266
74501609.751559,-2.926965,-1.931080,-460441.390014
74509649.204429,-3.089086,-2.634348,-462826.427822
74517688.657300,-2.952387,2.413360,-463639.153706
74525728.110170,-2.917438,1.389087,-462876.790474
74533767.563041,-2.905565,4.514247,-460541.943223
74541807.015911,-3.002382,5.561068,-456642.590425
74549846.468782,-3.041082,6.035418,-451192.056683
74557885.921653,-2.703763,7.184439,-444208.967177
74565925.374523,-2.732878,10.468235,-435717.184032
74573964.827394,-2.508836,8.007892,-425745.724781
74582004.280264,-2.580676,13.328389,-414328.663194
74590043.733135,-2.483171,10.575388,-401505.012860
74598083.186005,-2.317806,12.111309,-387318.593863
74606122.638876,-2.471477,13.959793,-371817.883042
74614162.091747,-2.240795,15.873424,-355055.848346
74622201.544617,-2.075090,17.991835,-337089.767828
74630240.997488,-2.038618,18.288353,-317981.033929
74638280.450358,-1.772098,17.835245,-297794.943678
74646319.903229,-1.721384,19.324539,-276600.475574
74654359.356099,-1.489922,19.629797,-254470.053877
74662398.808970,-1.392101,21.457457,-231479.301118
74670438.261841,-1.270616,19.810317,-207706.779694
74678477.714711,-1.053980,22.225362,-183233.723406
74686517.167582,-0.999228,23.584309,-158143.759875
74694556.620452,-0.767837,23.780378,-132522.624773
74702596.073323,-0.559379,23.235162,-106457.868856
74710635.526193,-0.467642,22.373171,-80038.558789
74718674.979064,-0.236263,23.553911,-53354.972795
74726714.431934,-0.091092,23.162488,-26498.292163
74734753.884805,0.104967,22.463677,439.710334
74742793.337676,0.149902,24.489469,27366.984031
74750832.790546,0.355576,21.996922,54191.514928
74758872.243417,0.498922,23.120526,80821.640109
74766911.696287,0.637310,22.269456,107166.360970
74774951.149158,0.878359,24.145756,133135.654168
74782990.602028,0.962155,21.290303,158640.779246
74791030.054899,1.083625,23.187306,183594.581870
74799069.507770,1.348609,20.832128,207911.791648
74807108.960640,1.521724,21.845384,231509.313505
74815148.413511,1.740905,18.817473,254306.511638
74823187.866381,1.902790,18.631512,276225.485052
74831227.319252,1.923266,18.927537,297191.333759
74839266.772122,1.895009,17.111297,317132.414725
74847306.224993,1.904830,14.745669,335980.586679
74855345.677864,2.245781,15.312194,353671.442963
74863385.130734,2.473496,15.421480,370144.531617
74871424.583605,2.296607,12.412389,385343.561951
74879464.036475,2.363056,8.643284,399216.596902
74887503.489346,2.559152,9.998384,411716.230498
74895542.942216,2.654261,8.445307,422799.749868
74903582.395087,2.636741,5.968868,432429.281182
74911621.847958,2.843895,7.176945,440571.919074
74919661.300828,2.703174,6.745738,447199.839094
74927700.753699,2.799006,0.992191,452290.392774
74935740.206569,2.741702,2.251119,455826.185030
74943779.659440,2.834824,-0.216125,457795.133599
74951819.112310,2.809869,0.921018,458190.510327
74959858.565181,2.790976,-0.638378,457010.964162
74967898.018052,2.685148,-2.287903,454260.525763
74975937.470922,2.880561,-6.250590,449948.593741
74983976.923793,2.687914,-7.285692,444089.902527
74992016.376663,2.783328,-7.684489,436704.472030
75000055.829534,2.585295,-7.895209,427817.539230
75008095.282404,2.578508,-9.726194,417459.471936
75016134.735275,2.451184,-11.935374,405665.665007
75024174.188146,2.345340,-14.192470,392476.419422
75032213.641016,2.334914,-12.670473,377936.804548
75040253.093887,2.051943,-16.223078,362096.504144
75048292.546757,2.228744,-14.144226,345009.646579
75056331.999628,1.973499,-16.015768,326734.619871
75064371.452498,1.831899,-17.588568,307333.872165
75072410.905369,1.731289,-17.980412,286873.698342
75080450.358240,1.584506,-17.463623,265424.013482
75088489.811110,1.526324,-19.096136,243058.113952
75096529.263981,1.093614,-23.133143,219852.426940
75104568.716851,1.109512,-21.783564,195886.249304
75112608.169722,0.939769,-20.264610,171241.476593
75120647.622592,0.632332,-22.341221,146002.323204
75128687.075463,0.720539,-21.665691,120255.034612
75136726.528333,0.458603,-21.364117,94087.592654
75144765.981204,0.403412,-22.938722,67589.414888
75152805.434075,0.201887,-25.383511,40851.049038
75160844.886945,0.066050,-21.175497,13963.863581
75168884.339816,-0.236653,-22.506902,-12980.264467
75176923.792686,-0.234970,-24.496951,-39889.263513
75184963.245557,-0.581741,-25.868287,-66671.182003
75193002.698427,-0.615008,-23.103108,-93234.502633
75201042.151298,-0.719159,-23.438376,-119488.455077
75209081.604169,-0.838310,-22.409717,-145343.326161
75217121.057039,-1.145821,-21.979942,-170710.766424
75225160.509910,-1.453711,-21.569143,-195504.092018
75233199.962780,-1.490084,-19.847786,-219638.580922
75241239.415651,-1.668709,-16.364773,-243031.762442
75249278.868521,-1.894663,-17.217202,-265603.699034
75257318.321392,-1.975380,-19.218511,-287277.259448
75265357.774263,-1.903368,-15.398730,-307978.382306
75273397.227133,-2.119577,-15.007001,-327636.329178
75281436.680004,-2.184956,-14.043685,-346183.926296
75289476.132874,-2.349370,-11.948607,-363557.794108
75297515.585745,-2.512023,-12.046068,-379698.563843
75305555.038615,-2.560723,-11.184082,-394551.080391
75313594.491486,-2.777973,-7.871658,-408064.590767
75321633.944357,-2.740081,-8.920588,-420192.917545
75329673.397227,-2.713158,-6.882587,-430894.616658
75337712.850098,-2.922913,-6.720726,-440133.119001
75345752.302968,-2.983758,-5.895181,-447876.855411
75353791.755839,-2.957176,-5.409221,-454099.364534
75361831.208709,-2.852997,-2.836820,-458779.383241
75369870.661580,-2.951072,0.133412,-461900.919303
75377910.114451,-2.990656,-1.551427,-463453.306021
75385949.567321,-2.907181,4.510413,-463431.238692
75393989.020192,-2.860104,1.360802,-461834.792721
75402028.473062,-2.800430,4.864423,-458669.423369
75410067.925933,-3.048845,5.948769,-453945.947121
75418107.378803,-2.830872,6.960764,-447680.504704
75426146.831674,-2.685296,9.959035,-439894.505954
75434186.284545,-2.734185,9.992364,-430614.556645
75442225.737415,-2.850088,10.276829,-419872.367568
75450265.190286,-2.550725,9.996905,-407704.646185
75458304.643156,-2.575367,12.687164,-394152.971180
75466344.096027,-2.385798,16.059244,-379263.650398
75474383.548897,-2.317018,15.040655,-363087.562584
75482423.001768,-2.230861,17.500962,-345679.983533
75490462.454638,-1.918859,18.840216,-327100.397216
75498501.907509,-1.938709,16.930504,-307412.292495
75506541.360380,-1.735447,19.146443,-286682.946188
75514580.813250,-1.672547,18.299274,-264983.193173
75522620.266121,-1.336313,20.225180,-242387.184329
75530659.718991,-1.279181,21.279707,-218972.133163
75538699.171862,-1.316400,18.972983,-194818.051953
75546738.624732,-1.020938,21.234428,-170007.478341
75554778.077603,-0.861165,23.259205,-144625.193287
75562817.530474,-0.538378,23.257193,-118757.931365
75570856.983344,-0.509623,23.155754,-92494.084378
75578896.436215,-0.310916,24.816899,-65923.399311
75586935.889085,-0.294040,23.273198,-39136.671655
75594975.341956,-0.115870,20.452086,-12225.435147
75603014.794826,0.180713,24.547797,14718.351013
75611054.247697,0.174405,23.324580,41602.616400
75619093.700568,0.399251,24.094972,68335.493977
75627133.153438,0.661429,19.951435,94825.634020
75635172.606309,0.801917,22.976198,120982.516272
75643212.059179,0.899008,21.202144,146716.759258
75651251.512050,1.157690,21.331331,171940.425720
75659290.964920,1.284538,19.375047,196567.323105
75667330.417791,1.535208,19.771615,220513.298095
75675369.870662,1.438673,21.507161,243696.524179
75683409.323532,1.643565,18.444216,266037.781251
75691448.776403,1.784299,18.263980,287460.726328
75699488.229273,2.013735,16.957567,307892.154416
75707527.682144,2.038890,16.053026,327262.248665
75715567.135014,2.363993,15.468310,345504.818940
75723606.587885,2.294490,12.546416,362557.528003
75731646.040756,2.313761,12.848428,378362.104526
75739685.493626,2.467979,9.005304,392864.542215
75747724.946497,2.398712,9.170252,406015.284347
75755764.399367,2.465564,6.884581,417769.393128
75763803.852238,2.729715,9.212681,428086.703237
75771843.305108,2.508609,6.763811,436931.959079
75779882.757979,2.862522,1.314909,444274.935266
75787922.210850,2.882125,7.723994,450090.539890
75795961.663720,2.763784,1.104861,454358.900274
75804001.116591,2.936993,1.124796,457065.430874
75812040.569461,2.892094,-0.775406,458200.883123
75820080.022332,2.836526,-1.047084,457761.377033
75828119.475202,2.753996,-3.582859,455748.414451
75836158.928073,2.650315,-5.037511,452168.873936
75844198.380944,2.906119,-5.347235,447034.987243
75852237.833814,2.658933,-7.488765,440364.297529
75860277.286685,2.593863,-7.361935,432179.599412
75868316.739555,2.566387,-9.314708,422508.861071
75876356.192426,2.516940,-10.587819,411385.128677
75884395.645296,2.480753,-13.831319,398846.413474
75892435.098167,2.364240,-12.847787,384935.561884
75900474.551038,2.309652,-16.969872,369700.109098
75908514.003908,2.025221,-15.498581,353192.116642
75916553.456779,2.115677,-15.701867,335467.994476
75924592.909649,1.899187,-17.621338,316588.308237
75932632.362520,1.756411,-18.930248,296617.572266
75940671.815390,1.567382,-20.178260,275624.029172
75948711.268261,1.435688,-20.335037,253679.416626
75956750.721131,1.401996,-19.826779,230858.722224
75964790.174002,1.029971,-19.540411,207239.927253
75972829.626873,0.972253,-21.617473,182903.740211
75980869.079743,1.002661,-23.559544,157933.321018
75988908.532614,0.661115,-23.041331,132413.996848
75996947.985484,0.561950,-24.454606,106432.970555
76004987.438355,0.451926,-23.671765,80079.022690
76013026.891225,0.338746,-22.386082,53442.208124
76021066.344096,0.085634,-23.696072,26613.548322
76029105.796967,-0.312799,-21.960810,-315.279692
76037145.249837,-0.221233,-22.331462,-27252.256606
76045184.702708,-0.517317,-24.504016,-54105.335262
76053224.155578,-0.586889,-25.772613,-80782.755193
76061263.608449,-0.632905,-21.807048,-107193.356180
76069303.061319,-1.081393,-21.530019,-133246.889763
76077342.514190,-1.191140,-22.392915,-158854.327621
76085381.967061,-1.416476,-19.934999,-183928.165807
76093421.419931,-1.409228,-20.038899,-208382.723749
76101460.872802,-1.560237,-20.180285,-232134.437039
76109500.325672,-1.750987,-19.111109,-255102.142979
76117539.778543,-1.884329,-17.535185,-277207.357927
76125579.231413,-2.126321,-18.141173,-298374.545484
76133618.684284,-2.039110,-18.395661,-318531.374614
76141658.137155,-2.110096,-15.804923,-337608.966807
76149697.590025,-2.480306,-12.873590,-355542.131448
76157737.042896,-2.567148,-13.738510,-372269.588573
76165776.495766,-2.647785,-12.221747,-387734.178288
76173815.948637,-2.699204,-10.856844,-401883.056074
76181855.401507,-2.866536,-10.355835,-414667.873371
76189894.854378,-2.823829,-9.226992,-426044.942798
76197934.307249,-2.681363,-7.088786,-435975.387422
76205973.760119,-2.892845,-6.687441,-444425.273623
76214013.212990,-2.820560,-2.312354,-451365.727041
76222052.665860,-2.847778,-4.597083,-456773.031240
76230092.118731,-2.867424,-0.805904,-460628.708759
76238131.571601,-2.964366,0.077324,-462919.584244
76246171.024472,-2.906480,1.120356,-463637.829478
76254210.477343,-3.065782,-0.312702,-462780.990122
76262249.930213,-2.928022,3.253446,-460351.994106
76270289.383084,-3.089798,3.918753,-456359.141630
76278328.835954,-2.897248,2.903131,-450816.076786
76286368.288825,-2.832174,9.273928,-443741.740950
76294407.741695,-2.737599,8.101561,-435160.308053
76302447.194566,-2.640850,10.291695,-425101.101962
76310486.647436,-2.569863,11.474441,-413598.496299
76318526.100307,-2.696361,10.457771,-400691.796962
76326565.553178,-2.350048,12.127898,-386425.107828
76334605.006048,-2.268146,16.228534,-370847.180029
76342644.458919,-2.075343,15.964244,-354011.245370
76350683.911789,-2.071404,14.294723,-335974.834439
76358723.364660,-1.891869,15.282991,-316799.579994
76366762.817530,-1.741922,17.270066,-296551.006381
76374802.270401,-1.700671,19.381094,-275298.305613
76382841.723272,-1.500415,21.988284,-253114.100933
76390881.176142,-1.413425,21.484392,-230074.198661
76398920.629013,-1.189679,21.416519,-206257.329141
76406960.081883,-1.131073,22.334249,-181744.877719
76414999.534754,-0.862525,22.920928,-156620.606633
76423038.987624,-0.681150,24.134602,-130970.368789
76431078.440495,-0.529656,22.548530,-104881.814391
76439117.893366,-0.419554,21.721336,-78444.091427
76447157.346236,-0.335471,24.114307,-51747.541038
76455196.799107,-0.184357,25.519919,-24883.388814
76463236.251977,-0.057804,24.703460,2056.566939
76471275.704848,0.302952,25.330496,28980.268883
76479315.157718,0.208286,20.951436,55795.715222
76487354.610589,0.645710,23.242572,82411.274085
76495394.063460,0.606831,22.043401,108735.996640
76503433.516330,1.020312,21.720903,134679.927883
76511472.969201,1.016666,21.889418,160154.414022
76519512.422071,1.216833,22.472098,185072.405420
76527551.874942,1.146040,19.243686,209348.754055
76535591.327812,1.626611,19.806160,232900.504483
76543630.780683,1.739116,20.249656,255647.177306
76551670.233554,1.762440,17.863794,277511.044180
76559709.686424,1.891464,16.725167,298417.393425
76567749.139295,2.036098,15.739690,318294.785323
76575788.592165,2.146401,15.106476,337075.296238
76583828.045036,2.213265,15.237706,354694.750716
76591867.497906,2.242500,13.402246,371092.940789
76599906.950777,2.544721,11.795876,386213.831707
76607946.403648,2.643809,12.169841,400005.753412
76615985.856518,2.626511,10.274759,412421.577116
76624025.309389,2.621374,9.526429,423418.876330
76632064.762259,2.720388,4.307631,432960.071852
76640104.215130,2.678770,6.273895,441012.560173
76648143.668000,2.763878,5.430698,447548.824893
76656183.120871,2.857413,4.753023,452546.530743
76664222.573742,2.793759,3.289894,455988.599913
76672262.026612,2.809036,-1.398447,457863.270402
76680301.479483,2.734641,-3.126963,458164.136220
76688340.932353,2.843703,-2.672742,456890.169265
76696380.385224,2.757089,-2.866957,454045.722851
76704419.838094,2.766925,-3.739575,449640.516823
76712459.290965,2.632737,-7.422367,443689.604340
76720498.743835,2.583052,-8.648805,436213.320448
76728538.196706,2.590355,-7.758373,427237.212581
76736577.649577,2.588899,-10.303883,416791.953269
76744617.102447,2.504884,-13.364839,404913.235324
76752656.555318,2.374575,-12.122611,391641.649871
76760696.008188,2.358940,-13.094210,377022.547647
76768735.461059,2.175448,-18.366652,361105.884026
76776774.913929,2.043372,-17.433463,343946.048322
76784814.366800,1.917310,-15.568066,325601.677930
76792853.819671,1.754715,-18.189543,306135.457949
76800893.272541,1.630125,-18.401379,285613.906989
76808932.725412,1.451105,-17.953592,264107.149864
76816972.178282,1.427712,-18.134748,241688.677961
76825011.631153,1.189147,-18.744312,218435.098120
76833051.084023,1.268540,-21.718034,194425.870851
76841090.536894,0.981452,-21.292186,169743.038810
76849129.989765,0.902857,-20.106908,144470.946448
76857169.442635,0.577881,-22.249291,118695.951797
76865208.895506,0.605254,-23.417517,92506.131370
76873248.348376,0.159295,-21.485641,65990.979193
76881287.801247,0.033116,-24.440638,39241.100994
76889327.254117,0.069378,-24.266788,12347.904592
76897366.706988,-0.361986,-22.530067,-14596.712460
76905406.159859,-0.460360,-21.861274,-41500.676896
76913445.612729,-0.706087,-20.359314,-68272.054366
76921485.065600,-0.690121,-22.362642,-94819.363587
76929524.518470,-0.849863,-22.987873,-121051.888947
76937563.971341,-0.823893,-22.191780,-146879.990489
76945603.424211,-1.057626,-19.153590,-172215.410228
76953642.877082,-1.343652,-19.977568,-196971.573734
76961682.329953,-1.452797,-20.212845,-221063.885972
76969721.782823,-1.666714,-19.696203,-244410.020377
76977761.235694,-1.872362,-21.173677,-266930.200164
76985800.688564,-2.024368,-17.419945,-288547.470947
76993840.141435,-2.129840,-18.634557,-309187.963697
77001879.594305,-2.224529,-19.038181,-328781.147162
77009919.047176,-2.287668,-13.645034,-347260.068882
77017958.500047,-2.501089,-10.653923,-364561.583975
77025997.952917,-2.493167,-13.117635,-380626.570913
77034037.405788,-2.692508,-12.217281,-395400.133540
77042076.858658,-2.650116,-12.273134,-408831.788671
77050116.311529,-2.768083,-7.313768,-420875.638592
77058155.764399,-2.838747,-8.127460,-431490.527896
77066195.217270,-2.949284,-6.064598,-440640.184127
77074234.670141,-2.941304,-4.332411,-448293.341717
77082274.123011,-2.798870,-2.831355,-454423.848830
77090313.575882,-2.893648,-4.662055,-459010.756725
77098353.028752,-2.856633,-1.637886,-462038.391338
77106392.481623,-2.946007,1.533740,-463496.406852
77114431.934493,-2.992901,-0.099660,-463379.821036
77122471.387364,-2.856723,3.227896,-461689.032275
77130510.840234,-2.864198,3.071849,-458429.818222
77138550.293105,-2.836228,6.454761,-453613.316028
77146589.745976,-2.651256,5.628207,-447255.984314
77154629.198846,-2.630758,9.005255,-439379.546907
77162668.651717,-2.766677,10.035701,-430010.918622
77170708.104587,-2.619750,8.348896,-419182.113280
77178747.557458,-2.662894,11.839338,-406930.134318
77186787.010328,-2.538710,12.789365,-393296.848347
77194826.463199,-2.468395,10.267797,-378328.842080
77202865.916070,-2.190573,16.115144,-362077.263139
77210905.368940,-2.112484,15.246595,-344597.645292
77218944.821811,-2.022736,18.080797,-325949.718665
77226984.274681,-1.871306,16.732588,-306197.205654
77235023.727552,-1.819944,16.974282,-285407.603168
77243063.180422,-1.524391,19.595226,-263651.951985
77251102.633293,-1.486434,18.635421,-241004.594000
77259142.086164,-1.281760,22.319271,-217542.918182
77267181.539034,-1.252318,24.376103,-193347.096136
77275220.991905,-1.058779,20.515352,-168499.808134
77283260.444775,-0.818470,22.765667,-143085.960595
77291299.897646,-0.765701,23.634440,-117192.395949
77299339.350516,-0.484175,23.171028,-90907.595874
77307378.803387,-0.459989,23.268801,-64321.378957
77315418.256258,-0.060526,21.346371,-37524.593764
77323457.709128,-0.059555,26.040297,-10608.808399
77331497.161999,0.156398,24.584712,16334.002395
77339536.614869,0.340579,22.678099,43211.771523
77347576.067740,0.571467,21.758599,69932.654149
77355615.520610,0.569796,22.583098,96405.341538
77363654.973481,0.717196,20.713854,122539.373067
77371694.426352,1.027329,19.017031,148245.445350
77379733.879222,1.099510,20.934367,173435.717389
77387773.332093,1.250949,19.525106,198024.110744
77395812.784963,1.307124,19.957869,221926.603672
77403852.237834,1.504805,19.183710,245061.518244
77411891.690704,1.941918,17.352160,267349.799442
77419931.143575,1.816239,18.249504,288715.285307
77427970.596446,1.847322,17.692768,309084.967193
77436010.049316,2.063709,15.947570,328389.239243
77444049.502187,2.271648,15.462730,346562.136244
77452088.955057,2.299245,12.922784,363541.559044
77460128.407928,2.221995,14.070786,379269.486742
77468167.860798,2.606088,11.420544,393692.174959
77476207.313669,2.547470,9.830319,406760.339495
77484246.766539,2.643355,9.461867,418429.324727
77492286.219410,2.877906,7.526948,428659.256214
77500325.672281,2.699293,5.383825,437415.176948
77508365.125151,2.738236,4.529651,444667.166807
77516404.578022,2.878586,3.015622,450390.444799
77524444.030892,2.800106,0.138646,454565.453734
77532483.483763,2.912086,2.926810,457177.927067
77540522.936633,2.916248,-0.002968,458218.937635
77548562.389504,2.783631,-1.460000,457684.928167
77556601.842375,2.871232,-2.391560,455577.723445
77564641.295245,2.703271,-2.738874,451904.524063
77572680.748116,2.900135,-5.806173,446677.881819
77580720.200986,2.760479,-7.042701,439915.656832
77588759.653857,2.745188,-8.982522,431640.956505
77596799.106727,2.641326,-10.005258,421882.056567
77604838.559598,2.573471,-12.550381,410672.304449
77612878.012469,2.366793,-10.707993,398050.005335
77620917.465339,2.399745,-11.493991,384058.291264
77628956.918210,2.200554,-13.985188,368744.973745
77636996.371080,2.305501,-15.689986,352162.380377
77645035.823951,1.855421,-15.387835,334367.176045
77653075.276821,1.832465,-17.100793,315420.169276
77661114.729692,1.842709,-16.537301,295386.104460
77669154.182563,1.556482,-18.515917,274333.440607
77677193.635433,1.527803,-20.263650,252334.117410
77685233.088304,1.339683,-18.224186,229463.309421
77693272.541174,1.238974,-22.019305,205799.169170
77701311.994045,1.165556,-22.641019,181422.560106
77709351.446915,0.906205,-19.968766,156416.780276
77717390.899786,0.683138,-22.892605,130867.277686
77725430.352657,0.624443,-20.575118,104861.358315
77733469.805527,0.180758,-24.027830,78487.887774
77741509.258398,0.162525,-23.478506,51836.987648
77749548.711268,0.040590,-22.274333,24999.727533
77757588.164139,-0.098916,-23.608017,-1932.186158
77765627.617009,-0.074624,-25.729685,-28866.723569
77773667.069880,-0.436155,-24.805827,-55711.845877
77781706.522751,-0.626494,-22.310360,-82375.819805
77789745.975621,-0.832792,-22.090034,-108767.531081
77797785.428492,-0.972961,-21.743041,-134796.795790
77805824.881362,-1.089386,-22.300179,-160374.668546
77813864.334233,-1.295885,-19.449600,-185413.746425
77821903.787103,-1.396636,-22.605773,-209828.467638
77829943.239974,-1.642900,-20.226597,-233535.403904
77837982.692845,-1.705193,-19.347495,-256453.545533
77846022.145715,-1.840247,-16.355964,-278504.578252
77854061.598586,-1.948079,-17.227962,-299613.150810
77862101.051456,-2.009539,-17.657881,-319707.132465
77870140.504327,-2.143187,-16.257954,-338717.859466
77878179.957197,-2.277805,-15.036633,-356580.369680
77886219.410068,-2.387945,-16.220538,-373233.624590
77894258.862938,-2.425513,-13.153325,-388620.717848
77902298.315809,-2.647588,-10.888337,-402689.069756
77910337.768680,-2.698940,-9.605267,-415390.606925
77918377.221550,-2.799419,-9.313273,-426681.926545
77926416.674421,-2.830886,-8.239009,-436524.444708
77934456.127291,-2.865943,-6.494329,-444884.528248
77942495.580162,-2.925585,-5.857399,-451733.609671
77950535.033032,-2.893539,-4.271282,-457048.284773
77958574.485903,-2.862557,-2.318176,-460810.392616
77966613.938774,-2.976334,0.737163,-463007.077592
77974653.391644,-2.867262,0.828092,-463630.833336
77982692.844515,-2.991310,1.433645,-462679.528397
77990732.297385,-2.832810,5.288007,-460156.413511
77998771.750256,-2.913893,6.569804,-456070.110483
78006811.203126,-2.844284,2.940363,-450434.582748
78014850.655997,-2.929825,8.226837,-443269.087636
78022890.108868,-2.766712,8.144563,-434598.110578
78030929.561738,-2.582271,11.978539,-424451.281431
78038969.014609,-2.535853,11.459412,-412863.273230
78047008.467479,-2.483327,12.517095,-399873.683713
78055047.920350,-2.397303,13.036838,-385526.899995
78063087.373220,-2.352365,15.962109,-369871.946903
78071126.826091,-2.227240,16.683948,-352962.319456
78079166.278962,-2.055625,13.366451,-334855.800047
78087205.731832,-1.819486,19.587270,-315614.261014
78095245.184703,-1.841757,16.709232,-295303.453202
78103284.637573,-1.593174,19.095103,-273992.781285
78111324.090444,-1.644077,20.280271,-251755.066605
78119363.543314,-1.214576,21.240105,-228666.298327
78127402.996185,-1.130084,21.582085,-204805.373782
78135442.449056,-1.024276,21.465097,-180253.828856
78143481.901926,-0.936689,19.448502,-155095.559372
78151521.354797,-0.790878,25.845252,-129416.534418
78159560.807667,-0.695940,22.331426,-103304.502563
78167600.260538,-0.510925,21.755042,-76848.692021
78175639.713408,-0.160183,24.136020,-50139.505742
78183679.166279,-0.144031,23.496710,-23268.212495
78191718.619150,0.171875,22.733207,3673.365014
78199758.072020,0.180523,23.298205,30593.163904
78207797.524891,0.536572,22.222018,57399.195717
78215836.977761,0.562848,19.912495,83999.860752
78223876.430632,0.696098,22.209572,110304.261072
78231915.883502,0.940529,22.881664,136222.511116
78239955.336373,1.040129,23.308357,161666.044848
78247994.789244,0.949257,21.897878,186547.918399
78256034.242114,1.328594,19.190362,210783.107169
78264073.694985,1.575296,19.761248,234288.796359
78272113.147855,1.690836,17.797551,256984.663970
78280152.600726,1.801124,19.985922,278793.155266
78288192.053596,1.926169,17.816533,299639.747793
78296231.506467,2.165156,15.900838,319453.206029
78304270.959337,2.199544,15.204877,338165.824805
78312310.412208,2.344570,12.215063,355713.660670
78320349.865079,2.344929,12.828848,372036.750381
78328389.317949,2.309368,12.451557,387079.315813
78336428.770820,2.503032,11.516253,400789.954564
78344468.223690,2.513859,10.037018,413121.815595
78352507.676561,2.594360,9.199210,424032.759331
78360547.129431,2.748569,7.025256,433485.501656
78368586.582302,2.681695,6.616643,441447.741318
78376626.035173,2.702656,1.905073,447892.270309
78384665.488043,2.812874,4.166022,452797.066830
78392704.940914,2.904817,-1.298491,456145.370559
78400744.393784,2.867247,1.547656,457925.739902
78408783.846655,2.784946,-1.931641,458132.091104
78416823.299525,3.031776,-1.304832,456763.719038
78424862.752396,2.797037,-3.060316,453825.299610
78432902.205267,2.744275,-3.058897,449326.873781
78440941.658137,2.678223,-5.630881,443283.813258
78448981.111008,2.648920,-8.649177,435716.767966
78457020.563878,2.513602,-10.201845,426651.595485
78465060.016749,2.531187,-12.606162,416119.272686
78473099.469619,2.435891,-9.734012,404155.789894
78481138.922490,2.295688,-13.232414,390802.027883
78489178.375361,2.255880,-12.935540,376103.618197
78497217.828231,2.142363,-15.055517,360110.787217
78505257.281102,2.079040,-15.905805,342878.184531
78513296.733972,1.982659,-17.413057,324464.696183
78521336.186843,1.809055,-16.326364,304933.243463
78529375.639713,1.710507,-18.421373,284350.567887
78537415.092584,1.559388,-21.450469,262787.003140
78545454.545455,1.326103,-19.152925,240316.234729
78553493.998325,1.367033,-22.879221,217015.048197
78561533.451196,1.075157,-21.600333,192963.066732
78569572.904066,1.013136,-20.660474,168242.479087
78577612.356937,0.952690,-21.408448,142937.758730
78585651.809807,0.643567,-23.910437,117135.375186
78593691.262678,0.295446,-25.509795,90923.498558
78601730.715549,0.480052,-25.330258,64391.698243
78609770.168419,0.066019,-24.108120,37630.636859
78617809.621290,0.147368,-22.144782,10731.760436
78625849.074160,-0.186809,-21.211819,-16213.014061
78633888.527031,-0.297778,-24.846494,-43111.612830
78641927.979901,-0.483897,-23.441211,-69872.119855
78649967.432772,-0.706611,-23.627437,-96403.090998
78658006.885642,-0.889345,-22.783091,-122613.866477
78666046.338513,-0.869867,-16.311558,-148414.880659
78674085.791384,-1.309321,-20.250688,-173717.968116
78682125.244254,-1.257552,-21.245080,-198436.664906
78690164.697125,-1.365282,-19.680966,-222486.504021
78698204.149995,-1.619124,-18.516423,-245785.304030
78706243.602866,-1.733616,-18.510375,-268253.449900
78714283.055736,-1.959192,-14.769779,-289814.165047
78722322.508607,-1.996572,-16.185435,-310393.773704
78730361.961478,-2.426415,-16.437563,-329921.952664
78738401.414348,-2.269595,-15.525089,-348331.971599
78746440.867219,-2.391055,-13.624472,-365560.921079
78754480.320089,-2.444431,-15.242478,-381549.927534
78762519.772960,-2.676662,-10.907523,-396244.354451
78770559.225830,-2.589428,-9.892339,-409593.989060
78778598.678701,-2.743174,-7.601797,-421553.213918
78786638.131572,-2.922377,-6.391614,-432081.162799
78794677.584442,-2.742504,-5.864066,-441141.860328
78802717.037313,-2.918074,-5.601440,-448704.344925
78810756.490183,-2.839473,-3.076578,-454742.774593
78818795.943054,-3.055081,0.070873,-459236.515230
78826835.395924,-3.028694,-0.914682,-462170.211144
78834874.848795,-3.004174,2.618386,-463533.837508
78842914.301666,-2.866133,2.150661,-463322.734637
78850953.754536,-2.957103,1.522068,-461537.623898
78858993.207407,-2.837461,3.954527,-458184.605243
78867032.660277,-2.922068,5.406498,-453275.136377
78875072.113148,-2.721428,8.663486,-446825.993589
78883111.566018,-2.846146,9.113590,-438859.214447
78891151.018889,-2.665034,6.553938,-429402.022470
78899190.471760,-2.393821,11.154523,-418486.734111
78907229.924630,-2.497261,14.365126,-406150.648338
78915269.377501,-2.420777,11.472698,-392435.919156
78923308.830371,-2.481478,13.507220,-377389.411585
78931348.283242,-2.269852,16.643335,-361062.541502
78939387.736112,-2.172608,16.382764,-343511.099944
78947427.188983,-2.058101,17.013197,-324795.062476
78955466.641854,-1.883908,18.769617,-304978.384231
78963506.094724,-1.710126,18.580011,-284128.781385
78971545.547595,-1.642819,20.499913,-262317.499743
78979585.000465,-1.671783,19.363665,-239619.071294
78987624.453336,-1.227807,20.901010,-216111.059526
78995663.906206,-1.146554,22.177875,-191873.794376
79003703.359077,-0.947559,23.324874,-166990.097733
79011742.811948,-0.815824,21.434058,-141545.000433
79019782.264818,-0.647441,23.547291,-115625.451684
79027821.717689,-0.686294,23.874367,-89320.021961
79035861.170559,-0.258216,22.026042,-62718.600343
79043900.623430,-0.089113,22.203051,-35912.087351
79051940.076300,-0.037910,21.147517,-8992.084332
79059979.529171,0.161420,23.390886,17949.419559
79068018.982041,0.232324,23.920191,44820.361694
79076058.434912,0.614007,24.999425,71528.920565
79084097.887783,0.564696,23.403703,97983.829548
79092137.340653,0.819189,22.944736,124094.688773
79100176.793524,0.965221,20.408366,149772.274035
79108216.246394,1.253340,22.762399,174928.841680
79116255.699265,1.366574,17.642340,199478.428441
79124295.152135,1.408002,21.106808,223337.145183
79132334.605006,1.666878,20.610147,246423.463564
79140374.057877,1.803954,20.031982,268658.494626
79148413.510747,1.845230,19.194405,289966.258375
79156452.963618,1.853014,14.397606,310273.943406
79164492.416488,2.065122,18.141578,329512.155713
79172531.869359,2.161776,12.853289,347615.155823
79180571.322229,2.358455,12.167979,364521.083423
79188610.775100,2.352302,12.130394,380172.168760
79196650.227971,2.587680,10.202649,394514.930035
79204689.680841,2.509300,10.227826,407500.356166
79212729.133712,2.713890,8.046541,419084.074261
79220768.586582,2.796017,7.325213,429226.501247
79228808.039453,2.852033,6.006721,437892.979129
79236847.492323,2.786878,4.832662,445053.893425
79244886.945194,2.642115,3.351318,450684.774355
79252926.398065,3.025099,2.239329,454766.380470
79260965.850935,2.986303,1.595035,457284.764389
79269005.303806,2.929401,-1.795089,458231.320463
79277044.756676,2.794084,-1.641591,457602.814191
79285084.209547,2.979224,-3.310226,455401.393258
79293123.662417,2.804566,-4.434972,451634.580207
79301163.115288,2.727660,-4.402007,446315.246729
79309202.568159,2.683201,-6.214896,439461.569679
79317242.021029,2.740449,-11.134658,431096.968964
79325281.473900,2.640491,-10.047997,421250.027513
79333320.926770,2.514734,-10.436301,409954.393608
79341360.379641,2.377038,-11.478806,397248.665903
79349399.832511,2.267051,-13.187357,383176.261520
79357439.285382,2.188714,-15.349291,367785.267701
79365478.738253,2.101175,-17.088175,351128.277475
79373518.191123,2.159635,-17.783323,333262.209947
79381557.643994,1.789683,-18.271039,314248.115796
79389597.096864,1.943444,-19.027365,294150.968657
79397636.549735,1.705238,-19.347155,273039.443102
79405676.002605,1.475421,-21.764473,250985.679959
79413715.455476,1.221269,-21.518801,228065.039811
79421754.908347,1.231875,-20.770352,204355.845472
79429794.361217,1.023782,-20.777119,179939.114343
79437833.814088,0.868280,-23.090638,154898.281575
79445873.266958,0.522778,-23.252210,129318.914957
79453912.719829,0.757633,-23.930111,103288.422514
79461952.172699,0.402538,-24.034546,76895.753828
79469991.625570,0.266519,-27.349039,50231.096085
79478031.078440,0.164509,-22.035028,23385.565895
79486070.531311,-0.298718,-22.430107,-3549.102072
79494109.984182,-0.168053,-24.991277,-30480.868545
79502149.437052,-0.643653,-21.140108,-57317.704174
79510188.889923,-0.667033,-22.925832,-83967.903994
79518228.342793,-0.765485,-23.905679,-110340.400803
79526267.795664,-0.975567,-20.883373,-136345.076346
79534307.248534,-1.230543,-22.976944,-161893.069257
79542346.701405,-1.254347,-18.652047,-186897.078720
79550386.154276,-1.340586,-19.439849,-211271.662778
79558425.607146,-1.661903,-19.782757,-234933.530302
79566465.060017,-1.802832,-19.482642,-257801.825610
79574504.512887,-1.822693,-18.565657,-279798.404757
79582543.965758,-2.083924,-17.514897,-300848.102572
79590583.418628,-1.965020,-16.571352,-320878.989491
79598622.871499,-2.298102,-15.932259,-339822.617368
79606662.324370,-2.376106,-12.612147,-357614.253361
79614701.777240,-2.358669,-13.120389,-374193.101128
79622741.230111,-2.521580,-12.565143,-389502.508591
79630780.682981,-2.615038,-10.643880,-403490.161510
79638820.135852,-2.820824,-8.992052,-416108.262253
79646859.588722,-2.872457,-8.683148,-427313.693128
79654899.041593,-2.769135,-6.511531,-437068.163714
79662938.494464,-2.909478,-4.518903,-445338.341721
79670977.947334,-2.777676,-4.587908,-452095.966871
79679017.400205,-3.054824,-3.906924,-457317.947476
79687056.853075,-3.007310,-1.407931,-460986.439354
79695096.305946,-3.050439,-0.853213,-463088.906784
79703135.758816,-2.902538,-1.065540,-463618.165365
79711175.211687,-2.999401,2.868431,-462572.406554
79719214.664558,-3.086187,4.892649,-459955.203839
79727254.117428,-2.842449,4.391884,-455775.500546
79735293.570299,-2.727659,6.146477,-450047.579263
79743333.023169,-2.730359,7.678342,-442791.013048
79751372.476040,-2.826768,7.884413,-434030.598529
79759411.928910,-2.596967,10.810572,-423796.271181
79767451.381781,-2.556638,12.097880,-412123.003039
79775490.834652,-2.436103,12.411222,-399050.683176
79783530.287522,-2.419872,14.531858,-384623.981413
79791569.740393,-2.417739,13.991961,-368892.195670
79799609.193263,-2.222326,18.152564,-351909.083505
79807648.646134,-2.090280,16.306049,-333732.678426
79815688.099004,-1.961755,16.865934,-314425.091573
79823727.551875,-1.806900,19.302690,-294052.299489
79831767.004746,-1.570786,19.010024,-272683.918656
79839806.457616,-1.768565,19.901214,-250392.967612
79847845.910487,-1.257027,19.233012,-227255.617443
79855885.363357,-1.217014,21.067191,-203350.931485
79863924.816228,-1.038375,21.363399,-178760.595163
79871964.269098,-0.995539,22.277730,-153568.636861
79880003.721969,-0.687286,22.971030,-127861.140779
79888043.174839,-0.757053,24.257450,-101725.952780
79896082.627710,-0.475184,22.471891,-75252.380203
79904122.080581,-0.315169,23.898475,-48530.886696
79912161.533451,-0.201384,22.133790,-21652.783080
79920200.986322,0.078810,23.400961,5290.084663
79928240.439192,0.145234,25.403121,32205.649247
79936279.892063,0.504596,22.035446,59001.936682
79944319.344933,0.625839,24.112368,85587.380564
79952358.797804,0.627278,22.727228,111871.134969
79960398.250675,1.054998,23.615185,137763.384885
79968437.703545,1.157475,24.298904,163175.653123
79976477.156416,1.138416,20.533998,188021.102653
79984516.609286,1.273765,20.132112,212214.833338
79992556.062157,1.494846,21.025129,235674.172050
80000595.515027,1.709701,19.541406,258318.955172
80008634.967898,1.704879,17.545887,280071.802534
80016674.420769,2.024478,17.969314,300858.381822
80024713.873639,2.012367,14.734478,320607.662587
80032753.326510,2.101630,14.916580,339252.158966
80040792.779380,2.277239,12.375905,356728.160286
80048832.232251,2.345752,14.403611,372975.948775
80056871.685121,2.479744,11.005306,387940.003623
80064911.137992,2.272672,12.066604,401569.190708
80072950.590863,2.616658,10.117237,413816.937321
80080990.043733,2.804283,6.311381,424641.391316
80089029.496604,2.857537,6.273879,434005.564127
80097068.949474,2.831086,6.647568,441877.457154
80105108.402345,2.817718,1.456668,448230.171113
80113147.855215,2.900765,3.506274,453041.997954
80121187.308086,2.894629,2.312277,456296.495039
80129226.760957,2.830419,2.689674,457982.541326
80137266.213827,2.838658,-1.710863,458094.375375
80145305.666698,2.807649,-2.621774,456631.615037
80153345.119568,2.754317,-4.473404,453599.258752
80161384.572439,2.860627,-5.679856,449007.668477
80169424.025309,2.631581,-3.726172,442872.534274
80177463.478180,2.772984,-9.824330,435214.820697
80185502.931051,2.567418,-10.868266,426060.695147
80193542.383921,2.487239,-11.750992,415441.438466
80201581.836792,2.510089,-10.664938,403393.338038
80209621.289662,2.350467,-12.029710,389957.563788
80217660.742533,2.324540,-12.234401,375180.027508
80225700.195403,1.981798,-14.323534,359111.225964
80233739.648274,2.009490,-16.707930,341806.068343
80241779.101145,1.924658,-16.104168,323323.688622
80249818.554015,1.836309,-16.967523,303727.243500
80257858.006886,1.529558,-18.610227,283083.696583
80265897.459756,1.491272,-22.264533,261463.589556
80273936.912627,1.344140,-19.608568,238940.801143
80281976.365497,1.281191,-22.632749,215592.294645
80290015.818368,1.089689,-20.958474,191497.854947
80298055.271238,0.849678,-21.869866,166739.815890
80306094.724109,0.800485,-19.941383,141402.778916
80314134.176980,0.530062,-23.448667,115573.323980
80322173.629850,0.556845,-23.288210,89339.713694
80330213.082721,0.222079,-24.899637,62791.591720
80338252.535591,0.072404,-24.950325,36019.676449
80346291.988462,-0.155522,-25.640575,9115.451000
80354331.441332,-0.112495,-25.120172,-17829.149383
80362370.894203,-0.571508,-23.431355,-44722.051492
80370410.347074,-0.490661,-21.627199,-71471.358780
80378449.799944,-0.660932,-23.437244,-97985.665378
80386489.252815,-0.928706,-22.803805,-124174.368449
