Time,RA(mas),Dec(mas),RadialVelocity
8039.452871,-0.308742,-24.451207,-36933.831414
16078.905741,-0.408196,-24.965906,-63734.219085
24118.358612,-0.589798,-22.954075,-90326.044881
32157.811482,-0.906807,-23.589043,-116618.441071
40197.264353,-1.080735,-22.841573,-142521.563112
48236.717223,-1.159586,-23.034925,-167946.896663
56276.170094,-1.376388,-21.285708,-192807.560049
64315.622965,-1.375044,-20.388304,-217018.601145
72355.075835,-1.543442,-19.962863,-240497.287671
80394.528706,-1.850596,-22.635846,-263163.389897
88433.981576,-1.932453,-17.501293,-284939.454800
96473.434447,-2.060795,-15.572591,-305751.070731
104512.887317,-2.007253,-17.665163,-325527.121687
112552.340188,-2.322963,-15.610552,-344200.030328
120591.793059,-2.356175,-13.487099,-361705.988893
128631.245929,-2.595248,-12.234270,-377985.177241
136670.698800,-2.833591,-12.686392,-392981.967266
144710.151670,-2.672005,-11.261048,-406645.112984
152749.604541,-2.752515,-11.237702,-418927.925646
160789.057411,-2.703298,-8.025449,-429788.433282
168828.510282,-2.844237,-10.030756,-439189.524123
176867.963153,-3.022626,-7.661206,-447099.073416
184907.416023,-3.034854,-8.069493,-453490.053204
192946.868894,-2.962207,-5.813266,-458340.624674
200986.321764,-3.095276,-3.736216,-461634.212792
209025.774635,-3.021525,-3.848192,-463359.562940
217065.227505,-3.064232,-0.798121,-463510.779371
225104.680376,-3.135235,0.712804,-462087.345359
233144.133246,-3.180368,-1.230281,-459094.124962
241183.586117,-2.960668,-0.363452,-454541.346406
249223.038988,-2.908420,4.915409,-448444.567127
257262.491858,-2.957737,6.724738,-440824.620614
265301.944729,-2.929380,4.183934,-431707.545217
273341.397599,-2.771522,5.328001,-421124.495169
281380.850470,-2.807042,7.500490,-409111.634130
289420.303340,-2.719499,9.865734,-395710.011612
297459.756211,-2.709020,11.036082,-380965.422704
305499.209082,-2.485918,10.643835,-364928.251586
313538.661952,-2.321478,10.531213,-347653.299360
321578.114823,-2.282847,11.355639,-329199.596788
329617.567693,-2.053594,12.786894,-309630.202574
337657.020564,-1.987100,13.763293,-289011.987888
345696.473434,-1.944471,15.134952,-267415.407853
353735.926305,-1.811339,15.300495,-244914.260797
361775.379176,-1.577929,16.695300,-221585.436068
369814.832046,-1.333968,16.896016,-197508.651300
377854.284917,-1.455319,17.971985,-172766.180000
385893.737787,-1.022437,17.025669,-147442.570417
393933.190658,-1.045690,19.276972,-121624.356621
401972.643528,-0.887926,18.280567,-95399.762811
410012.096399,-0.719980,17.755219,-68858.401839
418051.549270,-0.534495,18.778914,-42090.968993
426091.002140,-0.293135,17.123723,-15188.932076
434130.455011,-0.246743,17.566445,11755.781149
442169.907881,-0.087134,18.008488,38651.097087
450209.360752,0.139111,19.494049,65405.110940
458248.813622,0.461077,16.763083,91926.400761
466288.266493,0.437342,15.970730,118124.339847
474327.719364,0.556899,16.968048,143909.406430
482367.172234,0.776461,13.915622,169193.489578
490406.625105,0.901052,15.580549,193890.190287
498446.077975,1.069012,13.126021,217915.116714
506485.530846,1.369141,12.189855,241186.172558
514524.983716,1.339539,13.945120,263623.837589
522564.436587,1.488160,11.514230,285151.439384
530603.889458,1.486923,11.874960,305695.415325
538643.342328,1.621413,8.790678,325185.563971
546682.795199,1.807350,10.881833,343555.284944
554722.248069,1.994965,6.588760,360741.806517
562761.700940,1.926029,3.875020,376686.400107
570801.153810,2.145407,4.920051,391334.580962
578840.606681,2.169758,0.994215,404636.294339
586880.059552,2.414519,2.778023,416546.086552
594919.512422,2.357868,1.043081,427023.260290
602958.965293,2.357642,-0.929066,436032.013686
610998.418163,2.357479,-2.168525,443541.562657
619037.871034,2.439304,-4.643729,449526.246095
627077.323904,2.379166,-4.215629,453965.613557
635116.776775,2.393126,-6.923585,456844.495148
643156.229645,2.313248,-8.036843,458153.053354
651195.682516,2.373787,-10.838770,457886.816661
659235.135387,2.405849,-8.732566,456046.694834
667274.588257,2.215165,-11.129162,452638.975810
675314.041128,2.259982,-11.812980,447675.304207
683353.493998,2.244191,-16.101215,441172.641540
691392.946869,2.169151,-14.304621,433153.208251
699432.399739,2.027710,-21.033551,423644.407790
707471.852610,1.983863,-20.407228,412678.732966
715511.305481,1.996930,-19.814709,400293.654918
723550.758351,1.941233,-21.780569,386531.495070
731590.211222,1.742658,-22.066316,371439.280515
739629.664092,1.714365,-24.122945,355068.583315
747669.116963,1.468407,-25.204853,337475.344274
755708.569833,1.286927,-25.429035,318719.681783
763748.022704,1.266977,-23.149814,298865.686381
771787.475575,1.026191,-27.888561,277981.201756
779826.928445,0.946300,-28.954363,256137.592913
787866.381316,0.664929,-28.428495,233409.502307
795905.834186,0.667220,-28.919149,209874.594783
803945.287057,0.501722,-28.421010,185613.292187
811984.739927,0.234670,-30.595909,160708.498547
820024.192798,0.137617,-30.597068,135245.316788
828063.645669,0.018745,-31.237760,109310.757917
836103.098539,-0.255361,-32.379686,82993.443699
844142.551410,-0.286353,-32.955173,56383.303824
852182.004280,-0.540179,-31.865379,29571.268606
860221.457151,-0.625972,-33.129821,2648.958261
868260.910021,-0.789265,-32.479048,-24291.630171
876300.362892,-1.302197,-31.790531,-51158.437192
884339.815763,-1.333924,-34.219721,-77859.655421
892379.268633,-1.505321,-33.168640,-104304.043321
900418.721504,-1.405410,-30.653576,-130401.236972
908458.174374,-1.747261,-30.113701,-156062.058867
916497.627245,-1.782617,-31.733911,-181198.822635
924537.080115,-1.948989,-31.319418,-205725.632680
932576.532986,-2.123009,-28.805559,-229558.677699
940615.985857,-2.403949,-27.236465,-252616.517073
948655.438727,-2.362850,-28.539079,-274820.359162
956694.891598,-2.786662,-27.957778,-296094.330547
964734.344468,-2.669869,-28.229971,-316365.735296
972773.797339,-2.891575,-25.396009,-335565.303380
980813.250209,-3.159187,-26.812100,-353627.427373
988852.703080,-3.161674,-22.772942,-370490.386648
996892.155950,-3.289199,-24.223872,-386096.558274
1004931.608821,-3.238757,-21.376523,-400392.613933
1012971.061692,-3.390680,-20.570626,-413329.702139
1021010.514562,-3.435543,-22.778235,-424863.615178
1029049.967433,-3.605122,-19.005566,-434954.940166
1037089.420303,-3.607785,-17.610121,-443569.193732
1045128.873174,-3.657269,-20.374080,-450676.939851
1053168.326044,-3.478872,-14.568760,-456253.890427
1061207.778915,-3.841238,-15.924496,-460280.988294
1069247.231786,-3.759092,-12.505653,-462744.472334
1077286.684656,-3.665037,-13.119272,-463635.924503
1085326.137527,-3.967194,-11.136543,-462952.298591
1093365.590397,-3.827343,-8.102107,-460695.930637
1101405.043268,-3.861787,-7.560252,-456874.530944
1109444.496138,-3.688763,-5.760196,-451501.157734
1117483.949009,-3.682273,-6.139045,-444594.172521
1125523.401880,-3.503080,-4.839919,-436177.177374
1133562.854750,-3.406619,-3.883336,-426278.934262
1141602.307621,-3.367039,-1.603004,-414933.266769
1149641.760491,-3.148144,-1.192030,-402178.944520
1157681.213362,-3.349903,1.700334,-388059.550695
1165720.666232,-3.132419,1.427270,-372623.333100
1173760.119103,-3.052712,3.509479,-355923.039302
1181799.571974,-2.873986,2.655392,-338015.736379
1189839.024844,-2.837798,3.397912,-318962.615918
1197878.477715,-2.658375,6.829593,-298828.784913
1205917.930585,-2.521690,6.836243,-277683.043285
1213957.383456,-2.588977,7.461131,-255597.648788
1221996.836326,-2.378027,6.186580,-232648.070091
1230036.289197,-2.117280,8.831078,-208912.728893
1238075.742068,-2.006455,6.580977,-184472.731945
1246115.194938,-1.814937,6.239102,-159411.593901
1254154.647809,-1.777787,6.183937,-133814.951933
1262194.100679,-1.504443,7.120053,-107770.273099
1270233.553550,-1.538604,7.297146,-81366.555458
1278273.006420,-1.273270,7.083147,-54694.023954
1286312.459291,-0.997938,8.940875,-27843.822098
1294351.912162,-0.918925,9.158091,-907.700528
1302391.365032,-0.751975,8.121984,26022.296522
1310430.817903,-0.745290,7.616390,52854.145744
1318470.270773,-0.417455,8.277763,79496.159215
1326509.723644,-0.346874,8.488592,105857.297706
1334549.176514,-0.082235,6.448477,131847.481774
1342588.629385,0.019343,8.304474,157377.899574
1350628.082256,0.248322,8.092843,182361.310345
1358667.535126,0.388905,4.742779,206712.342519
1366706.987997,0.617026,1.802463,230347.785447
1374746.440867,0.658236,2.823039,253186.873744
1382785.893738,0.699738,1.573938,275151.563269
1390825.346608,0.863754,0.303285,296166.797818
1398864.799479,0.847409,-0.514457,316160.765599
1406904.252349,1.089868,-2.884015,335065.144619
1414943.705220,1.189748,-0.717181,352815.336154
1422983.158091,1.366705,-1.611698,369350.685487
1431022.610961,1.352044,-5.549329,384614.689177
1439062.063832,1.395446,-5.627316,398555.188136
1447101.516702,1.539354,-8.310138,411124.545861
1455140.969573,1.531628,-9.094326,422279.811223
1463180.422443,1.535185,-12.398012,431982.865225
1471219.875314,1.536003,-11.111331,440200.551270
1479259.328185,1.737012,-13.689674,446904.788453
1487298.781055,1.715320,-13.896011,452072.667523
1495338.233926,1.795522,-16.622854,455686.529164
1503377.686796,1.758940,-15.952846,457734.024340
1511417.139667,1.723149,-18.943723,458208.156495
1519456.592537,1.663201,-20.420989,457107.305456
1527496.045408,1.673258,-19.048067,454435.232974
1535535.498279,1.540053,-23.214586,450201.069870
1543574.951149,1.595577,-23.445732,444419.284830
1551614.404020,1.575737,-26.304092,437109.634967
1559653.856890,1.539285,-25.015697,428297.098306
1567693.309761,1.258702,-28.126500,418011.788432
1575732.762631,1.213972,-34.946414,406288.851589
1583772.215502,1.193592,-30.484429,393168.346579
1591811.668373,1.204906,-30.269740,378695.107875
1599851.121243,1.048828,-35.250056,362918.592420
1607890.574114,0.893825,-32.384936,345892.710621
1615930.026984,0.776857,-34.918916,327675.642134
1623969.479855,0.631726,-36.874587,308329.637053
1632008.932725,0.421763,-38.518517,287920.803198
1640048.385596,0.324040,-38.553036,266518.880212
1648087.838467,0.204107,-38.857079,244197.001253
1656127.291337,0.150405,-39.891798,221031.443087
1664166.744208,-0.058182,-40.063201,197101.365444
1672206.197078,-0.308545,-39.931621,172488.540517
1680245.649949,-0.354993,-43.658569,147277.073531
1688285.102819,-0.516607,-43.106874,121553.115355
1696324.555690,-0.802769,-43.804092,95404.568102
1704364.008561,-0.963974,-43.772230,68920.784764
1712403.461431,-1.076669,-42.322636,42192.263878
1720442.914302,-1.280802,-43.908695,15310.340279
1728482.367172,-1.517822,-42.167591,-11633.126997
1736521.820043,-1.670239,-43.165492,-38546.068615
1744561.272913,-1.859137,-44.149221,-65336.519549
1752600.725784,-2.109189,-41.416879,-91912.933338
1760640.178655,-2.112868,-42.893636,-118184.494917
1768679.631525,-2.392909,-41.986887,-144061.430936
1776719.084396,-2.406131,-41.930953,-169455.316538
1784758.537266,-2.656498,-42.288867,-194279.377506
1792797.990137,-2.881613,-41.222174,-218448.786793
1800837.443007,-3.154033,-40.264916,-241880.954378
1808876.895878,-3.103481,-40.565432,-264495.809495
1816916.348748,-3.200367,-40.071954,-286216.074238
1824955.801619,-3.270027,-39.060758,-306967.527634
1832995.254490,-3.573707,-36.448835,-326679.259263
1841034.707360,-3.748823,-35.363462,-345283.911573
1849074.160231,-3.839390,-35.254465,-362717.910043
1857113.613101,-3.913571,-36.527829,-378921.680431
1865153.065972,-4.033367,-33.612815,-393839.852342
1873192.518842,-4.003348,-31.017451,-407421.448440
1881231.971713,-4.063080,-30.750441,-419620.058644
1889271.424584,-3.995023,-31.953616,-430393.998712
1897310.877454,-4.304410,-29.412718,-439706.452690
1905350.330325,-4.216942,-27.697330,-447525.598708
1913389.783195,-4.379351,-26.523939,-453824.717728
1921429.236066,-4.387679,-25.395043,-458582.284838
1929468.688936,-4.430306,-21.942542,-461782.042812
1937508.141807,-4.325241,-23.678936,-463413.057661
1945547.594678,-4.471534,-20.429273,-463469.755995
1953587.047548,-4.474971,-18.949747,-461951.944068
1961626.500419,-4.374521,-16.780413,-458864.808440
1969665.953289,-4.445270,-17.721597,-454218.898257
1977705.406160,-4.430999,-15.326064,-448030.089199
1985744.859030,-4.371157,-12.921121,-440319.529232
1993784.311901,-4.232682,-14.135393,-431113.566343
2001823.764772,-4.237384,-13.095928,-420443.658507
2009863.217642,-4.043761,-9.245115,-408346.266188
2017902.670513,-4.006315,-12.097844,-394862.727751
2025942.123383,-3.772365,-9.682608,-380039.118204
2033981.576254,-3.792602,-9.477035,-363926.091749
2042021.029124,-3.685603,-7.886755,-346578.708698
2050060.481995,-3.506602,-9.944731,-328056.247316
2058099.934866,-3.609263,-7.399962,-308422.001268
2066139.387736,-3.229134,-4.646981,-287743.063327
2074178.840607,-3.155890,-2.941108,-266090.096119
2082218.293477,-3.099857,-4.179035,-243537.090651
2090257.746348,-2.949586,-4.658127,-220161.113482
2098297.199218,-2.754097,-2.193643,-196042.043368
2106336.652089,-2.680071,-3.105308,-171262.298314
2114376.104960,-2.422091,-3.766339,-145906.553934
2122415.557830,-2.336342,-3.676053,-120061.454111
2130455.010701,-2.120965,-1.002184,-93815.314915
2138494.463571,-1.935878,-0.848127,-67257.822823
2146533.916442,-1.810431,-1.179116,-40479.728243
2154573.369312,-1.673401,-2.782344,-13572.535411
2162612.822183,-1.495066,-2.688599,13371.810290
2170652.275054,-1.316560,-1.462530,40261.236522
2178691.727924,-1.088156,-1.034990,67003.858615
2186731.180795,-0.993273,-1.572673,93508.293545
2194770.633665,-0.838219,-2.406284,119683.972207
2202810.086536,-0.628184,-2.618503,145441.448898
2210849.539406,-0.716669,-4.634758,170692.706967
2218888.992277,-0.426246,-6.707150,195351.459575
2226928.445147,-0.364726,-6.876649,219333.444554
2234967.898018,-0.205416,-6.906077,242556.712338
2243007.350889,0.000969,-8.894598,264941.905997
2251046.803759,0.155136,-6.073671,286412.532409
2259086.256630,0.212579,-10.283374,306895.223648
2267125.709500,0.446875,-8.402492,326319.987689
2275165.162371,0.389354,-10.925553,344620.447585
2283204.615241,0.486316,-14.148173,361734.068282
2291244.068112,0.597888,-16.656421,377602.370307
2299283.520983,0.647631,-12.000739,392171.129608
2307322.973853,0.706288,-16.603619,405390.562835
2315362.426724,0.917468,-17.767113,417215.497465
2323401.879594,0.807314,-18.537896,427605.526155
2331441.332465,0.945804,-19.880813,436525.144826
2339480.785335,1.166122,-21.724927,443943.873977
2347520.238206,1.026491,-19.840046,449836.362845
2355559.691077,1.060395,-25.506700,454182.476029
2363599.143947,0.892347,-25.685211,456967.362294
2371638.596818,1.037616,-27.165859,458181.505321
2379678.049688,1.129686,-29.615563,457820.756224
2387717.502559,1.101454,-29.856072,455886.347732
2395756.955429,0.953853,-30.447703,452384.889968
2403796.408300,0.790564,-33.460439,447328.347871
2411835.861171,0.819290,-34.821172,440734.000304
2419875.314041,0.891304,-35.918026,432624.381010
2427914.766912,0.852750,-36.402087,423027.201615
2435954.219782,0.742454,-38.288924,411975.256931
2443993.672653,0.509306,-36.774447,399506.312891
2452033.125523,0.446325,-41.707219,385662.977503
2460072.578394,0.318159,-43.979303,370492.555245
2468112.031265,0.264350,-42.019537,354046.885426
2476151.484135,0.204366,-45.085994,336382.165041
2484190.937006,0.207356,-47.433820,317558.756740
2492230.389876,-0.047727,-47.584043,297640.982561
2500269.842747,-0.444193,-48.845435,276696.904132
2508309.295617,-0.337078,-50.318357,254798.090097
2516348.748488,-0.429085,-51.463270,232019.371554
2524388.201359,-0.833691,-50.349979,208438.586352
2532427.654229,-0.742070,-51.614518,184136.313104
2540467.107100,-0.956553,-49.600479,159195.595844
2548506.559970,-1.154193,-51.041205,133701.660249
2556546.012841,-1.360468,-51.279196,107741.622418
2564585.465711,-1.494195,-53.519498,81404.191180
2572624.918582,-1.619779,-53.516219,54779.364969
2580664.371452,-1.766514,-51.286074,27958.124282
2588703.824323,-1.907494,-50.536354,1032.120791
2596743.277194,-2.293390,-52.408934,-25906.635841
2604782.730064,-2.456086,-52.729947,-52766.092378
2612822.182935,-2.425347,-50.356566,-79454.466556
2620861.635805,-2.821841,-53.150990,-105880.560727
2628901.088676,-2.795466,-52.695027,-131954.073485
2636940.541546,-2.989918,-53.449843,-157585.908241
2644979.994417,-3.228739,-49.516461,-182688.477678
2653019.447288,-3.490353,-49.091937,-207176.003048
2661058.900158,-3.719649,-50.636719,-230964.807287
2669098.353029,-3.831122,-49.473720,-253973.600953
2677137.805899,-3.949290,-49.136683,-276123.760002
2685177.258770,-4.061772,-46.418388,-297339.594456
2693216.711640,-4.212287,-45.085114,-317548.607046
2701256.164511,-4.211462,-48.253694,-336681.740943
2709295.617382,-4.328883,-46.290659,-354673.615738
2717335.070252,-4.490697,-43.546088,-371462.750852
2725374.523123,-4.579092,-46.176817,-386991.775622
2733413.975993,-4.677419,-42.272214,-401207.625351
2741453.428864,-4.684173,-41.103350,-414061.722626
2749492.881734,-4.797492,-40.911487,-425510.143325
2757532.334605,-4.910238,-40.120018,-435513.766703
2765571.787476,-4.906017,-37.737525,-444038.409076
2773611.240346,-4.900374,-36.277344,-451054.940631
2781650.693217,-4.799357,-38.185916,-456539.384965
2789690.146087,-5.103917,-32.950571,-460473.001019
2797729.598958,-5.067674,-33.945562,-462842.347114
2805769.051828,-5.250514,-29.768107,-463639.326886
2813808.504699,-5.055254,-28.807237,-462861.216950
2821847.957570,-5.073185,-28.017911,-460510.676211
2829887.410440,-5.044770,-28.670350,-456595.736772
2837926.863311,-4.895575,-25.363449,-451129.776491
2845966.316181,-4.867422,-26.088241,-444131.473265
2854005.769052,-4.940462,-23.837060,-435624.741209
2862045.221922,-4.747100,-23.160790,-425638.648934
2870084.674793,-4.784456,-21.058915,-414207.320217
2878124.127664,-4.747361,-21.531896,-401369.817397
2886163.580534,-4.545121,-19.686227,-387170.007894
2894203.033405,-4.497836,-19.250331,-371656.414305
2902242.486275,-4.449490,-16.357746,-354882.048600
2910281.939146,-4.317435,-17.255580,-336904.230971
2918321.392016,-4.095663,-15.756788,-317784.393963
2926360.844887,-4.019948,-15.139990,-297587.872548
2934400.297758,-3.865417,-13.523786,-276383.680870
2942439.750628,-3.738081,-13.875714,-254244.276413
2950479.203499,-3.658985,-12.762129,-231245.312406
2958518.656369,-3.552621,-12.666698,-207465.379304
2966558.109240,-3.485688,-12.271276,-182985.736234
2974597.562110,-3.247163,-14.620812,-157890.033326
2982637.014981,-3.012496,-11.683803,-132264.025863
2990676.467851,-2.830241,-11.607705,-106195.281252
2998715.920722,-2.869332,-9.567080,-79772.879787
3006755.373593,-2.628064,-11.842779,-53087.110254
3014794.826463,-2.429694,-11.380674,-26229.161404
3022834.279334,-2.195957,-10.950979,709.189655
3030873.732204,-2.034249,-9.860719,27635.891069
3038913.185075,-1.888418,-11.204505,54458.930792
3046952.637945,-1.786392,-15.266416,81086.651005
3054992.090816,-1.627499,-13.311542,107428.061321
3063031.543687,-1.376517,-10.780199,133393.149709
3071070.996557,-1.228707,-14.752289,158893.190081
3079110.449428,-1.035038,-14.529511,183841.045480
3087149.902298,-0.948661,-15.186308,208151.465833
3095189.355169,-0.886875,-17.999107,231741.379269
3103228.808039,-0.682769,-16.246049,254530.175981
3111268.260910,-0.698231,-16.745532,276439.983683
3119307.713781,-0.466493,-16.803166,297395.933710
3127347.166651,-0.454623,-19.720244,317326.416850
3135386.619522,-0.407140,-21.581770,336163.328048
3143426.072392,-0.101375,-20.832250,353842.299124
3151465.525263,-0.013265,-25.162691,370302.918733
3159504.978133,0.150261,-22.955227,385488.938793
3167544.431004,0.112812,-24.511547,399348.466697
3175583.883875,0.176580,-27.740312,411834.142633
3183623.336745,0.040869,-27.616792,422903.301419
3191662.789616,0.213505,-32.470463,432518.118299
3199702.242486,0.366696,-28.937897,440645.738192
3207741.695357,0.289820,-31.304173,447258.387961
3215781.148227,0.462262,-34.088744,452333.471322
3223820.601098,0.355731,-34.930097,455853.646054
3231860.053969,0.360689,-34.410155,457806.883261
3239899.506839,0.371883,-36.502441,458186.508477
3247938.959710,0.233462,-41.089157,456991.224474
3255978.412580,0.301307,-42.100102,454225.115692
3264017.865451,0.256824,-43.138731,449897.634286
3272057.318321,0.159153,-46.598064,444023.567823
3280096.771192,0.115776,-47.199344,436622.988753
3288136.224063,0.274778,-48.530590,427721.185819
3296175.676933,-0.028588,-45.564841,417348.577640
3304215.129804,0.010876,-50.503358,405540.608770
3312254.582674,-0.072619,-50.319104,392337.628575
3320294.035545,-0.257395,-50.532506,377784.753359
3328333.488415,-0.344209,-52.144374,361931.712191
3336372.941286,-0.487368,-54.795235,344832.676977
3344412.394157,-0.655924,-55.244944,326546.077348
3352451.847027,-0.681703,-57.138993,307134.400996
3360491.299898,-0.669456,-56.601958,286663.980147
3368530.752768,-0.947426,-55.130726,265204.764894
3376570.205639,-1.172485,-58.311100,242830.084171
3384609.658509,-1.225404,-59.660335,219616.395176
3392649.111380,-1.490738,-61.475574,195643.022107
3400688.564250,-1.698770,-62.232559,170991.885102
3408728.017121,-1.776164,-59.609588,145747.220306
3416767.469992,-1.885305,-59.618717,119995.292026
3424806.922862,-2.070802,-61.138357,93824.097955
3432846.375733,-2.274467,-62.407784,67323.068472
3440885.828603,-2.317695,-66.591423,40582.761044
3448925.281474,-2.632070,-61.699782,13694.550786
3456964.734344,-2.792604,-61.973376,-13249.681788
3465004.187215,-2.868056,-62.796914,-40157.864725
3473043.640086,-3.182734,-61.633207,-66938.049260
3481083.092956,-3.371138,-63.294304,-93498.724016
3489122.545827,-3.538946,-61.819306,-119749.127707
3497161.998697,-3.864020,-62.200567,-145599.559286
3505201.451568,-3.892981,-61.282722,-170961.684461
3513240.904438,-4.131325,-61.045726,-195748.837548
3521280.357309,-4.073483,-60.037063,-219876.317617
3529319.810180,-4.318458,-57.961579,-243261.677926
3537359.263050,-4.323164,-59.567968,-265825.007654
3545398.715921,-4.922394,-59.683573,-287489.204965
3553438.168791,-4.668722,-55.582506,-308180.240476
3561477.621662,-4.841953,-57.657474,-327827.410222
3569517.074532,-4.929791,-54.772345,-346363.577268
3577556.527403,-5.294183,-57.331206,-363725.401115
3585595.980274,-5.279354,-52.830497,-379853.554152
3593635.433144,-5.358653,-51.710114,-394692.924378
3601674.886015,-5.285616,-52.383390,-408192.803734
3609714.338885,-5.553703,-50.889692,-420307.061373
3617753.791756,-5.489394,-51.104958,-430994.301299
3625793.244626,-5.690707,-49.785016,-440218.003823
3633832.697497,-5.585469,-47.886771,-447946.650350
3641872.150368,-5.780963,-46.231269,-454153.831090
3649911.603238,-5.733605,-43.398142,-458818.335297
3657951.056109,-5.792669,-45.077702,-461924.223754
3665990.508979,-5.746427,-44.723758,-463460.883234
3674029.961850,-5.766938,-41.978081,-463423.062773
3682069.414720,-5.727719,-40.047880,-461810.891608
3690108.867591,-5.724454,-38.056422,-458629.878737
3698148.320462,-5.518955,-38.280898,-453890.894096
3706187.773332,-5.604057,-34.741127,-447610.131413
3714227.226203,-5.721851,-35.363267,-439809.052871
3722266.679073,-5.610274,-32.638181,-430514.315771
3730306.131944,-5.476870,-30.876161,-419757.681442
3738345.584814,-5.483807,-30.880184,-407575.906703
3746385.037685,-5.257687,-28.696224,-394010.618265
3754424.490556,-5.298139,-27.760470,-379108.170485
3762463.943426,-5.178303,-27.596213,-362919.486968
3770503.396297,-4.968063,-26.584165,-345499.886553
3778542.849167,-4.927971,-25.405378,-326908.894284
3786582.302038,-4.663521,-24.158654,-307210.038002
3794621.754908,-4.675880,-23.933077,-286470.631265
3802661.207779,-4.544561,-23.972728,-264761.543327
3810700.660649,-4.371167,-24.832266,-242156.956967
3818740.113520,-4.308970,-23.407241,-218734.115001
3826779.566391,-4.181814,-21.193685,-194573.056331
3834819.019261,-3.966782,-21.620421,-169756.342441
3842858.472132,-3.886674,-20.829829,-144368.775272
3850897.925002,-3.744777,-21.848228,-118497.107450
3858937.377873,-3.607697,-21.206123,-92229.745832
3866976.830743,-3.337170,-20.028475,-65656.449412
3875016.283614,-3.127374,-21.217560,-38868.022607
3883055.736485,-2.911092,-21.055068,-11956.004958
3891095.189355,-2.775081,-20.294990,14987.641665
3899134.642226,-2.643966,-20.860633,41870.847313
3907174.095096,-2.544083,-22.994892,68601.748572
3915213.547967,-2.465864,-22.255190,95089.002470
3923253.000837,-2.325192,-22.751498,121242.098612
3931292.453708,-1.910319,-21.569887,146971.668462
3939331.906579,-1.696843,-22.495104,172189.790730
3947371.359449,-1.893102,-23.458892,196810.291808
3955410.812320,-1.582043,-23.972832,220749.040236
3963450.265190,-1.235058,-28.013709,243924.234195
3971489.718061,-1.223811,-25.897359,266256.681029
3979529.170931,-1.246143,-28.685357,287670.067858
3987568.623802,-1.150922,-28.858934,308091.222351
3995608.076673,-0.995967,-30.403842,327450.362764
4003647.529543,-0.743410,-31.508884,345681.336393
4011686.982414,-0.808933,-30.555210,362721.845626
4019726.435284,-0.740704,-32.145890,378513.660825
4027765.888155,-0.655609,-33.036824,393002.819300
4035805.341025,-0.483927,-38.985803,406139.809711
4043844.793896,-0.552528,-36.989964,417879.741250
4051884.246767,-0.517107,-37.830435,428182.497042
4059923.699637,-0.302662,-41.418951,437012.871229
4067963.152508,-0.383431,-42.075749,444340.689272
4076002.605378,-0.206319,-43.016786,450140.911063
4084042.058249,-0.191813,-45.288313,454393.716489
4092081.511119,-0.180111,-45.312448,457084.573159
4100120.963990,-0.321714,-47.416763,458204.286066
4108160.416861,-0.346835,-46.986145,457749.029006
4116199.869731,-0.269742,-49.937125,455720.357650
4124239.322602,-0.386843,-52.057696,452125.204234
4132278.775472,-0.355213,-53.237096,446975.853864
4140318.228343,-0.395509,-53.753386,440289.902541
4148357.681213,-0.482473,-53.300626,432090.197032
4156397.134084,-0.391942,-56.888997,422404.756798
4164436.586954,-0.653670,-56.632832,411266.678249
4172476.039825,-0.686809,-59.998640,398714.021652
4180515.492696,-0.922490,-61.493734,384789.681067
4188554.945566,-0.944003,-64.046242,369541.237781
4196594.398437,-1.265002,-61.351581,353020.797709
4204633.851307,-1.144665,-66.172881,335284.813346
4212673.304178,-1.329419,-63.952911,316393.890862
4220712.757048,-1.463567,-67.988107,296412.582997
4228752.209919,-1.574193,-69.041776,275409.168484
4236791.662790,-1.992073,-68.057330,253455.418725
4244831.115660,-2.128213,-70.316407,230626.352542
4252870.568531,-2.045401,-68.210747,206999.979826
4260910.021401,-2.317259,-69.994057,182657.034971
4268949.474272,-2.410694,-71.866923,157680.700989
4276988.927142,-2.631866,-71.097206,132156.325266
4285028.380013,-2.772258,-70.867042,106171.127917
4293067.832884,-2.815932,-73.988604,79813.903746
4301107.285754,-2.969660,-72.796409,53174.718820
4309146.738625,-3.229009,-71.648020,26344.602704
4317186.191495,-3.499214,-71.933570,-584.762602
4325225.644366,-3.666568,-73.356289,-27521.355950
4333265.097236,-3.700278,-73.679008,-54373.131492
4341304.550107,-3.990121,-70.437897,-81048.333215
4349344.002978,-4.016005,-71.869684,-107455.808479
4357383.455848,-4.306908,-71.757187,-133505.319505
4365422.908719,-4.551977,-70.855117,-159107.851719
4373462.361589,-4.696019,-73.018463,-184175.917935
4381501.814460,-4.682563,-69.185981,-208623.857306
4389541.267330,-4.962903,-70.659997,-232368.128040
4397580.720201,-5.075202,-68.870342,-255327.592872
4405620.173072,-5.205031,-69.755293,-277423.796319
4413659.625942,-5.436299,-66.754791,-298581.232778
4421699.078813,-5.570015,-67.935567,-318727.604533
4429738.531683,-5.577733,-66.489369,-337794.068808
4437777.984554,-5.610391,-67.600309,-355715.473011
4445817.437424,-5.743436,-63.105173,-372430.577371
4453856.890295,-5.962636,-64.217489,-387882.264198
4461896.343166,-6.099550,-62.957344,-402017.733068
4469935.796036,-6.099807,-63.609347,-414788.681242
4477975.248907,-6.202259,-60.382538,-426151.468727
4486014.701777,-6.239958,-59.190596,-436067.267398
4494054.154648,-6.344098,-56.166182,-444502.193680
4502093.607518,-6.303118,-55.839019,-451427.424332
4510133.060389,-6.334347,-55.253646,-456819.294938
4518172.513260,-6.482179,-54.377343,-460659.380774
4526211.966130,-6.344868,-53.184627,-462934.559768
4534251.419001,-6.506012,-50.881522,-463637.057336
4542290.871871,-6.588439,-50.068462,-462764.472952
4550330.324742,-6.445163,-51.116570,-460319.788352
4558369.777612,-6.376270,-46.133375,-456311.357339
4566409.230483,-6.478564,-46.344900,-450752.877247
4574448.683353,-6.268217,-44.871718,-443663.342124
4582488.136224,-6.266768,-46.412060,-435066.977835
4590527.589095,-6.110319,-41.405921,-424993.159277
4598567.041965,-6.172413,-40.476223,-413476.310000
4606606.494836,-5.862658,-38.894966,-400555.784578
4614645.947706,-5.916587,-40.074634,-386275.734127
4622685.400577,-5.957433,-37.869677,-370684.955441
4630724.853447,-5.812147,-35.928448,-353836.724241
4638764.306318,-5.638739,-35.578008,-335788.613126
4646803.759189,-5.585807,-35.774518,-316602.294844
4654843.212059,-5.424181,-34.148395,-296343.331541
4662882.664930,-5.109643,-32.506431,-275080.950733
4670922.117800,-5.010813,-35.067997,-252887.808746
4678961.570671,-4.978370,-33.791647,-229839.742435
4687001.023541,-4.768078,-32.051012,-206015.510044
4695040.476412,-4.706771,-33.058646,-181496.522078
4703079.929283,-4.464140,-30.487505,-156366.563112
4711119.382153,-4.362843,-29.087332,-130711.505488
4719158.835024,-4.258490,-34.470094,-104619.015879
4727198.287894,-4.145705,-34.817257,-78178.255721
4735237.740765,-3.875679,-31.388132,-51479.576533
4743277.193635,-3.830976,-32.291776,-24614.211180
4751316.646506,-3.593854,-32.709967,2326.037887
4759356.099377,-3.340732,-31.775005,29249.112327
4767395.552247,-3.325284,-32.705757,56063.012490
4775435.005118,-2.961637,-32.549910,82676.111787
4783474.457988,-3.025092,-29.709638,108997.469792
4791513.910859,-2.903259,-32.361852,134937.142996
4799553.363729,-2.670939,-32.040419,160406.492159
4807592.816600,-2.343045,-32.347828,185318.485196
4815632.269471,-2.591400,-35.831224,209587.994585
4823671.722341,-2.246979,-35.809757,233132.088251
4831711.175212,-2.120452,-38.628219,255870.312959
4839750.628082,-1.993975,-38.466138,277724.969235
4847790.080953,-1.804088,-37.422716,298621.376872
4855829.533823,-1.715450,-39.010412,318488.130124
4863868.986694,-1.743170,-40.510784,337257.341708
4871908.439565,-1.615110,-39.938659,354864.874784
4879947.892435,-1.384835,-43.863230,371250.562118
4887987.345306,-1.338952,-41.771323,386358.411682
4896026.798176,-1.256643,-45.948009,400136.797988
4904066.251047,-1.070428,-47.568912,412538.638494
4912105.703917,-1.103901,-48.862908,423521.554498
4920145.156788,-1.025952,-50.194505,433048.015944
4928184.609659,-1.083950,-53.142067,441085.469673
4936224.062529,-0.853176,-52.414594,447606.450660
4944263.515400,-0.943283,-56.173137,452588.675862
4952302.968270,-1.083639,-57.361541,456015.120368
4960342.421141,-1.032909,-57.061359,457874.075570
4968381.874011,-0.954656,-57.260837,458159.189177
4976421.326882,-1.048606,-57.660384,456869.486918
4984460.779752,-0.961078,-62.313141,454009.375873
4992500.232623,-0.994734,-62.699640,449588.629415
5000539.685494,-1.021811,-63.388782,443622.353810
5008579.138364,-1.007444,-63.781104,436130.936599
5016618.591235,-1.209236,-67.076030,427139.976930
5024658.044105,-1.333915,-68.507091,416680.198082
5032697.496976,-1.394208,-68.966235,404787.342484
5040736.949846,-1.472928,-73.259290,391502.049569
5048776.402717,-1.564323,-74.643922,376869.716916
5056815.855588,-1.751343,-73.259285,360940.345109
5064855.308458,-1.817093,-72.841418,343768.366887
5072894.761329,-1.994926,-75.238132,325412.461136
5080934.214199,-2.079332,-76.069702,305935.352376
5088973.667070,-2.146898,-77.669398,285403.596425
5097013.119940,-2.383725,-76.996370,263887.352965
5105052.572811,-2.544438,-78.326793,241460.145803
5113092.025682,-2.696451,-79.219415,218198.611627
5121131.478552,-2.737717,-79.236886,194182.238128
5129170.931423,-2.836665,-82.006849,169493.092381
5137210.384293,-3.283926,-81.947321,144215.540414
5145249.837164,-3.226112,-80.072187,118435.958913
5153289.290034,-3.488191,-83.049663,92242.440064
5161328.742905,-3.496519,-81.479904,65724.490534
5169368.195776,-3.902545,-84.190431,38972.725610
5177407.648646,-3.903140,-81.692499,12078.559555
5185447.101517,-4.045425,-81.800946,-14866.106763
5193486.554387,-4.392634,-84.688573,-41769.199910
5201526.007258,-4.424694,-82.392404,-68538.788512
5209565.460128,-4.637243,-80.734038,-95083.397401
5217604.912999,-4.849660,-81.124621,-121312.320189
5225644.365870,-5.040292,-83.839858,-147135.929233
5233683.818740,-5.172739,-82.526729,-172465.981897
5241723.271611,-5.535988,-79.656445,-197215.922093
5249762.724481,-5.382726,-80.000630,-221301.176052
5257802.177352,-5.661529,-82.065795,-244639.441324
5265841.630222,-5.809620,-79.828765,-267150.968018
5273881.083093,-5.996220,-78.549403,-288758.831316
5281920.535964,-6.119819,-79.286949,-309389.194334
5289959.988834,-6.389137,-77.820611,-328971.560436
5297999.441705,-6.422466,-74.814217,-347439.014127
5306038.894575,-6.541056,-73.586331,-364728.449712
5314078.347446,-6.533435,-74.141332,-380780.786938
5322117.800316,-6.684709,-70.398816,-395541.172879
5330157.253187,-6.709301,-70.695122,-408959.169373
5338196.706058,-6.666625,-70.729426,-420988.925380
5346236.158928,-6.755619,-68.983629,-431589.333656
5354275.611799,-6.888963,-69.028361,-440724.171226
5362315.064669,-6.995247,-67.753844,-448362.223160
5370354.517540,-7.110144,-64.378551,-454477.389240
5378393.970410,-6.993030,-63.810611,-459048.773147
5386433.423281,-7.029514,-61.375338,-462060.753867
5394472.876151,-7.209502,-62.819408,-463503.039070
5402512.329022,-7.111925,-59.212861,-463370.700280
5410551.781893,-6.942461,-58.009732,-461664.189714
5418591.234763,-7.117569,-57.851068,-458389.338743
5426630.687634,-7.000980,-54.670096,-453557.337958
5434670.140504,-7.187232,-53.719791,-447184.698935
5442709.593375,-7.013686,-55.447826,-439293.197812
5450749.046245,-6.752560,-54.279190,-429909.800876
5458788.499116,-6.751707,-54.557120,-419066.572416
5466827.951987,-6.701598,-49.292458,-406800.565155
5474867.404857,-6.785747,-51.785925,-393153.693638
5482906.857728,-6.536193,-47.922063,-378172.591003
5490946.310598,-6.503142,-47.048099,-361908.449627
5498985.763469,-6.404986,-46.408385,-344416.846200
5507025.216339,-6.225972,-46.047353,-325757.551809
5515064.669210,-6.184128,-46.715258,-305994.327692
5523104.122081,-6.234296,-43.916766,-285194.707360
5531143.574951,-5.915659,-42.765583,-263429.765825
5539183.027822,-5.694890,-43.355151,-240773.876726
5547222.480692,-5.585345,-42.490092,-217304.458186
5555261.933563,-5.583900,-42.481881,-193101.708266
5563301.386433,-5.307886,-39.388830,-168248.330912
5571340.839304,-5.099831,-41.121611,-142829.253353
5579380.292175,-4.924142,-43.304349,-116931.335887
5587419.745045,-4.788168,-39.035352,-90643.075070
5595459.197916,-4.638722,-39.528500,-64054.301313
5603498.650786,-4.443687,-39.611867,-37255.871918
5611538.103657,-4.357004,-39.892155,-10339.360609
5619577.556527,-4.179203,-42.302519,16603.255391
5627617.009398,-3.883690,-41.539509,43479.909652
5635656.462269,-3.906387,-41.206889,70198.761149
5643695.915139,-3.778760,-41.808361,96668.508086
5651735.368010,-3.531887,-40.564338,122798.699889
5659774.820880,-3.413058,-42.823418,148500.046292
5667814.273751,-3.095156,-44.089440,173684.722447
5675853.726621,-3.076061,-45.106326,198266.669034
5683893.179492,-2.907006,-44.905376,222161.886342
5691932.632363,-2.749306,-45.576456,245288.721302
5699972.085233,-2.734293,-48.390576,267568.146506
5708011.538104,-2.401076,-48.090453,288924.030256
5716050.990974,-2.541183,-47.683218,309283.396719
5724090.443845,-2.444131,-51.771346,328576.675285
5732129.896715,-2.106331,-53.061438,346737.938311
5740169.349586,-2.016083,-50.435814,363705.126396
5748208.802456,-1.910457,-54.423313,379420.260447
5756248.255327,-1.943107,-53.943486,393829.639807
5764287.708198,-1.957179,-55.671922,406884.025747
5772327.161068,-1.788078,-57.151471,418538.809733
5780366.613939,-1.897243,-59.328844,428754.165850
5788406.066809,-1.646111,-60.080578,437495.186894
5796445.519680,-1.807570,-62.401105,444732.003659
5804484.972550,-1.526486,-62.508873,450439.887000
5812524.425421,-1.588109,-64.908261,454599.332336
5820563.878292,-1.668379,-66.206604,457196.126301
5828603.331162,-1.654488,-68.290587,458221.395311
5836642.784033,-1.660541,-67.760537,457671.635888
5844682.236903,-1.705696,-70.385174,455548.726633
5852721.689774,-1.766062,-71.127015,451859.921802
5860761.142644,-1.834359,-72.638896,446617.826523
5868800.595515,-1.715017,-74.370914,439840.353716
5876840.048386,-1.968116,-73.484604,431550.662890
5884879.501256,-1.917239,-75.393948,421777.080998
5892918.954127,-2.078772,-77.044087,410553.005642
5900958.406997,-2.001691,-79.550317,397916.790948
5908997.859868,-2.388916,-82.570768,383911.616509
5917037.312738,-2.120828,-85.032374,368585.339828
5925076.765609,-2.492415,-83.656632,351990.332790
5933116.218480,-2.407672,-83.527314,334183.302694
5941155.671350,-2.793907,-85.786486,315225.098482
5949195.124221,-2.690104,-84.935202,295180.502805
5957234.577091,-3.038866,-90.143907,274118.010659
5965274.029962,-3.138919,-86.422645,252109.595320
5973313.482832,-3.230799,-90.618758,229230.462411
5981352.935703,-3.450281,-89.252506,205558.792909
5989392.388574,-3.435411,-89.230129,181175.475990
5997431.841444,-3.566708,-90.470662,156163.832624
6005471.294315,-3.977867,-92.802784,130609.330853
6013510.747185,-4.087022,-94.294855,104599.293739
6021550.200056,-4.256372,-92.012358,78222.600964
6029589.652926,-4.391443,-90.881681,51569.385124
6037629.105797,-4.561837,-93.056183,24730.723727
6045668.558668,-4.823968,-92.454011,-2201.672025
6053708.011538,-4.902073,-90.654314,-29135.770628
6061747.464409,-5.039718,-92.266645,-55979.534761
6069786.917279,-5.174928,-90.444816,-82641.235784
6077826.370150,-5.479771,-89.382487,-109029.767195
6085865.823020,-5.526850,-93.410635,-135054.955944
6093905.275891,-5.738457,-92.817864,-160627.870573
6101944.728762,-5.863426,-89.239846,-185661.125101
6109984.181632,-6.131708,-90.613751,-210069.177638
6118023.634503,-6.204824,-90.880435,-233768.622690
6126063.087373,-6.392334,-91.784692,-256678.476167
6134102.540244,-6.462109,-88.709668,-278720.452115
6142141.993114,-6.629502,-86.065893,-299819.230234
6150181.445985,-6.880906,-88.372981,-319902.713250
6158220.898855,-6.951391,-85.157991,-338902.273286
6166260.351726,-7.123047,-84.681153,-356752.986371
6174299.804597,-7.162185,-86.366243,-373393.854295
6182339.257467,-7.311132,-83.422374,-388768.013045
6190378.710338,-7.471807,-82.304811,-402822.927117
6198418.163208,-7.247041,-81.010312,-415510.569040
6206457.616079,-7.552307,-78.988307,-426787.583489
6214497.068949,-7.711117,-77.671763,-436615.435438
6222536.521820,-7.696832,-77.544565,-444960.541837
6230575.974691,-7.676154,-75.899457,-451794.386369
6238615.427561,-7.668636,-75.236393,-457093.616899
6246654.880432,-7.734148,-73.685690,-460840.125266
6254694.333302,-7.627477,-69.801237,-463021.109162
6262733.786173,-7.708503,-71.913247,-463629.115882
6270773.239043,-7.750172,-67.912986,-462662.067787
6278812.691914,-7.677353,-70.014357,-460123.269407
6286852.144785,-7.553498,-68.676437,-456021.396146
6294891.597655,-7.666010,-65.810225,-450370.464640
6302931.050526,-7.617908,-66.142180,-443189.784858
6310970.503396,-7.718431,-63.904045,-434503.894116
6319009.956267,-7.661489,-60.230318,-424342.473236
6327049.409137,-7.416518,-62.422398,-412740.245115
6335088.862008,-7.296086,-59.308470,-399736.856079
6343128.314879,-7.293511,-58.437480,-385376.740400
6351167.767749,-7.154778,-59.096866,-369708.968464
6359207.220620,-6.965253,-57.642320,-352787.079088
6367246.673490,-6.904094,-55.844660,-334668.896573
6375286.126361,-6.598623,-56.128811,-315416.333106
6383325.579231,-6.745254,-55.937017,-295095.177205
6391365.032102,-6.525470,-52.605043,-273774.868905
6399404.484973,-6.455343,-53.349224,-251528.262477
6407443.937843,-6.456427,-50.749911,-228431.377472
6415483.390714,-6.201785,-50.879002,-204563.138954
6423522.843584,-6.083444,-52.511283,-180005.107802
6431562.296455,-5.764072,-52.566039,-154841.202006
6439601.749325,-5.619181,-50.068475,-129157.409910
6447641.202196,-5.730215,-50.203392,-103041.496377
6455680.655067,-5.291954,-52.367398,-76582.702883
6463720.107937,-5.191542,-51.639862,-49871.442572
6471759.560808,-5.265077,-50.015792,-22998.991298
6479799.013678,-4.898583,-51.733861,3942.824272
6487838.466549,-4.745307,-52.976654,30861.940447
6495877.919419,-4.622852,-50.682375,57666.371100
6503917.372290,-4.353312,-50.653908,84264.522002
6511956.825161,-4.259048,-54.276229,110565.503808
6519996.278031,-3.994630,-51.842007,136479.442636
6528035.730902,-3.973762,-53.795573,161917.787184
6536075.183772,-3.937757,-52.782318,186793.611315
6544114.636643,-3.601316,-55.043925,211021.911100
6552154.089513,-3.530076,-57.366353,234519.895281
6560193.542384,-3.442443,-56.705105,257207.268188
6568232.995254,-3.336468,-58.244557,279006.504113
6576272.448125,-2.946805,-59.186466,299843.112227
6584311.900996,-2.987489,-60.611463,319645.891127
6592351.353866,-2.871649,-58.403890,338347.172139
6600390.806737,-2.761332,-60.779827,355883.050551
6608430.259607,-2.820294,-62.786901,372193.603981
6616469.712478,-2.689789,-62.822057,387223.097145
6624509.165348,-2.575472,-66.500954,400920.172307
6632548.618219,-2.545162,-67.512827,413238.024778
6640588.071090,-2.436187,-68.164731,424134.562852
6648627.523960,-2.385986,-68.698051,433572.551639
6656666.976831,-2.237648,-68.356746,441519.740303
6664706.429701,-2.300287,-71.748303,447948.972265
6672745.882572,-2.277308,-74.543881,452838.278001
6680785.335442,-2.247093,-73.376633,456170.950118
6688824.788313,-2.491533,-76.059153,457935.600441
6696864.241184,-2.302994,-76.461159,458126.198930
6704903.694054,-2.409969,-79.674158,456742.094285
6712943.146925,-2.322600,-80.335519,453788.016172
6720982.599795,-2.393223,-82.890842,449274.059060
6729022.052666,-2.308903,-85.794656,443215.647730
6737061.505536,-2.483065,-84.759308,435633.484560
6745100.958407,-2.523320,-85.835059,426553.478791
6753140.411278,-2.749593,-87.049663,416006.657984
6761179.864148,-2.656497,-88.842707,404029.062000
6769219.317019,-2.925747,-89.623437,390661.619844
6777258.769889,-3.004275,-91.112480,375950.009806
6785298.222760,-2.925753,-92.831145,359944.503375
6793337.675630,-3.070652,-93.629533,342699.793449
6801377.128501,-3.197013,-95.833651,324274.807448
6809416.581372,-3.432757,-95.090354,304732.505949
6817456.034242,-3.646112,-96.947549,284139.667541
6825495.487113,-3.605382,-97.086963,262566.660635
6833534.939983,-3.827070,-99.291335,240087.203005
6841574.392854,-4.134504,-99.588739,216778.109884
6849613.845724,-4.197062,-101.021656,192719.031480
6857653.298595,-4.218005,-100.133138,167992.180796
6865692.751466,-4.504048,-102.220593,142682.052702
6873732.204336,-4.756854,-101.834525,116875.135201
6881771.657207,-4.913569,-102.732250,90659.613891
6889811.110077,-5.063042,-104.819983,64125.070623
6897850.562948,-5.193306,-104.448795,37362.177385
6905890.015818,-5.377366,-101.366339,10462.386471
6913929.468689,-5.605941,-103.664091,-16482.382033
6921968.921560,-5.739912,-101.500426,-43380.054342
6930008.374430,-5.975934,-102.322639,-70138.717607
6938047.827301,-6.076107,-101.592852,-96666.933993
6946087.280171,-6.183990,-100.269880,-122874.053127
6954126.733042,-6.361788,-102.869724,-148670.521873
6962166.185912,-6.574810,-102.437027,-173968.190335
6970205.638783,-6.678200,-100.669956,-198680.613088
6978245.091653,-6.781449,-100.560108,-222723.344564
6986284.544524,-6.953688,-98.895106,-246014.227618
6994323.997395,-7.184450,-98.729595,-268473.674270
7002363.450265,-7.260535,-95.246281,-290024.937666
7010402.903136,-7.487778,-99.111086,-310594.374333
7018442.356006,-7.588676,-97.486899,-330111.695826
7026481.808877,-7.855111,-94.372968,-348510.208917
7034521.261747,-7.600685,-96.585795,-365727.043490
7042560.714618,-7.933215,-91.441679,-381703.367379
7050600.167489,-8.137634,-92.579909,-396384.587406
7058639.620359,-8.002657,-92.587424,-409720.535928
7066679.073230,-7.966991,-88.571600,-421665.642275
7074718.526100,-8.315673,-87.581742,-432179.088460
7082757.978971,-8.252592,-85.623424,-441224.948671
7090797.431841,-8.304633,-84.621779,-448772.312024
7098836.884712,-8.320854,-84.888505,-454795.388196
7106876.337583,-8.406496,-84.649982,-459273.595552
7114915.790453,-8.360930,-82.362890,-462191.631473
7122955.243324,-8.284809,-81.247542,-463539.524651
7130994.696194,-8.608957,-81.785003,-463312.669159
7139034.149065,-8.480652,-79.185545,-461511.840193
7147073.601935,-8.465170,-78.052224,-458143.191419
7155113.054806,-8.507883,-75.294287,-453218.233948
7163152.507677,-8.424532,-78.198009,-446753.797002
7171191.960547,-8.241244,-73.922434,-438771.970404
7179231.413418,-8.307212,-72.695237,-429300.029095
7187270.866288,-8.122739,-73.057002,-418370.339931
7195310.319159,-8.199063,-71.170341,-406020.251085
7203349.772029,-8.048974,-69.608156,-392291.964416
7211389.224900,-7.792856,-68.788830,-377232.391270
7219428.677771,-7.729277,-68.240801,-360892.992169
7227468.130641,-7.619162,-66.438228,-343329.600967
7235507.583512,-7.623677,-65.372113,-324602.234059
7243547.036382,-7.482875,-64.713209,-304774.885296
7251586.489253,-7.291973,-65.906730,-283915.307313
7259625.942123,-7.171137,-59.893493,-262094.780002
7267665.394994,-7.099434,-63.311137,-239387.866948
7275704.847865,-6.758710,-62.978739,-215872.160629
7283744.300735,-6.755249,-64.773734,-191628.017276
7291783.753606,-6.649111,-61.820256,-166738.282285
7299823.206476,-6.512474,-62.927212,-141288.007121
7307862.659347,-6.396268,-62.815322,-115364.158689
7315902.112217,-6.182080,-61.492179,-89055.322155
7323941.565088,-5.934412,-60.529226,-62451.398239
7331981.017959,-5.708055,-60.328977,-35643.296013
7340020.470829,-5.680152,-59.632451,-8722.622256
7348059.923700,-5.487127,-61.821748,18218.631587
7356099.376570,-5.356631,-62.145188,45088.403741
7364138.829441,-5.270630,-63.455285,71794.876696
7372178.282311,-5.103614,-62.224405,98246.790956
7380217.735182,-4.905830,-63.463569,124353.756885
7388257.188052,-4.667437,-61.914951,150026.563581
7396296.640923,-4.469223,-63.165110,175177.483721
7404336.093794,-4.364838,-61.366022,199720.573334
7412375.546664,-4.358728,-65.330780,223571.965487
7420414.999535,-4.182076,-64.504520,246650.156867
7428454.452405,-3.952227,-68.780536,268876.286289
7436493.905276,-3.936127,-67.744492,290174.404174
7444533.358146,-3.702085,-67.407577,310471.732080
7452572.811017,-3.572747,-69.325165,329698.911394
7460612.263888,-3.573089,-70.685834,347790.240340
7468651.716758,-3.409357,-73.618048,364683.898492
7476691.169629,-3.346516,-72.794763,380322.158019
7484730.622499,-3.386203,-73.243979,394651.580952
7492770.075370,-3.364382,-73.029920,407623.201786
7500809.528240,-3.053187,-78.176654,419192.694806
7508848.981111,-2.980044,-77.441974,429320.525545
7516888.433982,-3.130103,-78.762355,437972.085887
7524927.886852,-2.947906,-79.352575,445117.812324
7532967.339723,-2.963143,-84.237173,450733.286979
7541006.792593,-3.098848,-82.409303,454799.321042
7549046.245464,-2.977808,-84.973335,457302.020347
7557085.698334,-2.965279,-86.398295,458232.832843
7565125.151205,-2.931141,-88.506955,457588.577823
7573164.604076,-2.975156,-93.142615,455371.456791
7581204.056946,-3.098705,-93.206331,451589.045938
7589243.509817,-3.082266,-93.580196,446254.270253
7597282.962687,-3.066662,-94.086802,439385.359361
7605322.415558,-3.304629,-93.633944,431005.785225
7613361.868428,-3.045798,-94.998749,421144.181940
7621401.321299,-3.276503,-97.922407,409834.247889
7629440.774170,-3.501335,-97.872407,397114.630591
7637480.227040,-3.601910,-100.449083,383028.794632
7645519.679911,-3.560118,-101.798203,367624.873150
7653559.132781,-3.647974,-103.143025,350955.503350
7661598.585652,-3.809315,-102.314281,333077.646639
7669638.038522,-3.926696,-106.966284,314052.393983
7677677.491393,-4.200535,-107.042949,293944.757146
7685716.944264,-4.311676,-105.881161,272823.446543
7693756.397134,-4.466800,-108.311489,250760.636442
7701795.850005,-4.631543,-107.941039,227831.718339
7709835.302875,-4.784398,-111.917803,204115.043333
7717874.755746,-4.862441,-113.566743,179691.654391
7725914.208616,-5.258970,-110.310242,154645.009414
7733953.661487,-5.235604,-109.655814,129060.696049
7741993.114357,-5.452638,-109.888902,103026.139226
7750032.567228,-5.596146,-113.304818,76630.302418
7758072.020099,-5.836029,-113.969636,49963.383635
7766111.472969,-6.007349,-110.143952,23116.507212
7774150.925840,-6.195227,-112.323204,-3818.587579
7782190.378710,-6.251776,-111.750206,-30749.860009
7790229.831581,-6.487689,-113.071798,-57585.282416
7798269.284451,-6.638601,-112.577644,-84233.154664
7806308.737322,-6.745816,-111.197776,-110602.417506
7814348.190193,-7.015630,-111.229401,-136602.963735
7822387.643063,-7.153958,-112.893902,-162145.946099
7830427.095934,-7.290709,-109.857482,-187144.080901
7838466.548804,-7.496850,-110.022774,-211511.946258
7846506.001675,-7.565300,-111.545384,-235166.274003
7854545.454545,-7.979459,-107.478591,-258026.234216
7862584.907416,-7.830677,-106.912467,-280013.711436
7870624.360287,-8.263310,-108.696081,-301053.571590
7878663.813157,-8.214903,-104.689973,-321073.918736
7886703.266028,-8.304624,-108.804111,-340006.340741
7894742.718898,-8.460749,-103.123144,-357786.143053
7902782.171769,-8.573127,-105.496076,-374352.569773
7910821.624639,-8.534847,-103.768227,-389649.011262
7918861.077510,-8.866563,-101.919710,-403623.197588
7926900.530381,-8.970831,-99.896662,-416227.377137
7934939.983251,-8.823285,-99.291301,-427418.479786
7942979.436122,-8.953912,-97.735283,-437158.264079
7951018.888992,-8.873934,-99.284724,-445413.447906
7959058.341863,-9.083958,-94.115589,-452155.822228
7967097.794733,-8.917603,-94.520145,-457362.347474
7975137.247604,-9.099156,-91.566642,-461015.232269
7983176.700475,-9.196316,-92.040264,-463101.994230
7991216.153345,-9.119125,-89.481397,-463615.502620
7999255.606216,-9.214705,-91.462209,-462554.002714
8007295.059086,-9.093469,-89.690649,-459921.121795
8015334.511957,-9.009387,-88.608698,-455725.856760
8023373.964827,-8.902956,-87.486753,-449982.543376
8031413.417698,-8.935448,-84.026654,-442710.807294
8039452.870569,-8.865635,-81.316863,-433935.496981
8047492.323439,-8.703656,-82.217133,-423686.598816
8055531.776310,-8.700183,-81.284310,-411999.134619
8063571.229180,-8.626361,-78.205731,-398913.041978
8071610.682051,-8.608111,-78.222527,-384473.037774
8079650.134921,-8.566741,-80.008981,-368728.465382
8087689.587792,-8.490324,-74.377936,-351733.126058
8095729.040663,-8.210876,-75.394269,-333545.095088
8103768.493533,-8.284789,-74.192921,-314226.523344
8111807.946404,-8.055856,-75.082720,-293843.424899
8119847.399274,-8.151033,-73.059842,-272465.451457
8127886.852145,-7.748091,-72.536052,-250165.654337
8135926.305015,-7.818754,-69.443869,-227020.234849
8143965.757886,-7.461982,-73.532379,-203108.283905
8152005.210756,-7.386919,-71.851720,-178511.511757
8160044.663627,-7.307022,-72.268688,-153313.968778
8168084.116498,-7.149132,-70.074180,-127601.758254
8176123.569368,-6.962201,-71.637017,-101462.742156
8184163.022239,-6.757135,-71.437936,-74986.240906
8192202.475109,-6.519269,-69.755583,-48262.728158
8200241.927980,-6.423318,-70.284463,-21383.521634
8208281.380850,-6.405213,-72.139180,5559.528917
8216320.833721,-6.050276,-70.130572,32474.355581
8224360.286592,-5.839059,-69.488812,59268.986892
8232399.739462,-5.673398,-74.616566,85851.862105
8240439.192333,-5.654220,-72.147152,112132.144073
8248478.645203,-5.510694,-75.787264,138020.029651
8256518.098074,-5.155015,-72.872260,163427.056561
8264557.550944,-5.160540,-74.709172,188266.405685
8272597.003815,-5.069840,-75.299522,212453.197732
8280636.456686,-4.832591,-74.184184,235904.783283
8288675.909556,-4.747997,-75.379692,258541.025217
8296715.362427,-4.586482,-75.327271,280284.572547
8304754.815297,-4.522572,-77.743622,301061.124740
8312794.268168,-4.267212,-77.989450,320799.685612
8320833.721038,-4.374188,-80.638527,339432.805930
8328873.173909,-4.100494,-80.404328,356896.813895
8336912.626780,-4.127516,-83.431609,373132.032717
8344952.079650,-3.935515,-83.469923,388082.984540
8352991.532521,-3.837640,-83.769966,401698.580015
8361030.985391,-3.885646,-87.960576,413932.292878
8369070.438262,-3.883325,-87.189986,424742.318938
8377109.891132,-3.555749,-88.544518,434091.718931
8385149.344003,-3.749667,-90.945118,441948.544738
8393188.796874,-3.640762,-92.214417,448285.948562
8401228.249744,-3.665308,-91.297604,453082.274669
8409267.702615,-3.472390,-95.535335,456321.133388
8417307.155485,-3.608199,-94.414970,457991.457117
8425346.608356,-3.610089,-97.494195,458087.538143
8433386.061226,-3.612211,-98.656396,456609.048144
8441425.514097,-3.569759,-101.930175,453561.039312
8449464.966968,-3.579263,-100.753625,448953.927092
8457504.419838,-3.667269,-104.173564,442803.454585
8465543.872709,-3.716711,-104.299561,435130.638757
8473583.325579,-4.020178,-107.150457,425961.698619
8481622.778450,-3.927289,-106.724273,415327.965633
8489662.231320,-4.099034,-108.815828,403265.776650
8497701.684191,-4.069483,-113.707876,389816.349741
8505741.137062,-4.230685,-112.018268,375025.643348
8513780.589932,-4.303008,-114.034753,358944.199241
8521820.042803,-4.578420,-113.486517,341626.969810
8529859.495673,-4.569317,-114.110694,323133.130282
8537898.948544,-4.814072,-116.875808,303525.876515
8545938.401414,-4.925119,-117.749004,282872.209050
8553977.854285,-5.101871,-116.965077,261242.704157
8562017.307155,-5.164434,-120.459447,238711.272671
8570056.760026,-5.214976,-118.312888,215354.907428
8578096.212897,-5.605570,-120.918115,191253.420170
8586135.665767,-5.694717,-120.581633,166489.168817
8594175.118638,-5.641895,-121.698504,141146.776041
8602214.571508,-5.895782,-121.050273,115312.840099
8610254.024379,-6.106114,-121.081791,89075.638913
8618293.477249,-6.225316,-122.285529,62524.828418
8626332.930120,-6.465698,-122.160733,35751.136190
8634372.382991,-6.621606,-122.537133,8846.051422
8642411.835861,-6.898010,-123.872518,-18098.487707
8650451.288732,-7.095845,-123.411364,-44990.408199
8658490.741602,-7.336291,-124.106070,-71737.816858
8666530.194473,-7.387856,-120.667695,-98249.314306
8674569.647343,-7.548887,-120.640959,-124434.307305
8682609.100214,-7.736283,-122.151386,-150203.318322
8690648.553085,-8.068750,-120.885034,-175468.291291
8698688.005955,-8.001335,-120.909943,-200142.892510
8706727.458826,-8.378262,-121.010087,-224142.805653
8714766.911696,-8.347666,-117.262367,-247386.019891
8722806.364567,-8.460210,-118.214177,-269793.110134
8730845.817437,-8.756300,-117.204992,-291287.508437
8738885.270308,-8.636177,-116.976777,-311795.765642
8746924.723179,-8.760634,-117.631787,-331247.802363
8754964.176049,-8.895412,-116.413501,-349577.148457
8763003.628920,-9.169009,-113.652747,-366721.170162
8771043.081790,-9.260548,-113.524846,-382621.284123
8779082.534661,-9.317157,-111.493535,-397223.157580
8787121.987531,-9.407572,-107.840016,-410476.894030
8795161.440402,-9.449331,-111.000618,-422337.203730
8803200.893273,-9.479453,-108.666927,-432763.558456
8811240.346143,-9.431980,-108.030663,-441720.329997
8819279.799014,-9.772777,-105.130381,-449176.911897
8827319.251884,-9.788603,-103.836901,-455107.824046
8835358.704755,-9.767684,-104.101034,-459492.799745
8843398.157625,-9.769663,-103.604771,-462316.854960
8851437.610496,-9.771507,-101.540500,-463570.339527
8859477.063367,-9.823028,-100.888298,-463248.970126
8867516.516237,-9.650644,-98.407494,-461353.844918
8875555.969108,-9.794923,-98.301560,-457891.439792
8883595.421978,-9.675522,-95.424350,-452873.586239
8891634.874849,-9.697220,-93.889192,-446317.430916
8899674.327719,-9.572969,-91.815951,-438245.377061
8907713.780590,-9.668343,-92.664417,-428685.007932
8915753.233461,-9.485850,-91.987246,-417668.992557
8923792.686331,-9.291757,-88.819819,-405234.974093
8931832.139202,-9.300734,-89.825592,-391425.441202
8939871.592072,-9.277592,-85.027070,-376287.582856
8947911.044943,-9.219464,-88.461081,-359873.127088
8955950.497813,-9.076056,-86.486377,-342238.164231
8963989.950684,-8.868697,-85.953003,-323442.955250
8972029.403554,-8.710696,-86.748508,-303551.725821
8980068.856425,-8.773654,-82.519189,-282632.446866
8988108.309296,-8.469886,-85.391575,-260756.602284
8996147.762166,-8.245792,-83.298899,-237998.944687
9004187.215037,-8.198453,-84.273669,-214437.239954
9012226.667907,-7.896750,-80.649528,-190152.001498
9020266.120778,-8.006310,-82.225586,-165226.215141
9028305.573648,-7.845629,-82.316046,-139745.055542
9036345.026519,-7.654047,-80.365589,-113795.595140
9044384.479390,-7.489937,-81.165469,-87466.506623
9052423.932260,-7.158140,-79.620480,-60847.759914
9060463.385131,-7.151948,-82.633460,-34030.314736
9068502.838001,-7.032291,-81.120704,-7105.809793
9076542.290872,-6.997650,-79.871246,19833.750375
9084581.743742,-6.752139,-81.787300,46696.309785
9092621.196613,-6.422107,-81.819603,73390.075571
9100660.649484,-6.248645,-81.697343,99823.831659
9108700.102354,-6.125378,-82.418275,125907.250464
9116739.555225,-6.175014,-81.722560,151551.201546
9124779.008095,-5.802610,-83.055431,176668.056184
9132818.460966,-5.649444,-84.181715,201171.986815
9140857.913836,-5.549412,-88.813478,224979.260318
9148897.366707,-5.424179,-86.788359,248008.524138
9156936.819578,-5.225155,-85.290481,270181.084283
9164976.272448,-5.103894,-85.501957,291421.174225
9173015.725319,-5.093243,-90.831467,311656.213813
9181055.178189,-4.944117,-87.964784,330817.057280
9189094.631060,-4.839466,-93.684973,348838.229530
9197134.083930,-4.710436,-93.534086,365658.149869
9205173.536801,-4.813248,-93.101884,381219.342440
9213212.989672,-4.766638,-93.561693,395468.632621
9221252.442542,-4.605940,-94.468040,408357.328733
9229291.895413,-4.299683,-97.222614,419841.388420
9237331.348283,-4.441193,-97.770044,429881.569158
9245370.801154,-4.184825,-99.013560,438443.562339
9253410.254024,-4.349394,-101.430447,445498.110519
9261449.706895,-4.253928,-102.962951,451021.107388
9269489.159766,-4.398594,-101.627133,454993.680145
9277528.612636,-4.250056,-104.621421,457402.253994
9285568.065507,-4.327160,-105.082365,458238.598523
9293607.518377,-4.405690,-110.170045,457499.855833
9301646.971248,-4.261205,-110.626944,455188.550306
9309686.424118,-4.358291,-110.432635,451312.579973
9317725.876989,-4.526207,-113.492448,445885.189529
9325765.329859,-4.610632,-114.740564,438924.925075
9333804.782730,-4.738127,-117.533839,430455.570740
9341844.235601,-4.771568,-117.713193,420506.067411
9349883.688471,-4.832227,-117.245901,409110.413837
9357923.141342,-4.869807,-118.215555,396307.550449
9365962.594212,-4.916419,-120.840991,382141.226301
9374002.047083,-4.991573,-120.089060,366659.849564
9382041.499953,-5.083201,-121.653798,349916.322122
9390080.952824,-5.290479,-124.829363,331967.858786
9398120.405695,-5.421222,-125.794071,312875.791794
9406159.858565,-5.365081,-125.922327,292705.361225
9414199.311436,-5.699282,-127.072286,271525.492066
9422238.764306,-5.858591,-127.402233,249408.558690
9430278.217177,-6.025179,-129.128328,226430.137537
9438317.670047,-6.088371,-128.394393,202668.748865
9446357.122918,-6.173377,-128.976152,178205.588434
9454396.575789,-6.347492,-131.144760,153124.250048
9462436.028659,-6.529638,-129.456057,127510.439907
9470475.481530,-6.794397,-132.473873,101451.683736
9478514.934400,-7.005166,-131.554835,75037.027698
9486554.387271,-7.082434,-131.738487,48356.734114
9494593.840141,-7.332166,-132.275225,21501.973019
9502633.293012,-7.481876,-130.281476,-5435.489368
9510672.745883,-7.608982,-133.550282,-32363.604233
9518712.198753,-7.791423,-129.839487,-59190.354699
9526751.651624,-8.000577,-131.267071,-85824.070266
9534791.104494,-8.279903,-132.394840,-112173.740060
9542830.557365,-8.313864,-131.275583,-138149.323828
9550870.010235,-8.462234,-130.365695,-163662.059617
9558909.463106,-8.604308,-129.978323,-188624.767087
9566948.915977,-8.860251,-129.801766,-212952.145414
9574988.368847,-8.787101,-130.564929,-236561.064781
9583027.821718,-8.927029,-127.349663,-259370.850434
9591067.274588,-9.224144,-128.077814,-281303.558366
9599106.727459,-9.467393,-127.017045,-302284.241657
9607146.180329,-9.370276,-127.091188,-322241.206580
9615185.633200,-9.662928,-124.468729,-341106.257587
9623225.086071,-9.851755,-124.746833,-358814.930343
9631264.538941,-9.888279,-122.808522,-375306.712005
9639303.991812,-10.151685,-122.756483,-390525.248009
9647343.444682,-9.972970,-121.354049,-404418.534635
9655382.897553,-10.168958,-122.370831,-416939.096714
9663422.350423,-10.143277,-118.448447,-428044.149854
9671461.803294,-10.097023,-119.502821,-437695.746642
9679501.256165,-10.281409,-116.356851,-445860.906316
9687540.709035,-10.362965,-115.160645,-452511.727461
9695580.161906,-10.305535,-115.668655,-457625.483355
9703619.614776,-10.512849,-111.662331,-461184.699630
9711659.067647,-10.462005,-112.158846,-463177.213978
9719698.520517,-10.452570,-108.634237,-463596.217720
9727737.973388,-10.429931,-109.999341,-462440.279064
9735777.426258,-10.405131,-107.733306,-459713.348004
9743816.879129,-10.474064,-107.192527,-455424.742818
9751856.332000,-10.410604,-105.762953,-449589.118229
9759895.784870,-10.426333,-104.083230,-442226.415326
9767935.237741,-10.287620,-103.182812,-433361.793423
9775974.690611,-10.163433,-101.960281,-423025.544089
9784014.143482,-10.063135,-100.316130,-411252.987631
9792053.596352,-10.013105,-99.859099,-398084.352411
9800093.049223,-10.022913,-98.374444,-383564.637369
9808132.502094,-9.668594,-97.494693,-367743.458262
9816171.954964,-9.805580,-95.403163,-350674.878119
9824211.407835,-9.657941,-97.347092,-332417.222502
9832250.860705,-9.609054,-97.351264,-313032.880197
9840290.313576,-9.453143,-95.540129,-292588.090027
9848329.766446,-9.190222,-92.768215,-271152.714502
9856369.219317,-9.086830,-92.382193,-248800.001092
9864408.672188,-8.965790,-92.111630,-225606.331929
9872448.125058,-8.742361,-92.148985,-201650.962801
9880487.577929,-8.625220,-91.503162,-177015.752324
9888527.030799,-8.479656,-91.956135,-151784.882222
9896566.483670,-8.311415,-91.233856,-126044.569661
9904605.936540,-8.138043,-91.417832,-99882.772644
9912645.389411,-8.116918,-91.107480,-73388.889436
9920684.842282,-7.795081,-91.846607,-46653.453087
9928724.295152,-7.851320,-91.501498,-19767.822066
9936763.748023,-7.604817,-88.180585,7176.131926
9944803.200893,-7.377135,-90.095449,34086.337890
9952842.653764,-7.316407,-91.159723,60870.840146
9960882.106634,-7.188475,-90.779158,87438.112563
9968921.559505,-6.906388,-92.285093,113697.371311
9976961.012376,-6.692213,-93.267404,139558.885082
9985000.465246,-6.881448,-92.075599,164934.281718
9993039.918117,-6.396495,-92.805444,189736.850182
10001079.370987,-6.360365,-93.346660,213881.836869
10009118.823858,-6.120891,-93.404846,237286.735214
10017158.276728,-5.986047,-96.253372,259871.567632
10025197.729599,-5.963275,-98.160111,281559.158810
10033237.182470,-5.682434,-99.538148,302275.399424
10041276.635340,-5.698450,-97.305257,321949.499381
10049316.088211,-5.675643,-101.036165,340514.229722
10057355.541081,-5.494674,-101.359672,357906.152343
10065394.993952,-5.457762,-101.353949,374065.836781
10073434.446822,-5.246302,-102.776337,388938.063289
10081473.899693,-5.312589,-105.334365,402472.011533
10089513.352564,-5.183260,-104.923281,414621.434250
10097552.805434,-4.999673,-105.703158,425344.815278
10105592.258305,-5.075219,-110.696430,434605.511430
10113631.711175,-5.018812,-112.387697,442371.877701
10121671.164046,-5.135504,-110.998468,448617.375404
10129710.616916,-4.918297,-112.786813,453320.662862
10137750.069787,-4.843932,-115.632707,456465.668328
10145789.522657,-5.161057,-115.911378,458041.644911
10153828.975528,-5.109505,-118.227220,458043.207291
10161868.428399,-4.988072,-119.783696,456470.350130
10169907.881269,-5.103822,-119.862458,453328.448087
10177947.334140,-5.064806,-119.627204,448628.237449
10185986.787010,-5.231368,-122.802052,442385.779449
10194026.239881,-5.130693,-123.479100,434622.405378
10202065.692751,-5.331534,-124.746187,425364.643696
10210105.145622,-5.354991,-126.121880,414644.129381
10218144.598493,-5.466896,-131.051094,402497.495826
10226184.051363,-5.477118,-130.316437,388966.249661
10234223.504234,-5.682259,-133.207934,374096.628914
10242262.957104,-5.594755,-135.224245,357939.445018
10250302.409975,-5.938463,-134.254362,340549.909172
10258341.862845,-5.936237,-136.187161,321987.443687
10266381.315716,-6.174704,-137.151628,302315.478923
10274420.768587,-6.080112,-135.229764,281601.236547
10282460.221457,-6.305020,-135.514876,259915.499821
10290499.674328,-6.603671,-140.120905,237332.371733
10298539.127198,-6.706471,-139.796318,213929.021772
10306578.580069,-6.947266,-137.855340,189785.422232
10314618.032939,-7.228778,-141.935012,164984.074938
10322657.485810,-7.313920,-138.743601,139609.729322
10330696.938681,-7.334391,-140.395702,113749.092829
10338736.391551,-7.411452,-140.111394,87490.534621
10346775.844422,-7.642289,-139.219451,60923.783611
10354815.297292,-7.861629,-138.845762,34139.621846
10362854.750163,-8.195189,-141.964970,7229.574297
10370894.203033,-8.222926,-143.034516,-19714.403901
10378933.655904,-8.650233,-143.945743,-46600.241666
10386973.108775,-8.712621,-140.912723,-73336.066587
10395012.561645,-8.834430,-142.958067,-99830.518871
10403052.014516,-8.974440,-141.178923,-125993.063522
10411091.467386,-9.087930,-142.635421,-151734.299719
10419130.920257,-9.441300,-141.373082,-176966.266305
10427170.373127,-9.410553,-140.881370,-201602.742366
10435209.825998,-9.510012,-139.228616,-225559.541853
10443249.278869,-9.843840,-139.605035,-248754.801263
10451288.731739,-10.009153,-139.547156,-271109.259375
10459328.184610,-9.839336,-136.300184,-292546.528092
10467367.637480,-10.051481,-137.079927,-312993.353478
10475407.090351,-10.246650,-134.187576,-332379.866066
10483446.543221,-10.503952,-134.734557,-350639.819618
10491485.996092,-10.513066,-134.241229,-367710.817495
10499525.448963,-10.683573,-134.894613,-383534.525875
10507564.901833,-10.626516,-130.053926,-398056.873084
10515604.354704,-10.764534,-130.281520,-411228.234372
10523643.807574,-10.895420,-130.365065,-423003.601481
10531683.260445,-10.866800,-129.983976,-433342.736450
10539722.713315,-10.923086,-128.038169,-442210.309106
10547762.166186,-10.806799,-124.650966,-449576.017800
10555801.619056,-10.979073,-123.447922,-455414.692945
10563841.071927,-10.991683,-125.856314,-459706.383030
10571880.524798,-11.027233,-123.417908,-462436.422788
10579919.977668,-11.133975,-118.872272,-463595.483320
10587959.430539,-11.075717,-119.808134,-463179.603963
10595998.883409,-11.107701,-118.896220,-461190.205833
10604038.336280,-11.109434,-118.151252,-457634.086962
10612077.789150,-11.116664,-115.219822,-452523.399071
10620117.242021,-10.989613,-115.330940,-445875.606046
10628156.694892,-10.876359,-113.441266,-437713.424261
10636196.147762,-10.937668,-113.646415,-428064.744955
10644235.600633,-10.807001,-112.262318,-416962.538922
10652275.053503,-10.773500,-109.042528,-404444.743845
10660314.506374,-10.490705,-111.073278,-390554.134659
10668353.959244,-10.506273,-108.459504,-375338.177387
10676393.412115,-10.425071,-106.533816,-358848.866935
10684432.864986,-10.366105,-103.931553,-341142.549424
10692472.317856,-10.304839,-103.403906,-322279.729647
10700511.770727,-10.153806,-104.256261,-302324.864316
10708551.223597,-10.040853,-105.166963,-281346.141804
10716590.676468,-9.810779,-102.235361,-259415.249139
10724630.129338,-9.679501,-103.366028,-236607.127035
10732669.582209,-9.720334,-103.501997,-212999.713818
10740709.035080,-9.335445,-98.178819,-188673.679092
10748748.487950,-9.309986,-100.338866,-163712.148085
10756787.940821,-9.247081,-101.970119,-138200.417600
10764827.393691,-8.932824,-100.628553,-112225.664543
10772866.846562,-8.798014,-99.287503,-85876.648026
10780906.299432,-8.697287,-99.762652,-59243.406071
10788945.752303,-8.402264,-98.108112,-32416.947935
10796985.205174,-8.285893,-102.491136,-5488.943117
10805024.658044,-8.006206,-102.747811,21448.591883
10813064.110915,-8.128295,-101.464617,48303.607999
10821103.563785,-7.939457,-102.122888,74984.338145
10829143.016656,-7.558483,-102.148327,101399.610791
10837182.469526,-7.457797,-100.154449,127459.161510
10845221.922397,-7.452899,-102.341777,153073.941424
10853261.375268,-7.240293,-104.429050,178156.421494
10861300.828138,-7.067712,-104.187376,202620.891619
10869340.281009,-6.880004,-104.054571,226383.753519
10877379.733879,-6.621991,-107.399216,249363.806401
10885419.186750,-6.654044,-106.399200,271482.524431
10893458.639620,-6.471474,-106.550961,292664.325068
10901498.092491,-6.477117,-110.288581,312836.827342
10909537.545361,-6.316534,-109.300799,331931.099186
10917576.998232,-6.160591,-108.457291,349881.892986
10925616.451103,-6.172260,-111.736683,366627.868541
10933655.903973,-6.094534,-110.899961,382111.802673
10941695.356844,-5.892910,-116.234478,396280.784762
10949734.809714,-5.907111,-117.025323,409086.397552
10957774.262585,-5.884633,-117.592048,420484.882595
10965813.715455,-5.695619,-118.873556,430437.289785
10973853.168326,-5.727586,-118.288566,438909.610448
10981892.621197,-5.723984,-119.347917,445872.893564
10989932.074067,-5.571681,-122.840868,451303.344685
10997971.526938,-5.734111,-124.411953,455182.407254
11006010.979808,-5.671433,-125.037515,457496.826009
11014050.432679,-5.650353,-125.945902,458238.692279
11022089.885549,-5.678933,-129.710699,457405.471010
11030129.338420,-5.863159,-128.945790,455000.009430
11038168.791291,-5.769595,-133.159784,451030.527311
11046208.244161,-5.705005,-133.067897,445510.588893
11054247.697032,-5.774203,-132.954401,438459.056523
11062287.149902,-5.808138,-135.009102,429900.026206
11070326.602773,-5.958228,-136.787519,419862.745263
11078366.055643,-6.055274,-138.925426,408381.512391
11086405.508514,-6.213520,-139.357526,395495.560456
11094444.961385,-6.279526,-140.284992,381248.922436
11102484.414255,-6.226786,-142.341557,365690.280947
11110523.867126,-6.419384,-140.569804,348872.801893
11118563.319996,-6.757965,-144.960166,330853.952791
11126602.772867,-6.740155,-145.624021,311695.306395
11134642.225737,-6.803111,-142.908440,291462.330293
11142681.678608,-6.933564,-146.754604,270224.163201
11150721.131479,-7.148235,-147.282027,248053.378702
11158760.584349,-7.322753,-149.958935,225025.737252
11166800.037220,-7.473234,-149.605531,201219.927302
11174839.490090,-7.700040,-149.520124,176717.296404
11182878.942961,-7.821363,-148.857983,151601.573240
11190918.395831,-7.887788,-152.934094,125958.581505
11198957.848702,-8.097177,-150.253160,99875.946643
11206997.301573,-8.135687,-147.856742,73442.796413
11215036.754443,-8.476906,-153.486042,46749.456331
11223076.207314,-8.650354,-151.499430,19887.141018
11231115.660184,-8.849916,-151.951143,-7052.357498
11239155.113055,-9.024358,-151.320687,-33976.983441
11247194.565925,-9.128227,-150.271578,-60794.731859
11255234.018796,-9.494001,-151.943984,-87413.963012
11263273.471667,-9.495886,-151.613069,-113743.715522
11271312.924537,-9.618446,-152.124568,-139694.017195
11279352.377408,-9.806838,-151.591776,-165176.192471
11287391.830278,-10.027938,-151.542507,-190103.165438
11295431.283149,-10.226148,-149.156823,-214389.757384
11303470.736019,-10.419715,-148.881746,-237952.977861
11311510.188890,-10.430857,-147.558280,-260712.308277
11319549.641760,-10.606080,-149.540646,-282589.977035
11327589.094631,-10.662283,-147.814047,-303511.225292
11335628.547502,-10.964794,-146.857066,-323404.562418
11343668.000372,-11.089708,-145.123406,-342202.010290
11351707.453243,-11.309144,-144.998763,-359839.335581
11359746.906113,-11.213519,-142.347207,-376256.269252
11367786.358984,-11.269839,-142.319358,-391396.712505
11375825.811854,-11.388851,-141.669196,-405208.928471
11383865.264725,-11.531833,-139.735694,-417645.719012
11391904.717596,-11.394263,-138.108689,-428664.585993
11399944.170466,-11.684914,-137.889090,-438227.876512
11407983.623337,-11.777618,-134.388249,-446302.911559
11416023.076207,-11.770521,-134.668796,-452862.097688
11424062.529078,-11.790371,-132.776155,-457883.021306
11432101.981948,-11.772752,-130.448533,-461348.525263
11440141.434819,-11.818581,-132.233165,-463246.767480
11448180.887690,-11.743492,-129.595393,-463571.261417
11456220.340560,-11.682188,-128.488624,-462320.898236
11464259.793431,-11.913812,-128.330219,-459499.950590
11472299.246301,-11.721472,-126.569552,-455118.058026
11480338.699172,-11.536946,-124.281034,-449190.194039
11488378.152042,-11.577912,-123.536943,-441736.614915
11496417.604913,-11.674718,-124.348015,-432782.790503
11504457.057784,-11.577146,-120.464426,-422359.317187
11512496.510654,-11.416874,-118.104443,-410501.813334
11520535.963525,-11.576339,-118.140797,-397250.797577
11528575.416395,-11.394257,-118.311804,-382651.550363
11536614.869266,-11.159631,-115.081084,-366753.959222
11544654.322136,-11.115735,-115.849193,-349612.348293
11552693.775007,-11.038377,-115.220740,-331285.292692
11560733.227878,-10.705860,-115.574425,-311835.418355
11568772.680748,-10.608203,-115.200700,-291329.188035
11576812.133619,-10.825020,-113.257561,-269836.674193
11584851.586489,-10.261109,-113.342998,-247431.319546
11592891.039360,-10.205005,-111.721824,-224189.686110
11600930.492230,-10.118129,-112.870774,-200191.193573
11608969.945101,-10.018112,-111.794724,-175517.847908
11617009.397972,-9.890103,-111.477216,-150253.961151
11625048.850842,-9.701767,-109.154419,-124485.863294
11633088.303713,-9.589418,-108.585118,-98301.607282
11641127.756583,-9.432057,-108.069686,-71790.668127
11649167.209454,-9.211437,-110.909884,-45043.637163
11657206.662324,-9.052839,-110.424199,-18151.912476
11665246.115195,-8.803574,-109.584307,8792.613409
11673285.568066,-8.690726,-109.402639,35697.867537
11681325.020936,-8.638261,-111.824961,62471.911150
11689364.473807,-8.195600,-110.941479,89023.253857
11697403.926677,-8.184505,-111.259754,115261.166260
11705443.379548,-7.835948,-110.428935,141095.989996
11713482.832418,-7.736317,-111.861047,166439.444108
11721522.285289,-7.954792,-112.863770,191204.926713
11729561.738159,-7.794150,-114.022079,215307.810932
11737601.191030,-7.531531,-115.690234,238665.734070
11745640.643901,-7.386893,-117.854905,261198.879063
11753680.096771,-7.304419,-115.164395,282830.247219
11761719.549642,-7.031686,-118.097206,303485.921336
11769759.002512,-7.120953,-119.029437,323095.318286
11777798.455383,-6.963035,-121.823871,341591.430207
11785837.908253,-6.998876,-121.344593,358911.053474
11793877.361124,-6.818088,-124.400848,374995.004680
11801916.813995,-6.597619,-123.591138,389788.322868
11809956.266865,-6.616208,-126.624160,403240.457345
11817995.719736,-6.468583,-127.429629,415305.440414
11826035.172606,-6.407635,-128.510838,425942.044458
11834074.625477,-6.410313,-129.965939,435113.922815
11842114.078347,-6.387695,-130.578162,442789.733982
11850153.531218,-6.304064,-131.315849,448943.248713
11858192.984089,-6.255852,-133.006478,453553.439648
11866232.436959,-6.291136,-133.673908,456604.553162
11874271.889830,-6.147554,-133.544546,458086.163204
11882311.342700,-6.241603,-137.312241,457993.206920
11890350.795571,-6.299190,-137.406762,456326.001952
11898390.248441,-6.344584,-140.485984,453090.245359
11906429.701312,-6.374470,-142.152969,448296.994140
11914469.154183,-6.358466,-143.127400,441962.627460
11922508.607053,-6.594041,-144.332850,434108.790676
11930548.059924,-6.595277,-147.791745,424762.321368
11938587.512794,-6.501228,-146.517918,413955.157642
11946626.965665,-6.769633,-148.341975,401724.228982
11954666.418535,-6.885056,-150.676549,388111.330064
11962705.871406,-6.980860,-149.716896,373162.977938
11970745.324277,-7.252739,-153.223729,356930.253068
11978784.777147,-7.200620,-154.454993,339468.624789
11986824.230018,-7.316823,-152.372383,320837.761761
11994863.682888,-7.198607,-157.347502,301101.328066
12002903.135759,-7.552857,-157.360541,280326.765671
12010942.588629,-7.816496,-160.256865,258585.063959
12018982.041500,-8.037539,-160.203575,235950.517157
12027021.494371,-7.995380,-157.492567,212500.470460
12035060.947241,-8.237109,-158.884979,188315.055730
12043100.400112,-8.258723,-159.356073,163476.917679
12051139.852982,-8.443748,-160.106993,138070.931459
12059179.305853,-8.752214,-162.797129,112183.912635
12067218.758723,-8.752650,-162.258700,85904.320520
12075258.211594,-9.056776,-161.439370,59321.955903
12083297.664465,-9.127923,-162.368344,32527.654186
12091337.117335,-9.441170,-163.084013,5612.974987
12099376.570206,-9.704455,-163.489830,-21330.110731
12107416.023076,-9.751739,-161.717737,-48209.534933
12115455.475947,-10.175738,-160.844659,-74933.447128
12123494.928817,-10.139209,-160.290336,-101410.528228
12131534.381688,-10.330572,-163.087717,-127550.302598
12139573.834558,-10.320158,-161.591983,-153263.447225
12147613.287429,-10.653825,-161.480528,-178462.096945
12155652.740300,-10.752414,-160.059928,-203060.144691
12163692.193170,-10.994911,-159.572478,-226973.535731
12171731.646041,-11.096194,-159.947787,-250120.554892
12179771.098911,-11.270086,-157.638156,-272422.105796
12187810.551782,-11.340075,-157.563859,-293801.981139
12195850.004652,-11.424800,-155.855202,-314187.123104
12203889.457523,-11.640077,-156.026996,-333507.873005
12211928.910394,-11.760616,-154.610982,-351698.209323
12219968.363264,-11.752091,-153.210604,-368695.973311
12228007.816135,-11.950599,-153.343699,-384443.081396
12236047.269005,-11.987158,-151.927383,-398885.723658
12244086.721876,-12.010466,-151.384257,-411974.547708
12252126.174746,-12.105850,-149.146072,-423664.827330
12260165.627617,-12.105825,-148.062365,-433916.615315
12268205.080488,-12.186041,-145.479910,-442694.879971
12276244.533358,-12.255945,-146.614490,-449969.624821
12284283.986229,-12.373089,-146.641198,-455715.991118
12292323.439099,-12.527065,-141.852752,-459914.342777
12300362.891970,-12.375930,-140.733723,-462550.333485
12308402.344840,-12.397374,-139.990766,-463614.955719
12316441.797711,-12.453771,-138.241785,-463104.571525
12324481.250582,-12.401669,-138.900989,-461020.924953
12332520.703452,-12.475981,-136.076086,-457371.136095
12340560.156323,-12.393504,-134.980835,-452167.676754
12348599.609193,-12.258619,-132.079932,-445428.327829
12356639.062064,-12.264670,-132.109646,-437176.118552
12364678.514934,-12.096922,-130.366919,-427439.247797
12372717.967805,-11.995605,-130.416565,-416250.987720
12380757.420676,-12.114524,-129.397454,-403649.570062
12388796.873546,-11.903613,-129.302810,-389678.055509
12396836.326417,-11.950668,-128.365253,-374384.186545
12404875.779287,-12.003647,-127.386992,-357820.224312
12412915.232158,-11.625712,-126.634237,-340042.770027
12420954.685028,-11.537832,-125.138164,-321112.571564
12428994.137899,-11.513223,-123.632643,-301094.315879
12437033.590770,-11.378529,-123.536695,-280056.407958
12445073.043640,-11.190773,-123.246346,-258070.737071
12453112.496511,-11.127578,-121.635578,-235212.431119
12461151.949381,-10.881953,-121.280751,-211559.599910
12469191.402252,-10.690550,-121.689639,-187193.068250
12477230.855122,-10.646681,-120.154307,-162196.099749
12485270.307993,-10.428918,-121.608149,-136654.112305
12493309.760863,-10.312956,-118.276126,-110654.386214
12501349.213734,-10.028314,-120.816708,-84285.765927
12509388.666605,-9.941806,-120.625856,-57638.356453
12517428.119475,-9.730815,-120.247835,-30803.215461
12525467.572346,-9.649748,-120.553543,-3872.042122
12533507.025216,-9.525988,-121.003041,23063.136238
12541546.478087,-9.341052,-120.108235,49910.278606
12549585.930957,-9.281120,-122.899216,76577.644801
12557625.383828,-8.943596,-120.368731,102974.108960
12565664.836699,-8.777733,-121.363690,129009.470927
12573704.289569,-8.833754,-121.777636,154594.764479
12581743.742440,-8.498272,-123.603543,179642.561337
12589783.195310,-8.446104,-123.957371,204067.269917
12597822.648181,-8.306529,-124.271037,227785.427809
12605862.101051,-8.097259,-126.483787,250715.986978
12613901.553922,-7.924215,-124.432118,272780.590718
12621941.006793,-7.736062,-127.404278,293903.841405
12629980.459663,-7.604006,-129.086564,314013.558140
12638019.912534,-7.539024,-128.644096,333041.023402
12646059.365404,-7.591817,-130.103144,350921.217864
12654098.818275,-7.327342,-131.545988,367593.042574
12662138.271145,-7.375945,-134.168512,382999.527734
12670177.724016,-7.375323,-135.261987,397088.027381
12678217.176887,-7.178372,-135.122593,409810.399274
12686256.629757,-7.017273,-137.143068,421123.169412
12694296.082628,-7.068036,-139.807499,430987.680588
12702335.535498,-6.998043,-138.439661,439370.224480
12710374.988369,-7.024326,-141.695126,446242.156847
12718414.441239,-7.079374,-143.745745,451579.995399
12726453.894110,-6.994547,-144.267633,455365.500046
12734493.346981,-7.041766,-145.886275,457585.735228
12742532.799851,-6.891386,-147.890041,458233.114110
12750572.252722,-6.969367,-151.461533,457305.424516
12758611.705592,-7.143166,-149.704181,454805.836480
12766651.158463,-7.235548,-151.592405,450742.891422
12774690.611333,-7.134058,-152.417786,445130.472953
12782730.064204,-7.128900,-153.793310,437987.759438
12790769.517075,-7.344670,-156.136937,429339.158459
12798808.969945,-7.308259,-156.601767,419214.223413
12806848.422816,-7.167146,-160.163998,407647.552520
12814887.875686,-7.548561,-160.949545,394678.670603
12822927.328557,-7.558441,-159.471099,380351.894018
12830966.781427,-7.559933,-161.362476,364716.179227
12839006.234298,-7.793872,-163.179692,347824.955505
12847045.687169,-7.880629,-162.549463,329735.942361
12855085.140039,-8.199289,-162.776937,310510.952310
12863124.592910,-8.218753,-165.679182,290215.679647
12871164.045780,-8.321969,-167.428677,268919.475961
12879203.498651,-8.620860,-166.253712,246695.113153
12887242.951521,-8.565805,-166.191804,223618.534765
12895282.404392,-8.679993,-166.435723,199768.596471
12903321.857262,-9.010309,-170.029963,175226.796616
12911361.310133,-9.133991,-171.576664,150076.997726
12919400.763004,-9.355791,-171.319642,124405.139939
12927440.215874,-9.488166,-170.954796,98298.947336
12935479.668745,-9.798983,-169.450031,71847.628178
12943519.121615,-9.877547,-170.794325,45141.570066
12951558.574486,-9.882019,-172.960330,18272.031078
12959598.027356,-10.072638,-172.704542,-8669.172070
12967637.480227,-10.384024,-172.606162,-35589.977781
12975676.933098,-10.636569,-172.620977,-62398.394154
12983716.385968,-10.716876,-170.558787,-89002.813340
12991755.838839,-10.887175,-171.086554,-115312.324573
12999795.291709,-11.174738,-172.930261,-141237.024829
13007834.744580,-11.111873,-167.783260,-166688.326029
13015874.197450,-11.370775,-169.818528,-191579.257764
13023913.650321,-11.594051,-168.890827,-215824.764477
13031953.103192,-11.741983,-169.265508,-239341.996116
13039992.556062,-11.853614,-169.411284,-262050.591236
13048032.008933,-12.075076,-167.094062,-283872.951612
13056071.461803,-12.209632,-168.582822,-304734.507396
13064110.914674,-12.429031,-165.827449,-324563.971935
13072150.367544,-12.285022,-165.001480,-343293.585366
13080189.820415,-12.201071,-166.731000,-360859.346162
13088229.273286,-12.635517,-162.905123,-377201.229829
13096268.726156,-12.651563,-163.463961,-392263.394024
13104308.179027,-12.780384,-160.926303,-405994.369370
13112347.631897,-12.807437,-160.028883,-418347.235336
13120387.084768,-13.023660,-159.425986,-429279.780570
13128426.537638,-13.123348,-157.201694,-438754.647141
13136465.990509,-12.957619,-155.845863,-446739.458197
13144505.443380,-12.972405,-155.626829,-453206.928598
13152544.896250,-13.123363,-154.036561,-458134.958156
13160584.349121,-13.015821,-153.842635,-461506.707151
13168623.801991,-13.029092,-150.861727,-463310.653879
13176663.254862,-12.968841,-151.392086,-463540.634019
13184702.707732,-13.183333,-148.831765,-462195.861698
13192742.160603,-12.946254,-148.437515,-459280.932179
13200781.613474,-13.066060,-145.249674,-454805.806156
13208821.066344,-13.006382,-146.714808,-448785.775716
13216860.519215,-13.020224,-141.722481,-441241.412088
13224899.972085,-13.006392,-141.710309,-432198.495345
13232939.424956,-12.857141,-140.954293,-421687.926311
13240978.877826,-12.997202,-140.069702,-409745.620969
13249018.330697,-12.753444,-139.840383,-396412.387731
13257057.783568,-12.609623,-134.791786,-381733.787993
13265097.236438,-12.554273,-138.298728,-365759.980441
13273136.689309,-12.493382,-137.213430,-348545.549654
13281176.142179,-12.356846,-133.156076,-330149.319587
13289215.595050,-12.212892,-134.455916,-310634.152551
13297255.047920,-12.057096,-133.094786,-290066.734415
13305294.500791,-12.038225,-134.070795,-268517.346724
13313333.953661,-11.896662,-130.980646,-246059.626543
13321373.406532,-11.588130,-132.085141,-222770.314826
13329412.859403,-11.509911,-131.000865,-198728.994184
13337452.312273,-11.296627,-130.776355,-174017.816940
13345491.765144,-11.266077,-130.216348,-148721.224406
13353531.218014,-10.933716,-130.414328,-122925.658332
13361570.670885,-10.957496,-128.995762,-96719.265527
13369610.123755,-10.667813,-128.701523,-70191.596647
13377649.576626,-10.455833,-129.486081,-43433.300193
13385689.029497,-10.495379,-128.264731,-16535.812747
13393728.482367,-10.294736,-130.278342,10408.953473
13401767.935238,-10.112849,-130.346230,37308.924691
13409807.388108,-9.915046,-129.754239,64072.180204
13417846.840979,-9.767323,-131.010381,90607.266481
13425886.293849,-9.566885,-130.925525,116823.509678
13433925.746720,-9.362766,-130.834959,142631.325477
13441965.199591,-9.352348,-132.572832,167942.525210
13450004.652461,-9.088871,-132.952654,192670.617213
13458044.105332,-9.041655,-136.326434,216731.102374
13466083.558202,-8.761039,-135.948228,240041.762882
13474123.011073,-8.851304,-133.970265,262522.943175
13482162.463943,-8.518951,-136.416922,284097.822132
13490201.916814,-8.456742,-136.610129,304692.675581
13498241.369685,-8.374120,-140.260188,324237.128227
13506280.822555,-8.055914,-142.160952,342664.394130
13514320.275426,-8.099379,-140.171245,359911.504923
13522359.728296,-8.085290,-140.512868,375919.524981
13530399.181167,-7.916990,-145.192274,390633.752815
13538438.634037,-7.998065,-145.496578,404003.907994
13546478.086908,-7.727902,-148.644424,415984.302955
13554517.539779,-7.765125,-145.957982,426533.999128
13562556.992649,-7.689053,-149.892449,435616.946829
13570596.445520,-7.726889,-149.080491,443202.108441
13578635.898390,-7.705162,-152.903836,449263.564480
13586675.351261,-7.704660,-150.802469,453780.602162
13594714.804131,-7.569211,-157.194658,456737.786179
13602754.257002,-7.633736,-155.893850,458125.011450
13610793.709873,-7.614117,-154.240750,457937.537644
13618833.162743,-7.835431,-159.028092,456176.005385
13626872.615614,-7.600592,-158.868265,452846.434058
13634912.068484,-7.770044,-162.084521,447960.201240
13642951.521355,-7.679635,-163.808502,441534.003827
13650990.974225,-7.936976,-166.879258,433589.800971
13659030.427096,-7.827820,-166.589246,424154.739048
13667069.879967,-8.092031,-165.673130,413261.058894
13675109.332837,-8.144465,-167.820488,400945.985632
13683148.785708,-8.240168,-169.600815,387251.601472
13691188.238578,-8.239813,-171.195136,372224.701907
13699227.691449,-8.455491,-173.281049,355916.635810
13707267.144319,-8.616156,-172.008167,338383.129967
13715306.597190,-8.708994,-172.850305,319684.098650
13723346.050060,-8.749285,-173.126770,299883.438885
13731385.502931,-8.926673,-175.853232,279048.812105
13739424.955802,-9.029493,-177.102659,257251.412942
13747464.408672,-9.156840,-179.342472,234565.725949
13755503.861543,-9.371105,-177.141396,211069.271072
13763543.314413,-9.617413,-178.118272,186842.338756
13771582.767284,-9.830018,-180.049879,161967.715586
13779622.220154,-9.913300,-178.542675,136530.401387
13787661.673025,-10.012499,-179.910535,110617.318775
13795701.125896,-10.218009,-180.747990,84317.016128
13803740.578766,-10.590309,-183.443378,57719.365005
13811780.031637,-10.715327,-181.395656,30915.253043
13819819.484507,-10.949932,-181.161058,3996.273384
13827858.937378,-10.846469,-182.267526,-22945.588313
13835898.390248,-11.187088,-181.364919,-49818.268199
13843937.843119,-11.263286,-181.883148,-76529.938825
13851977.295990,-11.465329,-181.866633,-102989.322937
13860016.748860,-11.575562,-181.971333,-129106.005371
13868056.201731,-11.731679,-179.980552,-154790.742024
13876095.654601,-11.935981,-178.642620,-179955.764804
13884135.107472,-12.254615,-178.933770,-204515.081553
13892174.560342,-12.163969,-181.349416,-228384.769886
13900214.013213,-12.343862,-178.737398,-251483.263971
13908253.466084,-12.505681,-178.078994,-273731.633243
13916292.918954,-12.642781,-177.405271,-295053.852130
13924332.371825,-12.822541,-175.778486,-315377.059831
13932371.824695,-12.964292,-175.724737,-334631.809299
13940411.277566,-13.237784,-171.396696,-352752.304549
13948450.730436,-13.157807,-174.513465,-369676.625488
13956490.183307,-13.189610,-172.083908,-385346.939507
13964529.636178,-13.359486,-170.389358,-399709.699103
13972569.089048,-13.449958,-170.404385,-412715.824855
13980608.541919,-13.584953,-168.980344,-424320.873138
13988647.994789,-13.565654,-168.034225,-434485.187991
13996687.447660,-13.604640,-167.295557,-443174.036627
14004726.900530,-13.737601,-165.141399,-450357.728118
14012766.353401,-13.889820,-162.520293,-456011.714855
14020805.806272,-13.829183,-162.044632,-460116.676428
14028845.259142,-13.850309,-163.426469,-462658.585650
14036884.712013,-13.855871,-160.412648,-463628.756486
14044924.164883,-13.915551,-159.660993,-463023.873735
14052963.617754,-13.781890,-155.880286,-460846.004361
14061003.070624,-13.914855,-158.185180,-457102.590427
14069042.523495,-13.651604,-152.870666,-451806.423665
14077081.976365,-13.727588,-152.045438,-444975.601768
14085121.429236,-13.675162,-152.331390,-436633.466544
14093160.882107,-13.587056,-151.545714,-426808.524154
14101200.334977,-13.536882,-153.259678,-415534.347707
14109239.787848,-13.366176,-149.925773,-402849.462531
14117279.240718,-13.424090,-148.401235,-388797.214532
14125318.693589,-13.325641,-147.193392,-373425.622069
14133358.146459,-13.257784,-144.115381,-356787.211878
14141397.599330,-13.150786,-143.284592,-338938.839572
14149437.052201,-12.928036,-143.120070,-319941.495364
14157476.505071,-12.666738,-146.336134,-299860.095652
14165515.957942,-12.681324,-140.782510,-278763.261196
14173555.410812,-12.562290,-143.933931,-256723.082624
14181594.863683,-12.437597,-141.794575,-233814.874099
14189634.316553,-12.306968,-141.930266,-210116.915952
14197673.769424,-12.091377,-143.343470,-185710.187191
14205713.222295,-11.970231,-138.444287,-160678.088788
14213752.675165,-11.725590,-140.913964,-135106.158682
14221792.128036,-11.582486,-140.840472,-109081.779489
14229831.580906,-11.354973,-140.449808,-82693.879902
14237871.033777,-11.397487,-140.516437,-56032.630810
14245910.486647,-11.114446,-140.024310,-29189.137173
14253949.939518,-10.987560,-139.434036,-2255.126705
14261989.392389,-11.018513,-139.329509,24677.363574
14270028.845259,-10.551164,-138.464007,51516.301835
14278068.298130,-10.592704,-142.934330,78169.975933
14286107.751000,-10.411074,-139.948737,104547.306792
14294147.203871,-10.139732,-141.586218,130558.159637
14302186.656741,-10.065055,-143.888868,156113.651996
14310226.109612,-9.959144,-142.459795,181126.457425
14318265.562483,-9.729587,-144.567850,205511.103910
14326305.015353,-9.396810,-144.979123,229184.265937
14334344.468224,-9.480981,-146.471509,252065.049231
14342383.921094,-9.405830,-147.341713,274075.267173
14350423.373965,-9.076725,-146.120892,295139.707985
14358462.826835,-9.136770,-149.268297,315186.391726
14366502.279706,-9.051294,-147.646894,334146.816270
14374541.732577,-8.913329,-150.445820,351956.191377
14382581.185447,-8.845023,-151.042556,368553.660091
14390620.638318,-8.661153,-152.763191,383882.506701
14398660.091188,-8.641708,-155.507981,397890.350543
14406699.544059,-8.471652,-155.933410,410529.324988
14414738.996929,-8.536442,-156.182671,421756.241017
14422778.449800,-8.455159,-158.808810,431532.734794
14430817.902671,-8.315496,-159.481670,439825.398767
14438857.355541,-8.334426,-161.209505,446605.895825
14446896.808412,-8.352526,-160.008884,451851.056123
14454936.261282,-8.339752,-163.290733,455542.956269
14462975.714153,-8.269958,-167.799180,457668.980557
14471015.167023,-8.176017,-165.804453,458221.864085
14479054.619894,-8.105872,-168.655203,457199.717580
14487094.072764,-8.214875,-167.273611,454606.033848
14495133.525635,-8.493013,-171.910297,450449.675845
14503172.978506,-8.286259,-173.222139,444744.846387
14511212.431376,-8.466219,-172.264693,437511.039619
14519251.884247,-8.483978,-175.389296,428772.974401
14527291.337117,-8.603777,-175.800041,418560.509840
14535330.789988,-8.898780,-176.477997,406908.543258
14543370.242858,-8.826276,-180.565714,393856.890941
14551409.695729,-8.928615,-180.163742,379450.152085
14559449.148600,-9.120103,-182.153069,363737.556393
14567488.601470,-9.089153,-183.821343,346772.795850
14575528.054341,-9.306630,-184.366738,328613.841253
14583567.507211,-9.460978,-184.145120,309322.744115
14591606.960082,-9.830477,-185.405974,288965.424626
14599646.412952,-9.639522,-186.502945,267611.446398
14607685.865823,-9.879849,-187.282862,245333.778757
14615725.318694,-9.981851,-186.793528,222208.547392
14623764.771564,-10.224837,-187.606184,198314.774231
14631804.224435,-10.289081,-188.972050,173734.107410
14639843.677305,-10.432695,-188.471548,148550.542267
14647883.130176,-10.691485,-187.603653,122850.134324
14655922.583046,-10.869227,-192.131924,96720.705221
14663962.035917,-10.874241,-192.108767,70251.542622
14672001.488788,-11.186718,-192.763341,43533.095102
14680040.941658,-11.567293,-189.760249,16656.663074
14688080.394529,-11.402941,-190.749918,-10285.913191
14696119.847399,-11.662468,-190.555693,-37202.567404
14704159.300270,-11.783002,-192.324314,-64001.321850
14712198.753140,-12.074075,-190.173748,-90590.601697
14720238.206011,-12.258688,-189.383803,-116879.547912
14728277.658882,-12.382669,-189.958522,-142778.327742
14736317.111752,-12.582575,-188.426348,-168198.441685
14744356.564623,-12.731952,-188.038514,-193053.025900
14752396.017493,-12.857429,-188.164840,-217257.149036
14760435.470364,-13.028596,-189.410627,-240728.102453
14768474.923234,-13.160055,-188.796698,-263385.682845
14776514.376105,-13.508526,-187.473818,-285152.466312
14784553.828976,-13.432998,-186.366089,-305954.072917
14792593.281846,-13.523155,-186.955584,-325719.420864
14800632.734717,-13.696664,-185.806985,-344380.969384
14808672.187587,-13.799616,-185.996422,-361874.949535
14816711.640458,-13.761869,-182.760772,-378141.582109
14824751.093328,-13.799174,-181.444223,-393125.281904
14832790.546199,-14.141879,-181.138184,-406774.847667
14840829.999070,-14.188943,-179.635810,-419043.637054
14848869.451940,-14.282196,-176.599084,-429889.726013
14856908.904811,-14.252862,-175.672886,-439276.052048
14864948.357681,-14.361478,-177.678507,-447170.540858
14872987.810552,-14.485127,-172.383308,-453546.215948
14881027.263422,-14.274973,-172.535081,-458381.290805
14889066.716293,-14.508410,-169.658993,-461659.243350
14897106.169163,-14.431657,-170.263674,-463368.872391
14905145.622034,-14.384640,-169.269643,-463504.335904
14913185.074905,-14.536759,-169.808231,-462065.170991
14921224.527775,-14.510329,-168.220821,-459056.295467
14929263.980646,-14.367152,-165.607916,-454487.991052
14937303.433516,-14.223011,-163.618259,-448375.868235
14945342.886387,-14.239288,-162.306450,-440740.812939
14953382.339257,-14.324458,-163.402236,-431608.915139
14961421.792128,-14.176036,-162.359528,-421011.379720
14969461.244999,-13.967332,-159.692712,-408984.419842
14977500.697869,-14.167554,-158.881407,-395569.133192
14985540.150740,-13.873303,-157.406908,-380811.361551
14993579.603610,-13.896030,-155.877165,-364761.534147
15001619.056481,-13.675648,-154.774580,-347474.495331
15009658.509351,-13.631924,-154.131782,-329009.317166
15017697.962222,-13.538179,-153.516455,-309429.097569
15025737.415093,-13.485998,-152.495129,-288800.744701
15033776.867963,-13.346302,-154.555474,-267194.748330
15041816.320834,-13.043758,-153.594637,-244684.938960
15049855.773704,-13.037800,-151.327332,-221348.235541
15057895.226575,-12.715518,-151.172760,-197264.382626
15065934.679445,-12.771578,-151.513647,-172515.677879
15073974.132316,-12.513272,-151.139057,-147186.690846
15082013.585187,-12.468456,-151.598695,-121363.973974
15090053.038057,-12.356054,-151.011831,-95135.766849
15098092.490928,-12.085109,-149.535592,-68591.694672
15106131.943798,-11.656437,-148.036068,-41822.461993
15114171.396669,-11.826623,-147.014175,-14919.542766
15122210.849539,-11.468104,-150.447548,12025.132229
15130250.302410,-11.233059,-150.938522,38919.489530
15138289.755281,-11.232569,-150.492750,65671.627615
15146329.208151,-11.162052,-150.722056,92190.130945
15154368.661022,-10.962844,-150.591626,118384.382340
15162408.113892,-10.700610,-151.093550,144164.872632
15170447.566763,-10.592570,-151.155184,169443.506529
15178487.019633,-10.462423,-154.452441,194133.903646
15186526.472504,-10.310828,-154.459048,218151.693680
15194565.925375,-10.159200,-154.044182,241414.804717
15202605.378245,-10.208310,-157.081834,263843.743676
15210644.831116,-9.721971,-157.275755,285361.867951
15218684.283986,-9.889882,-155.616024,305895.647310
15226723.736857,-9.608034,-158.766440,325374.915155
15234763.189727,-9.668941,-159.294768,343733.108290
15242802.642598,-9.359848,-163.623551,360907.494379
15250842.095469,-9.293727,-164.092967,376839.386308
15258881.548339,-9.258643,-163.079851,391474.342727
15266921.001210,-9.226378,-162.584917,404762.354086
15274960.454080,-9.225915,-165.255208,416658.013517
15282999.906951,-9.139517,-166.026880,427120.672005
15291039.359821,-9.036809,-169.121605,436114.577282
15299078.812692,-8.991709,-172.297879,443608.996002
15307118.265562,-9.061168,-170.810695,449578.318762
15315157.718433,-9.048792,-173.623814,454002.147608
15323197.171304,-8.873116,-177.041476,456865.365740
15331236.624174,-8.954435,-174.894633,458158.189169
15339276.077045,-8.964238,-178.416065,457876.200150
15347315.529915,-9.035878,-178.001613,456020.362275
15355354.982786,-9.160651,-179.515430,452597.017185
15363394.435656,-9.174914,-181.823865,447617.862894
15371433.888527,-9.214608,-184.513982,441099.913822
15379473.341398,-9.241447,-185.818639,433065.442650
15387512.794268,-9.310704,-184.416330,423541.904212
15395552.247139,-9.302043,-187.058654,412561.841679
15403591.700009,-9.203362,-190.095924,400162.775354
15411631.152880,-9.562611,-189.267332,386387.074462
15419670.605750,-9.664761,-190.121828,371281.812367
15427710.058621,-9.814110,-191.822310,354898.605717
15435749.511492,-10.004264,-193.239480,337293.438061
15443788.964362,-10.045246,-193.290139,318526.468552
15451828.417233,-10.189346,-196.098958,298661.826366
15459867.870103,-10.268494,-196.240453,277767.391575
15467907.322974,-10.425746,-199.220185,255914.563182
15475946.775844,-10.667359,-199.738065,233178.015148
15483986.228715,-10.674159,-198.719055,209635.441218
15492025.681586,-10.996495,-199.268644,185367.289434
15500065.134456,-11.045291,-198.701158,160456.487231
15508104.587327,-11.178629,-198.865408,134988.158063
15516144.040197,-11.448296,-200.275152,109049.330528
15524183.493068,-11.678538,-202.865379,82728.640978
15532222.945938,-11.725185,-202.026032,56116.030637
15540262.398809,-11.892471,-201.098608,29302.438259
15548301.851680,-12.124612,-203.321388,2379.489383
15556341.304550,-12.323170,-200.606790,-24560.816770
15564380.757421,-12.396985,-198.095418,-51426.421666
15572420.210291,-12.584370,-201.681735,-78125.522033
15580459.663162,-12.698875,-199.601390,-104566.883569
15588499.116032,-12.924813,-200.799014,-130660.152698
15596538.568903,-13.154206,-199.762536,-156316.165321
15604578.021774,-13.292323,-201.614208,-181447.251502
15612617.474644,-13.516924,-199.539245,-205967.535048
15620656.927515,-13.672712,-200.028246,-229793.226954
15628696.380385,-13.762943,-196.834878,-252842.911731
15636735.833256,-13.968667,-197.875780,-275037.825603
15644775.286126,-14.074211,-195.117394,-296302.125659
15652814.738997,-13.980326,-196.201301,-316563.149017
15660854.191867,-14.267766,-194.092904,-335751.661120
15668893.644738,-14.409925,-194.124567,-353802.092326
15676933.097609,-14.444320,-191.890055,-370652.761958
15684972.550479,-14.519845,-190.774951,-386246.089086
15693012.003350,-14.761562,-192.769935,-400528.789279
15701051.456220,-14.818458,-189.938469,-413452.056691
15709090.909091,-14.791119,-192.390918,-424971.730834
15717130.361961,-14.845976,-188.530555,-435048.447481
15725169.814832,-14.914666,-183.762726,-443647.773180
15733209.267703,-15.104232,-184.015299,-450740.322915
15741248.720573,-15.144638,-184.087331,-456301.860518
15749288.173444,-15.170058,-181.274582,-460313.381494
15757327.626314,-14.996420,-183.329511,-462761.177951
15765367.079185,-14.981192,-178.591100,-463636.885450
15773406.532055,-15.162142,-178.209057,-462937.511585
15781445.984926,-15.090438,-178.448341,-460665.446207
15789485.437797,-15.095005,-176.295200,-456828.453261
15797524.890667,-15.236554,-172.667340,-451439.644249
15805564.343538,-14.847226,-175.403026,-444517.433435
15813603.796408,-14.942583,-173.101135,-436085.474914
15821643.249279,-14.944665,-169.589939,-426172.581787
15829682.702149,-14.769199,-170.632195,-414812.627700
15837722.155020,-14.868722,-170.694563,-402044.431096
15845761.607891,-14.685932,-168.369179,-387911.622565
15853801.060761,-14.566673,-165.899826,-372462.495755
15861840.513632,-14.484879,-166.462419,-355749.842344
15869879.966502,-14.270876,-164.916635,-337830.771645
15877919.419373,-14.261242,-165.805009,-318766.515456
15885958.872243,-14.144717,-163.613547,-298622.218823
15893998.325114,-14.003967,-162.687088,-277466.717431
15902037.777985,-13.899321,-159.680465,-255372.302384
15910077.230855,-13.697865,-161.977559,-232414.473174
15918116.683726,-13.461658,-159.029839,-208671.679695
15926156.136596,-13.377833,-163.442463,-184225.054162
15934195.589467,-13.368559,-161.366630,-159158.133881
15942235.042337,-13.029057,-158.725108,-133556.575780
15950274.495208,-13.009038,-160.562899,-107507.863720
15958313.948079,-12.896330,-159.594460,-81101.009540
15966353.400949,-12.702736,-159.853237,-54426.248900
15974392.853820,-12.449255,-160.270155,-27574.732932
15982432.306690,-12.352685,-159.332975,-638.216762
15990471.759561,-12.061432,-161.003931,26291.254026
15998511.212431,-11.894742,-158.660088,53121.657924
16006550.665302,-11.732683,-158.681379,79761.311947
16014590.118173,-11.734658,-161.260043,106119.184929
16022629.571043,-11.388631,-160.382509,132105.208584
16030669.023914,-11.394609,-159.606264,157630.585286
16038708.476784,-11.163885,-166.717707,182608.091499
16046747.929655,-11.049480,-165.048834,206952.375832
16054787.382525,-10.948703,-164.051754,230580.250693
16062826.835396,-10.583836,-164.172666,253410.976558
16070866.288266,-10.555101,-167.165411,275366.537864
16078905.741137,-10.595767,-167.004067,296371.909598
16086945.194008,-10.391107,-168.333237,316355.313670
16094984.646878,-10.430550,-168.455452,335248.464185
16103024.099749,-10.297002,-170.584388,352986.800788
16111063.552619,-10.240191,-171.651989,369509.709272
16119103.005490,-10.121211,-173.207385,384760.728708
16127142.458360,-10.106315,-174.756794,398687.744376
16135181.911231,-9.830682,-176.254525,411243.165850
16143221.364102,-9.974000,-175.572310,422384.089619
16151260.816972,-9.768517,-179.826514,432072.445697
16159300.269843,-9.558598,-179.702958,440275.127708
16167339.722713,-9.750552,-181.652152,446964.106021
16175379.175584,-9.628221,-179.277562,452116.523525
16183418.628454,-9.635010,-183.319124,455714.773738
16191458.081325,-9.659509,-186.806484,457746.560971
16199497.534196,-9.587479,-187.547139,458204.942343
16207536.987066,-9.674296,-187.168206,457088.351505
16215576.439937,-9.849848,-190.133560,454400.603992
16223615.892807,-9.864542,-191.631557,450150.884188
16231655.345678,-9.902169,-192.239621,444353.713940
16239694.798548,-9.867681,-192.392673,437028.902932
16247734.251419,-9.826743,-193.709356,428201.480999
16255773.704290,-10.024826,-196.258574,417901.612589
16263813.157160,-9.943213,-196.403878,406164.493696
16271852.610031,-10.164557,-198.089647,393030.231582
16279892.062901,-10.237252,-200.097808,378543.707732
16287931.515772,-10.384291,-200.448649,362754.424485
16295970.968642,-10.409665,-201.307966,345716.335877
16304010.421513,-10.595955,-205.391687,327487.663276
16312049.874384,-10.811456,-204.230730,308130.696430
16320089.327254,-10.899137,-206.717180,287711.580615
16328128.780125,-11.104722,-205.903548,266300.090611
16336168.232995,-11.176727,-208.185833,243969.392265
16344207.685866,-11.447791,-208.571793,220795.792483
16352247.138736,-11.569490,-206.800953,196858.478473
16360286.591607,-11.644320,-210.045479,172239.247153
16368326.044478,-11.839561,-210.192698,147022.225645
16376365.497348,-12.004319,-209.978404,121293.583793
16384404.950219,-12.149955,-210.127470,95141.239719
16392444.403089,-12.497114,-211.114344,68654.559386
16400483.855960,-12.644859,-214.405388,41924.051232
16408523.308830,-12.678747,-208.938518,15041.056884
16416562.761701,-12.796746,-211.789645,-11902.560966
16424602.214572,-12.967882,-211.113885,-38814.732467
16432641.667442,-13.267736,-210.971618,-65603.495224
16440681.120313,-13.253538,-208.330717,-92177.308547
16448720.573183,-13.667907,-210.571331,-118445.366253
16456760.026054,-13.791230,-209.523594,-144317.906970
16464799.478924,-14.019222,-209.942317,-169706.520856
16472838.931795,-14.015454,-209.478416,-194524.451711
16480878.384665,-14.229537,-210.769489,-218686.893434
16488917.837536,-14.286726,-206.753839,-242111.279815
16496957.290407,-14.457084,-208.574914,-264717.566675
16504996.743277,-14.713536,-207.963093,-286428.505388
16513036.196148,-14.504303,-208.409343,-307169.906848
16521075.649018,-14.851374,-203.348176,-326870.894987
16529115.101889,-14.809647,-205.274275,-345464.148962
16537154.554759,-15.131737,-202.508048,-362886.133202
16545194.007630,-15.254931,-201.323120,-379077.314519
16553233.460501,-15.259747,-202.940107,-393982.365538
16561272.913371,-15.273792,-200.382868,-407550.353758
16569312.366242,-15.522243,-199.697348,-419734.915596
16577351.819112,-15.651707,-196.234847,-430494.414819
16585391.271983,-15.589498,-196.191640,-439792.084816
16593430.724853,-15.837674,-197.060956,-447596.154238
16601470.177724,-15.761116,-194.874970,-453879.955562
16609509.630595,-15.858510,-192.758099,-458622.016223
16617549.083465,-15.711254,-190.759056,-461806.131981
16625588.536336,-15.872405,-193.110775,-463421.422298
16633627.989206,-15.786829,-190.091742,-463462.367516
16641667.442077,-15.655685,-189.467689,-461928.827721
16649706.894947,-15.689566,-186.897429,-458826.043217
16657746.347818,-15.765369,-185.604262,-454164.616623
16665785.800689,-15.791790,-185.499150,-447960.476642
16673825.253559,-15.736157,-180.784070,-440234.823626
16681864.706430,-15.739197,-182.509398,-431014.057139
16689904.159300,-15.617455,-182.270152,-420329.685741
16697943.612171,-15.632937,-178.594732,-408218.219320
16705983.065041,-15.285060,-176.654184,-394721.044334
16714022.517912,-15.433661,-176.102843,-379884.282388
16722061.970783,-15.454594,-176.495498,-363758.632629
16730101.423653,-15.161877,-175.856289,-346399.198502
16738140.876524,-15.149672,-176.815682,-327865.299455
16746180.329394,-14.958859,-172.544456,-308220.268235
16754219.782265,-14.684612,-173.845531,-287531.234471
16762259.235135,-14.535964,-173.868348,-265868.895286
16770298.688006,-14.386994,-170.751409,-243307.273714
16778338.140877,-14.150807,-170.357749,-219923.465754
16786377.593747,-14.146883,-171.605985,-195797.376923
16794417.046618,-13.906479,-170.709386,-171011.449209
16802456.499488,-13.921090,-170.983410,-145650.379354
16810495.952359,-13.704220,-170.678454,-119800.829436
16818535.405229,-13.564436,-169.781244,-93551.130735
16826574.858100,-13.303375,-168.125278,-66990.981889
16834614.310971,-13.112863,-171.418476,-40211.142385
16842653.763841,-13.008299,-168.922885,-13303.122423
16850693.216712,-12.836725,-171.256386,13641.129790
16858732.669582,-12.757302,-168.256427,40529.542234
16866772.122453,-12.599381,-169.292568,67270.233702
16874811.575323,-12.366901,-172.788990,93771.827770
16882851.028194,-12.246407,-171.428303,119943.765039
16890890.481064,-12.141116,-173.451545,145696.612592
16898929.933935,-11.926321,-171.054743,170942.369593
16906969.386806,-11.952814,-174.910061,195594.768005
16915008.839676,-11.683954,-174.858331,219569.567372
16923048.292547,-11.375214,-175.836706,242784.842681
16931087.745417,-11.403571,-177.159035,265161.264314
16939127.198288,-11.120431,-174.840398,286622.369123
16947166.651158,-11.006671,-178.189512,307094.821720
16955206.104029,-11.076405,-178.334169,326508.665067
16963245.556900,-10.998376,-179.309323,344797.559534
16971285.009770,-10.866740,-182.247200,361899.009586
16979324.462641,-10.660439,-181.586323,377754.577341
16987363.915511,-10.537487,-183.799307,392310.082261
16995403.368382,-10.621161,-184.753474,405515.786288
17003442.821252,-10.361986,-185.092299,417326.563812
17011482.274123,-10.483998,-187.597258,427702.055869
17019521.726994,-10.379428,-188.116231,436606.808051
17027561.179864,-10.407490,-192.259669,444010.391660
17035600.632735,-10.438396,-193.289823,449887.507687
17043640.085605,-10.457449,-193.522469,454218.073261
17051679.538476,-10.388222,-195.013422,456987.290275
17059718.991346,-10.268315,-195.471293,458185.695955
17067758.444217,-10.396639,-197.483915,457809.195191
17075797.897088,-10.384486,-199.232885,455859.074537
17083837.349958,-10.444655,-199.891868,452341.997809
17091876.802829,-10.434703,-198.711504,447269.983314
17099916.255699,-10.465311,-204.015692,440660.362789
17107955.708570,-10.359867,-205.358503,432535.722166
17115995.161440,-10.591298,-204.589854,422923.824400
17124034.614311,-10.857392,-208.307029,411857.514599
17132074.067182,-10.687859,-208.928948,399374.607785
17140113.520052,-10.838300,-211.386006,385517.759674
17148152.972923,-10.924793,-209.280035,370334.320921
17156192.425793,-11.042474,-212.001569,353876.175315
17164231.878664,-11.248116,-214.145555,336199.562482
17172271.331534,-11.425303,-215.971258,317364.885710
17180310.784405,-11.420935,-213.526094,297436.505542
17188350.237276,-11.631244,-213.941700,276482.519849
17196389.690146,-11.696763,-216.535517,254574.531128
17204429.143017,-11.923820,-215.539813,231787.401830
17212468.595887,-12.254995,-219.396005,208198.998543
17220508.048758,-12.266035,-219.717849,183889.925914
17228547.501628,-12.440338,-217.150910,158943.251209
17236586.954499,-12.576694,-217.959836,133444.220464
17244626.407369,-12.801127,-222.099844,107479.967188
17252665.860240,-13.014838,-221.036909,81139.214615
17260705.313111,-13.024706,-222.446327,54511.972528
17268744.765981,-13.400086,-222.474782,27689.229681
17276784.218852,-13.480256,-219.023063,762.642878
17284823.671722,-13.669138,-222.169379,-26175.776227
17292863.124593,-13.850980,-222.573704,-53033.975547
17300902.577463,-14.075355,-221.878042,-79720.177118
17308942.030334,-14.311888,-219.488365,-106143.190713
17316981.483205,-14.404979,-221.974761,-132212.725454
17325020.936075,-14.371984,-219.655289,-157839.698347
17333060.388946,-14.717620,-220.321349,-182936.538687
17341099.841816,-15.037847,-218.434314,-207417.487303
17349139.294687,-14.840048,-218.308207,-231198.889604
17357178.747557,-15.183855,-216.368264,-254199.481443
17365218.200428,-15.197869,-219.918287,-276340.666802
17373257.653299,-15.357413,-218.102889,-297546.786367
17381297.106169,-15.647628,-216.084160,-317745.376066
17389336.559040,-15.738904,-214.448117,-336867.414687
17397376.011910,-15.739440,-214.837627,-354847.559734
17405415.464781,-15.781396,-211.522865,-371624.370711
17413454.917651,-15.969484,-213.977885,-387140.519069
17421494.370522,-16.001899,-210.587019,-401342.984108
17429533.823393,-16.135473,-209.013803,-414183.234157
17437573.276263,-16.227462,-210.219331,-425617.392408
17445612.729134,-16.360972,-205.332311,-435606.386854
17453652.182004,-16.505021,-205.859997,-444116.083800
17461691.634875,-16.377930,-204.074111,-451117.404503
17469731.087745,-16.414745,-202.557493,-456586.424539
17477770.540616,-16.495878,-202.975478,-460504.455553
17485809.993487,-16.477950,-201.384476,-462858.109124
17493849.446357,-16.470546,-197.425524,-463639.342512
17501888.899228,-16.638349,-197.139724,-462845.486139
17509928.352098,-16.442695,-197.317063,-460479.252716
17517967.804969,-16.545421,-196.692226,-456548.727971
17526007.257839,-16.470164,-196.214789,-451067.343020
17534046.710710,-16.354517,-193.811170,-444053.828468
17542086.163581,-16.423182,-190.927685,-435532.150407
17550125.616451,-16.168624,-189.895076,-425531.428522
17558165.069322,-16.272480,-190.998317,-414085.836582
17566204.522192,-16.103496,-188.613472,-401234.485664
17574243.975063,-16.017106,-188.310680,-387021.290509
17582283.427933,-15.685359,-188.577387,-371494.819454
17590322.880804,-15.727100,-183.076778,-354708.128475
17598362.333675,-15.694643,-187.583806,-336718.579880
17606401.786545,-15.545846,-182.788608,-317587.646298
17614441.239416,-15.515658,-186.446809,-297380.700623
17622480.692286,-15.308936,-179.297649,-276166.792618
17630520.145157,-15.340849,-183.396314,-254018.412969
17638559.598027,-15.012666,-182.696433,-231011.245575
17646599.050898,-14.906775,-179.756143,-207223.908923
17654638.503768,-14.861163,-181.494144,-182737.687439
17662677.956639,-14.676412,-180.883786,-157636.253731
17670717.409510,-14.627151,-176.846145,-132005.382668
17678756.862380,-14.269329,-181.170479,-105932.658272
17686796.315251,-14.175746,-181.495791,-79507.174440
17694835.768121,-13.744876,-180.184036,-52819.230490
17702875.220992,-13.789568,-179.663255,-25960.022603
17710914.673862,-13.447525,-177.208094,978.667811
17718954.126733,-13.516024,-180.010898,27904.787737
17726993.579604,-13.358908,-179.273224,54726.327118
17735033.032474,-13.122409,-182.413820,81351.633262
17743072.485345,-13.013973,-181.703648,107689.724028
17751111.938215,-12.836581,-180.972074,133650.598732
17759151.391086,-12.680092,-182.073279,159145.545683
17767190.843956,-12.330844,-182.604747,184087.445328
17775230.296827,-12.289195,-183.144690,208391.067947
17783269.749698,-12.202712,-184.588207,231973.364898
17791309.202568,-12.172013,-183.628640,254753.752399
17799348.655439,-11.971143,-186.013199,276654.386901
17807388.108309,-12.047115,-185.869416,297600.431084
17815427.561180,-11.606334,-187.961403,317520.309586
17823467.014050,-11.749117,-186.426119,336345.953589
17831506.466921,-11.666630,-190.603338,354013.033416
17839545.919792,-11.471954,-191.325485,370461.178353
17847585.372662,-11.375415,-191.862007,385634.182948
17855624.825533,-11.529959,-196.344756,399480.199069
17863664.278403,-11.309275,-193.907170,411951.913074
17871703.731274,-11.162398,-196.014770,423006.707494
17879743.184144,-11.059808,-196.124609,432606.806655
17887782.637015,-11.075045,-198.676827,440719.405769
17895822.089886,-11.021766,-199.721390,447316.783028
17903861.542756,-11.094202,-200.457479,452376.394335
17911900.995627,-10.979662,-203.148111,455880.950340
17919940.448497,-11.107406,-204.864584,457818.475517
17927979.901368,-10.879525,-206.001144,458182.349091
17936019.354238,-10.982177,-208.374561,456971.327659
17944058.807109,-10.952842,-211.850663,454189.549439
17952098.259980,-11.177811,-213.496513,449846.520128
17960137.712850,-11.189401,-214.364883,443957.080425
17968177.165721,-11.166970,-214.417528,436541.355311
17976216.618591,-11.361540,-215.203832,427624.685284
17984256.071462,-11.333632,-217.962605,417237.539768
17992295.524332,-11.477162,-217.458133,405415.412991
18000334.977203,-11.538524,-218.951020,392198.702700
18008374.430074,-11.544227,-220.547628,377632.572115
18016413.882944,-11.682781,-221.872727,361766.795602
18024453.335815,-11.955301,-222.920945,344655.588585
18032492.788685,-11.963077,-220.912226,326357.422286
18040532.241556,-12.106623,-223.553585,306934.823923
18048571.694426,-12.137519,-224.524232,286454.163043
18056611.147297,-12.372579,-227.459214,264985.424733
18064650.600167,-12.362688,-226.546002,242601.970467
18072690.053038,-12.653799,-226.478262,219380.287422
18080729.505909,-12.738945,-227.348520,195399.727115
18088768.958779,-13.168089,-229.178198,170742.234242
18096808.411650,-13.206460,-229.488753,145492.066667
18104847.864520,-13.231088,-231.127616,119735.507502
18112887.317391,-13.494205,-228.858135,93560.570264
18120926.770261,-13.713734,-231.637578,67056.698121
18128966.223132,-13.925260,-231.863078,40314.458256
18137005.676003,-14.136596,-229.922063,13425.232386
18145045.128873,-14.021050,-231.086463,-13519.095503
18153084.581744,-14.259312,-232.183324,-40426.453133
18161124.034614,-14.809812,-232.851751,-67204.894561
18169163.487485,-14.807657,-232.235557,-93762.914363
18177202.940355,-14.990660,-229.547227,-120009.760328
18185242.393226,-15.018870,-230.289742,-145855.743566
18193281.846097,-15.214237,-233.024491,-171212.544984
18201321.298967,-15.450671,-231.596579,-195993.517092
18209360.751838,-15.614990,-227.828476,-220113.980079
18217400.204708,-15.817498,-225.567182,-243491.511183
18225439.657579,-15.762051,-227.371217,-266046.226336
18233479.110449,-15.956044,-227.737775,-287701.053139
18241518.563320,-16.162132,-224.343516,-308381.994228
18249558.016191,-16.105648,-224.449051,-328018.380135
18257597.469061,-16.376658,-223.815244,-346543.110771
18265636.921932,-16.494395,-223.935637,-363892.884721
18273676.374802,-16.601850,-221.364924,-380008.415546
18281715.827673,-16.713505,-219.773945,-394834.634379
18289755.280543,-16.882558,-219.233392,-408320.878100
18297794.733414,-16.750349,-218.028603,-420421.062457
18305834.186285,-16.938688,-217.368330,-431093.839545
18313873.639155,-16.757670,-213.443072,-440302.739095
18321913.092026,-17.100483,-214.580174,-448016.293098
18329952.544896,-17.029085,-213.766579,-454208.143335
18337991.997767,-17.076615,-214.416079,-458857.131448
18346031.450637,-17.164009,-209.291403,-461947.371237
18354070.903508,-17.224253,-209.807029,-463468.302954
18362110.356379,-17.002836,-207.775817,-463414.729374
18370149.809249,-17.049083,-206.949259,-461786.833566
18378189.262120,-17.222791,-207.216461,-458590.178263
18386228.714990,-17.060040,-207.377446,-453835.686850
18394268.167861,-17.004397,-201.173104,-447539.606046
18402307.620731,-16.950960,-201.914385,-439723.450377
18410347.073602,-16.923410,-202.804590,-430413.928667
18418386.526473,-16.845480,-202.206329,-419642.852762
18426425.979343,-16.718364,-198.396746,-407447.028831
18434465.432214,-16.743675,-198.624319,-393868.131595
18442504.885084,-16.626325,-198.088946,-378952.561911
18450544.337955,-16.565323,-196.598072,-362751.288225
18458583.790825,-16.458895,-196.270668,-345319.672399
18466623.243696,-16.244880,-197.014096,-326717.280534
18474662.696566,-16.248333,-192.944981,-307007.679425
18482702.149437,-16.055248,-194.647145,-286258.219347
18490741.602308,-15.997204,-194.195619,-264539.803906
18498781.055178,-15.660373,-190.277047,-241926.647756
18506820.508049,-15.785968,-191.666013,-218496.022997
18514859.960919,-15.426765,-191.983143,-194327.995125
18522899.413790,-15.387593,-192.341065,-169505.149439
18530938.866660,-15.208696,-190.222425,-144112.308834
18538978.319531,-15.019548,-189.939799,-118236.243954
18547017.772402,-14.945518,-187.206143,-91965.376683
18555057.225272,-14.749020,-187.378946,-65389.477995
18563096.678143,-14.611793,-191.658147,-38599.361196
18571136.131013,-14.443140,-189.091115,-11686.571606
18579175.583884,-14.240491,-188.684484,15256.926271
18587215.036754,-13.983343,-189.324645,42139.062991
18595254.489625,-14.036915,-188.867111,68867.978794
18603293.942496,-13.744080,-190.399006,95352.337494
18611333.395366,-13.478065,-188.953610,121501.638587
18619372.848237,-13.512908,-192.062557,147226.526507
18627412.301107,-13.250269,-192.610637,172439.095961
18635451.753978,-13.194933,-193.460154,197053.192316
18643491.206848,-13.070352,-191.641424,220984.706000
18651530.659719,-12.959665,-192.173155,244151.859914
18659570.112590,-12.734427,-193.751981,266475.488875
18667609.565460,-12.587140,-196.413208,287879.310137
18675649.018331,-12.451178,-197.136134,308290.184055
18683688.471201,-12.372671,-198.416061,327638.364014
18691727.924072,-12.447669,-197.609975,345857.734765
18699767.376942,-12.112219,-199.572771,362886.038344
18707806.829813,-12.107519,-200.044269,378665.086821
18715846.282684,-11.918538,-205.457518,393140.961132
18723885.735554,-11.981593,-205.693594,406264.195329
18731925.188425,-11.896478,-205.480239,417989.945613
18739964.641295,-11.767175,-205.008016,428278.143567
18748004.094166,-11.837442,-209.325137,437093.633080
18756043.547036,-11.707441,-209.274643,444406.290475
18764082.999907,-11.583888,-211.573920,450191.127450
18772122.452778,-11.589987,-209.664691,454428.376464
18780161.905648,-11.776517,-213.990398,457103.558285
18788201.358519,-11.726245,-216.962251,458207.531468
18796240.811389,-11.577860,-216.748774,457736.523593
18804280.264260,-11.744772,-219.506146,455692.144156
18812319.717130,-11.714468,-219.988199,452081.379068
18820359.170001,-11.717989,-219.066994,446916.566781
18828398.622871,-11.868977,-221.875713,440215.356134
18836438.075742,-12.102223,-224.760487,432000.646035
18844477.528613,-11.919941,-226.154655,422300.507220
18852516.981483,-12.070755,-226.465445,411148.086324
18860556.434354,-12.263486,-227.664677,398581.492622
18868595.887224,-12.191991,-227.762936,384643.667803
18876635.340095,-12.447758,-230.587577,369382.239228
18884674.792965,-12.516371,-231.463725,352849.357186
18892714.245836,-12.586415,-233.415327,335101.516689
18900753.698707,-12.789069,-234.828146,316199.364418
18908793.151577,-12.642010,-234.010875,296207.491489
18916832.604448,-13.005763,-233.326631,275194.212736
18924872.057318,-13.126002,-236.959895,253231.333269
18932911.510189,-13.297486,-238.454044,230393.903107
18940950.963059,-13.604098,-238.113774,206759.960722
18948990.415930,-13.540386,-237.024275,182410.266375
18957029.868801,-13.760459,-239.311488,157428.026140
18965069.321671,-14.023601,-239.585473,131898.607588
18973108.774542,-14.166444,-238.300440,105909.248065
18981148.227412,-14.262295,-240.848123,79548.756597
18989187.680283,-14.391046,-239.852125,52907.210417
18997227.133153,-14.639140,-239.691906,26075.647157
19005266.586024,-14.814220,-239.692604,-854.246236
19013306.038895,-15.016168,-241.600524,-27790.446810
19021345.491765,-15.018046,-244.145228,-54640.910060
19029384.944636,-15.263175,-240.813575,-81313.884456
19037424.397506,-15.573027,-240.541148,-107718.224972
19045463.850377,-15.701558,-240.621979,-133763.704536
19053503.303247,-15.851025,-239.647393,-159361.322354
19061542.756118,-16.134471,-239.565522,-184423.608032
19069582.208989,-16.264517,-240.460339,-208864.920476
19077621.661859,-16.177730,-238.067176,-232601.740538
19085661.114730,-16.378850,-239.060744,-255552.956413
19093700.567600,-16.641613,-238.823690,-277640.140808
19101740.020471,-16.677518,-236.861581,-298787.818937
19109779.473341,-16.881088,-234.617247,-318923.726431
19117818.926212,-17.071127,-233.718977,-337979.056269
19125858.379083,-17.112121,-234.487578,-355888.693910
19133897.831953,-17.266141,-234.017905,-372591.439790
19141937.284824,-17.258264,-233.275189,-388030.218449
19149976.737694,-17.404884,-230.300671,-402152.273572
19158016.190565,-17.383737,-229.638147,-414909.348255
19166055.643435,-17.561632,-226.319442,-426257.849916
19174095.096306,-17.550720,-229.043733,-436158.999244
19182134.549177,-17.738143,-225.562307,-444578.962724
19190174.002047,-17.696990,-225.035553,-451488.968243
19198213.454918,-17.893095,-222.088534,-456865.403413
19206252.907788,-17.824767,-223.853220,-460689.896255
19214292.360659,-17.771246,-222.509309,-462949.377979
19222331.813529,-17.813751,-220.591832,-463636.127641
19230371.266400,-17.988973,-218.865227,-462747.798528
19238410.719270,-17.777814,-216.041681,-460287.426177
19246450.172141,-17.661845,-217.072733,-456263.418001
19254489.625012,-17.822240,-215.389427,-450689.524558
19262529.077882,-17.763000,-212.904401,-443584.792570
19270568.530753,-17.742463,-211.920207,-434973.499831
19278607.983623,-17.674123,-211.892035,-424885.072249
19286647.436494,-17.532333,-211.621731,-413353.983294
19294686.889364,-17.348591,-209.871598,-400419.636201
19302726.342235,-17.289038,-207.730088,-386126.229317
19310765.795106,-17.288216,-207.280161,-370522.605074
19318805.247976,-17.139959,-204.427455,-353662.083089
19326844.700847,-16.926774,-203.656707,-335602.277962
19334884.153717,-16.916919,-204.563851,-316404.902398
19342923.606588,-16.744970,-206.808090,-296135.556329
19350963.059458,-16.654059,-202.382806,-274863.502751
19359002.512329,-16.497824,-201.972312,-252661.431042
19367041.965200,-16.400225,-202.327601,-229605.208570
19375081.418070,-16.223927,-199.684691,-205773.621451
19383120.870941,-15.998521,-200.489108,-181248.105323
19391160.323811,-15.854732,-200.213173,-156112.467066
19399199.776682,-15.689969,-199.078409,-130452.598431
19407239.229552,-15.524363,-200.121165,-104356.182531
19415278.682423,-15.461084,-201.812485,-77912.394216
19423318.135294,-15.416605,-198.091383,-51211.595355
19431357.588164,-15.083740,-201.881373,-24345.026056
19439397.041035,-14.840486,-199.559951,2595.507116
19447436.493905,-14.862456,-199.580168,29517.944851
19455475.946776,-14.618069,-200.347943,56330.289673
19463515.399646,-14.462100,-201.249237,82940.920307
19471554.852517,-14.329655,-200.969186,109258.904764
19479594.305388,-14.208819,-201.027810,135194.311063
19487633.758258,-14.045241,-201.239948,160658.514544
19495673.211129,-13.870096,-201.328533,185564.500706
19503712.663999,-13.795581,-201.082037,209827.162553
19511752.116870,-13.677278,-203.116892,233363.591409
19519791.569740,-13.482493,-204.632160,256093.360230
19527831.022611,-13.229529,-204.579087,277938.798438
19535870.475482,-13.223248,-205.678410,298825.257324
19543909.928352,-13.164768,-209.378003,318681.365140
19551949.381223,-12.796261,-210.176484,337439.270978
19559988.834093,-12.856418,-206.874470,355034.876632
19568028.286964,-12.766127,-208.541504,371408.055626
19576067.739834,-12.600006,-210.202948,386502.858674
19584107.192705,-12.661004,-213.003914,400267.704870
19592146.645576,-12.630861,-216.080368,412655.557940
19600186.098446,-12.555130,-213.910961,423624.086979
19608225.551317,-12.415403,-216.292556,433135.811093
19616265.004187,-12.454618,-217.352902,441158.227482
19624304.457058,-12.217853,-219.900772,447663.922507
19632343.909928,-12.365161,-222.261332,452630.665358
19640383.362799,-12.274985,-224.004107,456041.484029
19648422.815669,-12.382673,-224.919721,457884.723309
19656462.268540,-12.287589,-226.752707,458154.084608
19664501.721411,-12.328802,-226.131225,456848.647484
19672541.174281,-12.328151,-230.888481,453972.872787
19680580.627152,-12.498304,-232.431497,449536.587411
19688620.080022,-12.578229,-230.377107,443554.950723
19696659.532893,-12.692430,-234.380820,436048.402754
19704698.985763,-12.482065,-233.745326,427042.594355
19712738.438634,-12.748184,-237.311823,416568.299547
19720777.891505,-12.835713,-237.519736,404661.310360
19728817.344375,-12.948509,-240.035257,391362.314525
19736856.797246,-12.903329,-238.724247,376716.756444
19744896.250116,-13.045551,-240.388083,360774.681896
19752935.702987,-13.210373,-241.876499,343590.567026
19760975.155857,-13.317612,-244.888368,325223.132191
19769014.608728,-13.370567,-244.332670,305735.141309
19777054.061599,-13.748852,-243.260715,285193.187383
19785093.514469,-13.703236,-246.153077,263667.464944
19793132.967340,-14.032580,-247.231166,241231.530189
19801172.420210,-14.075753,-248.871440,217962.049628
19809211.873081,-14.139001,-249.673603,193938.538108
19817251.325951,-14.404916,-248.098663,169243.087095
19825290.778822,-14.491502,-248.422564,143960.084162
19833330.231693,-14.811059,-249.656464,118175.924623
19841369.684563,-14.806991,-251.157220,91978.716307
19849409.137434,-15.031087,-250.961824,65457.978488
19857448.590304,-15.255960,-249.597732,38704.335981
19865488.043175,-15.312870,-252.470898,11809.209465
19873527.496045,-15.441964,-252.947907,-15135.496908
19881566.948916,-15.716529,-251.908383,-42037.709569
19889606.401787,-15.957712,-251.876861,-68805.500154
19897645.854657,-16.050108,-251.193692,-95347.399636
19905685.307528,-16.216109,-248.162320,-121572.710888
19913724.760398,-16.511555,-250.318043,-147391.818607
19921764.213269,-16.656362,-252.376837,-172716.495539
19929803.666139,-16.870118,-249.880211,-197460.203964
19937843.119010,-16.943549,-249.466402,-221538.391410
19945882.571881,-16.999365,-248.646242,-244868.779573
19953922.024751,-17.221959,-247.911452,-267371.645480
19961961.477622,-17.244156,-245.917717,-288970.093907
19970000.930492,-17.700295,-246.118608,-309590.320142
19978040.383363,-17.616588,-244.510257,-329161.862188
19986079.836233,-17.788259,-244.884053,-347617.841537
19994119.289104,-17.853643,-242.733621,-364895.191703
20002158.741975,-18.057676,-241.236478,-380934.873732
20010198.194845,-18.147121,-239.056452,-395682.077940
20018237.647716,-18.182555,-239.817269,-409086.411212
20026277.100586,-18.455623,-239.061824,-421102.069193
20034316.553457,-18.253816,-236.002367,-431687.992817
20042356.006327,-18.176975,-237.003198,-440808.008603
20050395.459198,-18.393925,-234.482805,-448430.952271
20058434.912068,-18.479733,-233.114719,-454530.775227
20066474.364939,-18.364085,-232.114031,-459086.633585
20074513.817810,-18.531892,-232.800233,-462082.959381
20082553.270680,-18.565755,-230.489843,-463509.513781
20090592.723551,-18.394336,-229.462867,-463361.422063
20098632.176421,-18.607271,-227.728517,-461639.190274
20106671.629292,-18.396771,-225.781866,-458348.703506
20114711.082162,-18.621369,-224.243185,-453501.205780
20122750.535033,-18.387836,-224.721293,-447113.261628
20130789.987904,-18.337393,-223.550984,-439206.699485
20138829.440774,-18.249980,-221.063210,-429808.537105
20146868.893645,-18.222303,-220.595184,-418950.889233
20154908.346515,-18.159577,-220.476865,-406670.857865
20162947.799386,-18.081187,-219.688285,-393010.405468
20170987.252256,-18.038447,-218.891780,-378016.211586
20179026.705127,-17.808455,-215.728359,-361739.513333
20187066.157998,-17.816292,-214.160285,-344235.930306
20195105.610868,-17.741695,-213.002467,-325565.274528
20203145.063739,-17.397513,-213.022301,-305791.346061
20211184.516609,-17.389387,-212.679022,-284981.714993
20219223.969480,-17.368028,-211.835248,-263207.490545
20227263.422350,-17.080972,-211.413085,-240543.078076
20235302.875221,-16.943310,-208.963337,-217065.924836
20243342.328092,-16.890198,-211.684392,-192856.255315
20251381.780962,-16.642218,-209.948513,-167996.797105
20259421.233833,-16.500601,-209.242220,-142572.498213
20267460.686703,-16.342971,-210.166877,-116670.236780
20275500.139574,-16.248788,-208.927669,-90378.524206
20283539.592444,-16.087450,-209.257001,-63787.202697
20291579.045315,-15.850531,-209.550469,-36987.138260
20299618.498186,-15.664262,-211.180547,-10069.910207
20307657.951056,-15.518662,-209.308260,16872.501789
20315697.403927,-15.404306,-210.139325,43748.031997
20323736.856797,-15.130698,-209.710890,70464.843231
20331776.309668,-15.163488,-212.100589,96931.640668
20339815.762538,-14.993745,-212.292512,123057.983814
20347855.215409,-14.861895,-210.300024,148754.595552
20355894.668280,-14.370309,-211.058100,173933.667214
20363934.121150,-14.592283,-208.527716,198509.158632
20371973.574021,-14.264148,-213.727235,222397.092152
20380013.026891,-14.121208,-215.525292,245515.839595
20388052.479762,-13.885097,-216.984619,267786.401189
20396091.932632,-13.891276,-214.569541,289132.675525
20404131.385503,-13.711894,-217.657104,309481.719605
20412170.838374,-13.679091,-217.766675,328763.998095
20420210.291244,-13.661789,-218.206932,346913.620937
20428249.744115,-13.433259,-219.992469,363868.568507
20436289.196985,-13.431598,-220.740957,379570.903541
20444328.649856,-13.347779,-222.024622,393966.969116
20452368.102726,-13.477975,-225.791700,407007.572000
20460407.555597,-13.178522,-224.769363,418648.150756
20468447.008467,-13.246237,-229.018125,428848.928010
20476486.461338,-13.091726,-227.137852,437575.046377
20484525.914209,-13.004011,-228.787079,444796.687574
20492565.367079,-12.998876,-231.716408,450489.174314
20500604.819950,-12.907149,-232.567540,454633.054628
20508644.272820,-13.016578,-233.849592,457214.168337
20516683.725691,-13.042529,-235.780622,458223.695440
20524723.178561,-13.048530,-239.122656,457658.186250
20532762.631432,-13.165327,-238.006736,455519.573186
20540802.084303,-13.101776,-240.846410,451815.164169
20548841.537173,-12.935287,-241.729381,446557.617644
20556880.990044,-13.257381,-240.990672,439764.899335
20564920.442914,-13.164545,-245.747785,431460.220844
20572959.895785,-13.362655,-245.916921,421671.960339
20580999.348655,-13.433265,-248.156783,410433.565580
20589038.801526,-13.525106,-250.137246,397783.439626
20597078.254397,-13.590684,-247.974810,383764.809606
20605117.707267,-13.634295,-250.568808,368425.579002
20613157.160138,-13.771657,-250.294313,351818.163965
20621196.613008,-14.079970,-251.767008,333999.314193
20629236.065879,-14.043217,-253.242053,315029.919018
20637275.518749,-14.129485,-253.312960,294974.799332
20645314.971620,-14.307026,-252.118864,273902.486091
20653354.424491,-14.556695,-257.038086,251884.986134
20661393.877361,-14.781473,-257.413299,228997.536125
20669433.330232,-14.949766,-258.638242,205318.345463
20677472.783102,-14.906265,-258.503424,180928.329024
20685512.235973,-15.293674,-259.772351,155910.830671
20693551.688843,-15.308006,-259.727807,130351.338454
20701591.141714,-15.425391,-257.646806,104337.192487
20709630.594585,-15.746333,-259.107237,77957.286495
20717670.047455,-15.818739,-260.679455,51301.764050
20725709.500326,-16.020422,-259.123261,24461.710545
20733748.953196,-16.152299,-262.158408,-2471.158062
20741788.406067,-16.392771,-262.626820,-29404.808651
20749827.858937,-16.540172,-260.743851,-56247.205432
20757867.311808,-16.699214,-262.685213,-82906.624439
20765906.764679,-16.808401,-263.858556,-109291.966964
20773946.217549,-16.983559,-262.035602,-135313.070858
20781985.670420,-17.257208,-259.892654,-160881.018618
20790025.123290,-17.327335,-260.626678,-185908.441239
20798064.576161,-17.400692,-257.749826,-210309.816757
20806104.029031,-17.555904,-257.845084,-234001.762494
20814143.481902,-17.680109,-257.163166,-256903.319987
20822182.934772,-17.959569,-254.651866,-278936.231632
20830222.387643,-18.212346,-255.863219,-300025.208100
20838261.840514,-18.187189,-256.129102,-320098.185612
20846301.293384,-18.321418,-254.868017,-339086.572189
20854340.746255,-18.311607,-252.694555,-356925.482043
20862380.199125,-18.806452,-249.672587,-373553.957295
20870419.651996,-18.553552,-250.651606,-388915.176279
20878459.104866,-18.699914,-249.529158,-402956.647710
20886498.557737,-18.799577,-250.810721,-415630.390052
20894538.010608,-18.933204,-246.684571,-426893.095476
20902577.463478,-18.901063,-245.068585,-436706.277851
20910616.916349,-18.856600,-244.125284,-445036.404255
20918656.369219,-19.185515,-242.562843,-451855.009562
20926695.822090,-19.240956,-241.766367,-457138.793709
20934735.274960,-19.179697,-242.969873,-460869.701317
20942774.727831,-19.010575,-240.250754,-463034.983390
20950814.180702,-19.245559,-237.123204,-463627.240877
20958853.633572,-19.153803,-236.352887,-462644.449956
20966893.086443,-19.121098,-236.482347,-460089.968951
20974932.539313,-19.211759,-234.610116,-455972.526859
20982971.992184,-19.066943,-233.828035,-450306.193514
20991011.445054,-18.942796,-235.390191,-443110.331515
20999050.897925,-18.936143,-231.646310,-434409.530059
21007090.350796,-18.922151,-231.843522,-424233.520920
21015129.803666,-18.927711,-228.132597,-412617.076843
21023169.256537,-18.791582,-229.526073,-399599.892733
21031208.709407,-18.581567,-227.851975,-385226.450003
21039248.162278,-18.508214,-227.976186,-369545.864577
21047287.615148,-18.473251,-226.378170,-352611.719059
21055327.068019,-18.367243,-223.444489,-334481.879628
21063366.520890,-18.269843,-224.325986,-315218.298308
21071405.973760,-18.217457,-224.473591,-294886.801264
21079445.426631,-17.954798,-225.175726,-273556.863869
21087484.879501,-17.840315,-222.660360,-251301.373298
21095524.332372,-17.731746,-219.555096,-228196.379459
21103563.785242,-17.547345,-220.795464,-204320.835126
21111603.238113,-17.391624,-219.564847,-179756.326143
21119642.690984,-17.474478,-219.031210,-154586.792636
21127682.143854,-17.055728,-218.910690,-128898.242179
21135721.596725,-17.093770,-220.014575,-102778.455893
21143761.049595,-16.632698,-218.644227,-76316.688491
21151800.502466,-16.641746,-220.319386,-49603.363277
21159839.955336,-16.510239,-219.626545,-22729.763163
21167879.408207,-16.299785,-220.275842,4212.281260
21175918.861078,-16.170187,-219.781491,31130.705518
21183958.313948,-15.913867,-219.899242,57933.525850
21191997.766819,-15.787207,-222.669994,84529.153527
21200037.219689,-15.554010,-222.152095,110826.707828
21208076.672560,-15.462956,-221.942884,136736.326583
21216116.125430,-15.381800,-221.239080,162169.473252
21224155.578301,-15.217026,-222.817927,187039.239460
21232195.031171,-14.969503,-221.521811,211260.641979
21240234.484042,-14.859995,-223.700139,234750.913119
21248273.936913,-14.690317,-224.007888,257429.783567
21256313.389783,-14.574817,-225.666788,279219.756669
21264352.842654,-14.635830,-225.768903,300046.373248
21272392.295524,-14.383759,-228.524394,319838.466045
21280431.748395,-14.292575,-228.741217,338528.402899
21288471.201265,-14.238824,-229.217639,356052.317864
21296510.654136,-14.161340,-231.418759,372350.329439
21304550.107007,-14.045284,-231.814794,387366.745196
21312589.559877,-13.974878,-235.024518,401050.252088
21320629.012748,-13.803822,-235.634507,413354.091789
21328668.465618,-13.942559,-236.502622,424236.220477
21336707.918489,-13.780620,-238.312808,433659.452500
21344747.371359,-13.652000,-240.906169,441591.587449
21352786.824230,-13.614497,-239.719423,448005.520185
21360826.277101,-13.674133,-242.640318,452879.333463
21368865.729971,-13.638802,-243.835672,456196.372831
21376905.182842,-13.624961,-244.953749,457945.303531
21384944.635712,-13.610345,-247.677381,458120.149241
21392984.088583,-13.699933,-248.349183,456720.312489
21401023.541453,-13.804825,-250.259141,453750.576701
21409062.994324,-13.744144,-252.564147,449221.089850
21417102.447195,-13.986631,-252.763348,443147.329782
21425141.900065,-13.919479,-251.207291,435550.051327
21433181.352936,-13.931535,-253.231959,426455.215374
21441220.805806,-13.888316,-257.097372,415893.900163
21449260.258677,-14.008116,-257.626995,403902.195082
21457299.711547,-14.250888,-258.024549,390521.077351
21465339.164418,-14.267597,-259.902195,375796.271989
21473378.617289,-14.402922,-260.773410,359778.095576
21481418.070159,-14.445424,-262.151009,342521.284306
21489457.523030,-14.680442,-263.413244,324084.806950
21497496.975900,-14.908609,-262.009756,304531.663352
21505536.428771,-14.991743,-265.324898,283928.669150
21513575.881641,-15.086846,-266.508140,262346.227460
21521615.334512,-15.200089,-265.966620,239858.088294
21529654.787383,-15.435852,-266.206178,216541.096552
21537694.240253,-15.449848,-268.201007,192474.929432
21545733.693124,-15.841144,-267.505668,167741.824161
21553773.145994,-16.037845,-266.224111,142426.296981
21561812.598865,-16.265801,-267.405679,116614.854345
21569852.051735,-16.159347,-270.546787,90395.697314
21577891.504606,-16.552265,-270.106852,63858.420161
21585930.957477,-16.756525,-269.117249,37093.704218
21593970.410347,-16.859022,-271.513783,10193.008006
21602009.863218,-16.877611,-268.298979,-16751.745293
21610049.316088,-17.148256,-270.206300,-43648.481948
21618088.768959,-17.305598,-271.014710,-70405.292309
21626128.221829,-17.633587,-269.318899,-96930.744868
21634167.674700,-17.770390,-273.152113,-123134.198701
21642207.127570,-17.755783,-270.669559,-148926.113193
21650246.580441,-17.959097,-270.273727,-174218.354013
21658286.033312,-18.064333,-268.540022,-198924.494282
21666325.486182,-18.298394,-268.317651,-222960.109899
21674364.939053,-18.348692,-267.745240,-246243.068038
21682404.391923,-18.626798,-267.114435,-268693.807797
21690443.844794,-18.574377,-265.507178,-290235.612075
21698483.297664,-18.854728,-264.251159,-310794.869721
21706522.750535,-18.974061,-265.738402,-330301.327075
21714562.203406,-19.058010,-265.780110,-348688.328032
21722601.656276,-19.043315,-262.266546,-365893.041815
21730641.109147,-19.491302,-261.309081,-381856.677677
21738680.562017,-19.552805,-259.865001,-396524.685794
21746720.014888,-19.570327,-259.664768,-409846.943673
21754759.467758,-19.469942,-260.858181,-421777.927424
21762798.920629,-19.523815,-257.893473,-432276.867322
21770838.373500,-19.762409,-256.405190,-441307.887121
21778877.826370,-19.720356,-253.135932,-448840.126652
21786917.279241,-19.814835,-254.205207,-454847.847270
21794956.732111,-19.777476,-251.138721,-459310.519811
21802996.184982,-19.914563,-249.403045,-462212.894744
21811035.637852,-19.786977,-247.959769,-463545.054274
21819075.090723,-19.837099,-248.149631,-463302.446239
21827114.543594,-19.930002,-246.609389,-461485.899661
21835153.996464,-19.819067,-245.213247,-458101.621919
21843193.449335,-19.835422,-246.639993,-453161.177529
21851232.902205,-19.623381,-239.104002,-446681.448632
21859272.355076,-19.827981,-239.735738,-438684.577308
21867311.807946,-19.710685,-241.093932,-429197.889905
21875351.260817,-19.517852,-238.020243,-418253.803671
21883390.713688,-19.543916,-237.105583,-405889.715973
21891430.166558,-19.397166,-237.491563,-392147.876510
21899469.619429,-19.192456,-236.768930,-377075.242935
21907509.072299,-19.226630,-236.981866,-360723.320402
21915548.525170,-19.054588,-236.220515,-343147.985559
21923587.978040,-19.156267,-234.442187,-324409.295612
21931627.430911,-18.760733,-236.755653,-304571.283109
21939666.883782,-18.906791,-232.357144,-283701.737118
21947706.336652,-18.456584,-230.339195,-261871.971598
21955745.789523,-18.500224,-229.589809,-239156.581699
21963785.242393,-18.355424,-230.754390,-215633.188868
21971824.695264,-18.131121,-229.111147,-191382.175600
21979864.148134,-18.116430,-229.607736,-166486.410767
21987903.601005,-17.859865,-228.229107,-141030.966439
21995943.053875,-17.585616,-227.753746,-115102.827184
22003982.506746,-17.372810,-231.275025,-88790.592831
22012021.959617,-17.447217,-232.462129,-62184.175711
22020061.412487,-17.269834,-229.245249,-35374.493415
22028100.865358,-17.149665,-226.513823,-8453.158121
22036140.318228,-16.843935,-231.126383,18487.836464
22044179.771099,-16.852697,-232.634780,45356.429452
22052219.223969,-16.422874,-231.169752,72060.807363
22060258.676840,-16.484569,-230.267537,98509.717859
22068298.129711,-16.141320,-231.251158,124612.781569
22076337.582581,-16.109168,-228.648411,150280.800924
22084377.035452,-15.750458,-233.594448,175426.064961
22092416.488322,-15.788095,-233.629996,199962.649036
22100455.941193,-15.636274,-234.527506,223806.708448
22108495.394063,-15.630118,-236.028515,246876.764940
22116534.846934,-15.353757,-236.526648,269093.985124
22124574.299805,-15.445927,-236.745076,290382.449866
22132613.752675,-15.148624,-235.058874,310669.413709
22140653.205546,-14.984215,-238.132513,329885.553457
22148692.658416,-15.110472,-240.376050,347965.205057
22156732.111287,-14.890465,-239.787793,364846.587984
22164771.564157,-14.569671,-242.274520,380472.016356
22172811.017028,-14.603283,-243.288498,394788.096049
22180850.469899,-14.612882,-242.746076,407745.907154
22188889.922769,-14.575917,-244.413174,419301.171142
22196929.375640,-14.511935,-245.958040,429414.402173
22204968.828510,-14.433792,-249.278259,438051.042018
22213008.281381,-14.432401,-248.962671,445181.578155
22221047.734251,-14.336615,-248.963073,450781.644613
22229087.187122,-14.264787,-253.076959,454832.105236
22237126.639993,-14.447546,-253.538077,457319.119072
22245166.092863,-14.344940,-254.229559,458234.187671
22253205.545734,-14.394337,-255.706780,457574.184124
22261244.998604,-14.322727,-258.302980,455341.363750
22269284.451475,-14.461308,-259.448518,451543.356387
22277323.904345,-14.484639,-261.739825,446193.140320
22285363.357216,-14.519936,-263.864404,439308.997935
22293402.810087,-14.677067,-264.508876,430914.453241
22301442.262957,-14.453785,-265.606900,421038.191493
22309481.715828,-14.696139,-268.060634,409713.961162
22317521.168698,-14.734429,-266.820464,396980.458618
22325560.621569,-14.924309,-269.804608,382881.195898
22333600.074439,-15.147236,-271.060474,367464.352017
22341639.527310,-15.104494,-269.945561,350782.608341
22349678.980181,-15.162717,-273.870966,332892.968559
22357718.433051,-15.391771,-272.883756,313856.563900
22365757.885922,-15.529620,-275.524653,293738.444238
22373797.338792,-15.733239,-274.894769,272607.355807
22381836.791663,-15.766120,-277.323014,250535.506290
22389876.244533,-15.983527,-278.023807,227598.318069
22397915.697404,-16.031667,-276.254521,203874.170504
22405955.150274,-16.375685,-276.626716,179444.132096
22413994.603145,-16.546663,-278.328202,154391.683470
22422034.056016,-16.644054,-278.700752,128802.432103
22430073.508886,-16.904716,-281.457780,102763.819800
22438112.961757,-16.927658,-277.294464,76364.823891
22446152.414627,-17.158811,-277.859984,49695.653183
22454191.867498,-17.241590,-277.800886,22847.439704
22462231.320368,-17.485940,-282.061005,-4088.072703
22470270.773239,-17.700161,-280.501542,-31018.841886
22478310.226110,-17.871406,-279.777706,-57852.841897
22486349.678980,-17.885448,-278.629803,-84498.377466
22494389.131851,-18.280707,-277.372900,-110864.397326
22502428.584721,-18.280126,-279.413553,-136860.805354
22510468.037592,-18.584459,-280.245168,-162398.768440
22518507.490462,-18.873180,-279.038651,-187391.020036
22526546.943333,-18.875205,-276.490539,-211752.158365
22534586.396204,-19.033281,-276.919750,-235398.938245
22542625.849074,-19.169611,-278.688993,-258250.555549
22550665.301945,-19.214069,-276.959619,-280228.923325
22558704.754815,-19.402576,-276.780911,-301258.938628
22566744.207686,-19.623513,-276.648752,-321268.739157
22574783.660556,-19.554745,-272.479747,-340189.948818
22582823.113427,-19.767019,-271.550644,-357957.911374
22590862.566298,-20.096407,-272.853874,-374511.911382
22598902.019168,-19.944104,-273.817906,-389795.381669
22606941.472039,-20.257453,-269.222621,-403756.096627
22614980.924909,-20.050221,-268.466493,-416346.350673
22623020.377780,-20.228280,-268.575953,-427523.121272
22631059.830650,-20.253098,-266.154790,-437248.215942
22639099.283521,-20.139829,-264.606960,-445488.402767
22647138.736392,-20.479093,-265.199897,-452215.523957
22655178.189262,-20.502416,-263.529654,-457406.592063
22663217.642133,-20.492317,-261.289248,-461043.868528
22671257.095003,-20.469036,-259.410182,-463114.924306
22679296.547874,-20.532234,-257.633243,-463612.682329
22687336.000744,-20.422317,-258.788993,-462535.441692
22695375.453615,-20.482900,-255.831204,-459886.883469
22703414.906486,-20.494662,-256.174051,-455676.058126
22711454.359356,-20.450423,-253.780574,-449917.354603
22719493.812227,-20.234378,-253.271572,-442630.451139
22727533.265097,-20.141706,-252.984252,-433840.248033
22735572.717968,-20.237589,-251.289245,-423576.782553
22743612.170838,-20.115008,-250.807629,-411875.126297
22751651.623709,-20.083264,-246.097629,-398775.265349
22759691.076580,-19.967774,-249.943834,-384321.963640
22767730.529450,-19.822572,-244.784699,-368564.609983
22775769.982321,-19.786116,-244.579200,-351557.049308
22783809.435191,-19.642109,-244.283367,-333357.398665
22791848.888062,-19.575578,-243.299775,-314027.848630
22799888.340932,-19.572492,-244.644695,-293634.450793
22807927.793803,-19.281667,-240.054204,-272246.892050
22815967.246673,-19.109271,-241.022836,-249938.256475
22824006.699544,-19.095520,-239.339153,-226784.775580
22832046.152415,-18.816657,-240.399935,-202865.567825
22840085.605285,-18.731057,-240.110661,-178262.368257
22848125.058156,-18.569595,-238.145624,-153059.249214
22856164.511026,-18.464330,-236.891657,-127342.333036
22864203.963897,-18.333376,-241.423845,-101199.497774
22872243.416767,-18.019033,-239.316668,-74720.076901
22880282.869638,-17.907526,-238.069595,-47994.554046
22888322.322509,-17.708400,-238.886344,-21114.253801
22896361.775379,-17.667913,-239.788094,5828.970347
22904401.228250,-17.495923,-237.574090,32743.049893
22912440.681120,-17.449797,-239.899908,59536.015921
22920480.133991,-17.209373,-239.835862,86116.313378
22928519.586861,-17.042249,-241.899004,112393.113927
22936559.039732,-16.776852,-237.319881,138276.626316
22944598.492603,-16.760441,-241.279814,163678.403215
22952637.945473,-16.597720,-242.496244,188511.643442
22960677.398344,-16.235797,-244.525812,212691.488583
22968716.851214,-16.240048,-242.609141,236135.312958
22976756.304085,-16.145658,-244.846484,258763.005966
22984795.756955,-16.029112,-244.572069,280497.245832
22992835.209826,-15.803965,-246.273726,301263.763829
23000874.662697,-15.651403,-246.791970,320991.598062
23008914.115567,-15.648246,-247.308493,339613.335950
23016953.568438,-15.522807,-249.052194,357065.344590
23024993.021308,-15.522638,-248.492981,373287.988197
23033032.474179,-15.484011,-252.646440,388225.831884
23041071.927049,-15.352658,-252.686993,401827.831094
23049111.379920,-15.195919,-253.383925,414047.506025
23057150.832791,-15.182816,-257.176473,424843.100456
23065190.285661,-15.176474,-259.642143,434177.724435
23073229.738532,-15.084967,-259.255908,442019.480336
23081269.191402,-15.116013,-260.100557,448341.571858
23089308.644273,-15.107280,-261.170808,453122.395592
23097348.097143,-15.133968,-264.817620,456345.614839
23105387.550014,-15.114297,-263.325290,458000.215439
23113427.002885,-14.875295,-264.519682,458080.543408
23121466.455755,-15.128128,-266.230567,456586.324254
23129505.908626,-15.153815,-267.572628,453522.663918
23137545.361496,-15.220260,-269.220034,448900.031327
23145584.814367,-15.090193,-269.734797,442734.222618
23153624.267237,-15.143134,-273.342646,435046.307163
23161663.720108,-15.333863,-274.182070,425862.555569
23169703.172979,-15.396869,-277.755906,415214.349914
23177742.625849,-15.361616,-275.913577,403138.076500
23185782.078720,-15.614515,-277.636354,389675.001527
23193821.531590,-15.637735,-280.304659,374871.130077
23201860.984461,-15.785117,-281.470021,358777.048904
23209900.437331,-15.873735,-282.733019,341447.753582
23217939.890202,-16.144752,-281.865280,322942.460568
23225979.343072,-16.297416,-283.246313,303324.404860
23234018.795943,-16.183201,-284.422224,282660.623906
23242058.248814,-16.319054,-286.221593,261021.728539
23250097.701684,-16.601884,-285.664182,238481.661682
23258137.154555,-16.867926,-286.347001,215117.445679
23266176.607425,-16.996481,-288.472134,191008.919098
23274216.060296,-17.290079,-288.147265,166238.463914
23282255.513166,-17.286592,-287.538489,140890.723998
23290294.966037,-17.342613,-290.505065,115052.315879
23298334.418908,-17.518787,-290.806769,88811.532762
23306373.871778,-17.873113,-287.598669,62258.042821
23314413.324649,-18.044288,-290.844496,35482.582788
23322452.777519,-18.176759,-291.560667,8576.647897
23330492.230390,-18.406084,-287.573718,-18367.820769
23338531.683260,-18.487062,-292.987101,-45258.750450
23346571.136131,-18.843045,-289.957465,-72004.251339
23354610.589002,-19.030765,-288.767204,-98512.930575
23362650.041872,-18.900530,-290.360453,-124694.204551
23370689.494743,-19.122096,-287.250188,-150458.608442
23378728.947613,-19.335909,-288.960775,-175718.101927
23386768.400484,-19.363011,-286.605376,-200386.370025
23394807.853354,-19.715335,-287.281728,-224379.118053
23402847.306225,-19.801905,-286.079631,-247614.359665
23410886.759096,-20.042034,-289.588070,-270012.697016
23418926.211966,-20.119575,-287.955872,-291497.592071
23426965.664837,-20.036028,-285.442149,-311995.628143
23435005.117707,-20.251753,-285.975791,-331436.760776
23443044.570578,-20.267482,-284.897534,-349754.557086
23451084.023448,-20.509532,-282.834659,-366886.422779
23459123.476319,-20.649186,-281.782784,-382773.816038
23467162.929190,-20.683371,-281.417713,-397362.447572
23475202.382060,-20.879552,-278.149066,-410602.466127
23483241.834931,-20.905629,-278.190504,-422448.628834
23491281.287801,-20.992005,-277.575972,-432860.455815
23499320.740672,-21.172668,-276.226600,-441802.368499
23507360.193542,-20.969646,-274.927968,-449243.811207
23515399.646413,-21.129482,-273.478693,-455159.355560
23523439.099284,-21.139314,-270.205777,-459528.787372
23531478.552154,-21.156447,-270.190083,-462337.175726
23539518.005025,-21.148138,-270.131658,-463574.923994
23547557.457895,-21.129279,-266.843781,-463237.802627
23555596.910766,-21.168664,-266.249598,-461326.963615
23563636.363636,-21.069924,-266.949111,-457848.936542
23571675.816507,-20.977365,-263.424390,-452815.606280
23579715.269377,-20.941328,-264.139109,-446244.172374
23587754.722248,-20.955150,-263.380236,-438157.090270
23595794.175119,-20.974318,-260.516399,-428581.994579
23603833.627989,-20.880433,-259.971787,-417551.604652
23611873.080860,-20.653543,-261.611765,-405103.612766
23619912.533730,-20.681502,-258.421759,-391280.555332
23627951.986601,-20.769396,-257.673077,-376129.667537
23635991.439471,-20.543626,-254.888340,-359702.721936
23644030.892342,-20.425962,-254.854689,-342055.851544
23652070.345213,-20.409464,-253.184065,-323249.358013
23660109.798083,-20.270966,-253.724033,-303347.505582
23668149.250954,-19.995588,-251.344577,-282418.301471
23676188.703824,-19.776634,-252.837051,-260533.263497
23684228.156695,-19.947093,-251.551629,-237767.175686
23692267.609565,-19.631752,-251.588399,-214197.832722
23700307.062436,-19.273374,-247.944331,-189905.774122
23708346.515307,-19.206453,-248.256335,-164974.009011
23716385.968177,-19.020570,-250.554587,-139487.732480
23724425.421048,-18.938666,-249.790647,-113534.034453
23732464.873918,-18.883382,-247.953794,-87201.602097
23740504.326789,-18.674091,-247.800054,-60580.416762
23748543.779659,-18.598867,-248.729407,-33761.446506
23756583.232530,-18.270952,-249.858362,-6836.335241
23764622.685401,-18.259843,-250.219433,20102.910419
23772662.138271,-18.036899,-251.638904,46964.235565
23780701.591142,-17.939124,-248.538696,73655.851551
23788741.044012,-17.605766,-248.699179,100086.549648
23796780.496883,-17.553724,-249.641315,126166.012719
23804819.949753,-17.468429,-250.654146,151805.123843
23812859.402624,-17.176492,-253.055765,176916.270838
23820898.855495,-17.035607,-252.890909,201413.645645
23828938.308365,-16.923312,-252.544522,225213.537543
23836977.761236,-17.016091,-253.525023,248234.619203
23845017.214106,-16.657656,-254.428558,270398.224591
23853056.666977,-16.514098,-256.060096,291628.617780
23861096.119847,-16.530298,-257.767764,311853.251753
23869135.572718,-16.405229,-260.793785,331003.016301
23877175.025589,-16.253750,-258.103865,349012.474185
23885214.478459,-16.110013,-260.801127,365820.084742
23893253.931330,-16.007234,-262.243093,381368.414178
23901293.384200,-15.998465,-264.478769,395604.331827
23909332.837071,-15.777594,-263.790243,408479.191704
23917372.289941,-15.906857,-263.970553,419948.998736
23925411.742812,-15.779023,-265.265688,429974.559099
23933451.195683,-15.767008,-269.125429,438521.614148
23941490.648553,-15.870433,-269.006501,445560.957481
23949530.101424,-15.677185,-270.453286,451068.534748
23957569.554294,-15.728186,-273.073865,455025.525838
23965609.007165,-15.684329,-273.350815,457418.409198
23973648.460035,-15.682895,-276.647480,458239.008033
23981687.912906,-15.669094,-277.209274,457484.518251
23989727.365776,-15.666075,-278.524195,455157.518042
23997766.818647,-15.799091,-280.110684,451265.959069
24005806.271518,-15.869438,-282.303373,445823.139294
24013845.724388,-15.927535,-284.043139,438847.657542
24021885.177259,-16.100683,-283.975773,430363.349943
24029924.630129,-16.015780,-286.415462,420399.208480
24037964.083000,-16.111247,-285.554435,408989.281923
24046003.535870,-16.132865,-287.130346,396172.559477
24054042.988741,-16.285003,-289.881571,381992.837550
24062082.441612,-16.268978,-289.696350,366498.570101
24070121.894482,-16.626822,-291.980111,349742.703057
24078161.347353,-16.470881,-293.324591,331782.493400
24086200.800223,-16.866952,-294.377285,312679.313503
24094240.253094,-16.864766,-293.186699,292498.441422
24102279.705964,-17.047538,-296.302868,271308.837823
24110319.158835,-17.149567,-295.247537,249182.910342
24118358.611706,-17.289575,-294.798703,226196.266154
24126398.064576,-17.517741,-297.516559,202427.453616
24134437.517447,-17.739808,-295.951688,177957.693856
24142476.970317,-17.848281,-297.190786,152870.603230
24150516.423188,-18.046589,-299.005536,127251.907593
24158555.876058,-18.141488,-299.012002,101189.149364
24166595.328929,-18.281654,-300.338544,74771.388383
24174634.781800,-18.485415,-298.671941,48088.897579
24182674.234670,-18.556382,-298.956682,21232.854497
24190713.687541,-19.015349,-299.927621,-5704.970265
24198753.140411,-19.028922,-298.164385,-32632.526652
24206792.593282,-19.385343,-303.216358,-59457.799698
24214832.046152,-19.221196,-299.945714,-86089.123950
24222871.499023,-19.512098,-299.309302,-112435.496707
24230910.951894,-19.703198,-300.136962,-138406.888981
24238950.404764,-19.771315,-298.405817,-163914.553142
24246989.857635,-20.006560,-299.306721,-188871.326181
24255029.310505,-20.152107,-298.789580,-213191.927553
24263068.763376,-20.298163,-297.472965,-236793.250598
24271108.216246,-20.594022,-298.535943,-259594.646519
24279147.669117,-20.577055,-297.691189,-281518.199979
24287187.121988,-20.861742,-296.034855,-302488.995340
24295226.574858,-20.889308,-295.029829,-322435.372663
24303266.027729,-20.962651,-294.200113,-341289.172579
24311305.480599,-21.264133,-292.740644,-358985.969199
24319344.933470,-21.280174,-290.795380,-375465.290264
24327384.386340,-21.347773,-291.486049,-390670.823788
24335423.839211,-21.505185,-289.449362,-404550.610483
24343463.292082,-21.607206,-287.983050,-417057.221310
24351502.744952,-21.637773,-286.523763,-428147.919551
24359542.197823,-21.615621,-285.704384,-437784.806846
24367581.650693,-21.696493,-284.008747,-445934.952696
24375621.103564,-21.687807,-283.681249,-452570.506991
24383660.556434,-21.727363,-282.675026,-457668.795179
24391700.009305,-21.650811,-281.634010,-461212.395744
24399739.462175,-21.773630,-280.745377,-463189.199742
24407778.915046,-21.776714,-278.819729,-463592.452176
24415818.367917,-21.790416,-277.595628,-462420.775080
24423857.820787,-21.773228,-277.346413,-459678.172228
24431897.273658,-21.951531,-273.517186,-455374.015450
24439936.726528,-21.810244,-274.184221,-449523.012610
24447976.179399,-21.717270,-273.535804,-442145.157349
24456015.632269,-21.760674,-271.052589,-433265.660756
24464055.085140,-21.734594,-270.792172,-422914.865230
24472094.538011,-21.525771,-267.350656,-411128.140785
24480133.990881,-21.405720,-270.466028,-397945.764195
24488173.443752,-21.371635,-266.832288,-383412.781357
24496212.896622,-21.110373,-268.418103,-367578.853366
24504252.349493,-21.036501,-263.759266,-350498.086815
24512291.802363,-21.151342,-265.535618,-332228.848910
24520331.255234,-20.948497,-264.533835,-312833.568013
24528370.708105,-20.747484,-262.508545,-292378.520327
24536410.160975,-20.622587,-260.935988,-270933.603413
24544449.613846,-20.508895,-259.485674,-248572.097345
24552489.066716,-20.419526,-261.086694,-225370.414301
24560528.519587,-20.265403,-261.427878,-201407.837453
24568567.972457,-20.116202,-259.549958,-176766.250048
24576607.425328,-20.009902,-258.148731,-151529.855598
24584646.878199,-19.865785,-258.490688,-125784.890150
24592686.331069,-19.647115,-257.953660,-99619.327603
24600725.783940,-19.524352,-260.098170,-73122.579092
24608765.236810,-19.264782,-260.979198,-46385.187458
24616804.689681,-19.224994,-258.562989,-19498.517849
24624844.142551,-18.768014,-256.712846,7445.554484
24632883.595422,-18.694270,-260.773895,34354.958135
24640923.048293,-18.645647,-260.142831,61137.740169
24648962.501163,-18.453897,-259.727305,87702.380331
24657001.954034,-18.299019,-259.683366,113958.103787
24665041.406904,-18.256782,-260.377519,139815.191310
24673080.859775,-18.035890,-259.879858,165185.285865
24681120.312645,-17.686006,-263.653879,189981.694534
24689159.765516,-17.824936,-261.908265,214119.684762
24697199.218387,-17.642181,-263.310190,237516.773890
24705238.671257,-17.377855,-263.237621,260093.011020
24713278.124128,-17.277512,-265.198628,281771.250208
24721317.576998,-17.098093,-266.531256,302477.414087
24729357.029869,-17.014052,-268.225371,322140.747001
24737396.482739,-16.999919,-269.309102,340694.056780
24745435.935610,-16.874959,-269.103379,358073.944346
24753475.388481,-16.891909,-269.415128,374221.020363
24761514.841351,-16.726062,-272.465570,389080.108167
24769554.294222,-16.611493,-270.957847,402600.432321
24777593.747092,-16.646416,-274.124118,414735.792117
24785633.199963,-16.598546,-278.183111,425444.719449
24793672.652833,-16.443087,-278.580461,434690.620519
24801712.105704,-16.373514,-279.149746,442441.900879
24809751.558574,-16.228556,-280.927913,448672.073393
24817791.011445,-16.497091,-279.674565,453359.848752
24825830.464316,-16.381932,-282.865936,456489.208217
24833869.917186,-16.422063,-283.037152,458049.458357
24841909.370057,-16.491209,-286.136763,458035.267597
24849948.822927,-16.431294,-285.891468,456446.684426
24857988.275798,-16.396880,-287.049510,453289.137242
24866027.728668,-16.669924,-289.995711,448573.415793
24874067.181539,-16.521056,-291.894987,442315.634314
24882106.634410,-16.589937,-290.870002,434537.176460
24890146.087280,-16.652112,-294.240452,425264.622234
24898185.540151,-16.731096,-293.624459,414529.657161
24906224.993021,-16.834564,-298.050910,402368.964014
24914264.445892,-16.945543,-299.048702,388824.097466
24922303.898762,-17.030927,-298.937051,373941.342091
24930343.351633,-17.202659,-300.470611,357771.554200
24938382.804504,-17.293846,-303.739795,340369.988066
24946422.257374,-17.388584,-299.882483,321796.107105
24954461.710245,-17.601964,-303.231708,302113.380688
24962501.163115,-17.848465,-303.992441,281389.067254
24970540.615986,-17.642972,-305.322538,259693.984480
24978580.068856,-17.974428,-306.611770,237102.267292
24986619.521727,-18.104794,-310.337739,213691.114527
24994658.974598,-18.271567,-307.998337,189540.525144
25002698.427468,-18.504229,-309.120743,164733.024851
25010737.880339,-18.637402,-310.373871,139353.384108
25018777.333209,-18.711057,-307.356277,113488.328452
25026816.786080,-18.929201,-309.516688,87226.242147
25034856.238950,-19.175616,-311.969957,60656.866162
25042895.691821,-19.399574,-310.077785,33870.991514
25050935.144692,-19.396223,-311.444104,6960.149026
25058974.597562,-19.659654,-308.768941,-19983.703449
25067014.050433,-19.855241,-308.888422,-46868.495259
25075053.503303,-19.922293,-311.985020,-73602.357569
25083092.956174,-19.994622,-308.927616,-100093.937289
25091132.409044,-20.326516,-309.228026,-126252.709243
25099171.861915,-20.478752,-311.931988,-151989.285499
25107211.314786,-20.789714,-309.207170,-177215.720824
25115250.767656,-20.706880,-309.348475,-201845.813206
25123290.220527,-20.938186,-308.119804,-225795.398409
25131329.673397,-21.264412,-305.610437,-248982.637582
25139369.126268,-21.378607,-307.002828,-271328.296911
25147408.579138,-21.348054,-306.218168,-292756.018366
25155448.032009,-21.598354,-303.462545,-313192.580633
25163487.484880,-21.754645,-303.258738,-332568.149317
25171526.937750,-21.785046,-303.377731,-350816.515578
25179566.390621,-21.874230,-301.864416,-367875.322370
25187605.843491,-21.965793,-300.989095,-383686.277530
25195645.296362,-21.950352,-299.420699,-398195.352965
25203684.749232,-22.261536,-299.107105,-411352.969274
25211724.202103,-22.346034,-297.387741,-423114.165170
25219763.654973,-22.357486,-297.804591,-433438.751114
25227803.107844,-22.405898,-296.380355,-442291.446651
25235842.560715,-22.411999,-291.303247,-449642.000968
25243882.013585,-22.522411,-292.706130,-455465.296265
25251921.466456,-22.395035,-290.616246,-459741.433581
25259960.919326,-22.350484,-290.719611,-462455.800799
25268000.372197,-22.526445,-290.352354,-463599.122573
25276039.825067,-22.388362,-291.330267,-463167.492024
25284079.277938,-22.501006,-286.049860,-461162.384090
25292118.730809,-22.417531,-285.501352,-457590.650484
25300158.183679,-22.398904,-283.456215,-452464.496286
25308197.636550,-22.454799,-281.280285,-445801.438233
25316237.089420,-22.241212,-284.082129,-437624.244862
25324276.542291,-22.254517,-282.394862,-427960.858707
25332315.995161,-22.193404,-278.366385,-416844.300817
25340355.448032,-22.249884,-279.637524,-404312.557918
25348394.900903,-22.082273,-273.663842,-390408.452608
25356434.353773,-21.824476,-273.234882,-375179.497026
25364473.806644,-22.059889,-275.628337,-358677.730495
25372513.259514,-21.815752,-272.747311,-340959.541701
25380552.712385,-21.740893,-274.381642,-322085.476001
25388592.165255,-21.534529,-275.557237,-302120.028539
25396631.618126,-21.443108,-269.802072,-281131.423845
25404671.070997,-21.141709,-272.688798,-259191.382717
25412710.523867,-21.125615,-271.881959,-236374.877133
25420749.976738,-20.870440,-271.033120,-212759.874062
25428789.429608,-20.776559,-269.422609,-188427.069046
25436828.882479,-20.740838,-269.570890,-163459.610448
25444868.335349,-20.474217,-269.774713,-137942.815326
25452907.788220,-20.312569,-271.825430,-111963.877892
25460947.241091,-20.219785,-270.131811,-85611.571558
25468986.693961,-20.021966,-270.473534,-58975.945586
25477026.146832,-19.756183,-267.961211,-32148.017380
25485065.599702,-19.590790,-268.199060,-5219.461463
25493105.052573,-19.474622,-268.742393,21717.703781
25501144.505443,-19.382690,-267.104361,48571.430552
25509183.958314,-19.346893,-269.438822,75249.956167
25517223.411185,-18.956106,-269.713992,101662.116632
25525262.864055,-18.924499,-272.124898,127717.658152
25533302.316926,-18.551273,-269.694866,153327.545551
25541341.769796,-18.544530,-270.882310,178404.266508
25549381.222667,-18.623749,-270.870400,202862.130602
25557420.675537,-18.331212,-274.050168,226617.562125
25565460.128408,-18.296680,-276.512012,249589.385675
25573499.581278,-18.026591,-272.306877,271699.103540
25581539.034149,-17.980064,-275.865129,292871.163933
25589578.487020,-17.757623,-278.243136,313033.219167
25597617.939890,-17.790334,-279.236843,332116.372875
25605657.392761,-17.756615,-280.576536,350055.415435
25613696.845631,-17.454294,-278.914729,366789.046801
25621736.298502,-17.517493,-279.005151,382260.085977
25629775.751372,-17.472221,-281.495644,396415.666407
25637815.204243,-17.199247,-282.481227,409207.416629
25645854.657114,-17.192126,-286.805701,420591.625566
25653894.109984,-17.092769,-286.390791,430529.391896
25661933.562855,-17.019508,-287.303765,438986.756974
25669973.015725,-17.144098,-290.222591,445934.820884
25678012.468596,-17.020785,-294.032836,451349.841187
25686051.921466,-16.971848,-292.207767,455213.314053
25694091.374337,-17.093910,-294.722909,457512.037492
25702130.827208,-17.063187,-294.282343,458238.156467
25710170.280078,-17.040798,-298.040408,457389.189734
25718209.732949,-17.164566,-299.774871,454968.038324
25726249.185819,-17.073149,-299.520116,450982.975626
25734288.638690,-17.131697,-301.819484,445447.619118
25742328.091560,-17.277346,-302.150234,438380.883834
25750367.544431,-17.223854,-303.564173,429806.917730
25758406.997302,-17.572581,-304.217109,419755.019164
25766446.450172,-17.589767,-305.903605,408259.536782
25774485.903043,-17.345814,-307.171814,395359.752145
25782525.355913,-17.696350,-309.865319,381099.745496
25790564.808784,-17.885316,-310.290250,365528.245136
25798604.261654,-17.766026,-312.698238,348698.460909
25806643.714525,-18.036291,-313.781862,330667.902379
25814683.167396,-18.178470,-310.893749,311498.182313
25822722.620266,-18.127626,-313.386262,291254.806141
25830762.073137,-18.426666,-317.010863,270006.948115
25838801.526007,-18.545429,-317.090937,247827.214934
25846840.978878,-18.691843,-315.465329,224791.397634
25854880.431748,-18.757588,-317.224117,200978.212603
25862919.884619,-19.053297,-317.937838,176469.032595
25870959.337490,-19.215428,-319.177450,151347.608669
25878998.790360,-19.272984,-319.502950,125699.784004
25887038.243231,-19.561959,-318.376451,99613.200555
25895077.696101,-19.756916,-320.516959,73176.999576
25903117.148972,-19.773924,-320.608487,46481.517009
25911156.601842,-20.131343,-320.038612,19617.974793
25919196.054713,-20.285814,-322.263437,-7321.830850
25927235.507584,-20.581754,-321.612753,-34245.843094
25935274.960454,-20.596875,-319.458320,-61062.059084
25943314.413325,-20.753520,-320.275829,-87678.844318
25951353.866195,-20.862847,-321.873799,-114005.245775
25959393.319066,-21.133415,-321.077785,-139951.302712
25967432.771936,-21.059143,-320.713093,-165428.354073
25975472.224807,-21.513812,-318.134529,-190349.341457
25983511.677677,-21.493120,-316.039315,-214629.106604
25991551.130548,-21.663918,-317.201059,-238184.682395
25999590.583419,-21.714907,-317.720623,-260935.576360
26007630.036289,-21.893980,-316.951126,-282804.045731
26015669.489160,-22.110947,-315.871256,-303715.363100
26023708.942030,-22.257625,-313.052994,-323598.071774
26031748.394901,-22.391674,-313.129497,-342384.229946
26039787.847771,-22.567348,-313.380082,-360009.642868
26047827.300642,-22.466465,-308.739323,-376414.082210
26055866.753513,-22.826373,-309.794646,-391541.491864
26063906.206383,-22.830916,-308.036880,-405340.179503
26071945.659254,-22.946849,-308.865039,-417762.993215
26079985.112124,-23.014140,-305.429260,-428767.482625
26088024.564995,-23.035452,-305.050089,-438316.043962
26096064.017865,-23.069272,-308.540195,-446376.048547
26104103.470736,-23.234099,-304.745970,-452919.954297
26112142.923607,-23.170202,-302.478235,-457925.399831
26120182.376477,-23.013046,-302.038757,-461375.280890
26128221.829348,-23.226205,-300.249242,-463257.808784
26136261.282218,-23.270358,-296.088666,-463566.550667
26144300.735089,-23.079405,-297.606003,-462300.451530
26152340.187959,-23.098420,-297.828921,-459463.837797
26160379.640830,-23.151149,-295.852953,-455066.402547
26168419.093701,-23.165359,-294.206227,-449123.172389
26176458.546571,-23.020227,-291.513071,-441654.456115
26184497.999442,-22.942797,-289.713850,-432685.775300
26192537.452312,-22.889807,-290.850694,-422247.777095
26200576.905183,-22.625628,-288.769458,-410376.129499
26208616.358053,-22.840511,-285.530927,-397111.399478
26216655.810924,-22.713701,-286.341759,-382498.914342
26224695.263795,-22.427769,-286.394346,-366588.606856
26232734.716665,-22.331633,-284.301004,-349434.844611
26240774.169536,-22.384522,-287.257632,-331096.244248
26248813.622406,-22.327803,-284.003234,-311635.471153
26256853.075277,-22.114992,-279.805504,-291119.025321
26264892.528147,-21.929321,-280.469313,-269617.014119
26272931.981018,-21.790560,-282.636560,-247202.912720
26280971.433889,-21.717638,-280.117814,-223953.313027
26289010.886759,-21.576447,-280.642173,-199947.661950
26297050.339630,-21.546817,-278.307073,-175267.989926
26305089.792500,-21.162204,-279.749553,-149998.630607
26313129.245371,-21.183286,-279.701619,-124225.932684
26321168.698241,-21.019633,-275.100491,-98037.964824
26329208.151112,-20.875708,-277.498781,-71524.214722
26337247.603983,-20.617621,-279.102588,-44775.283316
26345287.056853,-20.253441,-280.488987,-17882.575188
26353326.509724,-20.270588,-277.212848,9062.013777
26361365.962594,-20.169190,-278.541144,35966.410410
26369405.415465,-20.045630,-279.838515,62738.678882
26377444.868335,-19.780726,-278.999776,89287.334867
26385484.321206,-19.677712,-281.631279,115521.658150
26393523.774076,-19.518076,-281.790756,141352.002631
26401563.226947,-19.285117,-281.648353,166690.102659
26409602.679818,-19.271500,-283.279648,191449.374647
26417642.132688,-18.867239,-282.996330,215545.212939
26425681.585559,-18.944455,-284.403720,238895.278916
26433721.038429,-18.757772,-281.508787,261419.782363
26441760.491300,-18.591192,-285.773508,283041.754119
26449799.944170,-18.569417,-286.789729,303687.309089
26457839.397041,-18.380449,-286.917556,323285.898723
26465878.849912,-18.330412,-288.630863,341770.552090
26473918.302782,-18.286390,-288.760080,359078.104721
26481957.755653,-18.184353,-290.367777,375149.414454
26489997.208523,-17.968718,-292.249215,389929.563532
26498036.661394,-18.115815,-295.449938,403368.046260
26506076.114264,-17.808248,-294.773601,415418.941593
26514115.567135,-17.875972,-296.065151,426041.070052
26522155.020006,-17.825533,-297.634829,435198.134441
26530194.472876,-17.773988,-297.567706,442858.843878
26538233.925747,-17.867100,-298.325130,448997.020722
26546273.378617,-17.722420,-301.030987,453591.690023
26554312.831488,-17.852974,-305.120352,456627.151197
26562352.284358,-17.434219,-304.609922,458093.031679
26570391.737229,-17.752955,-306.019217,457984.322363
26578431.190100,-17.768217,-307.211255,456301.394724
26586470.642970,-17.669012,-308.190980,453049.999546
26594510.095841,-17.890789,-310.539627,448241.247267
26602549.548711,-17.865569,-312.162111,441891.570022
26610589.001582,-17.826124,-314.759310,434022.665484
26618628.454452,-17.883340,-314.956946,424661.422724
26626667.907323,-17.946085,-317.017625,413839.830330
26634707.360194,-18.017734,-317.344865,401594.867090
26642746.813064,-18.294582,-319.530950,387968.375639
26650786.265935,-18.412220,-319.987772,373006.919473
26658825.718805,-18.350241,-320.273781,356761.623835
26666865.171676,-18.588285,-323.491343,339288.001017
26674904.624546,-18.647432,-321.738476,320645.760664
26682944.077417,-18.689541,-323.881325,300898.605738
26690983.530288,-18.990402,-326.274922,280114.014839
26699022.983158,-19.156769,-323.986155,258363.011621
26707062.436029,-19.223672,-327.540363,235719.922096
26715101.888899,-19.538976,-328.673943,212262.120647
26723141.341770,-19.802987,-329.276456,188069.765639
26731180.794640,-19.721274,-330.779623,163225.525498
26739220.247511,-19.930457,-330.148572,137814.296228
26747259.700382,-19.938196,-329.472498,111922.911309
26755299.153252,-20.215038,-330.937759,85639.844975
26763338.606123,-20.537417,-331.839264,59054.909887
26771378.058993,-20.617061,-330.028410,32258.950229
26779417.511864,-20.779596,-331.215963,5343.531286
26787456.964734,-21.106345,-330.138641,-21599.373451
26795496.417605,-21.062214,-333.313979,-48477.696568
26803535.870475,-21.349140,-329.984243,-75199.591334
26811575.323346,-21.359202,-328.624153,-101673.745555
26819614.776217,-21.723528,-328.507485,-127809.693598
26827654.229087,-21.945655,-328.656142,-153518.125526
26835693.681958,-22.009561,-327.638928,-178711.192278
26843733.134828,-22.105375,-330.079965,-203302.805865
26851772.587699,-22.277687,-329.458604,-227208.933540
26859812.040569,-22.360490,-330.311800,-250347.884952
26867851.493440,-22.669040,-326.322658,-272640.591290
26875890.946311,-22.752216,-324.396470,-294010.875475
26883930.399181,-22.778925,-323.977362,-314385.712461
26891969.852052,-22.982823,-325.308821,-333695.478778
26900009.304922,-23.253669,-323.883129,-351874.190439
26908048.757793,-23.139915,-319.928615,-368859.728420
26916088.210663,-23.430949,-321.330456,-384594.050924
26924127.663534,-23.406181,-319.855254,-399023.391724
26932167.116405,-23.482070,-318.276601,-412098.443882
26940206.569275,-23.649554,-318.922508,-423774.528241
26948246.022146,-23.654354,-316.140813,-434011.746103
26956285.475016,-23.711869,-315.946821,-442775.115560
26964324.927887,-23.728739,-315.183535,-450034.691037
26972364.380757,-23.681349,-312.195089,-455765.665620
26980403.833628,-23.768628,-311.363529,-459948.455821
26988443.286499,-23.770061,-311.886061,-462568.768503
26996482.739369,-23.680409,-309.530237,-463617.649715
27004522.192240,-23.764885,-307.498566,-463091.515295
27012561.645110,-23.733442,-306.446319,-460992.163111
27020601.097981,-23.705578,-306.201485,-457326.766923
27028640.550851,-23.774395,-306.672221,-452107.851868
27036680.003722,-23.549851,-303.545021,-445353.251658
27044719.456593,-23.759389,-303.101759,-437086.047642
27052758.909463,-23.657186,-298.048066,-427334.489931
27060798.362334,-23.727048,-299.297596,-416131.900870
27068837.815204,-23.617106,-298.715227,-403516.561163
27076877.268075,-23.514068,-296.847255,-389531.579070
27084916.720945,-23.224974,-296.621365,-374224.743095
27092956.173816,-23.091626,-296.074267,-357648.358690
27100995.626687,-22.961162,-291.436336,-339859.069519
27109035.079557,-22.950059,-291.713822,-320917.663901
27117074.532428,-22.920288,-290.669644,-300888.867084
27125113.985298,-22.694183,-291.066050,-279841.120076
27133153.438169,-22.477979,-292.874659,-257846.345770
27141192.891039,-22.436761,-290.018428,-234979.703173
27149232.343910,-22.314272,-291.054012,-211319.330581
27157271.796780,-22.243022,-288.446662,-186946.078568
27165311.249651,-22.091074,-290.277364,-161943.233711
27173350.702522,-21.880837,-289.681492,-136396.233987
27181390.155392,-21.662339,-285.012218,-110392.376821
27189429.608263,-21.558501,-289.241415,-84020.520778
27197469.061133,-21.260552,-289.414013,-57370.781925
27205508.514004,-21.301274,-289.105115,-30534.225892
27213547.966874,-21.122271,-290.360310,-3602.556683
27221587.419745,-20.943563,-288.459183,23332.196679
27229626.872616,-20.740981,-288.498526,50177.994635
27237666.325486,-20.601370,-289.933644,76843.101597
27245705.778357,-20.382218,-289.940768,103236.399423
27253745.231227,-20.347413,-289.227567,129267.698776
27261784.684098,-20.104541,-291.140584,154848.047316
27269824.136968,-19.820745,-293.374083,179890.033661
27277863.589839,-19.873079,-291.987348,204308.086084
27285903.042710,-19.798187,-292.615572,228018.764918
27293942.495580,-19.495160,-293.049785,250941.047686
27301981.948451,-19.388200,-296.534621,272996.605963
27310021.401321,-19.215266,-297.498409,294110.073035
27318060.854192,-19.123881,-297.381900,314209.301434
27326100.307062,-19.017625,-297.898335,333225.609481
27334139.759933,-18.922767,-297.934813,351094.015972
27342179.212804,-18.674563,-296.527310,367753.462238
27350218.665674,-18.562714,-302.390583,383147.020780
27358258.118545,-18.591416,-302.487270,397222.089804
27366297.571415,-18.536467,-302.979459,409930.572966
27374337.024286,-18.614804,-305.776822,421229.043725
27382376.477156,-18.500319,-307.718319,431078.893735
27390415.930027,-18.585056,-307.895002,439446.464774
27398455.382898,-18.526240,-308.634348,446303.163763
27406494.835768,-18.516797,-310.178220,451625.560471
27414534.288639,-18.218483,-314.245013,455395.467572
27422573.741509,-18.489569,-313.496565,457600.002804
27430613.194380,-18.215076,-320.360661,458231.632982
27438652.647250,-18.476924,-316.115334,457288.199745
27446692.100121,-18.391040,-317.838087,454772.926926
27454731.552992,-18.529646,-319.254732,450694.409541
27462771.005862,-18.395721,-322.266286,445066.584413
27470810.458733,-18.406717,-323.732891,437908.682556
27478849.911603,-18.624810,-324.855303,429245.163450
27486889.364474,-18.706337,-325.201560,419105.631471
27494928.817344,-18.656820,-327.344601,407524.734718
27502968.270215,-18.795246,-329.471258,394542.046623
27511007.723086,-18.887049,-329.514454,380201.930724
27519047.175956,-18.958651,-332.451108,364553.389063
27527086.628827,-19.179616,-329.795426,347649.894746
27535126.081697,-19.257057,-331.738550,329549.209213
27543165.534568,-19.385306,-332.602281,310313.184864
27551204.987438,-19.590722,-334.322104,290007.553699
27559244.440309,-19.669103,-334.667507,268701.702705
27567283.893179,-19.882386,-331.423750,246468.436749
27575323.346050,-19.893527,-335.486918,223383.729796
27583362.798921,-20.200497,-337.677489,199526.465296
27591402.251791,-20.311904,-337.961077,174978.166629
27599441.704662,-20.653495,-340.469806,149822.718528
27607481.157532,-20.696068,-339.011883,124146.080434
27615520.610403,-20.774203,-340.033023,98035.992766
27623560.063273,-21.068798,-339.791041,71581.677091
27631599.516144,-21.234658,-341.473402,44873.531252
27639638.969015,-21.389748,-339.654502,18002.820462
27647678.421885,-21.585786,-341.044866,-8938.634562
27655717.874756,-21.898517,-340.046604,-35858.771359
27663757.327626,-21.944209,-341.692429,-62665.600316
27671796.780497,-21.931404,-340.212224,-89267.519008
27679836.233367,-22.413789,-339.159165,-115573.625214
27687875.686238,-22.410635,-339.484200,-141494.027544
27695915.139109,-22.582600,-338.850937,-166940.152606
27703954.591979,-22.712525,-338.178860,-191825.047679
27711994.044850,-22.848484,-337.378853,-216063.677834
27720033.497720,-23.109018,-337.633757,-239573.216516
27728072.950591,-23.149993,-336.452319,-262273.328570
27736112.403461,-23.427570,-335.205562,-284086.444757
27744151.856332,-23.487588,-335.067308,-304938.026818
27752191.309203,-23.670068,-334.391324,-324756.822182
27760230.762073,-23.639858,-333.534796,-343475.107444
27768270.214944,-23.911482,-333.072362,-361028.919785
27776309.667814,-23.815380,-330.197253,-377358.275543
27784349.120685,-24.137965,-332.769102,-392407.375183
27792388.573555,-24.188595,-330.186714,-406124.793971
27800428.026426,-24.180886,-328.010278,-418463.657702
27808467.479297,-24.259222,-326.561130,-429381.802870
27816506.932167,-24.273749,-326.057681,-438841.920753
27824546.385038,-24.451167,-325.980069,-446811.684894
27832585.837908,-24.501418,-325.108927,-453263.861573
27840625.290779,-24.558568,-322.665174,-458176.402861
27848664.743649,-24.497076,-322.356446,-461532.521964
27856704.196520,-24.532244,-319.718623,-463320.750588
27864743.649391,-24.584691,-317.843253,-463534.978122
27872783.102261,-24.525829,-316.821708,-462174.472522
27880822.555132,-24.564617,-314.243693,-459243.882813
27888862.008002,-24.399889,-313.679793,-454753.223203
27896901.460873,-24.387591,-315.262929,-448717.838859
27904940.913743,-24.436916,-314.130951,-441158.353476
27912980.366614,-24.318493,-310.945503,-432100.598800
27921019.819485,-24.370870,-307.775903,-421575.526357
27929059.272355,-24.260517,-309.787171,-409619.101693
27937098.725226,-24.127910,-307.752093,-396272.181465
27945138.178096,-24.105345,-305.714104,-381580.373841
27953177.630967,-23.812192,-303.097260,-365593.882638
27961217.083837,-23.778580,-302.731609,-348367.335779
27969256.536708,-23.593956,-303.813631,-329959.598619
27977295.989578,-23.658378,-302.542791,-310433.572792
27985335.442449,-23.310320,-301.744065,-289855.981271
27993374.895320,-23.146113,-302.080961,-268297.140367
28001414.348190,-23.297332,-299.200954,-245830.719446
28009453.801061,-23.016267,-300.225606,-222533.489195
28017493.253931,-22.883962,-302.597696,-198485.059283
28025532.706802,-22.796432,-298.898491,-173767.606327
28033572.159672,-22.605949,-300.333422,-148465.593082
28041611.612543,-22.475091,-299.131469,-122665.479823
28049651.065414,-22.133124,-297.106484,-96455.428896
28057690.518284,-22.040309,-297.578241,-69925.003460
28065729.971155,-22.059349,-297.190099,-43164.861432
28073769.424025,-21.839007,-301.207963,-16266.445703
28081808.876896,-21.624127,-298.655687,10678.328338
28089848.329766,-21.524237,-299.171779,37577.386888
28097887.782637,-21.308047,-299.857314,64338.812363
28105927.235508,-21.134472,-297.979366,90871.157485
28113966.688378,-21.018700,-299.951601,117083.757776
28122006.141249,-20.701609,-300.011223,142887.041368
28130045.594119,-20.872905,-302.787859,168192.835081
28138085.046990,-20.346483,-298.196811,192914.665721
28146124.499860,-20.422797,-302.156668,216968.055573
28154163.952731,-20.209015,-304.439403,240270.811074
28162203.405602,-20.091720,-304.134980,262743.303671
28170242.858472,-19.907152,-303.696590,284308.741931
28178282.311343,-19.704181,-306.717682,304893.433944
28186321.764213,-19.672023,-308.157530,324427.039137
28194361.217084,-19.683683,-307.313621,342842.808635
28202400.669954,-19.397767,-308.709128,360077.813358
28210440.122825,-19.588691,-311.534964,376073.159048
28218479.575696,-19.306362,-311.160423,390774.187528
28226519.028566,-19.467318,-313.880127,404130.663467
28234558.481437,-19.265683,-314.259032,416096.946049
28242597.934307,-19.115769,-315.770554,426632.144928
28250637.387178,-19.233416,-316.494019,435700.259957
28258676.840048,-19.168732,-318.380268,443270.304205
28266716.292919,-19.051098,-320.451175,449316.409847
28274755.745790,-19.145384,-319.059581,453817.916551
28282795.198660,-19.096978,-322.923237,456759.442083
28290834.651531,-18.984184,-325.900763,458130.934868
28298874.104401,-19.021734,-324.866386,457927.708335
28306913.557272,-19.095485,-330.060095,456150.456937
28314953.010142,-18.952042,-327.422306,452805.253772
28322992.463013,-19.231488,-330.172025,447903.529837
28331031.915884,-19.147085,-330.754662,441462.034958
28339071.368754,-19.333511,-334.868993,433502.780564
28347110.821625,-19.316032,-331.690934,424052.964464
28355150.274495,-19.607529,-336.218317,413144.877909
28363189.727366,-19.371532,-336.762684,400815.795252
28371229.180236,-19.641599,-339.856885,387107.846574
28379268.633107,-19.834293,-340.806803,372067.873720
28387308.085977,-19.768895,-338.782823,355747.270237
28395347.538848,-20.092182,-342.443936,338201.805752
28403386.991719,-20.071492,-343.433072,319491.435402
28411426.444589,-20.353520,-343.562616,299680.094958
28419465.897460,-20.152059,-344.877768,278835.482353
28427505.350330,-20.475749,-345.170677,257028.826340
28435544.803201,-20.553390,-347.597748,234334.643105
28443584.256071,-20.948550,-345.615504,210830.481625
28451623.708942,-20.994719,-346.910835,186596.658682
28459663.161813,-20.900410,-346.857828,161715.984404
28467702.614683,-21.304678,-346.870256,136273.479297
28475742.067554,-21.528448,-349.519449,110356.083713
28483781.520424,-21.607648,-351.552081,84052.360767
28491820.973295,-21.826337,-350.168112,57452.193707
28499860.426165,-21.805478,-348.941183,30646.478768
28507899.879036,-22.068220,-348.706412,3726.814569
28515939.331907,-22.322650,-350.786166,-23214.810893
28523978.784777,-22.366532,-350.163740,-50086.334575
28532018.237648,-22.784182,-347.921856,-76795.932980
28540057.690518,-22.898997,-352.035910,-103252.335933
28548097.143389,-23.129303,-350.133677,-129365.138459
28556136.596259,-23.110062,-346.859606,-155045.109712
28564176.049130,-23.374523,-346.655719,-180204.497886
28572215.502001,-23.422384,-347.042046,-204757.330075
28580254.954871,-23.783378,-345.135659,-228619.706053
28588294.407742,-23.839273,-347.341674,-251710.084975
28596333.860612,-23.914317,-347.895921,-273949.564008
28604373.313483,-24.172653,-347.092324,-295262.147957
28612412.766353,-24.294126,-345.592923,-315575.008947
28620452.219224,-24.364954,-344.482749,-334818.735286
28628491.672095,-24.279770,-342.605738,-352927.568657
28636531.124965,-24.701699,-340.721103,-369839.628815
28644570.577836,-24.731690,-338.642607,-385497.125051
28652610.030706,-24.863756,-339.241506,-399846.553659
28660649.483577,-24.743215,-339.580759,-412838.880775
28668688.936447,-24.999717,-338.436016,-424429.709924
28676728.389318,-25.026121,-335.614169,-434579.433732
28684767.842189,-25.036953,-335.112504,-443253.369274
28692807.295059,-25.088378,-333.967417,-450421.876580
28700846.747930,-25.111154,-332.077639,-456060.459929
28708886.200800,-25.105304,-331.562873,-460149.851546
28716925.653671,-25.184988,-330.576359,-462676.077448
28724965.106541,-25.151706,-328.119157,-463630.505192
28733004.559412,-25.231104,-329.545912,-463009.873374
28741044.012282,-25.220108,-327.332575,-460816.302773
28749083.465153,-25.080832,-323.816288,-457057.289107
28757122.918024,-25.110954,-323.074325,-451745.677414
28765162.370894,-25.061535,-322.937324,-444899.618163
28773201.823765,-24.987880,-320.551857,-436542.505231
28781241.276635,-24.892991,-318.777306,-426702.895960
28789280.729506,-24.952805,-318.723948,-415414.413577
28797320.182376,-24.884498,-317.486951,-402715.632296
28805359.635247,-24.832928,-317.719728,-388649.945507
28813399.088118,-24.627084,-315.752317,-373265.417492
28821438.540988,-24.670687,-314.105188,-356614.619188
28829477.993859,-24.508964,-312.488695,-338754.448541
28837517.446729,-24.469427,-314.393366,-319745.936080
28845556.899600,-24.109905,-314.224199,-299654.036367
28853596.352470,-24.170477,-309.749391,-278547.406041
28861635.805341,-23.991557,-310.359965,-256498.169205
28869675.258212,-23.807673,-310.049646,-233581.670974
28877714.711082,-23.687729,-310.730986,-209876.220005
28885754.163953,-23.526893,-308.468460,-185462.820913
28893793.616823,-23.227988,-309.152457,-160424.897461
28901833.069694,-23.244128,-310.008358,-134848.007495
28909872.522564,-23.057810,-306.047184,-108819.550577
28917911.975435,-22.715405,-306.739520,-82428.469336
28925951.428306,-22.599452,-308.726791,-55764.945532
28933990.881176,-22.565755,-309.555856,-28920.091899
28942030.334047,-22.483358,-309.163214,-1985.640797
28950069.786917,-22.212167,-309.590837,24946.369247
28958109.239788,-22.087638,-307.694046,51783.908046
28966148.692658,-21.801520,-310.250174,78435.268237
28974188.145529,-21.656240,-309.193981,104809.378650
28982227.598400,-21.471560,-310.103138,130816.115515
28990267.051270,-21.415162,-311.477754,156366.610426
28998306.504141,-21.201219,-312.429759,181373.554015
29006345.957011,-21.210741,-309.589104,205751.494298
29014385.409882,-21.039521,-311.862059,229417.128679
29022424.862752,-20.984023,-315.392345,252289.588603
29030464.315623,-20.798456,-314.094928,274290.715896
29038503.768494,-20.486748,-315.040007,295345.329842
29046543.221364,-20.432716,-317.451689,315381.484081
29054582.674235,-20.485048,-317.412521,334330.712467
29062622.127105,-20.217725,-317.636088,352128.263018
29070661.579976,-20.214565,-319.475484,368713.319185
29078701.032846,-20.180400,-321.403192,384029.207673
29086740.485717,-19.939398,-322.139812,398023.592095
29094779.938588,-19.984568,-321.978353,410648.651818
29102819.391458,-19.887171,-325.335517,421861.245369
29110858.844329,-19.727465,-326.811498,431623.057854
29118898.297199,-19.778107,-328.591988,439900.731891
29126937.750070,-19.745837,-327.692588,446665.981587
29134977.202940,-19.750918,-331.482186,451895.689205
29143016.655811,-19.653563,-331.031455,455571.984152
29151056.108681,-19.725863,-333.616708,457682.304049
29159095.561552,-19.750129,-334.560941,458219.437659
29167135.014423,-19.734420,-333.996698,457181.549527
29175174.467293,-19.825537,-337.836437,454572.186251
29183213.920164,-19.802194,-340.025619,450400.264365
29191253.373034,-19.802224,-339.577349,444680.039869
29199292.825905,-19.964875,-343.055941,437431.059516
29207332.278775,-20.003933,-344.785374,428678.094016
29215371.731646,-19.871339,-345.692164,418451.053391
29223411.184517,-20.074605,-346.523830,406784.884772
29231450.637387,-20.080623,-346.811507,393719.452975
29239490.090258,-20.241440,-349.974997,379299.404282
29247529.543128,-20.395701,-349.440383,363574.013879
29255568.995999,-20.496736,-353.487504,346597.017471
29263608.448869,-20.727720,-349.700568,328426.427666
29271647.901740,-20.799708,-352.844493,309124.335737
29279687.354611,-20.815561,-354.103397,288756.699444
29287726.807481,-20.966637,-356.339626,267393.117653
29295766.260352,-21.229530,-354.105248,245106.592506
29303805.713222,-21.416214,-356.487084,221973.279961
29311845.166093,-21.413568,-357.742246,198072.229560
29319884.618963,-21.663446,-359.365516,173485.114305
29327924.071834,-21.843806,-359.293676,148295.951569
29335963.524705,-22.121303,-357.478190,122590.816004
29344002.977575,-22.445627,-358.941545,96457.545404
29352042.430446,-22.258855,-359.509278,69985.440558
29360081.883316,-22.597948,-359.748776,43264.960096
29368121.336187,-22.801847,-357.801608,16387.411380
29376160.789057,-23.151431,-357.995129,-10555.361507
29384200.241928,-23.258362,-359.141778,-37471.291600
29392239.694799,-23.432174,-361.936842,-64268.403662
29400279.147669,-23.352684,-359.640810,-90855.128471
29408318.600540,-23.791862,-357.757939,-117140.615725
29416358.053410,-23.766441,-360.481999,-143035.044493
29424397.506281,-24.043929,-358.836685,-168449.930137
29432436.959151,-24.048001,-358.262528,-193298.426686
29440476.412022,-24.294407,-358.417309,-217495.623589
29448515.864893,-24.370105,-353.789739,-240958.835874
29456555.317763,-24.625162,-357.423426,-263607.886689
29464594.770634,-24.689906,-355.364253,-285365.381278
29472634.223504,-24.890270,-354.195096,-306156.971449
29480673.676375,-25.004751,-353.679121,-325911.609629
29488713.129245,-25.064788,-351.504100,-344561.791649
29496752.582116,-25.166214,-351.129440,-362043.787406
29504792.034987,-25.400177,-352.364155,-378297.858646
29512831.487857,-25.448975,-347.089537,-393268.463090
29520870.940728,-25.384357,-348.486322,-406904.444232
29528910.393598,-25.658861,-346.818859,-419159.206151
29536949.846469,-25.492773,-345.274001,-429990.872727
29544989.299339,-25.628954,-345.667848,-439362.430746
29553028.752210,-25.737813,-344.401039,-447241.856375
29561068.205080,-25.884697,-342.916648,-453602.224588
29569107.657951,-25.843062,-340.404120,-458421.801180
29577147.110822,-26.027683,-340.956091,-461684.117030
29585186.563692,-25.791596,-340.140069,-463378.024380
29593226.016563,-25.817197,-337.288031,-463497.734928
29601265.469433,-25.927079,-337.404443,-462042.839607
29609304.922304,-25.983816,-333.827715,-459018.309984
29617344.375174,-25.720245,-334.197583,-454434.481271
29625383.828045,-25.556855,-331.970508,-448307.017007
29633423.280916,-25.879353,-329.035885,-440656.855536
29641462.733786,-25.677445,-331.106201,-431510.138456
29649502.186657,-25.579801,-327.374476,-420898.121289
29657541.639527,-25.424562,-329.522592,-408857.066682
29665581.092398,-25.436175,-327.337770,-395428.120484
29673620.545268,-25.383851,-326.235407,-380657.171155
29681659.998139,-25.190329,-324.531189,-364594.692952
29689699.451010,-25.043897,-323.101823,-347295.573455
29697738.903880,-25.006256,-323.358118,-328818.926007
29705778.356751,-24.830859,-323.389595,-309227.887719
29713817.809621,-24.680267,-323.357407,-288589.403721
29721857.262492,-24.643770,-318.451053,-266973.998400
29729896.715362,-24.416627,-319.480658,-244455.534411
29737936.168233,-24.458048,-322.766941,-221110.960277
29745975.621104,-24.172767,-320.831164,-197020.047449
29754015.073974,-24.110034,-316.597006,-172265.117713
29762054.526845,-23.889584,-317.537265,-146930.761888
29770093.979715,-23.733095,-318.317642,-121103.550766
29778133.432586,-23.619530,-318.993991,-94871.739293
29786172.885456,-23.490981,-318.526123,-68324.964982
29794212.338327,-23.200273,-317.625206,-41553.941621
29802251.791198,-23.216514,-317.662111,-14650.149281
29810291.244068,-22.978374,-320.640235,12294.478276
29818330.696939,-22.652425,-317.981537,39187.867747
29826370.149809,-22.582391,-319.975084,65938.120920
29834409.602680,-22.485047,-320.121538,92453.828694
29842449.055550,-22.378756,-319.764516,118644.383445
29850488.508421,-22.275180,-318.201157,144420.288634
29858527.961292,-22.041190,-318.596984,169693.464639
29866567.414162,-21.890699,-321.187685,194377.549724
29874606.867033,-21.692505,-322.939218,218388.195157
29882646.319903,-21.508897,-319.875175,241643.353436
29890685.772774,-21.462048,-325.656933,264063.558656
29898725.225644,-21.365669,-324.458970,285572.198055
29906764.678515,-21.232408,-325.957040,306095.773813
29914804.131386,-21.095422,-327.183430,325564.154199
29922843.584256,-21.015729,-327.037067,343910.813221
29930883.037127,-20.861749,-331.325117,361073.057955
29938922.489997,-20.788382,-330.182031,376992.242778
29946961.942868,-20.686369,-330.477031,391613.969760
29955001.395738,-20.516562,-334.657086,404888.274557
29963040.848609,-20.676068,-332.824519,416769.797141
29971080.301479,-20.718619,-336.147515,427217.936802
29979119.754350,-20.539565,-336.448143,436196.990886
29987159.207221,-20.512965,-338.175454,443676.276795
29995198.660091,-20.367243,-340.050944,449630.236836
30003238.112962,-20.311970,-343.268662,454038.525553
30011277.565832,-20.404263,-341.924630,456886.079247
30019317.018703,-20.412504,-347.146931,458163.167459
30027356.471573,-20.427926,-347.838280,457865.426209
30035395.924444,-20.457460,-347.294152,455993.872921
30043435.377315,-20.363470,-349.950854,452554.902934
30051474.830185,-20.519211,-348.948138,447560.267657
30059514.283056,-20.605908,-350.669485,441027.034410
30067553.735926,-20.524392,-354.908954,432977.528100
30075593.188797,-20.869858,-355.811590,423439.254940
30083632.641667,-20.783545,-357.179832,412444.808450
30091672.094538,-20.806880,-356.161845,400031.758088
30099711.547409,-21.029493,-357.862546,386242.520860
30107751.000279,-21.083932,-359.827716,371124.216389
30115790.453150,-21.217259,-358.421939,354728.505887
30123829.906020,-21.360882,-362.953799,337111.415635
30131869.358891,-21.414957,-363.210046,318333.145522
30139908.811761,-21.635299,-363.162582,298457.863343
30147948.264632,-21.768041,-366.793693,277553.485527
30155987.717503,-21.832648,-364.892013,255691.445054
30164027.170373,-21.926249,-365.011631,232946.447364
30172066.623244,-22.128864,-366.213843,209396.215075
30180106.076114,-22.384129,-368.523492,185121.222399
30188145.528985,-22.511895,-366.310003,160204.420146
30196184.981855,-22.751329,-369.568715,134730.952275
30204224.434726,-22.892924,-368.947050,108787.864943
30212263.887597,-22.992994,-370.438799,82463.809057
30220303.340467,-23.097228,-370.995242,55848.737346
30228342.793338,-23.354292,-367.704273,29033.596974
30236382.246208,-23.533667,-368.815972,2110.018769
30244421.699079,-23.724683,-370.165119,-24829.995897
30252461.151949,-23.954287,-370.170515,-51694.389485
30260500.604820,-23.908318,-368.920361,-78391.362864
30268540.057691,-24.215562,-370.339256,-104829.688998
30276579.510561,-24.427044,-370.650738,-130919.024685
30284618.963432,-24.454076,-371.131592,-156570.219268
30292658.416302,-24.663518,-368.615781,-181695.619272
30300697.869173,-24.860159,-368.557871,-206209.367936
30308737.322043,-25.062072,-366.525117,-230027.698587
30316776.774914,-25.015359,-366.803729,-253069.220888
30324816.227784,-25.364682,-365.331755,-275255.198956
30332855.680655,-25.387162,-365.621291,-296509.820415
30340895.133526,-25.636401,-365.215732,-316760.455455
30348934.586396,-25.785551,-362.693732,-335937.905020
30356974.039267,-25.874437,-362.711714,-353976.637267
30365013.492137,-25.938980,-360.505785,-370815.011499
30373052.945008,-26.207853,-359.348087,-386395.488797
30381092.397878,-26.043995,-359.617516,-400664.828643
30389131.850749,-26.257412,-355.055595,-413574.270843
30397171.303620,-26.345325,-357.637127,-425079.702154
30405210.756490,-26.286787,-354.999029,-435141.807015
30413250.209361,-26.300280,-355.962359,-443726.201908
30421289.662231,-26.509343,-355.989652,-450803.552834
30429329.115102,-26.326525,-352.119483,-456349.675565
30437368.567972,-26.311163,-352.870364,-460345.618277
30445408.020843,-26.492264,-349.302789,-462777.726313
30453447.473714,-26.616451,-348.738154,-463637.688844
30461486.926584,-26.649275,-344.509281,-462922.567265
30469526.379455,-26.610871,-345.491156,-460634.805241
30477565.832325,-26.449647,-343.967475,-456782.220351
30485605.285196,-26.590134,-343.690881,-451377.977381
30493644.738066,-26.393805,-341.507718,-444440.543332
30501684.190937,-26.246532,-341.371760,-435993.624319
30509723.643808,-26.262461,-340.991745,-426066.084565
30517763.096678,-26.261711,-339.002721,-414691.847767
30525802.549549,-25.986243,-337.962427,-401909.781172
30533842.002419,-26.275550,-336.305612,-387763.562767
30541881.455290,-26.010659,-333.450937,-372301.532023
30549920.908160,-25.736133,-335.632953,-355576.524711
30557960.361031,-25.797780,-333.687925,-337645.692359
30565999.813902,-25.601872,-334.617171,-318570.306958
30574039.266772,-25.505141,-333.928439,-298415.551584
30582078.719643,-25.369161,-329.977840,-277250.297659
30590118.172513,-25.046832,-329.764158,-255146.869613
30598157.625384,-25.201148,-330.219765,-232180.797739
30606197.078254,-24.931412,-330.734544,-208430.560093
30614236.531125,-24.824655,-329.839352,-183977.314332
30622275.983996,-24.647072,-327.451387,-158904.620381
30630315.436866,-24.401297,-329.283460,-133298.154900
30638354.889737,-24.391977,-329.842129,-107245.418516
30646394.342607,-24.189166,-328.310050,-80835.436822
30654433.795478,-23.907432,-328.807210,-54158.456166
30662473.248348,-24.081744,-329.199777,-27305.635263
30670512.701219,-23.629295,-329.285422,-368.733701
30678552.154090,-23.446401,-327.232749,26560.201622
30686591.606960,-23.400741,-329.246412,53389.151024
30694631.059831,-23.229988,-328.640232,80026.436494
30702670.512701,-22.977650,-329.639421,106381.034956
30710709.965572,-22.830280,-329.474098,132362.889317
30718749.418442,-22.705109,-330.530348,157883.216196
30726788.871313,-22.724036,-330.921806,182854.809313
30734828.324183,-22.371806,-333.297561,207192.337482
30742867.777054,-22.318764,-333.549263,230812.636201
30750907.229925,-22.146222,-332.873878,253634.991832
30758946.682795,-22.121401,-333.449407,275581.417414
30766986.135666,-21.886826,-335.559314,296576.919152
30775025.588536,-21.849043,-336.410908,316549.752684
30783065.041407,-21.827257,-336.067325,335431.668236
30791104.494277,-21.508656,-339.217274,353158.143844
30799143.947148,-21.605600,-339.814257,369668.605832
30807183.400019,-21.548367,-339.952312,384906.635801
30815222.852889,-21.294251,-342.077147,398820.163418
30823262.305760,-21.355506,-342.239790,411361.644349
30831301.758630,-21.209385,-342.628653,422488.222718
30839341.211501,-21.194514,-345.221490,432161.877559
30847380.664371,-21.166835,-348.474499,440349.552734
30855420.117242,-21.101696,-348.186282,447023.269889
30863459.570113,-21.108895,-349.878395,452160.224066
30871499.022983,-21.225952,-349.291946,455742.861621
30879538.475854,-20.992276,-353.006707,457758.940217
30887577.928724,-21.085987,-355.039596,458201.570649
30895617.381595,-21.209048,-355.208708,457069.240393
30903656.834465,-21.102516,-358.323866,454365.818768
30911696.287336,-21.124322,-357.935700,450100.543717
30919735.740207,-21.221664,-362.517548,444287.990242
30927775.193077,-21.314063,-362.523102,436948.020593
30935814.645948,-21.343965,-365.521830,428105.716405
30943854.098818,-21.328222,-364.398737,417791.292980
30951893.551689,-21.653277,-367.141338,406039.996048
30959933.004559,-21.525098,-368.355186,392891.981321
30967972.457430,-21.691791,-369.157563,378392.177276
30976011.910301,-21.783833,-368.102848,362590.131634
30984051.363171,-21.875793,-370.828109,345539.842040
30992090.816042,-22.172803,-372.021469,327299.571556
31000130.268912,-22.134509,-373.064300,307931.649561
31008169.721783,-22.484240,-373.615461,287502.258767
31016209.174653,-22.484201,-376.760714,266081.209062
31024248.627524,-22.462921,-376.757484,243741.698963
31032288.080395,-22.852700,-376.050773,220560.065486
31040327.533265,-23.000796,-378.977229,196615.523290
31048366.986136,-22.960749,-379.407656,171989.893994
31056406.439006,-23.223490,-378.580799,146767.326582
31064445.891877,-23.470612,-378.047203,121034.009850
31072485.344747,-23.652275,-376.777749,94877.877892
31080524.797618,-23.657967,-377.731943,68388.309619
31088564.250489,-23.998254,-380.615585,41655.823334
31096603.703359,-24.004890,-378.925557,14771.767424
31104643.156230,-24.276324,-380.250554,-12171.991790
31112682.609100,-24.216969,-378.073413,-39083.383975
31120722.061971,-24.660614,-381.421604,-65870.449399
31128761.514841,-24.700811,-379.491340,-92441.653170
31136800.967712,-25.056647,-380.858882,-118706.198026
31144840.420582,-25.227903,-378.337132,-144574.334596
31152879.873453,-25.410096,-378.605135,-169957.668089
31160919.326324,-25.413485,-380.102806,-194769.460349
31168958.779194,-25.654864,-377.056593,-218924.926249
31176998.232065,-25.823811,-377.514155,-242341.523419
31185037.684935,-25.869981,-378.407183,-264939.234294
31193077.137806,-26.120354,-374.367730,-286640.839556
31201116.590676,-26.020608,-373.375527,-307372.181992
31209156.043547,-26.233147,-374.328615,-327062.419906
31217195.496418,-26.541907,-372.240731,-345644.269190
31225234.949288,-26.596690,-372.548161,-363054.233245
31233274.402159,-26.637636,-371.613797,-379232.819957
31241313.855029,-26.751130,-369.250036,-394124.744989
31249353.307900,-26.865266,-372.175076,-407679.120693
31257392.760770,-26.861608,-367.462580,-419849.630002
31265432.213641,-26.999434,-366.490479,-430594.684701
31273471.666512,-26.998046,-362.928342,-439877.567539
31281511.119382,-27.020014,-364.690916,-447666.557696
31289550.572253,-27.150217,-362.519426,-453935.039179
31297590.025123,-27.187426,-361.110747,-458661.591770
31305629.477994,-27.306599,-359.709192,-461830.064223
31313668.930864,-27.220323,-357.982154,-463429.629455
31321708.383735,-27.169110,-357.686913,-463454.821544
31329747.836606,-27.053024,-356.460122,-461905.554405
31337787.289476,-27.002801,-353.548104,-458787.122085
31345826.742347,-27.162139,-353.876181,-454110.180674
31353866.195217,-27.191009,-353.685466,-447890.711889
31361905.648088,-27.144614,-351.632522,-440149.968467
31369945.100958,-26.981205,-350.760555,-430914.401534
31377984.553829,-26.994768,-350.940580,-420215.570226
31386024.006700,-26.787841,-348.700664,-408090.033842
31394063.459570,-26.894065,-347.385596,-394579.226920
31402102.912441,-26.697173,-347.033311,-379729.317646
31410142.365311,-26.772659,-344.460667,-363591.050094
31418181.818182,-26.577445,-342.263226,-346219.570826
31426221.271052,-26.375351,-344.754631,-327674.240450
31434260.723923,-26.057676,-341.883446,-308018.430772
31442300.176794,-25.922290,-342.276839,-287319.308256
31450339.629664,-25.789858,-338.676573,-265647.604499
31458379.082535,-25.870777,-339.655080,-243077.374534
31466418.535405,-25.780749,-340.313222,-219685.743777
31474457.988276,-25.592690,-340.311464,-195552.644475
31482497.441146,-25.444911,-341.207467,-170760.542573
31490536.894017,-25.273411,-339.799840,-145394.155911
31498576.346888,-25.185078,-337.755300,-119540.164735
31506615.799758,-24.903655,-338.018168,-93286.915501
31514655.252629,-24.739032,-339.184848,-66724.118979
31522694.705499,-24.635571,-339.273203,-39942.543706
31530734.158370,-24.419648,-339.005644,-13033.705810
31538773.611240,-24.298777,-337.754808,13910.443704
31546813.064111,-24.250287,-338.054708,40797.833169
31554852.516981,-23.954010,-336.872678,67536.584873
31562891.969852,-23.870065,-338.243775,94035.329020
31570931.422723,-23.715140,-338.557600,120203.515951
31578970.875593,-23.479652,-340.436593,145951.725561
31587010.328464,-23.402775,-341.643966,171191.972867
31595049.781334,-23.033284,-340.706247,195838.008657
31603089.234205,-23.118215,-342.094240,219805.614215
31611128.687075,-22.771815,-344.776906,243012.889114
31619168.139946,-22.724287,-342.381841,265380.531072
31627207.592817,-22.559085,-342.604829,286832.106944
31635247.045687,-22.403904,-344.080974,307294.313901
31643286.498558,-22.519738,-346.754737,326697.229918
31651325.951428,-22.344869,-347.212092,344974.552704
31659365.404299,-22.319045,-347.425426,362063.826267
31667404.857169,-22.180266,-349.068900,377906.654333
31675444.310040,-22.111575,-352.056936,392448.899896
31683483.762911,-21.981040,-352.538720,405640.870208
31691523.215781,-21.887121,-355.222036,417437.486590
31699562.668652,-21.942841,-354.776770,427798.438467
31707602.121522,-21.773074,-357.993172,436688.321117
31715641.574393,-21.830231,-358.227534,444076.756654
31723681.027263,-21.761858,-360.584075,449938.497830
31731720.480134,-21.928137,-360.222395,454253.514314
31739759.933005,-21.637719,-362.475886,457007.061131
31747799.385875,-21.655088,-367.631368,458189.729054
31755838.838746,-21.796618,-363.021785,457797.476752
31763878.291616,-21.694580,-365.534606,455831.644603
31771917.744487,-21.761221,-369.222526,452298.950111
31779957.197357,-21.886649,-370.310359,447211.464953
31787996.650228,-21.929388,-370.859423,440586.573728
31796036.103099,-22.209620,-372.575263,432446.914553
31804075.555969,-21.988147,-373.981880,422820.301703
31812115.008840,-22.168890,-376.176593,411739.630568
31820154.461710,-22.240035,-374.448750,399242.765244
31828193.914581,-22.188732,-376.881212,385372.409147
31836233.367451,-22.470672,-379.238940,370175.959090
31844272.820322,-22.364924,-381.367971,353705.343323
31852312.273193,-22.523684,-382.238834,336016.844083
31860351.726063,-22.787318,-382.415039,317170.905278
31868391.178934,-22.734506,-384.081375,297231.925933
31876430.631804,-23.158948,-384.910857,276268.040137
31884470.084675,-23.242006,-384.357650,254350.884219
31892509.537545,-23.278323,-386.663110,231555.351955
31900548.990416,-23.494166,-388.398805,207959.338647
31908588.443286,-23.734309,-389.198967,183643.474945
31916627.896157,-23.767715,-386.191447,158690.851322
31924667.349028,-24.038477,-388.172045,133186.734143
31932706.801898,-24.245519,-390.228991,107218.274297
31940746.254769,-24.335373,-388.244163,80874.209393
31948785.707639,-24.649194,-389.240611,54244.560532
31956825.160510,-24.848015,-389.423850,27420.324692
31964864.613380,-24.939464,-388.261811,493.163780
31972904.066251,-25.138103,-390.320167,-26444.908588
31980943.519122,-25.325092,-391.454925,-53301.841511
31988982.971992,-25.385158,-388.899711,-79985.861353
31997022.424863,-25.538787,-388.838216,-106405.785341
32005061.877733,-25.709566,-390.759787,-132471.333156
32013101.330604,-25.989594,-386.672350,-158093.435425
32021140.783474,-26.113049,-388.394912,-183184.538089
32029180.236345,-26.323940,-389.313208,-207658.901582
32037219.689216,-26.324913,-385.969095,-231432.893818
32045259.142086,-26.540717,-385.938699,-254425.275968
32053298.594957,-26.583574,-384.459284,-276557.480068
32061338.047827,-26.722056,-385.891126,-297753.877495
32069377.500698,-26.798286,-382.912810,-317942.037399
32077416.953568,-27.120665,-383.483486,-337052.974208
32085456.406439,-27.084240,-383.154321,-355021.383362
32093495.859310,-27.116627,-380.437848,-371785.864467
32101535.312180,-27.382239,-381.917579,-387289.131109
32109574.765051,-27.594468,-381.639214,-401478.206606
32117614.217921,-27.670822,-376.749756,-414304.605038
32125653.670792,-27.529551,-378.617506,-425724.496933
32133693.123662,-27.617301,-372.327406,-435698.859033
32141732.576533,-27.858527,-373.201865,-444193.607643
32149772.029404,-27.776689,-373.564182,-451179.715101
32157811.482274,-27.777563,-370.791064,-456633.308969
32165850.935145,-27.741058,-370.677641,-460535.753605
32173890.388015,-27.764162,-367.685129,-462873.713848
32181929.840886,-27.807696,-368.039866,-463639.200584
32189969.293756,-27.742395,-368.966381,-462829.598044
32198008.746627,-27.954100,-366.588266,-460447.672747
32206048.199498,-27.874578,-366.840452,-456501.564041
32214087.652368,-27.678021,-363.339601,-451004.756293
32222127.105239,-27.761028,-361.337038,-443976.032811
32230166.558109,-27.624834,-363.381697,-435439.411659
32238206.010980,-27.757853,-357.266629,-425424.063583
32246245.463850,-27.561375,-358.836702,-413964.212331
32254284.916721,-27.559524,-356.426390,-401099.017708
32262324.369592,-27.355754,-354.598322,-386872.441759
32270363.822462,-27.273233,-356.110047,-371333.098547
32278403.275333,-27.267644,-354.408703,-354534.088030
32286442.728203,-26.947286,-351.860615,-336532.814617
32294482.181074,-27.062225,-350.515431,-317390.791002
32302521.633944,-26.747659,-351.095126,-297173.427973
32310561.086815,-26.587661,-349.336580,-275949.810892
32318600.539685,-26.592793,-348.639324,-253792.463622
32326639.992556,-26.406888,-347.956122,-230777.100705
32334679.445427,-26.339447,-350.633424,-206982.368634
32342718.898297,-26.263613,-349.455198,-182489.577105
32350758.351168,-26.074109,-349.089084,-157382.421178
32358797.804038,-25.827511,-348.950153,-131746.695274
32366837.256909,-25.811463,-348.359967,-105670.000007
32374876.709779,-25.647983,-348.795596,-79241.442840
32382916.162650,-25.273851,-349.875847,-52551.333595
32390955.615521,-25.192970,-349.499946,-25690.875851
32398995.068391,-24.847106,-348.142245,1248.144709
32407034.521262,-24.748357,-350.111448,28173.673945
32415073.974132,-24.929736,-346.879019,54993.703816
32423113.427003,-24.529605,-351.641544,81616.586788
32431152.879873,-24.553834,-349.692104,107951.349003
32439192.332744,-24.253292,-349.777763,133908.001148
32447231.785615,-24.073937,-351.311475,159397.845964
32455271.238485,-23.945888,-349.322049,184333.781330
32463310.691356,-23.799264,-352.639937,208630.597908
32471350.144226,-23.691977,-355.913703,232205.270313
32479389.597097,-23.380220,-352.774555,254977.240817
32487429.049967,-23.449786,-354.484738,276868.694634
32495468.502838,-23.209158,-354.553467,297804.825813
32503507.955709,-23.079848,-357.578044,317714.092868
32511547.408579,-22.901118,-356.285586,336528.463241
32519586.861450,-22.957838,-359.249539,354183.645779
32527626.314320,-22.780348,-360.850420,370619.310423
32535665.767191,-22.722871,-360.735494,385779.294367
32543705.220061,-22.778654,-362.094259,399611.793971
32551744.672932,-22.674871,-363.974421,412069.541784
32559784.125803,-22.681908,-363.739564,423109.968058
32567823.578673,-22.456315,-365.776242,432695.346218
32575863.031544,-22.361329,-368.302875,440792.921781
32583902.484414,-22.492384,-369.930122,447375.024274
32591941.937285,-22.432179,-369.505063,452419.161799
32599981.390155,-22.557421,-370.612578,455908.097878
32608020.843026,-22.282036,-372.477459,457829.910363
32616060.295897,-22.511785,-373.800634,458178.032171
32624099.748767,-22.371518,-377.587804,456951.273724
32632139.201638,-22.416584,-378.553158,454153.827016
32640178.654508,-22.310784,-379.321286,449795.251286
32648218.107379,-22.542637,-381.464670,443890.440355
32656257.560249,-22.572517,-380.376294,436459.571731
32664297.013120,-22.741018,-386.496230,427528.037660
32672336.465991,-22.846875,-383.003419,417126.358357
32680375.918861,-22.736144,-382.511400,405290.077714
32688415.371732,-22.821530,-387.377458,392059.641845
32696454.824602,-22.985534,-386.463463,377480.260870
32704494.277473,-23.291909,-389.644373,361601.754435
32712533.730343,-23.291846,-390.714625,344478.381462
32720573.183214,-23.321340,-391.322695,326168.654748
32728612.636084,-23.508241,-391.934070,306735.141013
32736652.088955,-23.649575,-393.533730,286244.247104
32744691.541826,-23.784652,-395.354855,264765.993075
32752730.994696,-24.077821,-395.901888,242373.772915
32760770.447567,-24.030891,-394.572805,219144.103759
32768809.900437,-24.363138,-396.718366,195156.364410
32776849.353308,-24.535961,-395.624835,170492.524097
32784888.806178,-24.541428,-398.182671,145236.862375
32792928.259049,-24.807866,-397.509298,119475.681128
32800967.711920,-24.946148,-397.487712,93297.009669
32809007.164790,-25.071628,-400.935644,66790.303927
32817046.617661,-25.245825,-396.362854,40046.140766
32825086.070531,-25.383978,-398.585119,13155.908475
32833125.523402,-25.802591,-399.560885,-13788.505519
32841164.976272,-25.774299,-399.388947,-40695.028647
32849204.429143,-25.884074,-400.316957,-67471.717813
32857243.882014,-26.263010,-396.971345,-94027.073584
32865283.334884,-26.205050,-397.424394,-120270.352852
32873322.787755,-26.495482,-398.155787,-146111.878913
32881362.240625,-26.735418,-397.016820,-171463.347908
32889401.693496,-26.792505,-398.609227,-196238.130566
32897441.146366,-26.930560,-397.429622,-220351.568227
32905480.599237,-27.134714,-396.693154,-243721.262136
32913520.052108,-27.239691,-394.967285,-266267.355004
32921559.504978,-27.278827,-396.367939,-287912.803896
32929598.957849,-27.337961,-390.053704,-308583.643496
32937638.410719,-27.568408,-392.431323,-328209.238851
32945677.863590,-28.026075,-394.258110,-346722.526746
32953717.316460,-27.916516,-394.022888,-364060.244867
32961756.769331,-27.999075,-392.197438,-380163.147971
32969796.222202,-27.984663,-390.640819,-394976.210344
32977835.675072,-28.208446,-389.451606,-408448.813820
32985875.127943,-28.293993,-385.210218,-420534.920760
32993914.580813,-28.454630,-386.871670,-431193.231362
33001954.033684,-28.388159,-386.771850,-440387.324791
33009993.486554,-28.563913,-382.346369,-448085.783633
33018032.939425,-28.377283,-382.851995,-454262.301250
33026072.392296,-28.593342,-382.511399,-458895.771679
33034111.845166,-28.602608,-378.872212,-461970.361746
33042151.298037,-28.611594,-379.263263,-463475.565177
33050190.750907,-28.466469,-378.867568,-463406.238497
33058230.203778,-28.397295,-376.929082,-461762.618604
33066269.656648,-28.540702,-375.400930,-458550.321960
33074309.109519,-28.589671,-370.188594,-453780.325402
33082348.562390,-28.449709,-370.955858,-447468.928629
33090388.015260,-28.288659,-373.007742,-439637.698505
33098427.468131,-28.200274,-370.881890,-430313.395365
33106466.921001,-28.127610,-370.607729,-419527.881566
33114506.373872,-28.146873,-368.075243,-407318.012613
33122545.826742,-28.088566,-365.982263,-393725.511219
33130585.279613,-27.896153,-366.789459,-378796.824730
33138624.732483,-28.088928,-365.257205,-362582.966414
33146664.185354,-27.910382,-364.027487,-345139.341135
33154703.638225,-27.792724,-363.309399,-326525.556032
33162743.091095,-27.656455,-362.666371,-306805.216833
33170782.543966,-27.425905,-362.352251,-286045.710505
33178821.996836,-27.336436,-359.592522,-264317.974986
33186861.449707,-27.257902,-357.151431,-241696.256775
33194900.902577,-27.070610,-356.616066,-218257.857232
33202940.355448,-26.995136,-359.822823,-194082.868419
33210979.808319,-26.768865,-360.652907,-169253.899422
33219019.261189,-26.592454,-357.936037,-143855.794060
33227058.714060,-26.168197,-358.173244,-117975.340967
33235098.166930,-26.142812,-359.650895,-91700.977023
33243137.619801,-26.177815,-357.048626,-65122.485149
33251177.072671,-25.793431,-357.515053,-38330.687515
33259216.525542,-25.791767,-358.498760,-11417.135181
33267255.978413,-25.561298,-359.969389,15526.204739
33275295.431283,-25.496046,-357.590066,42407.263343
33283334.884154,-25.289588,-358.239474,69134.184555
33291374.337024,-25.185171,-362.085555,95615.639003
33299413.789895,-24.971459,-359.265305,121761.136109
33307453.242765,-24.847923,-357.842457,147481.333305
33315492.695636,-24.705924,-360.307955,172688.341327
33323532.148507,-24.475052,-360.161247,197296.024547
33331571.601377,-24.607181,-359.889168,221220.295306
33339611.054248,-24.345936,-363.807794,244379.401255
33347650.507118,-24.162415,-362.708157,266694.204714
33355689.959989,-23.863428,-364.624140,288088.453093
33363729.412859,-24.006910,-366.671199,308489.039459
33371768.865730,-23.919647,-365.490357,327826.252351
33379808.318601,-23.496686,-368.707120,346034.013996
33387847.771471,-23.528228,-371.545078,363050.106101
33395887.224342,-23.345004,-370.539016,378816.382462
33403926.677212,-23.389392,-372.471950,393278.967660
33411966.130083,-23.293102,-375.143940,406388.441159
33420005.582953,-23.266091,-375.517663,418100.006180
33428045.035824,-23.279329,-375.596313,428373.642779
33436084.488695,-22.963063,-376.455746,437174.244605
33444123.941565,-23.039659,-378.154538,444471.738852
33452163.394436,-23.150665,-378.196213,450241.189034
33460202.847306,-23.150748,-379.584801,454462.880188
33468242.300177,-23.068976,-380.238996,457122.386245
33476281.753047,-23.109306,-384.165904,458210.619327
33484321.205918,-22.858166,-385.622908,457723.860799
33492360.658788,-23.148556,-386.156791,455663.773979
33500400.111659,-22.996592,-389.625844,452037.398452
33508439.564530,-23.190564,-390.635397,446857.126015
33516479.017400,-23.114571,-390.378479,440140.658335
33524518.470271,-23.331865,-393.712807,431910.946454
33532557.923141,-23.252732,-395.356515,422196.112371
33540597.376012,-23.626256,-397.001524,411029.352940
33548636.828882,-23.527158,-396.043231,398448.826430
33556676.281753,-23.709310,-395.847988,384497.522140
33564715.734624,-23.670369,-399.569833,369223.113493
33572755.187494,-23.847610,-401.086437,352677.795133
33580794.640365,-23.901890,-400.450228,334918.104567
33588834.093235,-24.161352,-403.762212,316004.728971
33596873.546106,-24.131744,-403.224569,296002.297811
33604912.998976,-24.409722,-404.788120,274979.162001
33612952.451847,-24.614447,-403.835884,253007.160332
33620991.904718,-24.754017,-405.556677,230161.373997
33629031.357588,-24.793630,-407.201339,206519.870022
33637070.810459,-25.166705,-407.930150,182163.434505
33645110.263329,-25.263732,-409.540814,157175.296558
33653149.716200,-25.450266,-407.366288,131640.843903
33661189.169070,-25.586862,-408.861057,105647.331089
33669228.621941,-25.652441,-410.068071,79283.581335
33677268.074812,-25.791685,-409.806516,52639.683007
33685307.527682,-26.063066,-408.937272,25806.681775
33693346.980553,-26.310099,-409.930098,-1123.730500
33701386.433423,-26.425416,-408.357783,-28059.529094
33709425.886294,-26.441629,-407.678502,-54908.670874
33717465.339164,-26.864907,-409.142961,-81579.408827
33725504.792035,-27.003131,-410.734379,-107980.605568
33733544.244906,-26.988851,-408.349484,-134022.044769
33741583.697776,-27.240060,-406.444920,-159614.739441
33749623.150647,-27.490945,-409.792088,-184671.236014
33757662.603517,-27.385416,-405.597403,-209105.913176
33765702.056388,-27.798924,-405.849776,-232835.274453
33773741.509258,-27.800018,-406.289993,-255778.233528
33781780.962129,-28.193895,-403.586071,-277856.391320
33789820.415000,-28.163591,-403.484707,-298994.303891
33797859.867870,-28.267234,-406.553029,-319119.740239
33805899.320741,-28.426279,-403.507508,-338163.929129
33813938.773611,-28.605362,-400.354367,-356061.794086
33821978.226482,-28.476318,-400.783776,-372752.175776
33830017.679352,-28.698399,-399.298723,-388178.040990
33838057.132223,-28.946299,-397.899539,-402286.677538
33846096.585094,-28.962603,-397.599763,-415029.874372
33854136.037964,-28.898329,-397.810227,-426364.086329
33862175.490835,-29.181425,-395.328914,-436250.582929
33870214.943705,-29.065239,-396.229573,-444655.580728
33878254.396576,-29.056407,-391.030352,-451550.358753
33886293.849446,-29.150527,-392.248794,-456911.356650
33894333.302317,-29.294333,-390.165232,-460720.255190
33902372.755187,-29.212995,-386.651480,-462964.038871
33910412.208058,-29.155969,-388.503129,-463635.040392
33918451.660929,-29.194877,-385.308429,-462730.966855
33926491.113799,-29.147109,-384.293825,-460254.907595
33934530.566670,-29.181302,-386.150970,-456215.323629
33942570.019540,-29.167468,-381.519712,-450626.018743
33950609.472411,-29.166228,-384.311972,-443506.092318
33958648.925281,-29.233302,-381.642153,-434879.874071
33966688.378152,-28.929741,-379.897152,-424776.840912
33974727.831023,-28.759512,-378.264901,-413231.516223
33982767.283893,-28.816801,-375.624531,-400283.351879
33990806.736764,-28.849084,-376.025290,-385976.593446
33998846.189634,-28.852639,-376.101111,-370360.128981
34006885.642505,-28.533820,-375.555124,-353487.321975
34014925.095375,-28.475965,-374.223761,-335415.829008
34022964.548246,-28.314994,-372.980418,-316207.402724
34031004.001117,-28.282015,-371.196956,-295927.680819
34039043.453987,-27.940012,-369.691403,-274645.961741
34047082.906858,-27.840263,-369.224998,-252434.967898
34055122.359728,-27.786946,-369.551176,-229370.597147
34063161.812599,-27.573294,-369.399693,-205531.663446
34071201.265469,-27.698266,-369.121131,-180999.627538
34079240.718340,-27.460552,-366.452749,-155858.318583
34087280.171211,-27.276693,-369.874810,-130193.647707
34095319.624081,-27.061034,-368.037410,-104093.314435
34103359.076952,-26.778904,-363.866913,-77646.507002
34111398.529822,-26.709642,-365.921748,-50943.597596
34119437.982693,-26.507180,-367.047104,-24075.833533
34127477.435563,-26.405419,-367.608755,2864.974536
34135516.888434,-26.305031,-368.447663,29786.766363
34143556.341305,-25.936635,-366.621441,56597.546678
34151595.794175,-25.920340,-366.543129,83205.699554
34159635.247046,-25.904220,-367.195362,109520.301467
34167674.699916,-25.473799,-368.584714,135451.431997
34175714.152787,-25.452273,-370.263619,160910.481091
34183753.605657,-25.267193,-371.855124,185810.451866
34191793.058528,-25.020910,-371.405656,210066.257877
34199832.511399,-24.791512,-371.933231,233595.013878
34207871.964269,-24.840303,-372.572351,256316.319043
34215911.417140,-24.741433,-375.638698,278152.531715
34223950.870010,-24.500463,-373.333077,299029.034713
34231990.322881,-24.433493,-374.597050,318874.490304
34240029.775751,-24.301968,-379.166078,337621.083985
34248069.228622,-24.305218,-378.756365,355204.756203
34256108.681493,-24.218575,-380.930609,371565.421260
34264148.134363,-24.050381,-381.425217,386647.172633
34272187.587234,-23.878229,-381.318317,400398.474013
34280227.040104,-23.875907,-383.426609,412772.335413
34288266.492975,-23.794315,-384.789982,423726.473737
34296305.945845,-23.873204,-385.929334,433223.457268
34304345.398716,-23.764320,-389.124204,441230.833577
34312384.851586,-23.784307,-388.164925,447721.240414
34320424.304457,-23.796631,-389.259101,452672.499217
34328463.757328,-23.555446,-390.933427,456067.690887
34336503.210198,-23.834225,-391.783769,457895.213615
34344542.663069,-23.779457,-393.581668,458148.822515
34352582.115939,-23.763058,-397.326865,456827.650973
34360621.568810,-23.822937,-396.358705,453936.213604
34368661.021680,-23.799790,-399.780910,449484.390828
34376700.474551,-23.969452,-400.048583,443487.395101
34384739.927422,-23.956466,-401.654055,435965.718939
34392779.380292,-24.080746,-402.989581,426945.064890
34400818.833163,-24.158814,-406.418579,416456.257702
34408858.286033,-24.321896,-406.729765,404535.138996
34416897.738904,-24.254366,-408.760766,391222.444787
34424937.191774,-24.322824,-409.756327,376563.666285
34432976.644645,-24.499463,-410.043528,360608.894444
34441016.097516,-24.591363,-409.794808,343412.648798
34449055.550386,-24.678143,-412.492586,325033.691158
34457095.003257,-24.850828,-412.745159,305534.824816
34465134.456127,-25.131522,-412.885068,284982.679937
34473173.908998,-25.304801,-412.563066,263447.485875
34481213.361868,-25.202903,-416.546589,241002.831196
34489252.814739,-25.384643,-416.288422,217725.412205
34497292.267610,-25.577069,-417.227539,193694.770875
34505331.720480,-25.821941,-417.266546,168993.023037
34513371.173351,-25.886396,-418.731831,143704.577781
34521410.626221,-26.039920,-418.289018,117915.849016
34529450.079092,-26.318865,-416.334131,91714.960188
34537489.531962,-26.362478,-419.909758,65191.443145
34545528.984833,-26.673906,-419.108027,38435.932200
34553568.437704,-26.929253,-416.331681,11539.854417
34561607.890574,-26.921075,-419.901860,-15404.882802
34569647.343445,-27.201197,-418.347174,-42306.205783
34577686.796315,-27.348164,-417.906942,-69072.189201
34585726.249186,-27.358979,-419.251374,-95611.370204
34593765.702056,-27.669273,-418.129581,-121833.060956
34601805.154927,-27.766150,-418.445398,-147647.658524
34609844.607798,-28.015355,-418.178530,-172966.951067
34617884.060668,-28.160168,-417.436101,-197704.419265
34625923.513539,-28.469820,-417.086440,-221775.531967
34633962.966409,-28.373643,-415.814934,-245098.035047
34642002.419280,-28.617462,-414.914130,-267592.232475
34650041.872150,-28.793581,-412.747024,-289181.258647
34658081.325021,-28.670684,-415.390883,-309791.341052
34666120.777892,-29.053876,-412.529609,-329352.052351
34674160.230762,-29.229249,-410.491531,-347796.551050
34682199.683633,-29.253879,-413.205145,-365061.809892
34690239.136503,-29.352167,-411.605964,-381088.831241
34698278.589374,-29.581703,-408.533841,-395822.848676
34706318.042244,-29.521539,-407.753130,-409213.514143
34714357.495115,-29.447633,-407.043943,-421215.069992
34722396.947985,-29.831863,-405.661211,-431786.505345
34730436.400856,-29.638421,-405.591100,-440891.696231
34738475.853727,-29.892493,-404.079388,-448499.529025
34746515.306597,-29.781062,-402.063307,-454584.006775
34754554.759468,-29.829202,-398.528182,-459124.338025
34762594.212338,-29.799634,-399.126814,-462105.007873
34770633.665209,-29.925943,-399.491426,-463515.830982
34778673.118079,-29.959743,-396.298739,-463351.986386
34786712.570950,-30.036898,-396.281941,-461614.033964
34794752.023821,-29.786811,-394.766258,-458307.912524
34802791.476691,-29.760234,-392.841382,-453444.919514
34810830.929562,-29.768318,-392.476302,-447041.672414
34818870.382432,-29.802650,-389.759752,-439120.051956
34826909.835303,-29.684588,-388.954682,-429707.127345
34834949.288173,-29.496460,-389.535445,-418835.063772
34842988.741044,-29.590626,-388.077500,-406541.012494
34851028.193915,-29.382640,-386.200560,-392866.983885
34859067.646785,-29.477145,-385.317256,-377859.703883
34867107.099656,-29.192221,-383.646380,-361570.454316
34875146.552526,-29.226324,-382.707669,-344054.897672
34883186.005397,-29.048526,-382.757634,-325372.886888
34891225.458267,-28.934954,-382.191958,-305588.260829
34899264.911138,-28.833200,-381.684655,-284768.626140
34907304.364009,-28.693056,-381.626460,-262985.126221
34915343.816879,-28.523257,-381.531315,-240312.198129
34923383.269750,-28.306958,-378.352523,-216827.318213
34931422.722620,-28.126050,-379.907999,-192610.737366
34939462.175491,-28.095462,-379.358451,-167745.206797
34947501.628361,-27.961285,-377.849989,-142315.695264
34955541.081232,-27.831504,-380.633864,-116409.098718
34963580.534103,-27.525641,-377.389821,-90113.943373
34971619.986973,-27.436153,-379.852082,-63520.083200
34979659.439844,-27.194288,-376.090326,-36718.392883
34987698.892714,-27.308915,-376.506008,-9800.457287
34995738.345585,-27.003603,-378.812024,17141.741496
35003777.798455,-26.834097,-376.448144,44016.138465
35011817.251326,-26.501842,-378.969058,70730.900305
35019856.704197,-26.341612,-379.852845,97194.739196
35027896.157067,-26.285183,-379.759918,123317.224753
35035935.609938,-26.131913,-378.111059,149009.093043
35043975.062808,-25.986385,-379.792147,174182.551606
35052014.515679,-25.792906,-379.503785,198751.579455
35060053.968549,-25.667133,-382.743689,222632.221021
35068093.421420,-25.501890,-382.210867,245742.873045
35076132.874290,-25.523528,-381.673689,268004.563417
35084172.327161,-25.325584,-383.996153,289341.221043
35092211.780032,-25.139944,-387.704381,309679.935785
35100251.232902,-25.093118,-386.879505,328951.207606
35108290.685773,-24.946033,-387.755902,347089.184060
35116330.138643,-24.832497,-387.826645,364031.885321
35124369.591514,-24.913621,-391.909702,379721.415970
35132409.044384,-24.809098,-392.782183,394104.162840
35140448.497255,-24.627535,-391.532282,407130.978211
35148487.950126,-24.506767,-395.193518,418757.347757
35156527.402996,-24.425077,-393.447809,428943.542661
35164566.855867,-24.439716,-398.129864,437654.755369
35172606.308737,-24.525370,-398.525591,444861.218531
35180645.761608,-24.416449,-399.975318,450538.306724
35188685.214478,-24.380705,-400.933136,454666.620599
35196724.667349,-24.450551,-403.361042,457232.053171
35204764.120220,-24.450746,-405.297917,458225.838020
35212803.573090,-24.472741,-405.124663,457644.579256
35220843.025961,-24.362975,-407.629760,455490.263116
35228882.478831,-24.609192,-409.608157,451770.251176
35236921.931702,-24.618910,-408.518315,446497.255206
35244961.384572,-24.694538,-411.702262,439689.293715
35253000.837443,-24.706255,-412.364812,431369.630397
35261040.290314,-24.649316,-412.874932,421566.694625
35269079.743184,-24.804717,-415.865863,410313.984304
35277119.196055,-24.812522,-417.135831,397649.951416
35285158.648925,-24.906129,-417.770268,383617.870605
35293198.101796,-25.079619,-418.939214,368265.691322
35301237.554666,-25.150745,-418.421247,351645.873962
35309277.007537,-25.318081,-421.290890,333815.210605
35317316.460408,-25.411976,-422.786161,314834.630951
35325355.913278,-25.532197,-422.466157,294768.994110
35333395.366149,-25.849454,-423.046682,273686.866977
35341434.819019,-25.950333,-424.845915,251660.289928
35349474.271890,-26.136206,-426.508126,228764.530643
35357513.724760,-26.163407,-427.476666,205077.826914
35365553.177631,-26.407409,-427.296242,180681.119291
35373592.630502,-26.527968,-427.570944,155657.774503
35381632.083372,-26.699578,-427.518788,130093.300577
35389671.536243,-26.938413,-428.149995,104075.054650
35397710.989113,-27.152880,-429.273285,77691.944455
35405750.441984,-27.210820,-430.280662,51034.124518
35413789.894854,-27.385007,-431.308463,24192.688079
35421829.347725,-27.480901,-427.624237,-2740.644177
35429868.800596,-27.649025,-428.565058,-29673.837547
35437908.253466,-27.819070,-430.926688,-56514.857801
35445947.706337,-28.085323,-431.661667,-83171.985678
35453987.159207,-28.319256,-427.825618,-109554.130299
35462026.612078,-28.373401,-426.536528,-135571.140443
35470066.064948,-28.523971,-426.326875,-161134.112596
35478105.517819,-28.818477,-428.384953,-186155.694754
35486144.970689,-29.016613,-429.618353,-210550.384912
35494184.423560,-28.942987,-424.736868,-234234.823237
35502223.876431,-29.044873,-425.391651,-257128.076919
35510263.329301,-29.503377,-425.767763,-279151.916728
35518302.782172,-29.427227,-426.349224,-300231.084337
35526342.235042,-29.566739,-423.756890,-320293.549483
35534381.687913,-29.723134,-422.089933,-339270.756112
35542421.140783,-29.801089,-421.840869,-357097.856637
35550460.593654,-29.977409,-420.812761,-373713.933532
35558500.046525,-30.046328,-420.316690,-389062.207501
35566539.499395,-30.189950,-419.091387,-403090.231492
35574578.952266,-30.304171,-417.659619,-415750.069920
35582618.405136,-30.154068,-416.374004,-426998.462469
35590657.858007,-30.267200,-415.333806,-436796.971916
35598697.310877,-30.522805,-414.608697,-445112.115480
35606736.763748,-30.563577,-412.644725,-451915.479229
35614776.216619,-30.539357,-409.786153,-457183.815187
35622815.669489,-30.527309,-410.628906,-460899.120763
35630855.122360,-30.709508,-410.640665,-463048.700271
35638894.575230,-30.479033,-407.424021,-463625.208322
35646934.028101,-30.379319,-405.614744,-462626.674910
35654973.480971,-30.507243,-404.306208,-460056.512156
35663012.933842,-30.544023,-404.657464,-455923.502639
35671052.386713,-30.596748,-402.372545,-450241.769391
35679091.839583,-30.503016,-401.753688,-443030.727635
35687131.292454,-30.333349,-400.900397,-434315.018440
35695170.745324,-30.227345,-397.877435,-424124.424519
35703210.198195,-30.256513,-397.117126,-412493.768458
35711249.651065,-30.327367,-396.189221,-399462.793724
35719289.103936,-30.241849,-397.038828,-385076.028854
35727328.556807,-29.942917,-395.180590,-369382.635298
35735368.009677,-29.869500,-391.790586,-352436.239425
35743407.462548,-29.729577,-394.267511,-334294.749278
35751446.915418,-29.665789,-391.597639,-315020.156688
35759486.368289,-29.504583,-390.876316,-294678.325451
35767525.821159,-29.342643,-389.112868,-273338.766252
35775565.274030,-29.325679,-388.777820,-251074.399144
35783604.726901,-29.074654,-390.189144,-227961.304370
35791644.179771,-29.127112,-388.653883,-204078.462383
35799683.632642,-28.889599,-388.904652,-179507.483965
35807723.085512,-28.716581,-390.175150,-154332.331349
35815762.538383,-28.518079,-388.268069,-128639.031311
35823801.991253,-28.344054,-389.031651,-102515.381202
35831841.444124,-28.269260,-387.096950,-76050.648936
35839880.896995,-28.149272,-388.720826,-49335.267951
35847920.349865,-27.820989,-388.264118,-22460.528182
35855959.802736,-27.759988,-388.190455,4481.735885
35863999.255606,-27.371819,-386.977679,31399.459025
35872038.708477,-27.332741,-386.289991,58200.659874
35880078.161347,-27.151434,-388.250703,84793.755236
35888117.614218,-27.048706,-387.657476,111087.873043
35896157.067088,-26.933392,-389.619444,136993.162869
35904196.519959,-26.864322,-388.240475,162421.102966
35912235.972830,-26.536544,-391.302231,187284.802751
35920275.425700,-26.421880,-391.532310,211499.299723
35928314.878571,-26.285002,-392.308992,234981.849794
35936354.331441,-26.251742,-393.462566,257652.210031
35944393.784312,-26.087434,-393.378086,279432.912862
35952433.237182,-26.047447,-395.907813,300249.530788
35960472.690053,-25.718641,-394.284226,320030.930716
35968512.142924,-25.706452,-397.024295,338709.517024
35976551.595794,-25.584654,-399.373254,356221.462551
35984591.048665,-25.552218,-399.695231,372506.926700
35992630.501535,-25.312345,-402.794104,387510.259919
36000669.954406,-25.330882,-401.716924,401180.193863
36008709.407276,-25.309743,-402.700099,413470.016588
36016748.860147,-25.228652,-404.513283,424337.732170
36024788.313018,-25.290730,-403.273047,433746.204209
36032827.765888,-25.032503,-407.616634,441663.282732
36040867.218759,-25.178838,-406.623938,448061.914049
36048906.671629,-25.109780,-408.537998,452920.233203
36056946.124500,-25.226176,-413.075805,456221.638687
36064985.577370,-25.079303,-415.643219,457954.849168
36073025.030241,-25.181775,-412.176875,458113.942039
36081064.483112,-24.950351,-416.816967,456698.373660
36089103.935982,-25.195219,-417.375051,453712.981210
36097143.388853,-25.121896,-418.074210,449167.966168
36105182.841723,-25.283932,-418.735401,443078.859439
36113222.294594,-25.268520,-421.057962,435466.468295
36121261.747464,-25.447471,-423.863255,426356.805268
36129301.200335,-25.447099,-424.928271,415780.999262
36137340.653206,-25.628112,-422.053250,403775.189184
36145380.106076,-25.406638,-426.976853,390380.400450
36153419.558947,-25.713823,-428.444875,375642.404798
36161459.011817,-25.911503,-428.894681,359611.563879
36169498.464688,-25.960287,-432.654473,342342.657162
36177537.917558,-26.099140,-430.946953,323894.694753
36185577.370429,-26.389858,-434.258243,304330.715740
36193616.823300,-26.288271,-433.250831,283717.572787
36201656.276170,-26.506266,-435.153583,262125.703689
36209695.729041,-26.666694,-435.471135,239628.890673
36217735.181911,-26.803162,-436.857578,216304.008281
36225774.634782,-27.039493,-438.022698,192230.760671
36233814.087652,-27.184172,-435.761499,167491.409268
36241853.540523,-27.133694,-440.984110,142170.491655
36249892.993394,-27.526998,-439.503616,116354.532706
36257932.446264,-27.581989,-438.889934,90131.748915
36265971.899135,-27.815825,-439.066169,63591.746948
36274011.352005,-27.972451,-437.685357,36825.217449
36282050.804876,-28.224468,-437.760905,9923.625135
36290090.257746,-28.169027,-437.952110,-17021.103750
36298129.710617,-28.535659,-438.996965,-43916.895559
36306169.163487,-28.706071,-439.686759,-70671.843868
36314208.616358,-28.947276,-438.599701,-97194.523534
36322248.069229,-29.157056,-441.206088,-123394.303108
36330287.522099,-29.273780,-439.247474,-149181.654531
36338326.974970,-29.431458,-439.787824,-174468.459064
36346366.427840,-29.572305,-435.648493,-199168.308404
36354405.880711,-29.576565,-436.998873,-223196.799948
36362445.333581,-29.955981,-436.209526,-246471.825212
36370484.786452,-30.016185,-436.638127,-268913.850404
36378524.239323,-30.132799,-436.588898,-290446.188200
36386563.692193,-30.276936,-435.467749,-310995.259799
36394603.145064,-30.499447,-433.605241,-330490.846346
36402642.597934,-30.579512,-432.274941,-348866.328886
36410682.050805,-30.616615,-428.767447,-366058.915998
36418721.503675,-30.625086,-430.077508,-382009.858375
36426760.956546,-30.747916,-431.462835,-396664.649569
36434800.409417,-30.963431,-425.846579,-409973.212251
36442839.862287,-30.875976,-425.522707,-421890.069329
36450879.315158,-31.024484,-422.863702,-432374.499350
36458918.768028,-31.087558,-423.277086,-441390.675651
36466958.220899,-31.306584,-423.102427,-448907.788783
36474997.673769,-31.074119,-419.543401,-454900.151794
36483037.126640,-31.175571,-419.326391,-459347.287997
36491076.579511,-31.250747,-420.724110,-462234.000948
36499116.032381,-31.321197,-417.745606,-463550.426375
36507155.485252,-31.328572,-417.351326,-463292.065878
36515194.938122,-31.086673,-414.248428,-461459.802312
36523234.390993,-31.409448,-413.074441,-458059.896759
36531273.843863,-31.094548,-413.028288,-453103.967137
36539313.296734,-31.191050,-414.760786,-446608.948505
36547352.749605,-30.972518,-411.687974,-438597.035186
36555392.202475,-31.115439,-409.726104,-429095.604933
36563431.655346,-30.888099,-408.460522,-418137.125369
36571471.108216,-30.773765,-408.429401,-405759.043047
36579510.561087,-30.716397,-404.715818,-392003.655485
36587550.013957,-30.763988,-403.836525,-376917.966635
36595589.466828,-30.722199,-405.544395,-360553.526259
36603628.919699,-30.416480,-403.093490,-342966.253782
36611668.372569,-30.464327,-401.738272,-324216.247203
36619707.825440,-30.378555,-400.769047,-304367.577738
36627747.278310,-30.058479,-398.756085,-283488.070874
36635786.731181,-30.066595,-399.094670,-261649.074606
36643826.184051,-29.795656,-400.260670,-238925.215627
36651865.636922,-29.708858,-401.669222,-215394.144324
36659905.089792,-29.534214,-397.793679,-191136.269430
36667944.542663,-29.367581,-397.493838,-166234.483265
36675983.995534,-29.308998,-397.977370,-140773.878474
36684023.448404,-29.030189,-397.462969,-114841.457259
36692062.901275,-28.936863,-397.822572,-88525.834081
36700102.354145,-28.747002,-396.335659,-61916.932851
36708141.807016,-28.626052,-398.874113,-35105.679649
36716181.259886,-28.600719,-398.638912,-8183.692020
36724220.712757,-28.242399,-398.169007,18757.034099
36732260.165628,-28.003834,-398.523987,45624.438737
36740299.618498,-28.074812,-399.438005,72326.712476
36748339.071369,-27.866360,-398.276524,98772.610167
36756378.524239,-27.614391,-400.492989,124871.762736
36764417.977110,-27.449254,-400.546659,150534.985977
36772457.429980,-27.349024,-399.057751,175674.585316
36780496.882851,-27.184835,-397.109429,200204.655468
36788536.335722,-26.999544,-401.165712,224041.373988
36796575.788592,-26.916241,-404.687965,247103.287705
36804615.241463,-26.861889,-402.212344,269311.591057
36812654.694333,-26.663674,-403.079496,290590.395379
36820694.147204,-26.499913,-406.383248,310866.988226
36828733.600074,-26.443280,-405.529523,330072.081839
36836773.052945,-26.498626,-405.949816,348140.049912
36844812.505816,-26.217438,-409.973635,365009.151846
36852851.958686,-26.002664,-410.038799,380621.743722
36860891.411557,-25.932705,-409.950789,394924.475281
36868930.864427,-25.918079,-410.887654,407868.472226
36876970.317298,-25.932950,-414.511671,419409.503235
36885009.770168,-25.865523,-416.775294,429508.131100
36893049.223039,-25.940582,-416.050808,438129.847497
36901088.675910,-25.877964,-417.705805,445245.190896
36909128.128780,-25.871258,-418.014238,450829.847243
36917167.581651,-25.812834,-420.682223,454864.733041
36925207.034521,-25.771970,-421.803484,457336.060558
36933246.487392,-25.740470,-424.047689,458235.384947
36941285.940262,-25.572215,-423.935747,457559.633100
36949325.393133,-25.898348,-427.960438,455311.114147
36957364.846004,-25.763204,-427.777271,451497.511572
36965404.298874,-25.823138,-429.837855,446131.856951
36973443.751745,-25.938616,-431.169162,439232.485424
36981483.204615,-26.046747,-430.600459,430822.973044
36989522.657486,-26.076658,-434.097818,420932.056207
36997562.110356,-26.287605,-434.644774,409593.533467
37005601.563227,-26.222035,-436.423384,396846.150030
37013641.016098,-26.270939,-439.196258,382733.465367
37021680.468968,-26.388697,-438.505405,367303.704359
37029719.921839,-26.523371,-440.350864,350609.592508
37037759.374709,-26.570762,-440.218495,332708.175770
37045798.827580,-26.831120,-443.586913,313660.625616
37053838.280450,-27.025638,-445.082575,293532.030004
37061877.733321,-27.142989,-442.185679,272391.170970
37069917.186191,-27.178697,-444.186993,250310.289578
37077956.639062,-27.309678,-445.612251,227364.839080
37085996.091933,-27.605983,-449.010570,203633.227065
37094035.544803,-27.719953,-447.111318,179196.547543
37102074.997674,-27.788130,-446.642332,154138.303830
37110114.450544,-28.163299,-449.419477,128544.123208
37118153.903415,-28.385959,-447.882433,102501.464326
37126193.356285,-28.393893,-448.523627,76099.318340
37134232.809156,-28.475779,-449.420167,49427.904822
37142272.262027,-28.881763,-448.832292,22578.363464
37150311.714897,-29.021335,-449.942569,-4357.557354
37158351.167768,-28.997997,-447.771148,-31287.814082
37166390.620638,-29.299549,-447.873455,-58120.382527
37174430.073509,-29.462069,-448.913218,-84763.572307
37182469.526379,-29.650319,-448.031898,-111126.340174
37190508.979250,-29.841661,-448.243019,-137118.601117
37198548.432121,-30.059595,-445.852306,-162651.536194
37206587.884991,-29.937710,-449.663029,-187637.896042
37214627.337862,-30.099838,-446.736004,-211992.299016
37222666.790732,-30.564512,-449.014814,-235631.522948
37230706.243603,-30.586408,-446.434047,-258474.789532
37238745.696473,-30.814637,-447.343596,-280444.040352
37246785.149344,-30.841113,-445.152037,-301464.203615
37254824.602215,-31.124591,-444.921881,-321463.450688
37262864.055085,-31.304746,-444.826183,-340373.441538
37270903.507956,-31.194028,-442.388248,-358129.558264
37278942.960826,-31.301293,-440.278666,-374671.125903
37286982.413697,-31.401329,-440.054934,-389941.619763
37295021.866567,-31.481995,-437.047598,-403888.858580
37303061.319438,-31.438928,-437.529443,-416465.182821
37311100.772309,-31.523922,-436.896116,-427627.617549
37319140.225179,-31.677447,-433.234207,-437338.019271
37327179.678050,-31.826817,-435.903844,-445563.206278
37335219.130920,-31.913933,-432.858526,-452275.072037
37343258.583791,-31.968286,-430.816063,-457450.681228
37351298.036661,-31.976262,-429.482681,-461072.348121
37359337.489532,-31.740690,-426.543241,-463127.697007
37367376.942403,-31.895278,-426.273154,-463609.704492
37375416.395273,-31.894171,-425.478892,-462516.723494
37383455.848144,-31.989112,-426.849051,-459852.488871
37391495.301014,-31.807915,-423.714831,-455626.104660
37399534.753885,-31.923941,-422.210725,-449852.012966
37407574.206755,-31.883841,-422.628379,-442549.944611
37415613.659626,-31.661338,-420.400139,-433744.851717
37423653.112497,-31.588444,-420.188573,-423466.822429
37431692.565367,-31.590529,-417.987531,-411750.978115
37439732.018238,-31.512623,-416.609223,-398637.353338
37447771.471108,-31.486552,-415.357252,-384170.759063
37455810.923979,-31.378990,-414.742720,-368400.629527
37463850.376849,-31.187250,-412.095513,-351380.853315
37471889.829720,-31.134350,-412.312329,-333169.589220
37479929.282590,-31.038461,-412.636222,-313829.067502
37487968.735461,-30.861590,-408.773901,-293425.377243
37496008.188332,-30.731875,-408.586652,-272028.240510
37504047.641202,-30.594447,-409.234388,-249710.774104
37512087.094073,-30.521320,-410.214178,-226549.239716
37520126.546943,-30.110254,-408.151941,-202622.783325
37528165.999814,-30.167567,-406.954213,-178013.164748
37536205.452684,-30.019295,-408.378292,-152804.478256
37544244.905555,-29.846165,-406.096811,-127082.865215
37552284.358426,-29.577327,-406.368376,-100936.219724
37560323.811296,-29.598996,-407.076127,-74453.888278
37568363.264167,-29.308923,-407.116928,-47726.364452
37576402.717037,-29.317847,-407.360604,-20844.979674
37584442.169908,-29.239494,-406.682938,6098.408862
37592481.622778,-28.919357,-406.452028,33011.732089
37600521.075649,-28.803480,-409.501980,59803.023677
37608560.528520,-28.440501,-408.320172,86380.734293
37616599.981390,-28.375715,-407.812112,112654.044440
37624639.434261,-28.187905,-408.974164,138533.174795
37632678.887131,-27.879487,-408.890200,163929.692998
37640718.340002,-28.019244,-409.416532,188756.815842
37648757.792872,-27.864727,-411.244846,212929.705812
37656797.245743,-27.622513,-412.340028,236365.760997
37664836.698614,-27.448984,-414.717731,258984.897344
37672876.151484,-27.459192,-411.649685,280709.822317
37680915.604355,-27.282599,-415.488056,301466.299021
37688955.057225,-27.117413,-412.649133,321183.399870
37696994.510096,-27.003773,-419.044978,339793.748963
37705033.962966,-26.969001,-419.052774,357233.752314
37713073.415837,-26.874363,-416.525899,373443.815159
37721112.868708,-26.759038,-417.918192,388368.545605
37729152.321578,-26.711111,-423.112571,401956.943902
37737191.774449,-26.520925,-420.639110,414162.576725
37745231.227319,-26.354022,-423.263506,424943.735835
37753270.680190,-26.541799,-427.398177,434263.580610
37761310.133060,-26.515563,-427.281655,442090.263926
37769349.585931,-26.419352,-427.895633,448397.040985
37777389.038802,-26.400614,-430.467378,453162.360710
37785428.491672,-26.412797,-431.392697,456369.939382
37793467.944543,-26.414630,-432.735016,458008.816289
37801507.397413,-26.404865,-434.427609,458073.391174
37809546.850284,-26.478005,-439.420087,456563.443375
37817586.303154,-26.505808,-438.716916,453484.132583
37825625.756025,-26.482193,-437.251713,448845.981200
37833665.208896,-26.559645,-435.889726,442664.838397
37841704.661766,-26.647159,-440.750510,434961.825943
37849744.114637,-26.598590,-443.225299,425763.266033
37857783.567507,-26.739190,-444.427414,415100.591346
37865823.020378,-26.889217,-445.768228,403010.237629
37873862.473248,-26.892244,-446.189756,389533.519196
37881901.926119,-27.094342,-447.229081,374716.487748
37889941.378989,-27.147382,-447.148795,358609.775012
37897980.831860,-27.327282,-447.628701,341268.419722
37906020.284731,-27.403546,-450.886639,322751.679547
37914059.737601,-27.444504,-450.690678,303122.828601
37922099.190472,-27.737943,-451.821930,282448.941223
37930138.643342,-27.907426,-453.176184,260800.662779
37938178.096213,-28.182001,-455.338020,238251.968255
37946217.549083,-28.257444,-456.336084,214879.909477
37954257.001954,-28.362078,-454.903089,190764.351814
37962296.454825,-28.560204,-457.586371,165987.701265
37970335.907695,-28.666678,-457.000401,140634.622874
37978375.360566,-28.720562,-460.840642,114791.751411
37986414.813436,-29.056094,-458.023179,88547.395332
37994454.266307,-29.124176,-459.977136,61991.235021
38002493.719177,-29.301409,-457.679793,35214.016335
38010533.172048,-29.433992,-457.633637,8307.240517
38018572.624919,-29.754863,-458.293004,-18637.148474
38026612.077789,-29.925555,-459.026793,-45527.078154
38034651.530660,-30.292826,-459.651705,-72270.662131
38042690.983530,-30.110485,-459.855879,-98776.514094
38050730.436401,-30.311699,-458.837825,-124954.060098
38058769.889271,-30.378742,-458.290217,-150713.848058
38066809.342142,-30.733765,-456.045921,-175967.853423
38074848.795013,-30.834072,-457.866271,-200629.779968
38082888.247883,-31.084007,-455.991254,-224615.354680
38090927.700754,-31.137483,-457.420153,-247842.615725
38098967.153624,-31.125952,-457.243106,-270232.192529
38107006.606495,-31.455063,-454.425638,-291707.576990
38115046.059365,-31.567214,-457.243717,-312195.384924
38123085.512236,-31.867339,-450.535251,-331625.606823
38131124.965107,-31.805505,-451.395606,-349931.847088
38139164.417977,-31.834618,-448.644032,-367051.550913
38147203.870848,-32.088199,-450.230104,-382926.218040
38155243.323718,-32.146655,-448.084545,-397501.602664
38163282.776589,-32.115048,-446.238426,-410727.898797
38171322.229459,-32.347430,-447.515885,-422559.910465
38179361.682330,-32.394087,-445.359382,-432957.206141
38187401.135201,-32.305394,-442.130818,-441884.256912
38195440.588071,-32.349073,-443.891204,-449310.557883
38203480.040942,-32.536041,-439.483546,-455210.732417
38211519.493812,-32.527678,-440.685909,-459564.618850
38219558.946683,-32.712343,-440.253473,-462357.339384
38227598.399553,-32.488544,-438.821329,-463579.350928
38235637.852424,-32.726326,-437.873755,-463226.477712
38243677.305294,-32.472125,-437.144331,-461299.925548
38251716.758165,-32.414243,-436.352598,-457806.277717
38259756.211036,-32.560490,-431.881973,-452757.472467
38267795.663906,-32.463638,-430.645842,-446170.762224
38275835.116777,-32.497559,-431.607598,-438068.654634
38283874.569647,-32.505903,-428.021113,-428478.835655
38291914.022518,-32.387367,-427.464042,-417434.074946
38299953.475388,-32.213306,-425.345408,-404972.113894
38307992.928259,-32.102745,-425.657461,-391135.536641
38316032.381130,-32.143567,-424.728683,-375971.624575
38324071.834000,-31.960435,-423.971097,-359532.194757
38332111.286871,-31.739156,-422.954978,-341873.422861
38340150.739741,-31.656596,-423.831073,-323055.651209
38348190.192612,-31.569982,-419.551126,-303143.182577
38356229.645482,-31.525214,-422.380939,-282204.060466
38364269.098353,-31.365673,-420.595780,-260309.836580
38372308.551224,-31.101872,-417.578384,-237535.326335
38380348.004094,-31.129451,-417.090486,-213958.353198
38388387.456965,-30.866432,-418.136413,-189659.482756
38396426.909835,-30.760326,-418.735606,-164721.747415
38404466.362706,-30.535780,-416.177103,-139230.362663
38412505.815576,-30.373514,-417.952637,-113272.435882
38420545.268447,-30.279444,-416.727688,-86936.668688
38428584.721318,-30.212524,-417.944252,-60313.053827
38436624.174188,-30.008879,-416.447405,-33492.567658
38444663.627059,-29.683241,-414.951286,-6566.859276
38452703.079929,-29.652122,-414.599712,20372.062668
38460742.532800,-29.450305,-418.371851,47232.144370
38468781.985670,-29.310069,-420.108275,73921.601431
38476821.438541,-29.061140,-420.229334,100349.232503
38484860.891412,-28.926293,-421.650617,126424.730926
38492900.344282,-28.846533,-420.395240,152058.993329
38500939.797153,-28.514325,-419.688673,177164.424098
38508979.250023,-28.459778,-421.392115,201655.234706
38517018.702894,-28.283805,-421.728077,225447.736865
38525058.155764,-28.264825,-422.353646,248460.628496
38533097.608635,-28.143471,-423.929511,270615.271551
38541137.061506,-28.017260,-426.587255,291835.960730
38549176.514376,-27.840776,-423.790928,312050.182175
38557215.967247,-27.802780,-426.821946,331188.861258
38565255.420117,-27.709074,-425.792800,349186.598621
38573294.872988,-27.504927,-430.223570,365981.893651
38581334.325858,-27.365103,-431.149927,381517.354638
38589373.778729,-27.394306,-431.351295,395739.894889
38597413.231600,-27.366488,-431.889734,408600.914131
38605452.684470,-27.194301,-434.636889,420056.464586
38613492.137341,-27.083366,-435.513835,430067.401148
38621531.590211,-27.154794,-437.891195,438599.515142
38629571.043082,-27.224224,-439.063425,445623.651224
38637610.495952,-27.173357,-438.132088,451115.807006
38645649.948823,-27.070539,-440.063537,455057.215075
38653689.401693,-27.020699,-444.160322,457434.407128
38661728.854564,-27.109923,-443.636011,458239.259990
38669768.307435,-27.219939,-444.053732,457469.023374
38677807.760305,-27.149239,-446.512574,455126.329278
38685847.213176,-27.156399,-447.264076,451219.182993
38693886.666046,-27.224954,-448.320544,445760.935748
38701926.118917,-27.252258,-448.305484,438770.239083
38709965.571787,-27.247844,-452.676613,430270.981120
38718005.024658,-27.451721,-453.949374,420292.204930
38726044.477529,-27.613158,-455.720480,408868.009290
38734083.930399,-27.513590,-455.379102,396037.432166
38742123.383270,-27.722259,-455.964919,381844.317308
38750162.836140,-27.921002,-462.588419,366337.164441
38758202.289011,-27.893102,-461.367498,349568.963524
38766241.741881,-28.165485,-461.441365,331597.013683
38774281.194752,-28.062372,-460.573848,312482.727413
38782320.647623,-28.184986,-462.620867,292291.420717
38790360.100493,-28.595885,-465.424235,271092.089920
38798399.553364,-28.640834,-463.753993,248957.175897
38806439.006234,-28.569670,-465.321241,225962.316532
38814478.459105,-28.973570,-464.763094,202186.088253
38822517.911975,-29.117113,-465.350287,177709.737528
38830557.364846,-29.260460,-466.629725,152616.903236
38838596.817717,-29.400657,-466.460551,126993.330860
38846636.270587,-29.610264,-467.011977,100926.579482
38854675.723458,-29.758900,-467.647518,74505.722587
38862715.176328,-29.972043,-466.290962,47821.043683
38870754.629199,-30.171908,-470.373914,20963.727794
38878794.082069,-30.202893,-467.267325,-5974.450134
38886833.534940,-30.571435,-472.337004,-32901.438840
38894872.987811,-30.711550,-470.757636,-59725.225296
38902912.440681,-30.627466,-470.669222,-86354.149132
38910951.893552,-31.013332,-466.421763,-112697.215845
38918991.346422,-31.144012,-467.299555,-138664.407748
38927030.799293,-31.156411,-468.317939,-164166.991562
38935070.252163,-31.327336,-464.824121,-189117.821640
38943109.705034,-31.605235,-466.588499,-213431.637744
38951149.157905,-31.683897,-468.295400,-237025.356398
38959188.610775,-31.856822,-463.177395,-259818.354795
38967228.063646,-32.084619,-464.578143,-281732.746289
38975267.516516,-32.190414,-463.476208,-302693.646552
38983306.969387,-32.315284,-460.287293,-322629.429457
38991346.422257,-32.469881,-461.558215,-341471.971837
38999385.875128,-32.497546,-460.219998,-359156.886274
39007425.327999,-32.641157,-458.618540,-375623.741108
39015464.780869,-32.759195,-457.972788,-390816.266956
39023504.233740,-32.749698,-455.762937,-404682.548974
39031543.686610,-32.831616,-457.116881,-417175.204275
39039583.139481,-33.042571,-455.663827,-428251.543826
39047622.592351,-32.931017,-455.301921,-437873.718333
39055662.045222,-33.233390,-452.745915,-446008.847574
39063701.498092,-33.073153,-451.384754,-452629.132751
39071740.950963,-33.173019,-452.106152,-457711.951489
39079780.403834,-33.282018,-449.279774,-461239.935134
39087819.856704,-33.271773,-448.696938,-463201.028105
39095859.309575,-33.319319,-445.138340,-463588.529095
39103898.762445,-33.088587,-446.457813,-462401.113958
39111938.215316,-33.119236,-443.311412,-459642.840251
39119977.668186,-33.053921,-443.466266,-455323.133353
39128017.121057,-33.032962,-441.627282,-449456.754263
39136056.573928,-33.196234,-441.877985,-442063.749164
39144096.026798,-33.071081,-442.566317,-433169.380917
39152135.479669,-33.004495,-437.963590,-422804.042737
39160174.932539,-32.705376,-437.109475,-411003.154334
39168214.385410,-32.788365,-433.428623,-397807.040880
39176253.838280,-32.817421,-433.055214,-383260.795213
39184293.291151,-32.723654,-433.043632,-367414.123750
39192332.744022,-32.554803,-435.157557,-350321.176631
39200372.196892,-32.517590,-433.516386,-332040.362681
39208411.649763,-32.267745,-430.576962,-312634.149822
39216451.102633,-32.229108,-429.851017,-292168.851612
39224490.555504,-32.062826,-428.180967,-270714.400639
39232530.008374,-31.997409,-430.892096,-248344.109557
39240569.461245,-31.848664,-427.975597,-225134.420562
39248608.914116,-31.599320,-431.739289,-201164.644185
39256648.366986,-31.480404,-430.395045,-176516.688274
39264687.819857,-31.390306,-427.195328,-151274.778103
39272727.272727,-31.223749,-425.536047,-125525.168567
39280766.725598,-31.046905,-426.319772,-99355.849435
39288806.178468,-30.817792,-429.026459,-72856.244677
39296845.631339,-30.739213,-429.188749,-46116.906896
39304885.084210,-30.583891,-426.967422,-19229.207890
39312924.537080,-30.414981,-427.755066,7714.973573
39320963.989951,-30.107054,-426.587306,34623.565714
39329003.442821,-29.959430,-429.172464,61404.618371
39337042.895692,-29.918870,-429.504022,87966.617198
39345082.348562,-29.714514,-428.155504,114218.796387
39353121.801433,-29.512252,-431.212613,140071.448824
39361161.254304,-29.290422,-429.553783,165436.232626
39369200.707174,-29.317157,-429.644178,190226.473026
39377240.160045,-29.109782,-433.893616,214357.458543
39385279.612915,-28.973446,-433.289713,237746.730458
39393319.065786,-28.855077,-432.079277,260314.364582
39401358.518656,-28.630545,-431.125343,281983.244370
39409397.971527,-28.558920,-434.114640,302679.324439
39417437.424398,-28.590132,-435.546560,322331.883588
39425476.877268,-28.413720,-437.711351,340873.766462
39433516.330139,-28.210600,-437.929507,358241.613034
39441555.783009,-28.390594,-441.771711,374376.075108
39449595.235880,-28.125313,-439.810528,389222.019130
39457634.688750,-27.957334,-440.938400,402728.714573
39465674.141621,-27.969878,-444.335331,414850.007300
39473713.594491,-27.870562,-444.844297,425544.477276
39481753.047362,-27.875131,-446.962164,434775.580103
39489792.500233,-27.770198,-449.744008,442511.771903
39497831.953103,-27.726055,-449.782314,448726.617099
39505871.405974,-27.785392,-449.519565,453398.878756
39513910.858844,-27.583929,-450.909660,456512.591148
39521950.311715,-27.717474,-454.467626,458057.114315
39529989.764585,-27.870324,-454.878726,458027.170418
39538029.217456,-27.736832,-454.857513,456422.861781
39546068.670327,-27.891623,-457.625110,453249.670534
39554108.123197,-27.906334,-458.488489,448518.439887
39562147.576068,-27.914354,-458.444783,442245.337069
39570187.028938,-28.145038,-458.685241,434451.798091
39578226.481809,-28.118439,-460.119880,425164.454489
39586265.934679,-28.170085,-463.855917,414415.042327
39594305.387550,-28.119328,-466.979703,402240.293745
39602344.840421,-28.370136,-465.559215,388681.811445
39610384.293291,-28.400527,-466.399204,373785.926527
39618423.746162,-28.480683,-467.737801,357603.540170
39626463.199032,-28.841650,-469.232681,340189.949693
39634502.651903,-28.893386,-474.130802,321604.659606
39642542.104773,-28.957714,-471.993180,301911.178263
39650581.557644,-28.993487,-472.787330,281176.800856
39658621.010515,-29.032931,-472.531723,259472.379451
39666660.463385,-29.352173,-474.582341,236872.080884
39674699.916256,-29.529825,-474.092644,213453.133318
39682739.369126,-29.834765,-474.875322,189295.562345
39690778.821997,-29.915704,-477.202085,164481.917534
39698818.274867,-29.891193,-477.218290,139096.990338
39706857.727738,-30.145101,-477.618477,113227.524361
39714897.180609,-30.365565,-475.423525,86961.918936
39722936.633479,-30.566027,-477.701454,60389.927057
39730976.086350,-30.705610,-479.123393,33602.348682
39739015.539220,-30.785417,-479.367658,6690.720454
39747054.992091,-30.985874,-479.855263,-20252.997089
39755094.444961,-31.305946,-477.626404,-47136.733755
39763133.897832,-31.473316,-476.052536,-73868.624315
39771173.350703,-31.663753,-479.329957,-100357.322418
39779212.803573,-31.622664,-478.779253,-126512.312732
39787252.256444,-32.028423,-477.222089,-152244.220250
39795291.709314,-32.064064,-479.115484,-177465.115692
39803331.162185,-32.136695,-478.568414,-202088.815975
39811370.615055,-32.405903,-476.344332,-226031.178708
39819410.067926,-32.491125,-476.234842,-249210.389719
39827449.520797,-32.690993,-472.986153,-271547.242627
39835488.973667,-32.585251,-472.312085,-292965.409495
39843528.426538,-32.887235,-472.396844,-313391.701658
39851567.879408,-32.975216,-473.273582,-332756.319816
39859607.332279,-33.136233,-472.046678,-350993.092548
39867646.785149,-33.237981,-468.275884,-368039.702424
39875686.238020,-33.355298,-469.665647,-383837.898961
39883725.690890,-33.525150,-469.566841,-398333.697661
39891765.143761,-33.594726,-466.737787,-411477.564494
39899804.596632,-33.497985,-465.971372,-423224.585157
39907844.049502,-33.789970,-466.157906,-433534.618547
39915883.502373,-33.770994,-463.843001,-442372.433940
39923922.955243,-33.949090,-463.773939,-449707.831368
39931962.408114,-33.806856,-457.344840,-455515.744823
39940001.860984,-33.798762,-460.712928,-459776.327911
39948041.313855,-33.864123,-459.346277,-462475.021661
39956080.766726,-33.893115,-460.086069,-463602.604288
39964120.219596,-33.902182,-456.288667,-463155.222692
39972159.672467,-33.868922,-455.988610,-461134.405639
39980199.125337,-33.856274,-454.564060,-457547.058519
39988238.578208,-33.950508,-451.859645,-452405.439767
39996278.031078,-33.822841,-449.793119,-445727.118964
40004317.483949,-33.780558,-449.484088,-437534.916800
40012356.936820,-33.762415,-449.561073,-427856.827100
40020396.389690,-33.564013,-449.484275,-416725.921153
40028435.842561,-33.645139,-445.922979,-404180.234717
40036475.295431,-33.543350,-447.813774,-390262.638035
40044514.748302,-33.230094,-446.129974,-375020.689347
40052554.201172,-33.262291,-444.016898,-358506.472378
40060593.654043,-33.132761,-441.707113,-340776.418356
40068633.106914,-33.054262,-442.972983,-321891.113187
40076672.559784,-32.983213,-442.635972,-301915.090416
40084712.012655,-32.715609,-442.689876,-280916.610715
40092751.465525,-32.464316,-439.590855,-258967.428625
40100790.918396,-32.613003,-439.657519,-236142.547357
40108830.371266,-32.369316,-438.959019,-212519.962505
40116869.824137,-32.178408,-435.749930,-188180.395516
40124909.277008,-32.050394,-437.575172,-163207.017861
40132948.729878,-31.954580,-437.248446,-137685.166824
40140988.182749,-31.765899,-438.132775,-111702.053893
40149027.635619,-31.608286,-435.736740,-85346.466749
40157067.088490,-31.385662,-435.214446,-58708.465865
40165106.541360,-31.005425,-436.898911,-31879.076760
40173145.994231,-31.172374,-437.251073,-4949.978949
40181185.447102,-30.908083,-436.335132,21986.807333
40189224.899972,-30.796108,-438.375708,48839.235579
40197264.352843,-30.387241,-438.217039,75515.547546
40205303.805713,-30.403375,-440.323490,101924.586800
40213343.258584,-30.341675,-438.073584,127976.110217
40221382.711454,-30.116079,-439.814599,153581.096347
40229422.164325,-29.994959,-440.172349,178652.049619
40237461.617195,-29.733097,-441.676467,203103.299321
40245501.070066,-29.635503,-443.640847,226851.292347
40253540.522937,-29.714642,-441.624131,249814.878714
40261579.975807,-29.609521,-441.816369,271915.588856
40269619.428678,-29.204700,-445.017490,293077.901768
40277658.881548,-29.150387,-445.449458,313229.503072
40285698.334419,-29.028194,-447.188776,332301.532121
40293737.787289,-29.002867,-449.357449,350228.817309
40301777.240160,-28.845802,-447.054863,366950.098766
40309816.693031,-28.885560,-451.323490,382408.237698
40317856.145901,-28.713624,-452.142733,396550.411630
40325895.598772,-28.715410,-452.056015,409328.294911
40333935.051642,-28.727679,-455.070297,420698.223852
40341974.504513,-28.671010,-452.772087,430621.345924
40350013.957383,-28.530013,-457.767950,439063.752527
40358053.410254,-28.342610,-457.587661,445996.594858
40366092.863125,-28.427471,-460.151688,451396.182491
40374132.315995,-28.280479,-459.782891,455244.064333
40382171.768866,-28.506544,-463.039103,457527.091670
40390211.221736,-28.547949,-463.119709,458237.463101
40398250.674607,-28.518204,-462.435793,457372.751194
40406290.127477,-28.621645,-464.810893,454935.910782
40414329.580348,-28.562863,-467.968410,450935.268867
40422369.033219,-28.577395,-469.665873,445384.496161
40430408.486089,-28.526545,-469.644985,438302.560380
40438447.938960,-28.787809,-471.867479,429713.661419
40446487.391830,-28.780835,-473.633716,419647.148665
40454526.844701,-28.992875,-475.898869,408137.420703
40462566.297571,-28.877902,-477.683904,395223.807772
40470605.750442,-29.125883,-476.302681,380950.437370
40478645.203313,-29.196965,-478.406113,365366.083461
40486684.656183,-29.137813,-479.598274,348523.999812
40494724.109054,-29.394375,-481.070486,330481.738018
40502763.561924,-29.531360,-483.140185,311300.950835
40510803.014795,-29.726870,-484.970621,291047.181512
40518842.467665,-29.877573,-485.834306,269789.639816
40526881.920536,-29.926637,-483.290343,247600.965534
40534921.373407,-30.236917,-486.514943,224556.980258
40542960.826277,-30.162088,-485.394307,200736.428284
40551000.279148,-30.401442,-485.248463,176220.707543
40559039.732018,-30.738850,-485.741223,151093.591443
40567079.184889,-30.805448,-488.667060,125440.942613
40575118.637759,-30.843846,-488.982766,99350.419496
40583158.090630,-31.068434,-485.152368,72911.176804
40591197.543501,-31.349945,-489.035763,46213.560875
40599236.996371,-31.270618,-490.031961,19348.800939
40607276.449242,-31.627489,-491.115113,-7591.302622
40615315.902112,-31.750649,-490.003210,-34514.691964
40623355.354983,-32.068251,-487.678854,-61329.366361
40631394.807853,-32.172760,-488.202242,-87943.696578
40639434.260724,-32.305488,-487.003501,-114266.737983
40647473.713594,-32.390618,-490.452372,-140208.541315
40655513.166465,-32.654619,-488.323338,-165680.460054
40663552.619336,-32.826216,-486.736365,-190595.453336
40671592.072206,-32.903081,-487.885745,-214868.383385
40679631.525077,-33.154751,-485.692802,-238416.306438
40687670.977947,-33.134632,-483.739615,-261158.756176
40695710.430818,-33.465655,-484.010710,-283018.018685
40703749.883688,-33.654473,-483.093953,-303919.398019
40711789.336559,-33.721688,-482.957717,-323791.471443
40719828.789430,-33.812908,-479.608520,-342566.333494
40727868.242300,-33.875934,-481.377388,-360179.828024
40735907.695171,-34.038768,-478.274868,-376571.767428
40743947.148041,-34.076487,-478.223759,-391686.138314
40751986.600912,-34.226613,-476.293719,-405471.292909
40760026.053782,-34.372922,-476.881649,-417880.125544
40768065.506653,-34.167765,-474.529423,-428870.233623
40776104.959524,-34.291383,-473.134298,-438404.062514
40784144.412394,-34.322244,-472.361043,-446449.033883
40792183.865265,-34.456135,-470.817826,-452977.657015
40800223.318135,-34.740342,-470.708628,-457967.622755
40808262.771006,-34.688416,-467.563683,-461401.879739
40816302.223876,-34.599692,-469.249842,-463268.692665
40824341.676747,-34.660449,-467.060830,-463561.682389
40832381.129618,-34.455289,-466.945578,-462279.847728
40840420.582488,-34.511392,-460.900818,-459427.568877
40848460.035359,-34.530224,-462.888644,-455014.592445
40856499.488229,-34.469164,-464.030945,-449055.998147
40864538.941100,-34.383789,-461.779242,-441572.147275
40872578.393970,-34.435482,-460.589182,-432588.613123
40880617.846841,-34.262856,-456.707876,-422136.093597
40888657.299712,-34.257028,-457.149569,-410250.306317
40896696.752582,-33.934659,-456.232376,-396971.866566
40904736.205453,-34.091798,-454.635784,-382346.148501
40912775.658323,-33.852240,-454.663525,-366423.130108
40920815.111194,-33.721921,-453.103951,-349257.222412
40928854.564064,-33.689225,-454.317956,-330907.083556
40936894.016935,-33.724468,-453.985945,-311435.418354
40944933.469806,-33.537547,-451.050889,-290908.764021
40952972.922676,-33.391146,-448.413317,-269397.262809
40961012.375547,-33.114425,-449.371212,-246974.422319
40969051.828417,-33.147087,-447.825979,-223716.864317
40977091.281288,-32.932080,-447.902586,-199704.062907
40985130.734158,-32.864969,-448.671010,-175018.072958
40993170.187029,-32.616815,-445.769623,-149743.249714
41001209.639900,-32.484826,-448.170734,-123965.960536
41009249.092770,-32.213111,-446.177668,-97774.289779
41017288.545641,-32.118816,-444.254980,-71257.737793
41025327.998511,-31.917572,-445.894201,-44506.915088
41033367.451382,-31.892052,-446.782303,-17613.232711
41041406.904252,-31.495013,-448.950853,9331.410126
41049446.357123,-31.450198,-447.150910,36234.940066
41057485.809993,-31.225133,-446.251920,63005.424247
41065525.262864,-31.353358,-449.041531,89551.384435
41073564.715735,-30.994470,-447.311657,115782.109630
41081604.168605,-30.976059,-446.053012,141607.966027
41089643.621476,-30.674823,-450.187269,166940.703310
41097683.074346,-30.456700,-450.296669,191693.756219
41105722.527217,-30.555191,-448.118352,215782.540347
41113761.980087,-30.220434,-453.389454,239124.741183
41121801.432958,-30.319322,-452.586891,261640.595385
41129840.885829,-30.007080,-451.330389,283253.163349
41137880.338699,-30.025725,-455.943524,303888.592115
41145919.791570,-29.934034,-454.696067,323476.367735
41153959.244440,-29.765069,-457.416905,341949.556230
41161998.697311,-29.635085,-457.660571,359245.032308
41170038.150181,-29.450055,-456.446637,375303.695076
41178077.603052,-29.371937,-461.318429,390070.669992
41186117.055923,-29.567564,-463.505248,403495.496378
41194156.508793,-29.356518,-461.643227,415532.299856
41202195.961664,-29.289197,-465.038199,426139.949099
41210235.414534,-29.214235,-465.840283,435282.196389
41218274.867405,-29.169952,-465.370991,442927.801479
41226314.320275,-29.139761,-469.443558,449050.638336
41234353.773146,-29.181576,-469.354153,453629.784433
41242393.226017,-29.142995,-470.420520,456649.592229
41250432.678887,-28.999289,-472.733985,458099.742650
41258472.131758,-29.179773,-474.866624,457975.280341
41266511.584628,-29.229176,-475.873445,456276.630605
41274551.037499,-29.249370,-477.468199,453009.597953
41282590.490369,-29.259830,-476.074825,448185.346257
41290629.943240,-29.332338,-480.856856,441820.360617
41298669.396111,-29.476697,-481.445292,433936.391016
41306708.848981,-29.228943,-482.638180,424560.378004
41314748.301852,-29.443618,-480.573633,413724.360640
41322787.754722,-29.469199,-486.627879,401465.367005
41330827.207593,-29.681370,-487.636759,387825.287679
41338866.660463,-29.734978,-488.220014,372850.732587
41346906.113334,-29.878404,-490.292372,356592.871735
41354945.566205,-30.035464,-486.231289,339107.260350
41362985.019075,-30.105846,-489.566994,320453.649044
41371024.471946,-30.145949,-495.072731,300695.779636
41379063.924816,-30.341617,-492.177550,279901.167339
41387103.377687,-30.544505,-494.122410,258140.870050
41395142.830557,-30.630803,-496.042691,235489.245540
41403182.283428,-30.680627,-494.699019,212023.697359
41411221.736299,-30.990196,-497.114017,187824.410341
41419261.189169,-31.179041,-497.216838,162974.076602
41427300.642040,-31.525721,-496.290335,137557.612967
41435340.094910,-31.549526,-500.806298,111661.870804
41443379.547781,-31.641036,-497.235471,85375.339235
41451419.000651,-31.913864,-501.330773,58787.842762
41459458.453522,-31.989787,-498.356699,31990.234323
41467497.906392,-32.230161,-497.231107,5074.084836
41475537.359263,-32.236267,-499.342507,-21868.629712
41483576.812134,-32.371901,-499.313983,-48745.842555
41491616.265004,-32.956150,-495.850164,-75465.710758
41499655.717875,-33.008888,-497.269090,-101936.929052
41507695.170745,-33.183331,-496.717103,-128069.041835
41515734.623616,-33.250137,-496.575966,-153772.752276
41523774.076486,-33.485526,-496.976023,-178960.227449
41531813.529357,-33.467379,-494.568674,-203545.398471
41539852.982228,-33.764793,-495.407019,-227444.254610
41547892.435098,-33.700567,-496.020221,-250575.130363
41555931.887969,-34.010536,-494.898275,-272858.984517
41563971.340839,-34.014507,-493.089395,-294219.670237
41572010.793710,-34.215351,-497.625961,-314584.195282
41580050.246580,-34.395690,-491.418326,-333882.971414
41588089.699451,-34.599752,-492.520160,-352050.052204
41596129.152322,-34.626489,-492.391727,-369023.358372
41604168.605192,-34.684227,-489.126488,-384744.889917
41612208.058063,-34.873231,-488.348624,-399160.924323
41620247.510933,-34.900752,-487.525740,-412222.200118
41628286.963804,-35.025410,-486.920283,-423884.085226
41636326.416674,-35.009457,-483.965025,-434106.729465
41644365.869545,-35.028186,-483.381384,-442855.200727
41652405.322416,-35.125207,-479.982321,-450099.604350
41660444.775286,-35.158492,-481.387448,-455815.185259
41668484.228157,-35.243552,-478.236099,-459982.412573
41676523.681027,-35.325175,-477.926984,-462587.046334
41684563.133898,-35.295044,-477.180271,-463620.186166
41692602.586768,-35.132865,-476.479469,-463078.301698
41700642.039639,-35.153462,-473.998654,-460963.244618
41708681.492510,-35.255521,-472.583908,-457282.242355
41716720.945380,-35.267020,-473.191410,-452047.873370
41724760.398251,-35.102201,-469.597538,-445278.024184
41732799.851121,-35.111448,-469.906440,-436995.828254
41740839.303992,-34.780396,-467.076103,-427229.586921
41748878.756862,-34.821980,-465.132619,-416012.672705
41756918.209733,-34.923672,-464.643556,-403383.415262
41764957.662604,-34.811323,-466.188537,-389384.970408
41772997.115474,-34.838516,-463.375988,-374065.172653
41781036.568345,-34.578411,-462.873844,-357476.371742
41789076.021215,-34.474093,-463.508281,-339675.253767
41797115.474086,-34.406038,-461.213162,-320722.647467
41805154.926956,-34.317015,-458.356725,-300683.316365
41813194.379827,-34.253662,-462.301341,-279625.737465
41821233.832697,-33.949875,-459.408280,-257621.867257
41829273.285568,-33.862307,-457.985156,-234746.895831
41837312.738439,-33.775917,-459.330410,-211078.989943
41845352.191309,-33.415772,-459.116522,-186699.025909
41853391.644180,-33.342248,-456.953724,-161690.313243
41861431.097050,-33.367387,-456.746219,-136138.309971
41869470.549921,-33.209449,-456.437751,-110130.330617
41877510.002791,-32.885850,-456.661145,-83755.247832
41885549.455662,-32.788433,-456.214617,-57103.188711
41893588.908533,-32.646379,-456.621167,-30265.226808
41901628.361403,-32.481322,-457.056109,-3333.070936
41909667.814274,-32.389999,-456.002663,23601.248222
41917707.267144,-32.322627,-454.914966,50445.692590
41925746.720015,-31.844484,-455.485792,77108.531205
41933786.172885,-31.699965,-457.679327,103498.653676
41941825.625756,-31.653717,-459.718422,129525.881517
41949865.078627,-31.452561,-458.805197,155101.276301
41957904.531497,-31.182956,-458.871214,180137.443575
41965943.984368,-31.296722,-461.189919,204548.831493
41973983.437238,-30.917042,-461.553038,228252.023165
41982022.890109,-30.896927,-462.607430,251166.021697
41990062.342979,-30.812239,-462.171255,273212.526972
41998101.795850,-30.754015,-465.082120,294316.203212
42006141.248721,-30.541931,-464.852731,314404.936406
42014180.701591,-30.326323,-465.628119,333410.080737
42022220.154462,-30.250434,-467.588946,351266.693150
42030259.607332,-30.233397,-467.526339,367913.755277
42038299.060203,-30.127730,-471.179133,383294.381938
42046338.513073,-30.079032,-471.037234,397356.015529
42054377.965944,-29.985754,-474.423526,410050.605618
42062417.418815,-30.000788,-472.813932,421334.773134
42070456.871685,-29.945460,-473.010108,431169.958611
42078496.324556,-29.853582,-478.023733,439522.553937
42086535.777426,-29.895970,-476.439631,446364.017207
42094575.230297,-29.799893,-480.621088,451670.970250
42102614.683167,-29.950220,-478.925865,455425.278515
42110654.136038,-29.998059,-482.170360,457614.113044
42118693.588909,-29.752701,-484.697379,458229.994303
42126733.041779,-29.714115,-485.877480,457270.817745
42134772.494650,-29.663572,-486.800767,454739.861003
42142811.947520,-29.950304,-487.112971,450645.772685
42150851.400391,-29.980254,-488.495366,445002.542823
42158890.853261,-29.953443,-489.995047,437829.455069
42166930.306132,-29.843039,-492.241415,429151.020798
42174969.759003,-30.062817,-494.855383,418996.895351
42183009.211873,-30.325521,-495.482796,407401.776695
42191048.664744,-30.207002,-496.849396,394405.286863
42199088.117614,-30.315599,-495.776198,380051.836551
42207127.570485,-30.605322,-499.023102,364390.473368
42215167.023355,-30.556983,-501.255902,347474.714234
42223206.476226,-30.773551,-499.916254,329362.362497
42231245.929096,-30.903480,-499.802480,310115.310426
42239285.381967,-30.922466,-505.323445,289799.327701
42247324.834838,-31.082913,-504.028588,268483.836682
42255364.287708,-31.348862,-504.265780,246241.675177
42263403.740579,-31.317175,-505.988773,223148.847549
42271443.193449,-31.609271,-505.588085,199284.264998
42279482.646320,-31.727853,-506.954219,174729.475909
42287522.099190,-31.826554,-506.908560,149568.387195
42295561.552061,-31.998171,-508.100602,123886.977573
42303601.004932,-32.303955,-508.840491,97773.003763
42311640.457802,-32.496763,-509.314742,71315.700614
42319679.910673,-32.694935,-506.937072,44605.476178
42327719.363543,-32.819300,-508.024672,17733.602769
42335758.816414,-33.025270,-507.911985,-9208.094921
42343798.269284,-33.000232,-511.979304,-36127.553604
42351837.722155,-33.113265,-508.942383,-62932.785982
42359877.175026,-33.484952,-507.982712,-89532.195087
42367916.627896,-33.654409,-509.323165,-115834.887274
42375956.080767,-33.847390,-505.964548,-141750.982817
42383995.533637,-33.932338,-506.121642,-167191.923044
42392034.986508,-34.244672,-505.422649,-192070.772949
42400074.439378,-34.746360,-505.982186,-216302.518261
42408113.892249,-34.534860,-504.342639,-239804.355951
42416153.345120,-34.617356,-505.826866,-262495.977180
42424192.797990,-34.762810,-504.151707,-284299.841721
42432232.250861,-34.912162,-503.332595,-305141.442933
42440271.703731,-34.953300,-500.748374,-324949.562346
42448311.156602,-35.089841,-499.754673,-343656.513040
42456350.609472,-35.269414,-499.369382,-361198.370928
42464390.062343,-35.462209,-500.205751,-377515.193195
42472429.515214,-35.525784,-495.624823,-392551.223136
42480468.968084,-35.565166,-494.975432,-406255.080678
42488508.420955,-35.591763,-496.456074,-418579.937955
42496547.873825,-35.747276,-494.210090,-429483.679327
42504587.326696,-35.741253,-493.871733,-438929.045286
42512626.779566,-35.971109,-493.288749,-446883.759789
42520666.232437,-35.807796,-490.467174,-453320.640540
42528705.685308,-35.744625,-490.826277,-458217.691878
42536745.138178,-35.938861,-487.173205,-461558.179944
42544784.591049,-35.876697,-487.532938,-463330.689852
42552824.043919,-35.910674,-485.782244,-463529.164707
42560863.496790,-35.836770,-486.187061,-462152.926292
42568902.949660,-35.771590,-484.340369,-459206.677396
42576942.402531,-35.747410,-482.133554,-454700.485734
42584981.855402,-35.734365,-481.321309,-448649.749548
42593021.308272,-35.573007,-480.339812,-441075.144994
42601060.761143,-35.752064,-477.991969,-432002.555480
42609100.214013,-35.560221,-475.762282,-421462.983228
42617139.666884,-35.554220,-475.227658,-409492.443328
42625179.119754,-35.605293,-475.742285,-396131.840673
42633218.572625,-35.455155,-473.994672,-381426.830183
42641258.025495,-35.238473,-472.238135,-365427.660794
42649297.478366,-35.190691,-474.069423,-348189.003751
42657336.931237,-34.968553,-470.479748,-329769.765790
42665376.384107,-35.068936,-469.709258,-310232.887846
42673415.836978,-34.849139,-470.225812,-289645.129974
42681455.289848,-34.665347,-470.236589,-268076.843226
42689494.742719,-34.706901,-471.371083,-245601.729245
42697534.195589,-34.434100,-468.654437,-222296.588423
42705573.648460,-34.297558,-470.021275,-198241.057461
42713613.101331,-34.072028,-467.909801,-173517.337240
42721652.554201,-33.951635,-468.433015,-148209.911933
42729692.007072,-33.669096,-468.447378,-122405.260308
42737731.459942,-33.659852,-465.570350,-96191.560219
42745770.912813,-33.375814,-466.329851,-69658.387294
42753810.365683,-33.236311,-465.815859,-42896.408840
42761849.818554,-33.086036,-466.432734,-15997.074022
42769889.271425,-33.122365,-466.972173,10947.698630
42777928.724295,-32.988910,-467.128345,37845.835318
42785968.177166,-32.683631,-466.457845,64605.421607
42794007.630036,-32.515269,-469.644145,91135.016505
42802047.082907,-32.294058,-467.468468,117343.964931
42810086.535777,-32.310993,-469.517428,143142.707497
42818125.988648,-31.994453,-468.314033,168443.086538
42826165.441519,-31.924451,-469.201316,193158.647365
42834204.894389,-31.731009,-470.374106,217204.933688
42842244.347260,-31.706924,-469.866153,240499.776215
42850283.800130,-31.407043,-473.838739,262963.573436
42858323.253001,-31.304553,-474.829527,284519.563629
42866362.705871,-31.331492,-475.207667,305094.087169
42874402.158742,-31.104872,-474.150039,324616.838231
42882441.611613,-30.987977,-476.090234,343021.105030
42890481.064483,-30.965420,-476.882369,360243.997792
42898520.517354,-30.924689,-478.516900,376226.663647
42906559.970224,-30.771357,-481.074087,390914.487746
42914599.423095,-30.702995,-481.070599,404257.279882
42922638.875965,-30.509009,-482.770702,416209.445995
42930678.328836,-30.602857,-483.069057,426730.143978
42938717.781707,-30.641987,-483.912584,435783.423234
42946757.234577,-30.585360,-486.986316,443338.347532
42954796.687448,-30.409832,-487.953121,449369.100710
42962836.140318,-30.294952,-491.982211,453855.074898
42970875.593189,-30.373695,-492.354597,456780.940940
42978915.046059,-30.515814,-491.837064,458136.700769
42986954.498930,-30.350738,-495.445199,457917.721579
42994993.951801,-30.525532,-496.201943,456124.751649
43003033.404671,-30.537704,-497.559089,452763.917791
43011072.857542,-30.467452,-498.661007,447846.704412
43019112.310412,-30.495327,-500.341777,441389.914271
43027151.763283,-30.584520,-500.087299,433415.611060
43035191.216153,-30.744702,-504.855048,423951.044012
43043230.669024,-30.861065,-504.599781,413028.554784
43051270.121894,-30.987340,-503.381967,400685.466946
43059309.574765,-30.935755,-505.650130,386963.958435
43067349.027636,-31.061371,-508.674058,371910.917434
43075388.480506,-31.127366,-509.730804,355577.782143
43083427.933377,-31.280673,-509.979858,338020.365013
43091467.386247,-31.603288,-510.831768,319298.662025
43099506.839118,-31.667799,-513.894362,299476.647675
43107546.291988,-31.779152,-513.478077,278622.056369
43115585.744859,-31.858629,-513.534922,256806.150960
43123625.197730,-31.933247,-516.186143,234103.479239
43131664.650600,-32.276654,-515.358575,210591.619191
43139704.103471,-32.301957,-516.778632,186350.913903
43147743.556341,-32.482434,-517.342886,161464.197023
43155783.009212,-32.629936,-517.726177,136016.509704
43163822.462082,-32.871204,-515.744766,110094.810006
43171861.914953,-33.213811,-517.779081,83787.675753
43179901.367824,-33.303339,-519.355179,57185.001849
43187940.820694,-33.512537,-518.566834,30377.693095
43195980.273565,-33.445617,-519.885215,3457.353557
43204019.726435,-33.720010,-517.198990,-23484.026461
43212059.179306,-33.881979,-518.807445,-50354.384754
43220098.632176,-34.064401,-518.754933,-77061.901808
43228138.085047,-34.348618,-517.478749,-103515.314559
43236177.537918,-34.435847,-517.629567,-129624.228252
43244216.990788,-34.450754,-515.392833,-155299.425328
43252256.443659,-34.718101,-516.376504,-180453.170295
43260295.896529,-34.869683,-515.874441,-204999.509531
43268335.349400,-35.047508,-514.206488,-228854.564997
43276374.802270,-35.258303,-516.942976,-251936.820864
43284414.255141,-35.228497,-514.465259,-274167.402056
43292453.708012,-35.601064,-514.897405,-295470.343784
43300493.160882,-35.605027,-514.778573,-315772.851119
43308532.613753,-35.754692,-511.322051,-335005.547752
43316572.066623,-36.009092,-512.165037,-353102.713052
43324611.519494,-35.885566,-510.188956,-370002.506651
43332650.972364,-36.007754,-509.587682,-385647.179751
43340690.425235,-36.099960,-508.917539,-399983.272468
43348729.878106,-36.209657,-505.039785,-412961.796505
43356769.330976,-36.321129,-506.914977,-424538.402557
43364808.783847,-36.426495,-504.929254,-434673.531852
43372848.236717,-36.496968,-503.946962,-443332.551335
43380887.689588,-36.719667,-502.531159,-450485.872006
43388927.142458,-36.574115,-498.595047,-456109.050040
43396966.595329,-36.426532,-499.448252,-460182.870303
43405006.048199,-36.649796,-500.063081,-462693.412021
43413045.501070,-36.587633,-495.669582,-463632.096347
43421084.953941,-36.523887,-496.705674,-462995.715674
43429124.406811,-36.631546,-493.526024,-460786.444597
43437163.859682,-36.541449,-493.758966,-457011.832483
43445203.312552,-36.593021,-491.761091,-451684.777675
43453242.765423,-36.459098,-490.921944,-444823.483411
43461282.218293,-36.265887,-489.419526,-436451.395626
43469321.671164,-36.355216,-489.656038,-426597.122838
43477361.124035,-36.393930,-485.895468,-415294.338378
43485400.576905,-36.268083,-486.394675,-402581.665332
43493440.029776,-36.160367,-484.721524,-388502.544560
43501479.482646,-36.037852,-484.755082,-373105.086251
43509518.935517,-36.064539,-484.331637,-356441.905527
43517558.388387,-35.807440,-483.408910,-338569.942643
43525597.841258,-35.466321,-481.408824,-319550.268427
43533637.294129,-35.424126,-481.619542,-299447.875581
43541676.746999,-35.570641,-481.992184,-278331.456598
43549716.199870,-35.322973,-478.715006,-256273.169035
43557755.652740,-35.244151,-477.959730,-233348.388930
43565795.105611,-35.062393,-480.444619,-209635.453244
43573834.558481,-34.862998,-477.267353,-185215.392165
43581874.011352,-34.813970,-478.776720,-160171.652223
43589913.464223,-34.684173,-476.456003,-134589.811138
43597952.917093,-34.317311,-477.867018,-108557.285393
43605992.369964,-34.235073,-478.301204,-82163.031518
43614031.822834,-34.053486,-477.596266,-55497.242116
43622071.275705,-33.973289,-476.886504,-28651.037662
43630110.728575,-33.767651,-479.389189,-1716.155133
43638150.181446,-33.559869,-476.444836,25215.365470
43646189.634317,-33.448053,-475.881574,52051.495634
43654229.087187,-33.225543,-478.519716,78700.532807
43662268.540058,-33.148152,-478.253074,105071.413759
43670307.992928,-33.029272,-478.384150,131074.025756
43678347.445799,-32.705779,-478.591176,156619.514485
43686386.898669,-32.738327,-477.036982,181620.587686
43694426.351540,-32.531634,-480.744219,205991.813435
43702465.804411,-32.478782,-482.079092,229649.912080
43710505.257281,-32.206203,-479.933825,252514.040817
43718544.710152,-32.078015,-481.801705,274506.069941
43726584.163022,-32.086805,-484.568533,295550.849823
43734623.615893,-31.857225,-481.969115,315576.467713
43742663.068763,-31.940044,-484.429076,334514.493463
43750702.521634,-31.704417,-487.591126,352300.213375
43758741.974505,-31.668229,-488.711897,368872.851326
43766781.427375,-31.502861,-487.380709,384175.776456
43774820.880246,-31.375222,-491.322523,398156.696676
43782860.333116,-31.388050,-491.400397,410767.837361
43790899.785987,-31.372354,-495.756128,421966.104601
43798939.238857,-31.261076,-494.143287,431713.232458
43806978.691728,-31.189716,-497.830623,439975.913727
43815018.144598,-31.260163,-496.802389,446725.913752
43823057.597469,-31.235273,-498.322250,451940.166900
43831097.050340,-31.218370,-502.548384,455600.855393
43839136.503210,-31.168709,-500.892426,457695.470178
43847175.956081,-31.123949,-504.151052,458216.853687
43855215.408951,-31.131391,-501.709898,457163.224282
43863254.861822,-31.319391,-506.089851,454538.182353
43871294.314692,-31.299724,-505.844572,450350.698010
43879333.767563,-31.260768,-507.088861,444615.080432
43887373.220434,-31.334255,-511.899898,437350.928972
43895412.673304,-31.307653,-510.745916,428583.066182
43903452.126175,-31.438496,-513.874099,418341.452988
43911491.579045,-31.497067,-513.750900,406661.086320
43919531.031916,-31.806554,-517.713688,393581.879508
43927570.484786,-31.744857,-519.053310,379148.525909
43935609.937657,-31.886017,-518.919254,363410.346169
43943649.390528,-32.000586,-519.010892,346421.119698
43951688.843398,-32.084172,-520.889385,328238.900896
43959728.296269,-32.109346,-521.752663,308925.820773
43967767.749139,-32.267112,-522.895724,288547.874638
43975807.202010,-32.519918,-521.693148,267174.696587
43983846.654880,-32.606629,-524.515807,244879.321553
43991886.107751,-32.717375,-521.726532,221737.935735
43999925.560622,-32.973907,-527.100860,197829.616263
44007965.013492,-33.181012,-529.646780,173236.060978
44016004.466363,-33.235245,-525.715873,148041.309260
44024043.919233,-33.342350,-526.988186,122331.454859
44032083.372104,-33.594649,-526.657955,96194.351693
44040122.824974,-33.715170,-528.943224,69719.313649
44048162.277845,-34.133031,-527.709051,42996.809379
44056201.730716,-34.088593,-527.657207,16118.153161
44064241.183586,-34.276162,-527.639591,-10824.807137
44072280.636457,-34.557498,-528.449286,-37740.003911
44080320.089327,-34.785833,-529.218512,-64535.464429
44088359.542198,-34.936006,-525.445660,-91119.625112
44096398.995068,-35.170380,-528.738832,-117401.644422
44104438.447939,-35.347754,-525.083412,-143291.713275
44112477.900810,-35.409007,-523.768527,-168701.361935
44120517.353680,-35.442201,-527.723753,-193543.762323
44128556.806551,-35.566804,-526.134451,-217734.024723
44136596.259421,-35.819985,-523.911528,-241189.487856
44144635.712292,-35.919418,-524.465245,-263830.001352
44152675.165162,-36.081311,-523.437345,-285578.199627
44160714.618033,-36.365892,-523.243904,-306359.766255
44168754.070904,-36.322998,-524.421342,-326103.687918
44176793.523774,-36.561159,-522.333113,-344742.497062
44184832.976645,-36.458327,-519.589349,-362212.502451
44192872.429515,-36.820749,-520.449575,-378454.006801
44200911.882386,-36.827588,-518.974074,-393411.510776
44208951.335256,-36.923738,-514.733154,-407033.902637
44216990.788127,-36.887296,-516.706992,-419274.632897
44225030.240997,-37.048119,-513.269822,-430091.873388
44233069.693868,-37.118148,-516.198504,-439448.660190
44241109.146739,-36.983137,-513.458735,-447313.019942
44249148.599609,-37.157236,-509.751831,-453658.079105
44257188.052480,-37.108281,-510.871845,-458462.155784
44265227.505350,-37.293780,-510.965978,-461708.833825
44273266.958221,-37.243392,-506.909645,-463387.018905
44281306.411091,-37.372955,-505.075218,-463490.976447
44289345.863962,-37.295080,-505.132394,-462020.351215
44297385.316833,-37.249403,-503.049979,-458980.168527
44305424.769703,-37.201108,-500.597552,-454380.817083
44313464.222574,-37.246575,-502.985868,-448238.013466
44321503.675444,-37.020243,-500.081488,-440572.748435
44329543.128315,-37.177319,-500.724926,-431411.215200
44337582.581185,-36.836495,-498.472751,-420784.719913
44345622.034056,-36.893327,-495.068673,-408729.574692
44353661.486927,-36.926777,-494.128127,-395286.973538
44361700.939797,-36.727713,-495.532343,-380502.851570
44369740.392668,-36.658274,-494.495695,-364427.728058
44377779.845538,-36.706888,-491.640832,-347116.533792
44385819.298409,-36.365734,-491.860951,-328628.423378
44393858.751279,-36.145136,-491.439857,-309026.573096
44401898.204150,-36.238464,-489.505585,-288377.965022
44409937.657021,-36.054823,-489.919274,-266753.158139
44417977.109891,-36.036139,-489.209660,-244226.047227
44426016.562762,-35.791558,-487.389662,-220873.610358
44434056.015632,-35.590357,-488.907840,-196775.645851
44442095.468503,-35.424984,-485.573142,-172014.499587
44450134.921373,-35.375925,-487.776926,-146674.783630
44458174.374244,-35.082732,-486.756681,-120843.087087
44466213.827115,-34.978047,-485.648171,-94607.680230
44474253.279985,-34.754319,-485.990783,-68058.212862
44482292.732856,-34.789963,-486.865740,-41285.407968
44490332.185726,-34.511301,-487.107513,-14380.751710
44498371.638597,-34.269812,-487.858895,12563.819197
44506411.091467,-34.219529,-487.947339,39456.231647
44514450.544338,-34.132223,-487.991455,66204.590763
44522489.997209,-33.919308,-488.985645,92717.493919
44530529.450079,-33.691824,-489.722024,118904.343072
44538568.902950,-33.401064,-489.180555,144675.654349
44546608.355820,-33.403476,-487.806808,169943.363823
44554647.808691,-33.258522,-490.125272,194621.128440
44562687.261561,-33.197816,-492.138027,218624.621064
44570726.714432,-32.907741,-492.069958,241871.818635
44578766.167303,-32.715743,-493.283602,264283.282452
44586805.620173,-32.525149,-493.518854,285782.429625
44594845.073044,-32.601734,-493.144259,306295.794767
44602884.525914,-32.580224,-495.896725,325753.281039
44610923.978785,-32.263332,-497.386463,344088.399676
44618963.431655,-32.186147,-496.805146,361238.497190
44627002.884526,-32.131674,-498.625779,377144.969464
44635042.337396,-32.189571,-501.891294,391753.462012
44643081.790267,-31.984389,-498.396165,405014.055711
44651121.243138,-31.889749,-501.327526,416881.437387
44659160.696008,-31.840564,-503.138623,427315.054649
44667200.148879,-31.971125,-507.968702,436279.254470
44675239.601749,-31.788797,-506.599675,443743.405012
44683279.054620,-31.882614,-510.341365,449682.000300
44691318.507490,-31.851089,-508.966485,454074.747380
44699357.960361,-31.915091,-512.323808,456906.635663
44707397.413232,-31.719933,-512.638801,458167.988219
44715436.866102,-31.743154,-514.881880,457854.494843
44723476.318973,-31.823309,-514.664497,455967.226780
44731515.771843,-31.634540,-517.407310,452512.633073
44739555.224714,-31.817278,-518.470167,447502.518517
44747594.677584,-31.801945,-519.896019,440954.003326
44755634.130455,-32.103658,-520.909390,432889.464631
44763673.583326,-32.079267,-523.101210,423336.460009
44771713.036196,-32.187214,-524.902857,412327.633322
44779752.489067,-32.321264,-527.633532,399900.603163
44787791.941937,-32.425644,-526.138835,386097.834315
44795831.394808,-32.613398,-527.243638,370966.492633
44803870.847678,-32.673397,-527.702131,354558.283886
44811910.300549,-32.515236,-527.440361,336929.277057
44819949.753420,-32.776893,-529.777264,318139.712759
44827989.206290,-32.909775,-530.955335,298253.797382
44836028.659161,-33.216208,-532.627181,277339.483686
44844068.112031,-33.211281,-533.117169,255468.238605
44852107.564902,-33.359935,-533.645572,232714.799033
44860147.017772,-33.616219,-535.879838,209156.916434
44868186.470643,-33.769600,-534.264039,184875.091164
44876225.923514,-33.936994,-534.338216,159952.297378
44884265.376384,-33.910295,-536.682482,134473.699511
44892304.829255,-34.256912,-539.117930,108526.361250
44900344.282125,-34.433855,-536.245476,82198.948026
44908383.734996,-34.644647,-538.045869,55581.424042
44916423.187866,-34.844362,-537.537388,28764.744841
44924462.640737,-34.729416,-539.309580,1840.546510
44932502.093608,-35.109798,-536.848762,-25099.167460
44940541.546478,-35.389797,-537.125429,-51962.340557
44948580.999349,-35.431816,-536.870253,-78657.177822
44956620.452219,-35.608659,-539.079076,-105092.459518
44964659.905090,-35.935300,-535.981426,-131177.852846
44972699.357960,-35.876613,-537.017852,-156824.220620
44980738.810831,-36.074079,-537.870411,-181943.925860
44988778.263701,-36.282064,-536.324067,-206451.131263
44996817.716572,-36.387760,-535.442595,-230262.092517
45004857.169443,-36.592368,-534.160382,-253295.444465
45012896.622313,-36.704221,-533.550711,-275472.479147
45020936.075184,-37.005408,-533.028300,-296717.414743
45028975.528054,-36.839079,-532.223474,-316957.654545
45037014.980925,-37.049718,-529.717860,-336124.035016
45045054.433795,-37.201639,-528.336248,-354151.062139
45053093.886666,-37.413850,-528.591233,-370977.135214
45061133.339537,-37.459993,-528.420632,-386544.757358
45069172.792407,-37.516885,-528.751647,-400800.731979
45077212.245278,-37.589149,-527.937431,-413696.344555
45085251.698148,-37.758094,-525.422824,-425187.529099
45093291.151019,-37.856850,-523.642774,-435235.018737
45101330.603889,-37.814182,-524.566160,-443804.479887
45109370.056760,-37.800996,-518.635236,-450866.629587
45117409.509631,-37.929155,-522.135700,-456397.335548
45125448.962501,-37.926590,-520.685599,-460377.698632
45133488.415372,-38.111476,-518.522313,-462794.117417
45141527.868242,-37.709956,-516.847553,-463638.334685
45149567.321113,-37.872353,-514.236380,-462907.465637
45157606.773983,-37.947521,-514.708781,-460604.007747
45165646.226854,-37.876542,-509.768647,-456735.832232
45173685.679725,-38.044253,-509.473682,-451316.157150
45181725.132595,-37.913928,-510.311997,-444363.502236
45189764.585466,-37.644265,-508.212574,-435901.625619
45197804.038336,-37.666481,-506.299599,-425959.442632
45205843.491207,-37.645136,-507.114338,-414570.927011
45213882.944077,-37.528209,-504.871051,-401774.994795
45221922.396948,-37.502824,-504.283655,-387615.371350
45229961.849819,-37.468474,-502.601146,-372140.441956
45238001.302689,-37.233515,-501.254594,-355403.086460
45246040.755560,-37.249098,-503.001297,-337460.498586
45254080.208430,-37.098051,-500.897115,-318373.990494
45262119.661301,-36.823405,-496.428623,-298208.783266
45270159.114171,-36.672177,-499.721841,-277033.784043
45278198.567042,-36.725209,-497.043372,-254921.350554
45286238.019913,-36.572083,-499.090854,-231947.043864
45294277.472783,-36.294857,-500.520940,-208189.370171
45302316.925654,-36.222369,-494.976559,-183729.512540
45310356.378524,-36.132414,-497.212659,-158651.053489
45318395.831395,-36.018986,-495.960689,-133039.689380
45326435.284265,-35.772970,-496.289242,-106982.937578
45334474.737136,-35.557347,-497.521640,-80569.837398
45342514.190007,-35.327821,-494.211468,-53890.645843
45350553.642877,-35.343177,-495.304517,-27036.529184
45358593.095748,-35.068295,-499.299781,-99.251436
45366632.548618,-34.990244,-497.634027,26829.139215
45374672.001489,-34.853868,-496.170097,53656.624953
45382711.454359,-34.608320,-497.400671,80291.532763
45390750.907230,-34.334445,-498.067842,106642.847699
45398790.360100,-34.362427,-500.568201,132620.523884
45406829.812971,-34.017910,-499.651059,158135.792217
45414869.265842,-33.955460,-500.548409,183101.463703
45422908.718712,-33.757604,-500.253209,207432.227390
45430948.171583,-33.670502,-501.929529,231044.941892
45438987.624453,-33.598736,-500.527904,253858.919487
45447027.077324,-33.514853,-500.763447,275796.201844
45455066.530194,-33.450034,-503.969165,296781.826411
45463105.983065,-33.354080,-507.118379,316744.082576
45471145.435936,-33.127175,-505.690767,335614.756711
45479184.888806,-33.041384,-505.889244,353329.365264
45487224.341677,-32.968462,-506.180478,369827.375112
45495263.794547,-33.010273,-508.710099,385052.410405
45503303.247418,-32.772072,-508.834030,398952.445217
45511342.700288,-32.602642,-511.513609,411479.981317
45519382.153159,-32.468829,-514.265801,422592.210482
45527421.606030,-32.478271,-516.471838,432251.160781
45535461.058900,-32.543667,-515.259276,440423.826319
45543500.511771,-32.437380,-517.237271,447082.280038
45551539.964641,-32.357174,-516.498395,452203.769131
45559579.417512,-32.404426,-520.194358,455770.792804
45567618.870382,-32.359456,-521.072191,457771.162073
45575658.323253,-32.494909,-522.740757,458198.041414
45583697.776124,-32.384698,-523.213991,457049.972127
45591737.228994,-32.530480,-525.026910,454330.877314
45599776.681865,-32.542305,-526.178920,450050.048474
45607816.134735,-32.673630,-527.680931,444222.113758
45615855.587606,-32.720324,-530.200182,436866.987978
45623895.040476,-32.791275,-532.730774,428009.804557
45631934.493347,-32.863624,-533.524279,417680.829644
45639973.946218,-32.909284,-533.051995,405915.358690
45648013.399088,-33.149204,-535.776271,392753.595842
45656052.851959,-33.142592,-538.087941,378240.516559
45664092.304829,-33.227466,-537.625726,362425.713922
45672131.757700,-33.320651,-540.175365,345363.229172
45680171.210570,-33.307353,-541.422902,327111.367039
45688210.663441,-33.520315,-542.196860,307732.496515
45696250.116312,-33.698304,-541.977808,287292.837724
45704289.569182,-33.637910,-543.647324,265862.235641
45712329.022053,-33.987295,-544.312413,243513.921425
45720368.474923,-34.092568,-544.027371,220324.262175
45728407.927794,-34.173827,-544.648564,196372.499979
45736447.380664,-34.547157,-546.572754,171740.481124
45744486.833535,-34.563409,-544.585100,146512.376429
45752526.286406,-34.875356,-547.836825,120774.393612
45760565.739276,-34.799053,-548.693730,94614.482713
45768605.192147,-35.200204,-546.073865,68122.035553
45776644.645017,-35.361167,-548.788516,41387.580274
45784684.097888,-35.555229,-548.138987,14502.471992
45792723.550758,-35.662121,-548.599384,-12441.419376
45800763.003629,-35.728247,-545.695399,-39352.023046
45808802.456499,-36.051668,-547.955840,-66137.381981
45816841.909370,-36.228234,-546.241277,-92705.967120
45824881.362241,-36.257442,-546.495570,-118966.990147
45832920.815111,-36.577413,-547.338389,-144830.713729
45840960.267982,-36.574044,-544.879915,-170208.758152
45848999.720852,-36.929021,-546.134129,-195014.403335
45857039.173723,-37.014000,-545.159066,-219162.885156
45865078.626593,-37.054503,-543.148109,-242571.685110
45873118.079464,-37.234498,-543.745371,-265160.812278
45881157.532335,-37.588677,-541.811530,-286853.076671
45889196.985205,-37.583119,-542.319453,-307574.352996
45897236.438076,-37.756891,-542.524817,-327253.833954
45905275.890946,-37.790718,-543.205311,-345824.272196
45913315.343817,-38.060685,-538.510123,-363222.210115
45921354.796687,-38.097084,-538.800856,-379388.196693
45929394.249558,-38.168061,-537.616049,-394266.990648
45937433.702429,-38.290556,-538.796338,-407807.749202
45945473.155299,-38.311807,-535.669832,-419964.201821
45953512.608170,-38.472637,-531.698018,-430694.808325
45961552.061040,-38.429729,-533.831530,-439962.900830
45969591.513911,-38.566567,-532.501229,-447736.809061
45977630.966781,-38.444161,-530.860121,-453989.968559
45985670.419652,-38.647054,-527.552919,-458701.011463
45993709.872523,-38.639501,-528.958950,-461853.839529
46001749.325393,-38.627566,-526.339346,-463437.679130
46009788.778264,-38.745355,-529.011133,-463447.118081
46017828.231134,-38.653331,-523.077846,-461882.124127
46025867.684005,-38.660515,-524.556633,-458748.045057
46033907.136875,-38.493451,-521.394793,-454055.590428
46041946.589746,-38.574716,-524.271470,-447820.794967
46049986.042617,-38.563997,-523.346579,-440064.963783
46058025.495487,-38.356407,-518.416183,-430814.599560
46066064.948358,-38.372688,-517.947278,-420101.311999
46074104.401228,-38.120605,-516.272865,-407961.709798
46082143.854099,-38.111653,-515.180081,-394437.275557
46090183.306969,-38.013957,-515.022108,-379574.224032
46098222.759840,-38.135855,-511.944280,-363423.344203
46106262.212711,-37.838679,-511.048054,-346039.825732
46114301.665581,-37.738940,-510.409111,-327483.070364
46122341.118452,-37.791500,-509.411550,-307816.488949
46130380.571322,-37.699332,-510.688547,-287107.284756
46138420.024193,-37.144869,-509.293542,-265426.223834
46146459.477063,-37.247072,-511.059400,-242847.393191
46154498.929934,-37.057930,-506.663879,-219447.947632
46162538.382805,-36.873481,-506.688439,-195307.846109
46170577.835675,-36.841884,-507.463382,-170509.578493
46178617.288546,-36.641540,-506.364659,-145137.883694
46186656.741416,-36.532546,-503.771678,-119279.460097
46194696.194287,-36.229016,-507.498649,-93022.669303
46202735.647157,-36.175999,-507.312147,-66457.234186
46210775.100028,-36.082358,-506.699354,-39673.932296
46218814.552898,-35.762850,-506.465016,-12764.285665
46226854.005769,-35.504337,-506.624137,14179.751941
46234893.458640,-35.492756,-507.176427,41066.109236
46242932.911510,-35.484662,-506.692335,67802.912037
46250972.364381,-35.110709,-508.195801,94298.797206
46259011.817251,-34.961153,-509.017948,120463.224852
46267051.270122,-34.826066,-508.429366,146206.787721
46275090.722992,-34.628609,-506.573471,171441.516703
46283130.175863,-34.578640,-509.473783,196081.181446
46291169.628734,-34.435260,-509.155783,220041.585004
46299209.081604,-34.352482,-510.506710,243240.851560
46307248.534475,-34.210681,-513.617331,265599.706198
46315287.987345,-34.159035,-511.236642,287041.745799
46323327.440216,-33.847977,-514.297350,307493.700122
46331366.893086,-33.674656,-513.739553,326885.682178
46339406.345957,-33.609993,-514.907593,345151.427035
46347445.798828,-33.659294,-515.278921,362228.518268
46355485.251698,-33.493073,-519.320476,378058.601228
46363524.704569,-33.521346,-517.621823,392587.582464
46371564.157439,-33.364447,-522.677137,405765.814554
46379603.610310,-33.242948,-522.414926,417548.265761
46387643.063180,-33.347772,-523.602907,427894.673917
46395682.516051,-33.076549,-524.042340,436769.683995
46403721.968922,-33.211365,-527.314407,444142.968934
46411761.421792,-33.156333,-528.421500,449989.333257
46419800.874663,-33.182072,-528.421648,454288.799174
46427840.327533,-33.069622,-532.212475,457026.674854
46435879.780404,-32.955219,-531.268256,458193.604615
46443919.233274,-33.073547,-532.891916,457785.600909
46451958.686145,-33.163024,-535.329949,455804.057938
46459998.139016,-33.244491,-535.518342,452255.746889
46468037.591886,-33.180585,-539.307603,447152.792807
46476077.044757,-33.338475,-539.151783,440512.633148
46484116.497627,-33.453868,-542.011695,432357.958203
46492155.950498,-33.461106,-542.511965,422716.633560
46500195.403368,-33.539186,-545.325691,411621.604877
46508234.856239,-33.586885,-547.332740,399110.785315
46516274.309110,-33.735174,-545.908395,385226.925973
46524313.761980,-33.627362,-545.820042,370017.469807
46532353.214851,-33.936185,-547.938145,353534.389508
46540392.667721,-34.121256,-549.091088,335834.009908
46548432.120592,-34.166175,-551.442509,316976.815510
46556471.573462,-34.361208,-552.146924,297027.243804
46564511.026333,-34.431661,-553.605802,276053.465072
46572550.479203,-34.735303,-555.153199,254127.149449
46580589.932074,-34.783285,-555.803686,231323.222010
46588629.384945,-35.060474,-555.550897,207719.606745
46596668.837815,-35.087063,-556.374560,183396.960282
46604708.290686,-35.390123,-556.049287,158438.396271
46612747.743556,-35.332922,-556.386174,132929.201375
46620787.196427,-35.587525,-555.104002,106956.543835
46628826.649297,-35.767290,-557.449579,80609.175605
46636866.102168,-35.873834,-558.652346,53977.129072
46644905.555039,-36.117905,-557.551838,27151.409409
46652945.007909,-36.428602,-558.441535,223.683592
46660984.460780,-36.580316,-560.207258,-26714.032833
46669023.913650,-36.602443,-558.272340,-53569.690180
46677063.366521,-36.659013,-559.532566,-80251.519171
46685102.819391,-36.858171,-557.089740,-106668.344522
46693142.272262,-37.098771,-555.990748,-132729.896500
46701181.725133,-37.437974,-557.850402,-158347.119388
46709221.178003,-37.523481,-556.110369,-183432.475800
46717260.630874,-37.492484,-553.503429,-207900.245805
46725300.083744,-37.797559,-554.314829,-231666.819848
46733339.536615,-37.734102,-554.416832,-254650.984450
46741378.989485,-37.937879,-555.196805,-276774.199727
46749418.442356,-38.236862,-553.331881,-297960.867772
46757457.895227,-38.208422,-554.617838,-318138.590980
46765497.348097,-38.471058,-553.090953,-337238.419444
46773536.800968,-38.586646,-549.533616,-355195.086563
46781576.253838,-38.780201,-548.850747,-371947.232067
46789615.706709,-38.861847,-548.920543,-387437.611693
46797655.159579,-38.920315,-544.312893,-401613.292796
46805694.612450,-38.920209,-547.442965,-414425.835229
46813734.065321,-38.993048,-545.531456,-425831.456864
46821773.518191,-38.961583,-543.070603,-435791.183208
46829812.971062,-39.156515,-543.622601,-444270.980579
46837852.423932,-39.084876,-540.646621,-451241.872404
46845891.876803,-39.293065,-540.848467,-456680.038239
46853931.329673,-39.204016,-539.461920,-460566.895163
46861970.782544,-39.186036,-537.066306,-462889.161279
46870010.235415,-39.194241,-537.287016,-463638.901103
46878049.688285,-39.299289,-535.536579,-462813.552673
46886089.141156,-39.304237,-534.597161,-460415.936315
46894128.594026,-39.175736,-534.442789,-456454.244996
46902168.046897,-39.259522,-530.930449,-450942.016330
46910207.499767,-39.092250,-529.210532,-443898.086322
46918246.952638,-39.208926,-529.461143,-435346.524996
46926286.405509,-39.143154,-525.919948,-425316.554152
46934325.858379,-39.012837,-528.086638,-413842.447506
46942365.311250,-38.908080,-524.340703,-400963.413575
46950404.764120,-38.694184,-525.575808,-386723.461695
46958444.216991,-38.658045,-523.271673,-371171.251636
46966483.669861,-38.587498,-522.156835,-354359.927325
46974523.122732,-38.535328,-521.447901,-336346.935247
46982562.575602,-38.313095,-521.593525,-317193.828141
46990602.028473,-38.320335,-517.745715,-296966.054669
46998641.481344,-37.932435,-519.871141,-275732.735766
47006680.934214,-37.918785,-517.252343,-253566.428449
47014720.387085,-38.008451,-518.806888,-230542.877876
47022759.839955,-37.753149,-518.033614,-206740.758518
47030799.292826,-37.508938,-516.761935,-182241.405317
47038838.745696,-37.347107,-516.695594,-157128.535752
47046878.198567,-37.158369,-517.923388,-131487.963771
47054917.651438,-37.018549,-517.509155,-105407.306545
47062957.104308,-36.999957,-513.743002,-78975.685077
47070996.557179,-36.942915,-513.992508,-52283.419660
47079036.010049,-36.664512,-516.792847,-25421.721241
47087075.462920,-36.420747,-517.818791,1517.620258
47095114.915790,-36.355279,-514.692304,28442.549600
47103154.368661,-36.128768,-516.690264,55261.060794
47111193.821532,-36.158069,-518.718836,81881.511495
47119233.274402,-35.740617,-516.122453,108212.936156
47127272.727273,-35.684451,-517.599912,134165.356871
47135312.180143,-35.530794,-518.423687,159650.090838
47143351.633014,-35.357102,-518.712133,184580.053402
47151391.085884,-35.159971,-519.596795,208870.055635
47159430.538755,-34.995760,-519.658502,232437.095435
47167469.991626,-34.895978,-521.801541,255200.641159
47175509.444496,-34.702048,-521.628143,277082.906806
47183548.897367,-34.699896,-525.251373,298009.117825
47191588.350237,-34.554108,-526.147154,317907.766629
47199627.803108,-34.236976,-526.413133,336710.856941
47207667.255978,-34.435635,-526.773086,354354.136156
47215706.708849,-34.298132,-529.299026,370777.314888
47223746.161720,-34.233114,-530.398593,385924.272998
47231785.614590,-34.130158,-530.460051,399743.251359
47239825.067461,-33.934915,-531.885237,412187.028720
47247864.520331,-34.023133,-535.242543,423213.083075
47255903.973202,-33.928605,-535.193970,432783.736959
47263943.426072,-33.860480,-538.429776,440866.286202
47271982.878943,-33.925117,-537.541092,447433.111681
47280022.331814,-33.866099,-539.569736,452461.773697
47288061.784684,-33.772996,-539.226490,455935.088659
47296101.237555,-33.811791,-541.072166,457841.187795
47304140.690425,-33.790745,-541.034374,458173.557717
47312180.143296,-33.802392,-544.627830,456931.062676
47320219.596166,-33.899590,-547.854551,454117.948435
47328259.049037,-33.906601,-548.972922,449743.827776
47336298.501908,-33.925228,-548.234059,443823.647635
47344337.954778,-34.090407,-549.069192,436377.638042
47352377.407649,-34.077800,-551.629191,427431.242980
47360416.860519,-34.218918,-550.837130,417015.033444
47368456.313390,-34.355391,-553.085304,405164.602982
47376495.766260,-34.491776,-557.400376,391920.446056
47384535.219131,-34.431507,-556.637709,377327.819675
47392574.672001,-34.449425,-558.191613,361436.588745
47400614.124872,-34.715070,-556.860683,344301.055671
47408653.577743,-34.921257,-557.490456,325979.774800
47416693.030613,-34.810098,-560.960130,306535.352335
47424732.483484,-34.979119,-559.740179,286034.232401
47432771.936354,-35.078164,-561.465745,264546.469994
47440811.389225,-35.346644,-561.218593,242145.491595
47448850.842095,-35.505381,-563.396115,218907.844267
47456890.294966,-35.592207,-565.925743,194912.934075
47464929.747837,-35.857208,-565.416581,170242.754753
47472969.200707,-35.982597,-565.729394,144981.607516
47481008.653578,-36.211495,-566.698133,119215.812994
47489048.106448,-36.298011,-566.807206,93033.416262
47497087.559319,-36.524553,-565.228718,66523.885980
47505127.012189,-36.681898,-566.601583,39777.808664
47513166.465060,-36.857702,-569.196459,12886.579145
47521205.917931,-36.976518,-569.020300,-14057.911746
47529245.370801,-37.175555,-570.355766,-40963.591172
47537284.823672,-37.253450,-567.235204,-67738.518925
47545324.276542,-37.577641,-566.510974,-94291.201589
47553363.729413,-37.899262,-568.408764,-120530.905189
47561403.182283,-38.034573,-565.777230,-146367.965241
47569442.635154,-38.041193,-567.306563,-171714.093147
47577482.088025,-38.227966,-563.249196,-196482.677886
47585521.540895,-38.361415,-567.880707,-220589.081980
47593560.993766,-38.579353,-563.503901,-243950.930704
47601600.446636,-38.650938,-564.782425,-266488.393581
47609639.899507,-38.810063,-562.394910,-288124.457165
47617679.352377,-39.100345,-560.859994,-308785.188209
47625718.805248,-39.082174,-562.538358,-328399.986304
47633758.258119,-39.299533,-561.451199,-346901.825130
47641797.710989,-39.179078,-559.810825,-364227.481495
47649837.163860,-39.426271,-559.907842,-380317.751377
47657876.616730,-39.278128,-556.864640,-395117.652224
47665916.069601,-39.592527,-555.661464,-408576.610852
47673955.522471,-39.582329,-556.447056,-420648.636242
47681994.975342,-39.746327,-555.760045,-431292.476715
47690034.428213,-39.822830,-551.496330,-440471.760881
47698073.881083,-39.871864,-552.977675,-448155.121930
47706113.333954,-39.907662,-551.264822,-454316.304817
47714152.786824,-39.908721,-548.624531,-458934.255977
47722192.239695,-39.945420,-546.481469,-461993.195271
47730231.692565,-39.880817,-546.775169,-463482.669904
47738271.145436,-39.762535,-545.578049,-463397.590147
47746310.598307,-39.908446,-544.340085,-461738.246729
47754350.051177,-39.814832,-543.812761,-458510.309842
47762389.504048,-39.812483,-542.501971,-453724.809769
47770428.956918,-39.926027,-540.555623,-447398.099185
47778468.409789,-39.983498,-540.141667,-439551.797283
47786507.862659,-39.760141,-535.597373,-430212.715901
47794547.315530,-39.591089,-537.632310,-419412.767894
47802586.768400,-39.639079,-536.984038,-407188.858092
47810626.221271,-39.583414,-534.955027,-393582.757187
47818665.674142,-39.510492,-533.792487,-378640.958996
47826705.127012,-39.325650,-535.717780,-362414.521591
47834744.579883,-39.359434,-529.740773,-344958.892821
47842784.032753,-39.267814,-534.432816,-326333.720842
47850823.485624,-38.976830,-531.894313,-306602.650294
47858862.938494,-38.821604,-527.535183,-285833.104813
47866902.391365,-38.815012,-530.220509,-264096.056641
47874941.844236,-38.550488,-527.410137,-241465.784103
47882981.297106,-38.547558,-528.037800,-218019.617787
47891020.749977,-38.404080,-527.427163,-193837.676296
47899060.202847,-38.072224,-527.485699,-169002.592474
47907099.655718,-37.963854,-528.082982,-143599.231037
47915139.108588,-37.948146,-523.829394,-117714.398578
47923178.561459,-37.769566,-523.963004,-91436.546941
47931218.014330,-37.504581,-526.237621,-64855.470967
47939257.467200,-37.350881,-526.343175,-38062.001654
47947296.920071,-37.089811,-526.541686,-11147.695777
47955336.372941,-37.036972,-526.459006,15795.476976
47963375.825812,-36.858252,-526.948993,42675.448277
47971415.278682,-36.700113,-526.898485,69400.365761
47979454.731553,-36.368102,-529.311542,95878.906906
47987494.184424,-36.383195,-528.501356,122020.591089
47995533.637294,-36.182188,-526.201967,147736.088770
48003573.090165,-35.968629,-529.623743,172937.526744
48011612.543035,-35.891281,-528.694417,197538.788418
48019651.995906,-35.746963,-531.917859,221455.808074
48027691.448776,-35.536340,-528.968063,244606.858143
48035730.901647,-35.430203,-532.635762,266912.828471
48043770.354518,-35.514812,-533.619231,288297.496654
48051809.807388,-35.244215,-534.352387,308687.788495
48059849.260259,-35.220005,-535.071942,328014.027711
48067888.713129,-35.086969,-538.095274,346210.174027
48075928.166000,-34.965369,-534.002558,363214.048840
48083967.618870,-34.923306,-537.547826,378967.547697
48092007.071741,-34.828161,-538.073890,393416.838839
48100046.524612,-34.580460,-541.491096,406512.547158
48108085.977482,-34.593180,-541.377821,418209.922913
48116125.430353,-34.652683,-546.001166,428468.994647
48124164.883223,-34.510644,-544.976585,437254.705776
48132204.336094,-34.572282,-546.940999,444537.034382
48140243.788964,-34.580975,-550.556722,450291.095798
48148283.241835,-34.472445,-550.409191,454497.227649
48156322.694706,-34.393730,-551.968810,457141.057033
48164362.147576,-34.409356,-549.915417,458213.549641
48172401.600447,-34.429697,-552.742985,457711.040626
48180441.053317,-34.406402,-554.179017,455635.247128
48188480.506188,-34.697590,-557.360890,451993.262403
48196519.959058,-34.631443,-557.971575,446797.531586
48204559.411929,-34.665580,-558.909154,440065.809167
48212598.864799,-34.774653,-562.583137,431821.098318
48220638.317670,-34.681183,-562.913965,422091.572290
48228677.770541,-34.887942,-563.503980,410910.478139
48236717.223411,-35.020153,-564.058279,398316.023121
48244756.676282,-35.116662,-567.596169,384351.244129
48252796.129152,-35.216881,-568.210679,369063.860632
48260835.582023,-35.156047,-568.080735,352506.111608
48268875.034893,-35.321320,-567.675846,334734.577044
48276914.487764,-35.567894,-570.074971,315809.984586
48284953.940635,-35.657938,-572.317553,295797.002034
48292993.393505,-35.631308,-571.723632,274764.016352
48301032.846376,-35.843133,-571.959499,252782.899993
48309072.299246,-36.263771,-572.537307,229928.765294
48317111.752117,-36.187223,-575.541087,206279.707809
48325151.204987,-36.174960,-575.049951,181916.539448
48333190.657858,-36.564811,-577.355692,156922.512329
48341230.110729,-36.759893,-574.853026,131383.034299
48349269.563599,-37.025833,-577.625151,105385.377079
48357309.016470,-37.065775,-577.797416,79018.378050
48365348.469340,-37.335845,-577.709447,52372.136681
48373387.922211,-37.517266,-579.263892,25537.706649
48381427.375081,-37.604116,-577.391751,-1393.215303
48389466.827952,-37.779248,-578.654876,-28328.602710
48397506.280823,-37.778650,-579.070484,-55176.413843
48405545.733693,-38.011741,-579.050698,-81844.906236
48413585.186564,-38.329366,-578.023579,-108242.950178
48421624.639434,-38.484230,-579.352413,-134280.340114
48429664.092305,-38.646317,-579.264864,-159868.102893
48437703.545175,-38.769376,-576.987317,-184918.801797
48445742.998046,-39.113222,-576.500777,-209346.835325
48453782.450917,-39.083435,-577.796903,-233068.729706
48461821.903787,-39.202266,-576.016157,-256003.424137
48469861.356658,-39.412728,-571.851373,-278072.547780
48477900.809528,-39.594142,-570.441111,-299200.687567
48485940.262399,-39.691885,-571.705123,-319315.645893
48493979.715269,-39.864514,-572.613935,-338348.687324
48502019.168140,-39.900420,-569.122126,-356234.773479
48510058.621011,-40.260956,-571.051902,-372912.785275
48518098.073881,-40.171963,-568.430807,-388325.731770
48526137.526752,-40.111025,-566.610437,-402420.944922
48534176.979622,-40.418948,-565.289980,-415150.259550
48542216.432493,-40.394161,-567.625512,-426470.177928
48550255.885363,-40.446507,-560.292676,-436342.018423
48558295.338234,-40.427710,-562.472629,-444732.047668
48566334.791104,-40.390515,-560.418062,-451611.595842
48574374.243975,-40.570562,-559.064788,-456957.154632
48582413.696846,-40.451060,-559.705666,-460750.457568
48590453.149716,-40.597253,-556.657935,-462978.542441
48598492.602587,-40.626477,-554.315441,-463633.795592
48606532.055457,-40.543222,-553.708065,-462713.977939
48614571.508328,-40.610463,-553.852850,-460222.232615
48622610.961198,-40.475294,-552.336425,-456167.074241
48630650.414069,-40.417714,-552.177176,-450562.359822
48638689.866940,-40.745909,-549.505887,-443427.241393
48646729.319810,-40.363137,-550.714378,-434786.100588
48654768.772681,-40.419227,-547.847687,-424668.465305
48662808.225551,-40.249354,-545.971049,-413108.908827
48670847.678422,-40.192408,-547.537721,-400146.931660
48678887.131292,-40.129711,-544.183731,-385826.826569
48686926.584163,-40.141585,-543.795898,-370197.527218
48694966.037034,-39.920294,-543.058742,-353312.440958
48703005.489904,-39.768220,-543.025740,-335229.266328
48711044.942775,-39.735980,-541.820050,-316009.795891
48719084.395645,-39.541664,-540.745753,-295719.705080
48727123.848516,-39.410840,-538.412570,-274428.327777
48735163.301386,-39.170381,-541.205181,-252208.419392
48743202.754257,-39.135276,-536.958346,-229135.908245
48751242.207128,-38.909135,-537.933417,-205289.636111
48759281.659998,-38.890164,-536.782790,-180751.088808
48767321.112869,-38.711528,-534.734092,-155604.117748
48775360.565739,-38.658468,-537.865824,-129934.653405
48783400.018610,-38.457389,-536.564602,-103830.411681
48791439.471480,-38.009978,-537.640081,-77380.594172
48799478.924351,-38.128539,-537.734234,-50675.583346
48807518.377222,-37.874997,-534.969873,-23806.633704
48815557.830092,-37.778399,-537.263497,3134.440054
48823597.282963,-37.696722,-535.856179,30055.576770
48831636.735833,-37.433567,-536.292344,56864.783415
48839676.188704,-37.433585,-535.354199,83470.449437
48847715.641574,-37.245304,-535.725948,109781.659813
48855755.094445,-36.957242,-538.793883,135708.505708
48863794.547316,-36.702225,-538.379153,161162.391715
48871834.000186,-36.509567,-540.661384,186056.338591
48879873.453057,-36.429008,-540.702222,210305.280475
48887912.905927,-36.433543,-540.101761,233826.355578
48895952.358798,-36.259360,-543.049346,256539.189321
48903991.811668,-36.053227,-542.283377,278366.168995
48912031.264539,-35.980477,-542.757888,299232.708967
48920070.717410,-36.033124,-543.653873,319067.505551
48928110.170280,-35.762831,-544.168474,337802.780667
48936149.623151,-35.570872,-546.000170,355374.513438
48944189.076021,-35.372566,-548.404616,371722.658966
48952228.528892,-35.517679,-550.332932,386791.353508
48960267.981762,-35.318800,-548.885909,400529.105372
48968307.434633,-35.399667,-552.943872,412888.970873
48976346.887503,-35.371144,-552.873236,423828.714739
48984386.340374,-35.234812,-556.475341,433310.954441
48992425.793245,-35.097126,-553.882080,441303.287930
49000465.246115,-35.158204,-556.431119,447778.404364
49008504.698986,-35.137083,-561.001811,452714.177426
49016544.151856,-35.133905,-560.229956,456093.740935
49024583.604727,-35.169773,-562.088159,457905.546485
49032623.057597,-35.184049,-562.719164,458143.402897
49040662.510468,-35.280480,-563.696326,456806.497389
49048701.963339,-35.235906,-565.880591,453899.398340
49056741.416209,-35.287097,-567.326108,449432.039683
49064780.869080,-35.144474,-566.811598,443419.686968
49072820.321950,-35.441220,-571.471065,435882.885184
49080859.774821,-35.394879,-570.658512,426847.388567
49088899.227691,-35.456724,-573.750220,416344.072585
49096938.680562,-35.654663,-573.487726,404408.828435
49104978.133433,-35.819484,-576.405590,391082.440402
49113017.586303,-35.721166,-576.716976,376410.446488
49121057.039174,-35.854982,-576.907022,360442.982809
49129096.492044,-36.189943,-580.342643,343234.612266
49137135.944915,-36.085422,-581.337672,324844.138103
49145175.397785,-36.230252,-580.106256,305334.402965
49153214.850656,-36.305693,-579.347868,284772.074157
49161254.303527,-36.576306,-581.273163,263227.415835
49169293.756397,-36.717142,-581.954839,240774.048903
49177333.209268,-36.836699,-585.809441,217488.699438
49185372.662138,-37.016108,-584.557676,193450.936513
49193412.115009,-37.092343,-585.760145,168742.900293
49201451.567879,-37.299736,-584.766688,143449.021357
49209491.020750,-37.540675,-589.366464,117655.732182
49217530.473621,-37.681945,-587.806704,91451.171796
49225569.926491,-37.685471,-585.313298,64924.884596
49233609.379362,-37.939542,-587.931699,38167.514358
49241648.832232,-38.215142,-586.150088,11270.494501
49249688.285103,-38.271750,-587.334837,-15674.264354
49257727.737973,-38.673746,-586.853322,-42574.688459
49265767.190844,-38.650351,-585.108952,-69338.855560
49273806.643715,-38.855700,-586.793969,-95875.309014
49281846.096585,-39.145721,-587.026352,-122093.370303
49289885.549456,-39.212073,-587.613074,-147903.448897
49297925.002326,-39.419153,-585.139322,-173217.348397
49305964.455197,-39.410387,-586.559573,-197948.567911
49314003.908067,-39.609657,-586.415871,-222012.597642
49322043.360938,-39.906778,-586.442678,-245327.207667
49330082.813809,-40.199993,-586.637992,-267812.728926
49338122.266679,-40.122090,-582.527016,-289392.325466
49346161.719550,-40.322216,-582.423601,-309992.256994
49354201.172420,-40.444939,-582.916696,-329542.130862
49362240.625291,-40.376431,-580.554806,-347975.142606
49370280.078161,-40.734054,-578.474589,-365228.304222
49378319.531032,-40.634482,-577.705543,-381242.659413
49386358.983902,-40.802821,-577.277410,-395963.485039
49394398.436773,-41.018134,-576.300738,-409340.478123
49402437.889644,-40.950455,-576.451528,-421327.927738
49410477.342514,-41.015494,-572.451303,-431884.871207
49418516.795385,-41.192495,-574.898958,-440975.234080
49426556.248255,-41.170661,-573.233293,-448567.953402
49434595.701126,-41.138350,-569.184580,-454637.083863
49442635.153996,-41.351138,-568.631593,-459161.886454
49450674.606867,-41.417105,-567.102379,-462126.899336
49458714.059738,-41.225026,-565.123439,-463521.990672
49466753.512608,-41.175750,-567.392470,-463342.393255
49474792.965479,-41.331030,-563.748637,-461588.720792
49482832.418349,-41.195085,-563.594106,-458266.965809
49490871.871220,-41.206932,-562.686139,-453388.479178
49498911.324090,-41.225797,-561.312340,-446969.931321
49506950.776961,-40.991954,-558.704518,-439033.255253
49514990.229832,-41.217703,-559.742422,-429605.571629
49523029.682702,-41.009264,-556.630327,-418719.096072
49531069.135573,-41.046257,-556.577385,-406411.029086
49539108.588443,-41.035004,-555.299645,-392723.428940
49547148.041314,-40.766703,-554.585571,-377703.067946
49555187.494184,-40.690330,-551.542103,-361401.272633
49563226.947055,-40.395260,-552.110167,-343873.748359
49571266.399926,-40.525439,-550.331933,-325180.388956
49579305.852796,-40.371474,-550.326205,-305385.072068
49587345.305667,-40.140198,-548.400877,-284555.440872
49595384.758537,-40.102672,-551.493614,-262762.672928
49603424.211408,-39.887255,-549.650590,-240081.236964
49611463.664278,-39.801313,-548.005590,-216588.638400
49619503.117149,-39.613858,-544.938357,-192365.154504
49627542.570020,-39.391815,-547.589261,-167493.560076
49635582.022890,-39.263108,-546.869121,-142058.844592
49643621.475761,-39.171439,-546.358829,-116147.921788
49651660.928631,-39.112308,-545.613105,-89849.332661
49659700.381502,-38.907086,-543.567161,-63252.942915
49667739.834372,-38.744766,-546.876001,-36449.635878
49675779.287243,-38.583915,-545.828254,-9531.001939
49683818.740114,-38.420737,-547.098892,17410.974422
49691858.192984,-38.056735,-545.148345,44284.228965
49699897.645855,-38.025504,-546.060239,70996.932279
49707937.098725,-37.967244,-548.662690,97457.803578
49715976.551596,-37.730523,-549.243775,123576.422619
49724016.004466,-37.645941,-546.925294,149263.538679
49732055.457337,-37.550047,-551.893594,174431.375537
49740094.910208,-37.153068,-551.067080,198993.931419
49748134.363078,-37.113473,-547.079626,222867.272870
49756173.815949,-36.949402,-547.301910,245969.821575
49764213.268819,-36.912904,-553.078691,268222.633116
49772252.721690,-36.729290,-552.504634,289549.666738
49780292.174560,-36.538767,-553.794037,309878.045190
49788331.627431,-36.608621,-556.435128,329138.303756
49796371.080301,-36.589907,-558.180491,347264.627622
49804410.533172,-36.402669,-556.500232,364195.076782
49812449.986043,-36.146191,-558.257660,379871.797684
49820489.438913,-36.281910,-560.596093,394241.220932
49828528.891784,-36.038654,-561.864222,407254.244337
49836568.344654,-36.042666,-564.462402,418866.400700
49844607.797525,-36.017169,-563.160559,429038.009774
49852647.250395,-35.809197,-565.561958,437734.313843
49860686.703266,-35.862822,-568.767961,444925.596505
49868726.156137,-35.913866,-568.586889,450587.284212
49876765.609007,-35.854588,-571.069127,454700.030237
49884805.061878,-35.805474,-569.569553,457249.780794
49892844.514748,-35.855525,-570.871323,458227.823051
49900883.967619,-35.864089,-573.301503,457630.814912
49908923.420489,-35.943929,-577.056005,455460.796431
49916962.873360,-35.912035,-574.800067,451725.182842
49925002.326231,-35.833560,-576.863217,446436.739226
49933041.779101,-35.821719,-577.068698,439613.536881
49941081.231972,-36.117447,-582.363327,431278.891581
49949120.684842,-36.038218,-581.003875,421461.283892
49957160.137713,-36.195349,-583.757295,410194.261857
49965199.590583,-36.149257,-584.876862,397516.326361
49973239.043454,-36.474853,-586.378947,383470.799557
49981278.496325,-36.473730,-588.112205,368105.676842
49989317.949195,-36.446854,-589.516786,351473.462841
49997357.402066,-36.564640,-590.102941,333630.991993
50005396.854936,-36.814600,-590.323607,314639.234347
50013436.307807,-36.924001,-590.525032,294563.087209
50021475.760677,-36.996369,-593.573762,273471.153392
50029515.213548,-37.277974,-589.979969,251435.506779
50037554.666419,-37.572274,-594.936928,228531.446043
50045594.119289,-37.706823,-592.801526,204837.237344
50053633.572160,-37.736045,-596.527479,180433.846877
50061673.025030,-37.842819,-597.522928,155404.664207
50069712.477901,-38.175584,-594.127693,129835.217310
50077751.930771,-38.233682,-598.328220,103812.880315
50085791.383642,-38.522763,-594.287155,77426.574937
50093830.836513,-38.487305,-599.171393,50766.466619
50101870.289383,-38.741217,-596.369982,23923.656421
50109909.742254,-38.903224,-596.070389,-3010.130279
50117949.195124,-39.262709,-597.266688,-29942.857222
50125988.647995,-39.222417,-601.102162,-56782.491775
50134028.100865,-39.645194,-598.833601,-83437.319410
50142067.553736,-39.712049,-599.194698,-109816.257111
50150107.006606,-39.834119,-599.910224,-135829.164612
50158146.459477,-39.858411,-596.498965,-161387.152419
50166185.912348,-40.177126,-596.324085,-186402.885563
50174225.365218,-40.371287,-594.671214,-210790.882022
50182264.818089,-40.528842,-594.276072,-234467.804839
50190304.270959,-40.623349,-594.828442,-257352.746884
50198343.723830,-40.725711,-592.952468,-279367.507330
50206383.176700,-40.928093,-591.414264,-300436.858875
50214422.629571,-40.988541,-590.557569,-320488.804799
50222462.082442,-41.176521,-589.893507,-339454.824992
50230501.535312,-41.177958,-590.820848,-357270.110093
50238540.988183,-41.370144,-590.305129,-373873.782953
50246580.441053,-41.513848,-588.033033,-389209.106661
50254619.893924,-41.426639,-584.557490,-403223.678416
50262659.346794,-41.678654,-584.844409,-415869.608604
50270698.799665,-41.628587,-587.189725,-427103.684432
50278738.252536,-41.811769,-583.407240,-436887.517603
50286777.705406,-41.717866,-582.219573,-445187.675483
50294817.158277,-42.002127,-578.219035,-451975.795350
50302856.611147,-41.839629,-581.564603,-457228.681318
50310896.064018,-41.964478,-577.627498,-460928.383590
50318935.516888,-42.050813,-577.877610,-463062.259800
50326974.969759,-41.998559,-573.864949,-463623.018218
50335014.422630,-41.987047,-572.939150,-462608.742657
50343053.875500,-41.993006,-572.415384,-460022.899031
50351093.328371,-41.864140,-573.958875,-455874.323501
50359132.781241,-41.863152,-570.091361,-450177.192294
50367172.234112,-41.921954,-570.330803,-442950.973246
50375211.686982,-41.888027,-567.967319,-434220.359290
50383251.139853,-41.749505,-566.337942,-424015.184070
50391290.592724,-41.628579,-568.633662,-412370.320000
50399330.045594,-41.580248,-565.937311,-399325.559096
50407369.498465,-41.275936,-564.376464,-384925.477006
50415408.951335,-41.413873,-564.450099,-369219.280683
50423448.404206,-41.190786,-560.179784,-352260.640249
50431487.857076,-41.206593,-562.403389,-334107.505584
50439527.309947,-41.044516,-559.203615,-314821.908314
50447566.762818,-40.997901,-557.609302,-294469.749837
50455606.215688,-40.785324,-560.550567,-273120.576128
50463645.668559,-40.515192,-558.803188,-250847.340094
50471685.121429,-40.498020,-556.657378,-227726.152284
50479724.574300,-40.210107,-556.477325,-203836.020806
50487764.027170,-40.213399,-558.175946,-179258.581353
50495803.480041,-39.894276,-555.939535,-154077.818233
50503842.932912,-39.922843,-553.397138,-128379.777396
50511882.385782,-39.752517,-557.076021,-102252.272392
50519921.838653,-39.589362,-553.483086,-75784.584309
50527961.291523,-39.284073,-556.720544,-49067.156684
50536000.744394,-39.281721,-557.072643,-22191.286446
50544040.197264,-39.054593,-557.202424,4751.188055
50552079.650135,-39.082058,-554.876853,31668.200877
50560119.103005,-38.669985,-557.001393,58467.773081
50568158.555876,-38.602576,-556.653362,85058.327039
50576198.008747,-38.409854,-557.448028,111348.999364
50584237.461617,-38.347986,-558.024978,137249.951407
50592276.914488,-38.177229,-557.636622,162672.676240
50600316.367358,-37.857065,-557.639978,187530.301102
50608355.820229,-37.971960,-560.548284,211737.884252
50616395.273099,-37.760523,-559.263126,235212.705227
50624434.725970,-37.415744,-560.613565,257874.547505
50632474.178841,-37.335157,-562.104220,279645.972619
50640513.631711,-37.351234,-563.786356,300452.584777
50648553.084582,-37.215177,-562.464062,320223.285073
50656592.537452,-37.160529,-565.272275,338890.514451
50664631.990323,-37.159858,-569.219053,356390.484557
50672671.443193,-36.767670,-566.491241,372663.395713
50680710.896064,-36.757144,-568.849341,387653.641263
50688750.348935,-36.853324,-570.706120,401309.997587
50696789.801805,-36.750590,-569.035728,413585.799136
50704829.254676,-36.597542,-574.646199,424439.097898
50712868.707546,-36.586804,-575.492069,433832.806736
50720908.160417,-36.627019,-575.724873,441734.826126
50728947.613287,-36.487412,-577.453287,448118.153838
50736987.066158,-36.582933,-576.045855,452960.977208
50745026.519029,-36.483173,-578.369853,456246.747681
50753065.971899,-36.548841,-580.168840,457964.237348
50761105.424770,-36.526362,-583.271955,458107.577325
50769144.877640,-36.370112,-585.350045,456676.277803
50777184.330511,-36.584224,-585.813202,453675.229714
50785223.783381,-36.541705,-589.165989,449114.688034
50793263.236252,-36.764878,-589.698654,443010.236725
50801302.689123,-36.750100,-588.681421,435382.735493
50809342.141993,-36.633749,-590.752872,426258.248506
50817381.594864,-36.779475,-592.791064,415667.955320
50825421.047734,-36.811635,-593.783108,403648.044348
50833460.500605,-37.096841,-598.147517,390239.589190
50841499.953475,-37.187887,-596.499505,375488.408286
50849539.406346,-37.233519,-598.544611,359444.908340
50857578.859217,-37.355423,-599.291983,342163.912080
50865618.312087,-37.495416,-601.623407,323704.470923
50873657.764958,-37.577213,-600.165638,304129.663181
50881697.217828,-37.704485,-603.837792,283506.378523
50889736.670699,-37.912708,-600.517028,261905.089398
50897776.123569,-38.015488,-604.720554,239399.610223
50905815.576440,-38.234545,-603.252102,216066.845152
50913855.029311,-38.318636,-606.864248,191986.525281
50921894.482181,-38.440755,-604.799438,167240.936201
50929933.935052,-38.638356,-607.584804,141914.636810
50937973.387922,-38.854865,-607.404627,116094.170373
50946012.840793,-39.111532,-606.935808,89867.768785
50954052.293663,-39.161995,-604.675836,63325.051076
50962091.746534,-39.344946,-608.471382,36556.717170
50970131.199404,-39.546279,-610.307196,9654.237949
50978170.652275,-39.663031,-605.402231,-17290.457312
50986210.105146,-39.807339,-607.907757,-44185.295081
50994249.558016,-40.130016,-606.887537,-70938.372193
51002289.010887,-40.351585,-607.257343,-97458.269902
51010328.463757,-40.491307,-608.078177,-123654.366262
51018367.916628,-40.611548,-604.595273,-149437.145800
51026407.369498,-40.968593,-608.707484,-174718.505403
51034446.822369,-40.977892,-605.909699,-199412.055371
51042486.275240,-41.098517,-604.947383,-223433.414629
51050525.728110,-41.126950,-604.553837,-246700.499063
51058565.180981,-41.397546,-601.910831,-269133.802016
51066604.633851,-41.447235,-601.543859,-290656.665971
51074644.086722,-41.629088,-602.716420,-311195.544499
51082683.539592,-41.763150,-602.921983,-330680.253576
51090722.992463,-41.800983,-599.084387,-349044.211415
51098762.445334,-42.131823,-602.623675,-366224.665980
51106801.898204,-42.043626,-597.492320,-382162.909421
51114841.351075,-42.216263,-597.123030,-396804.478683
51122880.803945,-42.253533,-595.920520,-410099.341619
51130920.256816,-42.148036,-596.556695,-422002.067950
51138959.709686,-42.356055,-592.214934,-432471.984510
51146999.162557,-42.456708,-594.359557,-441473.314232
51155038.615428,-42.473986,-590.342270,-448975.298397
51163078.068298,-42.650539,-589.372456,-454952.301752
51171117.521169,-42.466033,-588.157562,-459383.900095
51179156.974039,-42.674049,-586.762813,-462254.950079
51187196.426910,-42.529963,-583.865380,-463555.640953
51195235.879780,-42.828182,-585.695294,-463281.528084
51203275.332651,-42.722413,-584.767521,-461433.548155
51211314.785522,-42.624960,-582.376047,-458018.015951
51219354.238392,-42.481255,-581.634248,-453046.602792
51227393.691263,-42.623530,-579.663190,-446536.296645
51235433.144133,-42.470211,-578.161999,-438509.344071
51243472.597004,-42.259099,-576.886126,-428993.174215
51251512.049874,-42.417758,-576.980631,-418020.305067
51259551.502745,-42.036577,-575.226457,-405628.232351
51267590.955616,-42.199134,-574.288421,-391859.301394
51275630.408486,-42.242789,-575.297459,-376760.562423
51283669.861357,-42.048212,-573.270190,-360383.609798
51291709.314227,-41.956062,-571.980607,-342784.405698
51299748.767098,-41.799557,-568.469915,-324023.088896
51307788.219968,-41.576834,-569.385259,-304163.769254
51315827.672839,-41.464905,-568.668579,-283274.308653
51323867.125709,-41.442951,-570.105686,-261426.089102
51331906.578580,-41.348099,-568.295663,-238693.768810
51339946.031451,-41.128516,-566.232913,-215155.027078
51347985.484321,-41.032658,-568.919211,-190890.298851
51356024.937192,-40.848042,-566.069481,-165982.499865
51364064.390062,-40.644416,-564.360071,-140516.743314
51372103.842933,-40.439526,-563.511514,-114580.049003
51380143.295803,-40.224564,-565.394423,-88261.045994
51388182.748674,-40.234008,-565.100040,-61649.669749
51396222.201545,-40.167447,-565.525480,-34836.854806
51404261.654415,-39.836669,-565.373224,-7914.224045
51412301.107286,-39.682036,-566.539761,19026.224399
51420340.560156,-39.503891,-563.379402,45892.431505
51428380.013027,-39.226742,-565.840137,72592.591944
51436419.465897,-39.245227,-565.692861,99035.467791
51444458.918768,-39.116304,-566.135830,125130.700297
51452498.371639,-38.995944,-569.853729,150789.118652
51460537.824509,-38.647370,-568.848398,175923.044700
51468577.277380,-38.593460,-568.718450,200446.592544
51476616.730250,-38.374406,-569.588407,224275.962024
51484656.183121,-38.341637,-569.830650,247329.725085
51492695.635991,-38.039724,-570.265151,269529.104014
51500735.088862,-38.109890,-571.490465,290798.240643
51508774.541733,-37.887420,-575.471109,311064.455562
51516813.994603,-37.839374,-573.028093,330258.496476
51524853.447474,-37.819188,-574.346291,348314.774847
51532892.900344,-37.609412,-577.028195,365171.590021
51540932.353215,-37.620764,-578.883549,380771.340064
51548971.806085,-37.387240,-580.313737,395060.718601
51557011.258956,-37.399130,-581.327162,407990.896962
51565050.711827,-37.209936,-581.085188,419517.691046
51573090.164697,-37.217640,-583.580404,429601.712294
51581129.617568,-37.053816,-584.675848,438208.502295
51589169.070438,-37.339653,-584.980966,445308.650524
51597208.523309,-37.032663,-589.384002,450877.894852
51605247.976179,-37.254951,-588.423267,454897.204446
51613287.429050,-37.244284,-587.947123,457352.844799
51621326.881921,-37.051655,-590.068095,458236.424670
51629366.334791,-37.110352,-595.441323,457544.924752
51637405.787662,-37.252779,-596.270472,455280.707990
51645445.240532,-37.410328,-596.881655,451451.511507
51653484.693403,-37.236717,-599.412688,446070.420166
51661524.146273,-37.387045,-597.712540,439155.821857
51669563.599144,-37.498677,-601.787076,430731.344663
51677603.052015,-37.440441,-601.239079,420825.776120
51685642.504885,-37.630432,-603.974135,409472.964846
51693681.957756,-37.723328,-606.144417,396711.704874
51701721.410626,-37.601978,-609.323829,382585.603092
51709760.863497,-37.830190,-607.619124,367142.930230
51717800.316367,-37.987689,-607.027556,350436.455911
51725839.769238,-37.971307,-609.757905,332523.268335
51733879.222108,-38.193498,-610.541338,313464.579196
51741918.674979,-38.301308,-610.439286,293325.514516
51749958.127850,-38.468995,-613.389120,272174.892102
51757997.580720,-38.636723,-613.380387,250084.986386
51766037.033591,-38.762707,-612.400454,227131.281452
51774076.486461,-38.800309,-614.169077,203392.213099
51782115.939332,-39.152666,-612.380348,178948.900815
51790155.392202,-39.291746,-615.482020,153884.870581
51798194.845073,-39.480427,-614.534520,128285.769453
51806234.297944,-39.707235,-617.735863,102239.072893
51814273.750814,-39.768543,-617.423257,75833.785854
51822313.203685,-40.044178,-616.827617,49160.138643
51830352.656555,-40.082284,-616.897548,22309.278583
51838392.109426,-40.250887,-617.301515,-4627.041438
51846431.562296,-40.706876,-616.750231,-31556.776507
51854471.015167,-40.515558,-615.661420,-58387.904213
51862510.468038,-40.926940,-616.661499,-85028.739099
51870549.920908,-41.010625,-615.756308,-111388.245961
51878589.373779,-41.083772,-616.225299,-137376.350933
51886628.826649,-41.376502,-616.389506,-162904.249275
51894668.279520,-41.585694,-616.330418,-187884.708835
51902707.732390,-41.702906,-614.674513,-212232.368128
51910747.185261,-41.771885,-612.838560,-235864.028032
51918786.638132,-42.049351,-614.910266,-258698.936089
51926826.091002,-42.209043,-615.451538,-280659.062442
51934865.543873,-42.329448,-612.233173,-301669.366482
51942904.996743,-42.469228,-611.534994,-321658.053262
51950944.449614,-42.469580,-610.715148,-340556.818837
51958983.902484,-42.666041,-610.444232,-358301.083664
51967023.355355,-42.784635,-608.247351,-374830.213280
51975062.808226,-42.754306,-607.644278,-390087.725494
51983102.261096,-42.904553,-606.999037,-404021.483403
51991141.713967,-43.017238,-605.641602,-416583.873539
51999181.166837,-43.025287,-603.833415,-427731.968581
52007220.619708,-43.117812,-605.142174,-437427.674036
52015260.072578,-43.105918,-603.048802,-445637.858414
52023299.525449,-43.148536,-598.118036,-452334.466448
52031338.978320,-43.298177,-601.845848,-457494.614955
52039378.431190,-43.119344,-596.231885,-461100.671036
52047417.884061,-43.390261,-596.505074,-463140.312329
52055457.336931,-43.320853,-594.449026,-463606.569112
52063496.789802,-43.281899,-593.153044,-462497.848126
52071536.242672,-43.278654,-590.798905,-459817.938014
52079575.695543,-43.235758,-594.095642,-455575.996378
52087615.148414,-43.293511,-589.867748,-449786.518488
52095654.601284,-43.144738,-588.175520,-442469.287739
52103694.054155,-43.054454,-586.468002,-433649.308065
52111733.507025,-43.165672,-587.531531,-423356.718484
52119772.959896,-42.950110,-585.931792,-411626.690114
52127812.412766,-42.905676,-583.093082,-398499.305992
52135851.865637,-42.625457,-583.034749,-384019.424096
52143891.318507,-42.632028,-584.348747,-368236.524071
52151930.771378,-42.496096,-582.512533,-351204.538139
52159970.224249,-42.463609,-578.815346,-332981.666816
52168009.677119,-42.268076,-583.888991,-313630.180027
52176049.129990,-42.146263,-579.127142,-293216.204320
52184088.582860,-42.326622,-578.632812,-271809.496910
52192128.035731,-42.036201,-578.517582,-249483.207303
52200167.488601,-41.938938,-576.956714,-226313.627339
52208206.941472,-41.739539,-577.812525,-202379.930490
52216246.394343,-41.526198,-578.304952,-177763.901315
52224285.847213,-41.363345,-579.683276,-152549.655991
52232325.300084,-41.271756,-575.518655,-126823.354877
52240364.752954,-40.943885,-577.707840,-100672.908096
52248404.205825,-41.101890,-575.784786,-74187.675130
52256443.658695,-40.731504,-574.589315,-47458.159467
52264483.111566,-40.500494,-576.246183,-20575.699345
52272522.564437,-40.265936,-576.698928,6367.844369
52280562.017307,-40.205233,-574.592008,33280.402079
52288601.470178,-40.215374,-579.056158,60070.010069
52296640.923048,-39.985020,-577.490197,86645.124760
52304680.375919,-39.775944,-576.052709,112914.935525
52312719.828789,-39.675017,-576.607777,138789.674998
52320759.281660,-39.535145,-580.132401,164180.925827
52328798.734531,-39.420252,-577.379332,189001.922799
52336838.187401,-39.226159,-580.204372,213167.849337
52344877.640272,-39.133922,-579.707082,236596.127321
52352917.093142,-39.028387,-582.340352,259206.699275
52360956.546013,-38.901955,-580.927911,280922.301931
52368995.998883,-38.741276,-582.028646,301668.730245
52377035.451754,-38.537329,-585.411712,321375.090971
52385074.904625,-38.431359,-587.161439,339974.044909
52393114.357495,-38.388741,-584.095711,357402.037008
52401153.810366,-38.171072,-589.910440,373599.513553
52409193.263236,-38.116940,-589.173376,388511.125655
52417232.716107,-38.194616,-589.806926,402085.918393
52425272.168977,-38.086233,-593.743140,414277.504936
52433311.621848,-37.988770,-594.914809,425044.225041
52441351.074719,-38.019836,-592.682525,434349.287427
52449390.527589,-38.046273,-596.894505,442160.895480
52457429.980460,-37.852561,-597.868128,448452.355921
52465469.433330,-37.659048,-598.428298,453202.170010
52473508.886201,-37.795106,-601.544585,456394.107012
52481548.339071,-37.885115,-601.997317,458017.259665
52489587.791942,-37.883115,-603.796308,458066.081442
52497627.244813,-37.843999,-605.047648,456540.405516
52505666.697683,-37.778600,-605.531304,453445.445318
52513706.150554,-37.885169,-605.552337,448791.776731
52521745.603424,-38.082334,-608.272004,442595.301946
52529785.056295,-38.018191,-611.375555,434877.195124
52537824.509165,-38.188764,-611.877899,425663.830044
52545863.962036,-38.324504,-613.715881,414986.689971
52553903.414906,-38.123161,-614.587795,402882.260083
52561942.867777,-38.372302,-616.359627,389391.902796
52569982.320648,-38.339208,-617.905051,374561.716414
52578021.773518,-38.580526,-617.654853,358442.377619
52586061.226389,-38.737457,-618.424889,341088.968289
52594100.679259,-38.811476,-618.833634,322560.787283
52602140.132130,-38.894554,-620.023110,302921.147809
52610179.585000,-38.926411,-621.252209,282237.161073
52618219.037871,-39.247628,-623.127983,260579.506951
52626258.490742,-39.415733,-626.074648,238022.192468
52634297.943612,-39.630038,-624.690681,214642.298904
52642337.396483,-39.675715,-625.476604,190519.718401
52650376.849353,-39.910168,-625.046594,165736.880958
52658416.302224,-40.126173,-626.358144,140378.472757
52666455.755094,-40.306891,-627.808088,114531.146783
52674495.207965,-40.277358,-626.646709,88283.226713
52682534.660836,-40.567606,-625.814656,61724.405108
52690574.113706,-40.733545,-627.238366,34945.436922
52698613.566577,-41.053028,-626.661155,8037.829376
52706653.019447,-40.946052,-626.148226,-18906.470732
52714692.472318,-41.074967,-625.123265,-45795.391219
52722731.925188,-41.279763,-626.866230,-72537.049142
52730771.378059,-41.570940,-628.544884,-99040.064774
52738810.830930,-41.678290,-625.350940,-125213.873858
52746850.283800,-41.942588,-625.951703,-150969.037080
52754889.736671,-42.040936,-626.429689,-176217.545694
52762929.189541,-42.403520,-623.811023,-200873.122257
52770968.642412,-42.607316,-622.826480,-224851.515454
52779008.095282,-42.554284,-624.805158,-248070.787993
52787047.548153,-42.799310,-624.338509,-270451.596596
52795087.001024,-42.810024,-624.118310,-291917.463123
52803126.453894,-42.952776,-621.563527,-312395.035916
52811165.906765,-42.974317,-622.192452,-331814.340440
52819205.359635,-43.191175,-619.658923,-350109.018403
52827244.812506,-43.453319,-618.761155,-367216.554508
52835284.265376,-43.297089,-618.014007,-383078.490076
52843323.718247,-43.435847,-615.327748,-397640.622809
52851363.171118,-43.529157,-617.777090,-410853.192000
52859402.623988,-43.700000,-615.590644,-422671.048582
52867442.076859,-43.768538,-614.216792,-433053.809400
52875481.529729,-43.801469,-613.709201,-441965.995206
52883520.982600,-43.899590,-612.365233,-449377.151904
52891560.435470,-43.859104,-610.458866,-455261.954602
52899599.888341,-44.032638,-607.921047,-459600.294167
52907639.341211,-43.996472,-607.451026,-462377.345925
52915678.794082,-43.993911,-606.706980,-463583.620330
52923718.246953,-43.977545,-604.163283,-463214.995384
52931757.699823,-43.741720,-605.234689,-461272.730727
52939797.152694,-43.789529,-602.286857,-457763.463331
52947836.605564,-43.909048,-601.987559,-452699.184819
52955876.058435,-43.850366,-599.782053,-446097.200491
52963915.511305,-43.740188,-600.010097,-437980.070186
52971954.964176,-43.717607,-598.013111,-428375.531195
52979994.417047,-43.583710,-595.116322,-417316.403480
52988033.869917,-43.592936,-594.800405,-404840.477520
52996073.322788,-43.533341,-592.177518,-390990.385178
53004112.775658,-43.475166,-592.005479,-375813.454025
53012152.228529,-43.342524,-592.025421,-359361.545609
53020191.681399,-43.078863,-591.503133,-341690.878245
53028231.134270,-43.082825,-592.458455,-322861.834904
53036270.587141,-42.985324,-588.436017,-302938.756879
53044310.040011,-42.771076,-589.054394,-281989.723924
53052349.492882,-42.614999,-588.399426,-260086.321609
53060388.945752,-42.547956,-588.248189,-237303.396716
53068428.398623,-42.271310,-588.061849,-213718.801464
53076467.851493,-42.164396,-586.479124,-189413.127487
53084507.304364,-42.183641,-586.960503,-164469.430438
53092546.757235,-42.013469,-587.322559,-138972.946179
53100586.210105,-41.783479,-587.017045,-113010.799516
53108625.662976,-41.722908,-586.058401,-86671.706485
53116665.115846,-41.431865,-583.417644,-60045.671199
53124704.568717,-41.226435,-586.564187,-33223.678285
53132744.021587,-41.157607,-586.421971,-6297.381988
53140783.474458,-41.252657,-586.329258,20641.207031
53148822.927329,-40.724022,-587.134745,47500.036107
53156862.380199,-40.644252,-586.736004,74187.325122
53164901.833070,-40.556501,-586.921417,100611.880134
53172941.285940,-40.467640,-585.968657,126683.404997
53180980.738811,-40.146851,-587.893953,152312.809917
53189020.191681,-40.075827,-586.324001,177412.515878
53197059.644552,-39.836272,-588.565513,201896.753917
53205099.097423,-39.767399,-590.055173,225681.858203
53213138.550293,-39.725981,-590.978275,248686.551939
53221178.003164,-39.564156,-592.411654,270832.225089
53229217.456034,-39.389030,-594.094229,292043.203005
53237256.908905,-39.387706,-594.138491,312247.005012
53245296.361775,-39.187267,-596.438398,331374.592089
53253335.814646,-39.139502,-594.286342,349360.602778
53261375.267517,-39.093680,-597.058416,366143.576541
53269414.720387,-38.698688,-597.782864,381666.163768
53277454.173258,-38.874716,-599.746862,395875.321759
53285493.626128,-38.651855,-601.696567,408722.495970
53293533.078999,-38.623237,-600.162331,420163.785934
53301572.531869,-38.499348,-604.365518,430160.095274
53309611.984740,-38.678651,-602.812889,438677.265296
53317651.437610,-38.666068,-607.695612,445686.191724
53325690.890481,-38.452763,-607.698372,451162.924144
53333730.343352,-38.538703,-609.467059,455088.747846
53341769.796222,-38.488778,-610.950412,457450.247780
53349809.249093,-38.370248,-614.057636,458239.354393
53357848.701963,-38.525878,-611.699530,457453.371205
53365888.154834,-38.540213,-616.137858,455094.984024
53373927.607704,-38.516805,-616.801402,451172.251764
53381967.060575,-38.708251,-616.478995,445698.578914
53390006.513446,-38.812630,-618.422953,438692.669725
53398045.966316,-38.790147,-621.362748,430178.464303
53406085.419187,-38.863161,-623.298482,420185.056797
53414124.872057,-38.792306,-623.157406,408746.595979
53422164.324928,-38.900667,-624.019587,395902.168562
53430203.777798,-39.184701,-624.468595,381695.665624
53438243.230669,-39.159291,-628.560312,366175.632640
53446282.683540,-39.376024,-627.138679,349395.103582
53454322.136410,-39.486823,-629.417572,331411.419701
53462361.589281,-39.531565,-629.898057,312286.033589
53470401.042151,-39.689094,-632.756180,292084.299180
53478440.495022,-39.969482,-634.101334,270875.248433
53486479.947892,-39.896732,-632.426506,248731.355434
53494519.400763,-40.027523,-634.830994,225728.288751
53502558.853634,-40.439433,-632.730998,201944.652857
53510598.306504,-40.440905,-634.642425,177461.719534
53518637.759375,-40.820055,-634.769991,152363.150154
53526677.212245,-40.920700,-635.747867,126734.709796
53534716.665116,-41.043942,-636.008975,100663.974179
53542756.117986,-41.046497,-637.037690,74240.030401
53550795.570857,-41.331608,-638.321895,47553.172519
53558835.023728,-41.455650,-635.989634,20694.593003
53566874.476598,-41.750741,-636.117529,-6243.928884
53574913.929469,-41.804278,-637.486745,-33170.340705
53582953.382339,-41.995612,-639.013329,-59992.631403
53590992.835210,-42.201711,-638.294928,-86619.145719
53599032.288080,-42.392081,-636.079635,-112958.897385
53607071.740951,-42.524256,-636.297213,-138921.880041
53615111.193822,-42.637612,-637.706576,-164419.374792
53623150.646692,-42.879583,-637.324699,-189364.253379
53631190.099563,-43.102341,-634.859706,-213671.275904
53639229.552433,-43.199816,-634.457273,-237257.382105
53647269.005304,-43.373449,-632.913865,-260041.975185
53655308.458174,-43.473160,-634.393954,-281947.197223
53663347.911045,-43.661664,-631.497676,-302898.195223
53671387.363916,-43.821269,-630.318101,-322823.376896
53679426.816786,-43.807863,-630.667107,-341654.655301
53687466.269657,-43.914583,-629.139639,-359327.681508
53695505.722527,-44.098230,-632.357859,-375782.064483
53703545.175398,-44.283120,-628.314036,-390961.577460
53711584.628268,-44.288409,-626.574892,-404814.350064
53719624.081139,-44.335547,-626.317782,-417293.045568
53727663.534009,-44.440237,-622.167101,-428355.022643
53735702.986880,-44.510435,-623.869573,-437962.481074
53743742.439751,-44.551618,-621.046008,-446082.590925
53751781.892621,-44.489229,-620.510310,-452687.604721
53759821.345492,-44.592761,-619.188642,-457754.952272
53767860.798362,-44.577698,-619.887310,-461267.317789
53775900.251233,-44.586277,-616.584531,-463212.699065
53783939.704103,-44.491187,-617.675620,-463584.448476
53791979.156974,-44.657699,-613.432635,-462381.295707
53800018.609845,-44.521892,-612.302557,-459607.352088
53808058.062715,-44.610430,-611.319105,-455272.096543
53816097.515586,-44.433286,-611.197588,-449390.343209
53824136.968456,-44.534937,-609.206792,-441982.190801
53832176.421327,-44.525655,-608.369078,-433072.953940
53840215.874197,-44.317748,-605.549681,-422693.076649
53848255.327068,-44.258573,-605.005498,-410878.028320
53856294.779939,-44.320456,-604.813277,-397668.182513
53864334.232809,-44.146345,-602.348287,-383108.678991
53872373.685680,-44.095155,-603.734620,-367249.269472
53880413.138550,-43.927250,-603.020812,-350144.147626
53888452.591421,-43.776803,-601.182938,-331851.763880
53896492.044291,-43.717715,-601.870341,-312434.625693
53904531.497162,-43.575493,-599.366566,-291959.083954
53912570.950033,-43.278182,-598.780033,-270495.106256
53920610.402903,-43.310136,-598.186764,-248116.037805
53928649.855774,-42.999288,-596.198452,-224898.350793
53936689.308644,-43.173434,-596.799174,-200921.383080
53944728.761515,-42.861092,-596.432670,-176267.067088
53952768.214385,-42.614231,-596.087931,-151019.649824
53960807.667256,-42.565799,-595.309008,-125265.405001
53968847.120127,-42.295957,-595.254039,-99092.338228
53976886.572997,-42.166553,-596.591458,-72589.886283
53984926.025868,-42.220318,-596.605468,-45848.611494
53992965.478738,-41.800648,-596.051689,-18959.892281
54001004.931609,-41.718523,-597.699726,7984.389102
54009044.384479,-41.591436,-598.155732,34892.160535
54017083.837350,-41.305190,-597.447597,61671.474661
54025123.290221,-41.339856,-597.436526,88230.823075
54033162.743091,-41.150434,-596.522401,114479.449024
54041202.195962,-40.992115,-596.420514,140327.657537
54049241.648832,-40.811227,-596.303210,165687.121917
54057281.101703,-40.538280,-600.212832,190471.185573
54065320.554573,-40.331851,-597.949368,214595.158132
54073360.007444,-40.366367,-601.038085,237976.604838
54081399.460315,-40.247136,-601.607751,260535.628243
54089438.913185,-40.259103,-599.244352,282195.141225
54097478.366056,-40.002641,-602.866205,302881.130408
54105517.818926,-39.697838,-602.956132,322522.909074
54113557.271797,-39.794720,-603.669098,341053.358707
54121596.724667,-39.697009,-607.628317,358409.158347
54129636.177538,-39.600770,-606.156222,374531.000966
54137675.630408,-39.601401,-609.001134,389363.796130
54145715.083279,-39.477565,-608.845611,402856.858245
54153754.536150,-39.428349,-612.579870,414964.079760
54161793.989020,-39.408847,-611.993490,425644.088724
54169833.441891,-39.211950,-614.817302,434860.390154
54177872.894761,-39.136338,-614.577928,442581.490749
54185912.347632,-39.228378,-616.442153,448781.006502
54193951.800502,-39.242733,-617.477278,453437.752861
54201991.253373,-39.096658,-621.573612,456535.817117
54210030.706244,-39.136011,-622.661377,458064.612781
54218070.159114,-39.049759,-622.042360,458018.915758
54226109.611985,-39.189574,-621.762955,456398.882202
54234149.064855,-39.183972,-625.235571,453210.047979
54242188.517726,-39.331597,-624.935341,448463.309750
54250227.970596,-39.390055,-628.328664,442174.887737
54258267.423467,-39.548507,-629.431848,434366.270298
54266306.876338,-39.360754,-629.312824,425064.140496
54274346.329208,-39.595868,-632.111311,414300.284919
54282385.782079,-39.514254,-633.096510,402111.485064
54290425.234949,-39.587235,-633.948272,388539.391646
54298464.687820,-39.805085,-636.076718,373630.382277
54306504.140690,-39.870928,-634.374148,357435.402984
54314543.593561,-39.950356,-640.072778,340009.794119
54322583.046432,-40.175576,-640.539566,321413.101257
54330622.499302,-40.158757,-640.850187,301708.871720
54338661.952173,-40.563075,-639.932538,280964.437426
54346701.405043,-40.522933,-642.442256,259250.684808
54354740.857914,-40.732773,-641.999572,236641.812588
54362780.310784,-40.761047,-645.968922,213215.078225
54370819.763655,-41.095385,-642.519195,189050.533921
54378859.216526,-41.196690,-644.275869,164230.753072
54386898.669396,-41.341498,-646.696059,138840.548101
54394938.122267,-41.405578,-647.094805,112966.680644
54402977.575137,-41.845053,-647.147204,86697.565077
54411017.028008,-42.045091,-645.142638,60122.966388
54419056.480878,-42.115424,-645.967764,33333.693441
54427095.933749,-42.244236,-645.337980,6421.288672
54435135.386620,-42.517999,-647.526143,-20522.284729
54443174.839490,-42.725781,-645.979743,-47404.957062
54451214.292361,-42.894043,-644.967029,-74134.866735
54459253.745231,-42.983201,-645.675780,-100620.674166
54467293.198102,-43.088058,-647.352830,-126771.873901
54475332.650972,-43.398566,-645.589079,-152499.103885
54483372.103843,-43.391368,-647.098397,-177714.450823
54491411.556713,-43.586928,-642.268656,-202331.750591
54499451.009584,-43.886354,-645.077595,-226266.882671
54507490.462455,-43.914894,-645.768157,-249438.057597
54515529.915325,-44.007864,-644.454133,-271766.096448
54523569.368196,-44.326537,-643.685343,-293174.701408
54531608.821066,-44.259712,-641.263962,-313590.716486
54539648.273937,-44.362694,-640.650652,-332944.377499
54547687.726807,-44.621508,-640.173362,-351169.550467
54555727.179678,-44.685102,-636.879985,-368203.957601
54563766.632549,-44.677162,-638.564824,-383989.390114
54571806.085419,-44.910233,-634.826470,-398471.907126
54579845.538290,-44.803632,-636.479175,-411602.019991
54587884.991160,-44.953981,-632.332679,-423334.861403
54595924.444031,-44.937714,-632.813215,-433630.338716
54603963.896901,-45.107487,-634.334743,-442453.270943
54612003.349772,-45.267373,-630.537428,-449773.508975
54620042.802643,-45.155139,-628.856611,-455566.038606
54628082.255513,-45.382397,-628.067748,-459811.066007
54636121.708384,-45.370235,-627.411857,-462494.085367
54644161.161254,-45.336534,-625.271070,-463605.928460
54652200.614125,-45.208825,-622.290231,-463142.795973
54660240.066995,-45.199812,-622.228445,-461106.270490
54668279.519866,-45.298086,-621.819576,-457503.311083
54676318.972737,-45.397570,-621.174138,-452346.229534
54684358.425607,-45.249250,-620.176157,-445652.648264
54692397.878478,-45.219289,-619.335338,-437445.440109
54700437.331348,-45.283059,-619.366825,-427752.650170
54708476.784219,-45.101954,-617.277915,-416607.399971
54716516.237089,-45.060504,-617.675111,-404047.774285
54724555.689960,-44.757057,-611.275121,-390116.690988
54732595.142831,-44.660436,-612.963905,-374861.754405
54740634.595701,-44.713358,-613.913844,-358335.092643
54748674.048572,-44.522616,-610.780611,-340593.179454
54756713.501442,-44.373556,-610.365945,-321696.641269
54764752.954313,-44.256059,-610.714952,-301710.050019
54772792.407183,-44.273668,-606.446948,-280701.702488
54780831.860054,-43.964367,-607.960002,-258743.386937
54788871.312925,-43.911626,-607.284417,-235910.137788
54796910.765795,-43.639187,-604.982723,-212279.979229
54804950.218666,-43.559119,-606.437917,-187933.658587
54812989.671536,-43.530185,-608.614694,-162954.370412
54821029.124407,-43.509977,-605.074600,-137427.472183
54829068.577277,-43.346020,-606.251342,-111440.192637
54837108.030148,-42.920800,-604.014831,-85081.333691
54845147.483019,-42.942694,-607.300886,-58440.967000
54853186.935889,-42.633305,-603.083478,-31610.126166
54861226.388760,-42.554206,-605.925301,-4680.495666
54869265.841630,-42.373528,-606.353193,22255.902446
54877305.294501,-42.178865,-607.408638,49107.022990
54885344.747371,-42.154985,-605.949347,75781.112189
54893384.200242,-41.797910,-606.652039,102187.021207
54901423.653112,-41.627085,-606.342086,128234.517615
54909463.105983,-41.207082,-608.829814,153834.593724
54917502.558854,-41.396882,-608.170196,178899.770742
54925542.011724,-41.232523,-606.323710,203344.397695
54933581.464595,-41.165640,-611.366862,227084.944107
54941620.917465,-41.072522,-611.327884,250040.285441
54949660.370336,-40.824039,-609.702369,272131.980306
54957699.823206,-40.671690,-611.435909,293284.538504
54965739.276077,-40.607976,-613.493117,313425.678989
54973778.728948,-40.465030,-615.433784,332486.576859
54981818.181818,-40.273434,-614.445875,350402.098548
54989857.634689,-40.328680,-615.123248,367111.024381
54997897.087559,-40.326157,-616.120402,382556.257784
55005936.540430,-40.145716,-619.782197,396685.020384
55013975.993300,-40.090887,-620.632113,409449.032358
55022015.446171,-40.015362,-620.287019,420804.677416
55030054.899042,-39.907130,-623.043650,430713.151839
55038094.351912,-39.981816,-627.895444,439140.597080
55046133.804783,-39.830835,-625.131885,446058.215461
55054173.257653,-39.850180,-626.585868,451442.368579
55062212.710524,-39.903974,-629.812677,455274.658083
55070252.163394,-39.849972,-629.962278,457541.988538
55078291.616265,-39.900065,-631.796202,458236.612182
55086331.069136,-39.811915,-632.881160,457356.155397
55094370.522006,-39.857010,-633.597840,454903.626816
55102409.974877,-40.030532,-636.292815,450887.407051
55110449.427747,-39.771453,-638.194992,445321.220045
55118488.880618,-40.027674,-637.566770,438224.086186
55126528.333488,-40.089559,-640.053040,429620.257304
55134567.786359,-40.193577,-643.134278,419539.133804
55142607.239230,-40.142825,-643.925009,408015.164196
55150646.692100,-40.277588,-645.278833,395087.727385
55158686.144971,-40.446997,-644.646500,380800.998107
55166725.597841,-40.656156,-646.726836,365203.795977
55174765.050712,-40.716796,-646.686018,348349.418664
55182804.503582,-40.776165,-648.650648,330295.459772
55190843.956453,-40.962543,-648.677476,311103.612028
55198883.409324,-41.101592,-653.016531,290839.456477
55206922.862194,-41.146085,-650.419631,269572.238375
55214962.315065,-41.256485,-651.886517,247374.630578
55223001.767935,-41.533270,-653.918089,224322.485202
55231041.220806,-41.656614,-653.209977,200494.574429
55239080.673676,-41.708883,-653.579135,175972.321334
55247120.126547,-41.931597,-653.612536,150839.521649
55255159.579418,-42.065736,-655.723647,125182.057424
55263199.032288,-42.320454,-656.634964,99087.603554
55271238.485159,-42.506253,-656.077202,72645.328188
55279277.938029,-42.463981,-656.520909,45945.588023
55287317.390900,-42.850212,-658.614567,19079.619548
55295356.843770,-42.911112,-657.877276,-7860.772722
55303396.296641,-43.122254,-659.750432,-34783.529960
55311435.749511,-43.394789,-655.980037,-61596.653598
55319475.202382,-43.592661,-658.243933,-88208.519701
55327514.655253,-43.675974,-655.916475,-114528.192056
55335554.108123,-43.859731,-656.861308,-140465.732916
55343593.560994,-44.020778,-656.272069,-165932.510326
55351633.013864,-44.263611,-652.017547,-190841.500990
55359672.466735,-44.468868,-652.258748,-215107.587645
55367711.919605,-44.456896,-654.399038,-238647.849911
55375751.372476,-44.761624,-654.133871,-261381.847647
55383790.825347,-44.676728,-650.310375,-283231.895823
55391830.278217,-44.804423,-650.230426,-304123.329977
55399869.731088,-45.050808,-649.174771,-323984.761360
55407909.183958,-45.115109,-650.422494,-342748.320872
55415948.636829,-45.338227,-648.594024,-360349.890989
55423988.089699,-45.371338,-647.364457,-376729.324853
55432027.542570,-45.551939,-647.925396,-391830.651804
55440066.995441,-45.669038,-647.616394,-405602.268644
55448106.448311,-45.733513,-645.742402,-417997.115961
55456145.901182,-45.733544,-643.027508,-428972.838951
55464185.354052,-45.768257,-641.317326,-438491.932138
55472224.806923,-45.777855,-640.784885,-446521.867541
55480264.259793,-45.924264,-642.238889,-453035.205825
55488303.712664,-45.855758,-639.599345,-458009.690063
55496343.165535,-45.977706,-638.586478,-461428.321798
55504382.618405,-45.982444,-635.319059,-463279.419118
55512422.071276,-46.002728,-633.895795,-463556.656583
55520461.524146,-45.981884,-632.043540,-462259.086837
55528500.977017,-46.073222,-634.287902,-459391.143843
55536540.429887,-45.905711,-630.368513,-454962.627736
55544579.882758,-45.919383,-629.591165,-448988.671335
55552619.335629,-45.744542,-629.630247,-441489.688424
55560658.788499,-45.759638,-626.017426,-432491.304006
55568698.241370,-45.593921,-626.772047,-422024.266731
55576737.694240,-45.674760,-626.647250,-410124.343829
55584777.147111,-45.739049,-626.203867,-396832.198887
55592816.599981,-45.329118,-624.041358,-382193.252894
55600856.052852,-45.291110,-621.473457,-366257.529036
55608895.505723,-45.224473,-620.189262,-349079.481756
55616934.958593,-45.156378,-620.385294,-330717.810678
55624974.411464,-45.077750,-620.582004,-311235.260026
55633013.864334,-44.947490,-618.016432,-290698.404209
55641053.317205,-44.843611,-617.727650,-269177.420340
55649092.770075,-44.532908,-618.675307,-246745.848423
55657132.222946,-44.461202,-617.700980,-223480.340061
55665171.675817,-44.284219,-616.179689,-199460.396525
55673211.128687,-44.201179,-615.417814,-174768.097090
55681250.581558,-44.052404,-615.259920,-149487.818560
55689290.034428,-43.842619,-613.526583,-123705.946938
55697329.487299,-43.749796,-614.723514,-97510.582237
55705368.940169,-43.454193,-612.755905,-70991.237429
55713408.393040,-43.505909,-615.273270,-44238.532570
55721447.845910,-43.286321,-615.457912,-17343.885136
55729487.298781,-43.030140,-613.690833,9600.802361
55737526.751652,-42.840042,-616.015192,36503.456415
55745566.204522,-42.753243,-615.694081,63272.147152
55753605.657393,-42.623997,-615.769335,89815.402471
55761645.110263,-42.318096,-615.486762,116042.520612
55769684.563134,-42.308722,-617.629674,141863.880097
55777724.016004,-42.027991,-616.572714,167191.245977
55785763.468875,-42.078918,-618.185747,191938.071345
55793802.921746,-41.798930,-617.967348,216019.793076
55801842.374616,-41.701873,-618.480423,239354.120791
55809881.827487,-41.586552,-620.540376,261861.318053
55817921.280357,-41.387605,-624.128612,283464.474838
55825960.733228,-41.273109,-623.000796,304089.770346
55834000.186098,-41.220850,-623.830463,323666.725257
55842039.638969,-41.172978,-626.362243,342128.442565
55850079.091840,-40.848050,-627.268658,359411.836179
55858118.544710,-40.944158,-628.611684,375457.846492
55866157.997581,-40.822778,-627.028618,390211.642197
55874197.450451,-40.769303,-628.370551,403622.807653
55882236.903322,-40.588355,-632.042877,415645.515161
55890276.356192,-40.677469,-632.082592,426238.681563
55898315.809063,-40.666590,-632.885541,435366.108632
55906355.261934,-40.507942,-634.640641,442996.606758
55914394.714804,-40.660881,-637.365231,449104.101537
55922434.167675,-40.689902,-636.240434,453667.722865
55930473.620545,-40.450416,-640.175270,456671.876251
55938513.073416,-40.390220,-638.072315,458106.296115
55946552.526286,-40.659984,-643.143468,457966.080854
55954591.979157,-40.521976,-642.178468,456251.709603
55962631.432028,-40.599270,-646.483618,452969.040594
55970670.884898,-40.597896,-647.151724,448129.291131
55978710.337769,-40.685476,-648.636533,441748.999271
55986749.790639,-40.811480,-650.020342,433849.967300
55994789.243510,-40.796644,-650.162681,424459.187242
56002828.696380,-40.688472,-654.732123,413608.748612
56010868.149251,-41.058975,-651.908994,401335.728773
56018907.602122,-41.105965,-654.501739,387682.066233
56026947.054992,-41.185028,-658.105456,372694.417333
56034986.507863,-41.146317,-657.167729,356423.996824
56043025.960733,-41.412219,-658.055502,338926.402850
56051065.413604,-41.608953,-656.546127,320261.426967
56059104.866474,-41.576070,-659.900709,300492.849831
56067144.319345,-41.736180,-662.345498,279688.223242
56075183.772216,-42.093347,-662.512659,257918.639320
56083223.225086,-42.165673,-660.196105,235258.487568
56091262.677957,-42.277973,-664.321052,211785.200675
56099302.130827,-42.368868,-664.133562,187578.989920
56107341.583698,-42.603801,-666.616021,162722.571077
56115381.036568,-42.812173,-666.488277,137300.881765
56123420.489439,-42.811682,-668.033403,111400.791209
56131459.942309,-43.197895,-666.880333,85110.803390
56139499.395180,-43.232891,-665.468567,58520.754620
56147538.848051,-43.466348,-665.390703,31721.506560
56155578.300921,-43.520711,-668.284490,4804.635729
56163617.753792,-43.779424,-663.984169,-22137.879420
56171657.206662,-43.886767,-668.011090,-49013.972803
56179696.659533,-44.107952,-667.522343,-75731.805311
56187736.112403,-44.482333,-666.735391,-102200.078628
56195775.565274,-44.426903,-666.481122,-128328.347219
56203815.018145,-44.547399,-665.145351,-154027.327388
56211854.471015,-44.761082,-666.163810,-179209.202372
56219893.923886,-44.943529,-664.634175,-203787.922425
56227933.376756,-45.066206,-665.207862,-227679.498860
56235972.829627,-45.105712,-665.003918,-250802.291049
56244012.282497,-45.391715,-664.115078,-273077.285400
56252051.735368,-45.580121,-661.211831,-294428.365355
56260091.188239,-45.538245,-660.890318,-314782.571496
56268130.641109,-45.847414,-661.195536,-334070.350848
56276170.093980,-45.854880,-660.488288,-352225.794558
56284209.546850,-46.080163,-657.656597,-369186.863110
56292248.999721,-46.112888,-656.301137,-384895.598324
56300288.452591,-46.321270,-656.270282,-399298.321407
56308327.905462,-46.256507,-654.226625,-412345.816376
56316367.358333,-46.289723,-655.469285,-423993.498245
56324406.811203,-46.277214,-651.630692,-434201.565366
56332446.264074,-46.550108,-651.599078,-442935.135444
56340485.716944,-46.365607,-650.758346,-450164.364736
56348525.169815,-46.707810,-647.593375,-455864.550019
56356564.622685,-46.491944,-649.071265,-460016.213022
56364604.075556,-46.611226,-645.828776,-462605.166969
56372643.528427,-46.625186,-644.292317,-463622.565069
56380682.981297,-46.593699,-642.258121,-463064.930739
56388722.434168,-46.680438,-641.025630,-460934.169488
56396761.887038,-46.589998,-641.510662,-457237.562406
56404801.339909,-46.691837,-641.550780,-451987.741280
56412840.792779,-46.611925,-638.962383,-445202.645432
56420880.245650,-46.573738,-638.869485,-436905.460420
56428919.698521,-46.476772,-637.769207,-427124.538802
56436959.151391,-46.353684,-637.904222,-415893.303265
56444998.604262,-46.385966,-636.392398,-403250.132401
56453038.057132,-46.276599,-633.988193,-389238.229573
56461077.510003,-46.037364,-630.166545,-373905.475276
56469116.962873,-45.912989,-630.369693,-357304.263528
56477156.415744,-45.832204,-631.995296,-339491.322834
56485195.868614,-45.860680,-629.785051,-320527.522329
56493235.321485,-45.728342,-629.552153,-300477.663791
56501274.774356,-45.525815,-628.423654,-279410.260198
56509314.227226,-45.241114,-625.812989,-257397.301609
56517353.680097,-45.252272,-626.133104,-234514.009173
56525393.132967,-45.118767,-625.719953,-210838.578079
56533432.585838,-44.929547,-626.357752,-186451.910358
56541472.038708,-44.774114,-623.731170,-161437.338430
56549511.491579,-44.654156,-624.978611,-135880.340344
56557550.944450,-44.418384,-625.074313,-109868.247692
56565590.397320,-44.198544,-623.787670,-83489.947181
56573629.850191,-44.275013,-624.954698,-56835.576900
56581669.303061,-44.029035,-625.249409,-29996.218303
56589708.755932,-43.851261,-626.679127,-3063.584972
56597748.208802,-43.721766,-625.462123,23870.290775
56605787.661673,-43.501160,-626.223783,50713.372378
56613827.114544,-43.354498,-623.682159,77373.933533
56621866.567414,-43.231434,-625.385451,103760.871628
56629906.020285,-43.006469,-627.886591,129784.019061
56637945.473155,-42.963553,-627.495027,155354.451349
56645984.926026,-42.837064,-626.994284,180384.790992
56654024.378896,-42.631357,-627.963890,204789.506062
56662063.831767,-42.498009,-629.450364,228485.202470
56670103.284638,-42.301629,-628.527353,251390.908933
56678142.737508,-42.224026,-630.096590,273428.353672
56686182.190379,-42.005999,-632.124505,294522.231866
56694221.643249,-42.014291,-630.092546,314600.462988
56702261.096120,-41.742445,-634.523838,333594.437106
56710300.548990,-41.635777,-634.148367,351439.249338
56718340.001861,-41.620016,-639.206805,368073.921637
56726379.454732,-41.530002,-637.928891,383441.611160
56734418.907602,-41.396314,-639.158374,397489.804512
56742458.360473,-41.353869,-642.337286,410170.497186
56750497.813343,-41.510223,-643.265054,421440.357604
56758537.266214,-41.276596,-643.078901,431260.875187
56766576.719084,-41.300724,-645.088377,439598.491944
56774616.171955,-41.208984,-646.414471,446424.717155
56782655.624826,-41.242813,-647.805977,451716.224720
56790695.077696,-41.053237,-647.719245,455454.932867
56798734.530567,-41.023343,-651.509064,457628.065944
56806773.983437,-41.150802,-651.469531,458228.198073
56814813.436308,-41.232347,-653.374439,457253.278523
56822852.889178,-41.172918,-656.764806,454706.638723
56830892.342049,-41.220405,-655.097170,450596.980870
56838931.794920,-41.237795,-655.479984,444938.348203
56846971.247790,-41.364452,-658.705930,437750.077005
56855010.700661,-41.429773,-660.083728,429056.730535
56863050.153531,-41.402362,-660.595653,418888.015091
56871089.606402,-41.598555,-663.133971,407278.678496
56879129.059272,-41.640255,-663.464120,394268.391367
56887168.512143,-41.746815,-662.595388,379901.611548
56895207.965013,-41.929359,-666.178436,364227.432198
56903247.417884,-41.989136,-666.388255,347299.414028
56911286.870755,-42.023279,-666.805205,329175.402280
56919326.323625,-42.228090,-669.779926,309917.329064
56927365.776496,-42.563509,-671.907709,289591.001723
56935405.229366,-42.454621,-673.276965,268265.877965
56943444.682237,-42.665843,-672.494824,246014.828515
56951484.135107,-42.962024,-671.622218,222913.888105
56959523.587978,-42.894438,-673.840465,199041.995660
56967563.040849,-43.064763,-675.177227,174480.724543
56975602.493719,-43.367040,-675.936918,149314.003816
56983641.946590,-43.621932,-673.925453,123627.831442
56991681.399460,-43.583595,-674.755954,97509.980417
56999720.852331,-43.697092,-677.546027,71049.698838
57007760.305201,-43.882221,-674.943368,44337.404934
57015799.758072,-44.220076,-676.683064,17464.378092
57023839.210943,-44.474160,-677.461330,-9477.553056
57031878.663813,-44.499980,-675.117997,-36396.324422
57039918.116684,-44.601518,-677.347574,-63199.951060
57047957.569554,-44.871580,-675.936632,-89796.841486
57055997.022425,-45.182472,-675.753196,-116096.110662
57064036.475295,-45.210135,-675.450019,-142007.890562
57072075.928166,-45.429965,-675.493643,-167443.637257
57080115.381037,-45.596100,-675.510225,-192316.433489
57088154.833907,-45.668607,-674.813346,-216541.285676
57096194.286778,-45.706344,-670.433044,-240035.414341
57104233.739648,-46.015157,-674.257067,-262718.536987
57112273.192519,-46.270792,-672.532557,-284513.142432
57120312.645389,-46.302958,-670.488845,-305344.755669
57128352.098260,-46.312268,-672.129488,-325142.192363
57136391.551131,-46.489585,-670.234543,-343837.802095
57144431.004001,-46.573491,-669.444673,-361367.699532
57152470.456872,-46.781603,-667.643351,-377671.982730
57160509.909742,-46.914048,-667.769838,-392694.937834
57168549.362613,-46.661171,-665.723412,-406385.229445
57176588.815483,-46.996831,-664.483252,-418696.076058
57184628.268354,-47.169838,-664.534749,-429585.409904
57192667.721225,-47.127640,-664.085730,-439016.020712
57200707.174095,-47.327515,-661.437215,-446955.682858
57208746.626966,-47.197848,-657.717592,-453377.265480
57216786.079836,-47.148292,-659.540304,-458258.825197
57224825.532707,-47.328777,-656.945595,-461583.681081
57232864.985577,-47.136570,-654.454788,-463340.471667
57240904.438448,-47.257757,-654.191597,-463523.193775
57248943.891319,-47.381805,-657.178806,-462131.223017
57256983.344189,-47.231317,-652.656918,-459169.315940
57265022.797060,-47.298028,-650.568226,-454647.593765
57273062.249930,-47.492731,-650.492762,-448581.507807
57281101.702801,-47.379497,-648.142903,-440991.786671
57289141.155671,-47.083381,-646.331044,-431904.365421
57297180.608542,-47.114004,-645.685613,-421350.296961
57305220.061412,-47.001110,-644.599833,-409365.645916
57313259.514283,-46.897478,-643.986269,-395991.365401
57321298.967154,-46.624750,-643.204109,-381273.157073
57329338.420024,-46.629093,-641.919130,-365261.314966
57337377.872895,-46.661685,-641.121157,-348010.553631
57345417.325765,-46.575190,-640.391455,-329579.821165
57353456.778636,-46.333690,-639.077150,-310032.097782
57361496.231506,-46.367669,-638.399688,-289434.180597
57369535.684377,-46.181406,-638.985378,-267856.455377
57377575.137248,-45.985696,-637.550793,-245372.656018
57385614.590118,-45.795591,-636.864369,-222059.612590
57393654.042989,-45.717694,-636.382301,-197996.988800
57401693.495859,-45.645522,-637.838704,-173267.009767
57409732.948730,-45.345929,-634.150457,-147954.181048
57417772.401600,-45.173524,-635.938459,-122144.999877
57425811.854471,-45.046508,-635.190317,-95927.659586
57433851.307342,-45.036870,-632.546837,-69391.748241
57441890.760212,-44.706352,-636.068569,-42627.942508
57449930.213083,-44.540650,-635.333515,-15727.697795
57457969.665953,-44.316207,-635.088330,11217.064257
57466009.118824,-44.309358,-636.889806,38114.269889
57474048.571694,-44.034086,-635.117309,64872.007845
57482088.024565,-43.989426,-637.758619,91398.843451
57490127.477436,-43.651902,-636.464997,117604.131054
57498166.930306,-43.742975,-637.032682,143398.323775
57506206.383177,-43.551953,-637.579519,168693.279497
57514245.836047,-43.287058,-639.998256,193402.562064
57522285.288918,-43.225244,-638.524731,217441.736637
57530324.741788,-43.063280,-640.532031,240728.658228
57538364.194659,-42.897074,-639.410678,263183.752394
57546403.647530,-42.848366,-642.307223,284730.287151
57554443.100400,-42.763325,-640.788615,305294.635186
57562482.553271,-42.424419,-641.599324,324806.525444
57570522.006141,-42.428200,-643.620182,343199.283253
57578561.459012,-42.474456,-647.947320,360410.058167
57586600.911882,-42.295487,-646.973888,376380.038725
57594640.364753,-42.249356,-648.323752,391054.653424
57602679.817624,-42.062696,-649.602584,404383.757194
57610719.270494,-42.188802,-651.262625,416321.802752
57618758.723365,-41.945441,-653.305452,426827.996244
57626798.176235,-41.901194,-654.247576,435866.436634
57634837.629106,-41.736250,-656.966435,443406.238398
57642877.081976,-41.895795,-657.497295,449421.637050
57650916.534847,-41.814310,-658.303582,453892.077190
57658955.987718,-41.896696,-659.864614,456802.282742
57666995.440588,-41.884956,-661.098394,458142.309152
57675034.893459,-41.802882,-664.547527,457907.577379
57683074.346329,-41.813485,-662.968764,456098.889530
57691113.799200,-41.890886,-665.022042,452722.426127
57699153.252070,-42.058240,-666.238921,447789.724986
57707192.704941,-42.070843,-668.118452,441317.641788
57715232.157811,-42.067839,-667.570378,433328.292486
57723271.610682,-42.227859,-670.433901,423848.977725
57731311.063553,-42.131553,-671.191889,412912.089559
57739350.516423,-42.428148,-674.092945,400555.000759
57747389.969294,-42.395079,-675.931754,386819.937106
57755429.422164,-42.689720,-677.058743,371753.833102
57763468.875035,-42.617488,-677.233866,355408.171586
57771508.327905,-42.720862,-678.118948,337838.807812
57779547.780776,-42.747537,-678.748663,319105.778585
57787587.233647,-42.876937,-680.101064,299273.097105
57795626.686517,-43.189253,-682.038819,278408.534226
57803666.139388,-43.233703,-681.981865,256583.386878
57811705.592258,-43.571669,-683.800228,233872.234431
57819745.045129,-43.514830,-681.986478,210352.683851
57827784.497999,-43.691998,-685.532419,186105.104505
57835823.950870,-43.844724,-686.816344,161212.353530
57843863.403741,-44.070427,-684.235762,135759.492696
57851902.856611,-44.155663,-686.085893,109833.497745
57859942.309482,-44.365103,-687.581887,83522.961177
57867981.762352,-44.796105,-685.319021,56917.789522
57876021.215223,-44.873351,-685.518797,30108.896116
57884060.668093,-44.991392,-686.673553,3187.890440
57892100.120964,-45.224220,-685.284491,-23753.234925
57900139.573835,-45.183751,-684.708265,-50622.418644
57908179.026705,-45.476428,-686.867071,-77327.845218
57916218.479576,-45.610097,-686.528482,-103778.258726
57924257.932446,-45.843013,-684.758413,-129883.274661
57932297.385317,-46.008188,-686.977473,-155553.688784
57940336.838187,-46.302745,-685.346342,-180701.781946
57948376.291058,-46.379566,-684.051911,-205241.619839
57956415.743929,-46.344137,-682.168569,-229089.346640
57964455.196799,-46.510652,-682.733713,-252163.471562
57972494.649670,-46.875546,-683.211069,-274385.147315
57980534.102540,-47.038148,-683.601454,-295678.439538
57988573.555411,-46.920723,-680.622273,-315970.586280
57996613.008281,-47.108105,-681.821559,-335192.246632
58004652.461152,-47.415246,-678.510460,-353277.737677
58012691.914023,-47.340122,-676.638329,-370165.258938
58020731.366893,-47.432774,-676.441390,-385797.103556
58028770.819764,-47.502714,-674.180453,-400119.855480
58036810.272634,-47.746029,-674.698317,-413084.572005
58044849.725505,-47.628907,-674.893146,-424646.951002
58052889.178375,-47.702788,-675.752097,-434767.482319
58060928.631246,-47.628057,-670.834377,-443411.582783
58068968.084116,-47.925557,-671.147750,-450549.714375
58077007.536987,-47.827157,-666.334455,-456157.485171
58085046.989858,-47.981881,-667.695557,-460215.732687
58093086.442728,-47.977986,-665.966111,-462710.589363
58101125.895599,-47.910600,-662.743841,-463633.529951
58109165.348469,-48.115926,-663.465141,-462981.400640
58117204.801340,-47.947969,-664.226422,-460756.429842
58125244.254210,-47.990382,-659.461604,-456966.220571
58133283.707081,-48.144448,-661.255567,-451623.724467
58141323.159952,-47.809496,-661.093633,-444747.197535
58149362.612822,-47.807650,-657.804813,-436360.137762
58157402.065693,-47.714497,-657.433635,-426491.204824
58165441.518563,-47.898595,-656.540636,-415174.122149
58173480.971434,-47.346806,-653.349954,-402447.561683
58181520.424304,-47.491849,-655.097393,-388355.011743
58189559.877175,-47.274032,-655.424405,-372944.628403
58197599.330046,-47.324898,-651.941071,-356269.070953
58205638.782916,-47.221096,-650.594098,-338385.321941
58213678.235787,-47.140951,-650.317693,-319354.492471
58221717.688657,-47.002217,-648.619679,-299241.613362
58229757.141528,-46.699865,-647.855036,-278115.412943
58237796.594398,-46.670483,-646.448137,-256048.082191
58245836.047269,-46.519561,-645.126883,-233115.028048
58253875.500140,-46.423558,-647.284263,-209394.615750
58261914.953010,-46.414355,-644.625350,-184967.901032
58269954.405881,-46.066034,-643.867744,-159918.353159
58277993.858751,-46.025752,-646.553236,-134331.569700
58286033.311622,-45.656710,-645.279552,-108294.984025
58294072.764492,-45.562973,-644.486395,-81897.566538
58302112.217363,-45.439842,-644.445102,-55229.520653
58310151.670234,-45.302248,-645.301029,-28381.974555
58318191.123104,-45.217746,-644.804907,-1446.669805
58326230.575975,-44.872635,-645.257911,25484.352152
58334270.028845,-44.751955,-643.369660,52319.064507
58342309.481716,-44.788640,-643.289961,78965.769554
58350348.934586,-44.693274,-646.816178,105333.412032
58358388.387457,-44.331348,-647.256296,131331.890271
58366427.840328,-44.188225,-648.217177,156872.364087
58374467.293198,-44.146258,-651.107037,181867.558354
58382506.746069,-43.921508,-648.828883,206232.061239
58390546.198939,-43.749128,-649.893392,229882.616061
58398585.651810,-43.647065,-648.858739,252738.405796
58406625.104680,-43.474135,-650.875844,274721.329233
58414664.557551,-43.524093,-651.331877,295756.267861
58422704.010422,-43.223965,-652.771288,315771.342554
58430743.463292,-43.005966,-654.989519,334698.159195
58438782.916163,-43.025111,-654.146630,352472.042389
58446822.369033,-42.751777,-656.386532,369032.256460
58454861.821904,-42.785619,-660.549572,384322.213001
58462901.274774,-42.917398,-655.697298,398289.664240
58470940.727645,-42.729664,-657.276061,410886.881576
58478980.180515,-42.667512,-662.928879,422070.818678
58487019.633386,-42.600759,-660.777473,431803.258575
58495059.086257,-42.641029,-663.826731,440050.944254
58503098.539127,-42.457785,-666.532700,446785.692297
58511137.991998,-42.559666,-667.476290,451984.489195
58519177.444868,-42.398332,-669.540493,455629.569982
58527216.897739,-42.498176,-671.454772,457708.478940
58535256.350609,-42.643716,-671.771795,458214.112168
58543295.803480,-42.573246,-672.970992,457144.741851
58551335.256351,-42.724291,-674.586195,454504.022166
58559374.709221,-42.603172,-675.810680,450300.976799
58567414.162092,-42.612294,-676.656259,444549.968099
58575453.614962,-42.662730,-680.144198,437270.648015
58583493.067833,-42.849665,-679.346117,428487.890929
58591532.520703,-42.735790,-681.376917,418231.708669
58599571.973574,-42.868008,-682.136307,406537.147944
58607611.426445,-43.171168,-685.688001,393444.170589
58615650.879315,-43.078018,-685.269565,378997.517016
58623690.332186,-43.244977,-688.396499,363246.553318
58631729.785056,-43.371602,-686.600923,346245.102592
58639769.237927,-43.515948,-687.795889,328051.261009
58647808.690797,-43.767612,-689.154733,308727.199293
58655848.143668,-43.649830,-692.170913,288338.950282
58663887.596539,-43.944247,-690.688961,266956.183275
58671927.049409,-44.169742,-693.316511,244651.965974
58679966.502280,-44.180069,-693.784088,221502.514794
58688005.955150,-44.253572,-692.878292,197586.934423
58696045.408021,-44.453887,-692.481981,172986.947514
58704084.860891,-44.616832,-694.877001,147786.615426
58712124.313762,-44.858650,-697.058596,122072.050976
58720163.766633,-45.061561,-694.698287,95931.124179
58728203.219503,-45.209024,-696.903791,69453.161986
58736242.672374,-45.281609,-700.211598,42728.643043
58744282.125244,-45.699837,-696.692116,15848.888510
58752321.578115,-45.829861,-697.667587,-11094.249990
58760361.030985,-45.887280,-697.573129,-38008.704246
58768400.483856,-46.075444,-694.909963,-64802.504060
58776439.936727,-46.145092,-697.813278,-91384.091531
58784479.389597,-46.589804,-694.854570,-117662.633912
58792518.842468,-46.496225,-696.407846,-143548.334001
58800558.295338,-46.710637,-697.003928,-168952.736991
58808597.748209,-46.754509,-696.209478,-193789.032728
58816637.201079,-47.101181,-694.932918,-217972.352356
58824676.653950,-47.211774,-691.536888,-241420.058320
58832716.106821,-47.310886,-693.540453,-264052.026758
58840755.559691,-47.504519,-690.657660,-285790.921285
58848795.012562,-47.642385,-692.167881,-306562.457267
58856834.465432,-47.699785,-691.025520,-326295.655663
58864873.918303,-47.858169,-689.464230,-344923.085562
58872913.371173,-48.065366,-687.794613,-362381.094610
58880952.824044,-48.084946,-686.784461,-378610.026519
58888992.276914,-48.304406,-688.292311,-393554.424912
58897031.729785,-48.347937,-684.251095,-407163.222836
58905071.182656,-48.478190,-681.730552,-419389.917255
58913110.635526,-48.415035,-681.116657,-430192.727962
58921150.088397,-48.469947,-683.130471,-439534.740347
58929189.541267,-48.569670,-682.010030,-447384.031537
58937228.994138,-48.559458,-681.545843,-453713.779481
58945268.447008,-48.585990,-678.614230,-458502.354605
58953307.899879,-48.534700,-678.002827,-461733.393726
58961347.352750,-48.608520,-674.317481,-463395.855962
58969386.805620,-48.593170,-676.289806,-463484.060463
58977426.258491,-48.595350,-673.188378,-461997.705823
58985465.711361,-48.569129,-669.761346,-458941.871109
58993505.164232,-48.565629,-671.088891,-454326.998506
59001544.617102,-48.568126,-669.204984,-448168.857635
59009584.069973,-48.526560,-669.939462,-440488.491665
59017623.522844,-48.509300,-666.209225,-431312.145408
59025662.975714,-48.289753,-669.252576,-420671.175632
59033702.428585,-48.251141,-664.952196,-408601.943917
59041741.881455,-48.170593,-665.451218,-395145.692402
59049781.334326,-48.137088,-664.995117,-380348.402848
59057820.787196,-47.990663,-660.790354,-364260.639521
59065860.240067,-47.976096,-661.682846,-346937.376404
59073899.692938,-47.881590,-660.335180,-328437.809343
59081939.145808,-47.667761,-659.353868,-308825.153767
59089978.598679,-47.551864,-657.866828,-288166.428675
59098018.051549,-47.481584,-656.302684,-266532.227621
59106057.504420,-47.360383,-657.926262,-243996.477486
59114096.957290,-47.183981,-657.763964,-220636.185865
59122136.410161,-47.055047,-655.490599,-196531.177915
59130175.863032,-46.943591,-655.949707,-171763.823589
59138215.315902,-46.712429,-655.399382,-146418.756160
59146254.768773,-46.635781,-654.581053,-120582.583026
59154294.221643,-46.409029,-656.182425,-94343.589754
59162333.674514,-46.202382,-652.240033,-67791.438400
59170373.127384,-46.086667,-654.426307,-41016.861126
59178412.580255,-46.011766,-654.284389,-14111.350147
59186452.033126,-45.666464,-655.494024,12833.154902
59194491.485996,-45.624274,-655.724619,39724.581137
59202530.938867,-45.453691,-655.252323,66471.037054
59210570.391737,-45.352044,-657.225780,92981.126529
59218609.844608,-45.028906,-655.031814,119164.261135
59226649.297478,-45.069604,-658.257878,144930.969690
59234688.750349,-44.851561,-656.628840,170193.203996
59242728.203220,-44.615746,-657.720206,194864.639709
59250767.656090,-44.519117,-657.322287,218860.971319
59258807.108961,-44.200380,-661.025265,242100.200237
59266846.561831,-44.316293,-661.565819,264502.914992
59274886.014702,-44.139343,-661.602355,285992.562589
59282925.467572,-44.004502,-663.402348,306495.710103
59290964.920443,-43.961674,-662.941044,325942.295611
59299004.373313,-43.639188,-665.091168,344265.867596
59307043.826184,-43.705173,-667.396472,361403.812027
59315083.279055,-43.711162,-667.106433,377297.566317
59323122.731925,-43.523868,-671.006038,391892.819435
59331162.184796,-43.521133,-669.745530,405139.697504
59339201.637666,-43.210849,-672.000982,416992.934214
59347241.090537,-43.272539,-670.228661,427412.025512
59355280.543407,-43.137759,-674.345037,436361.368007
59363319.996278,-43.295303,-675.968866,443810.380630
59371359.449149,-43.145546,-675.332652,449733.609133
59379398.902019,-43.145749,-677.271896,454110.813077
59387438.354890,-43.447302,-678.898014,456927.034981
59395477.807760,-43.298457,-681.261780,458172.651452
59403517.260631,-43.209000,-681.949628,457843.406054
59411556.713501,-43.291199,-684.971209,455940.423862
59419596.166372,-43.453460,-685.961955,452470.207615
59427635.619243,-43.375312,-687.936591,447444.615492
59435675.072113,-43.281661,-689.767669,440880.820598
59443714.524984,-43.331946,-686.301468,432801.252272
59451753.977854,-43.450407,-691.248476,423233.519454
59459793.430725,-43.603751,-690.978560,412210.316332
59467832.883595,-43.657138,-694.076334,399769.310626
59475872.336466,-43.707362,-691.230884,385953.014873
59483911.789337,-43.912191,-695.410214,370808.641155
59491951.242207,-43.990285,-698.676994,354387.939769
59499990.695078,-44.107209,-697.244137,336747.022391
59508030.147948,-44.330996,-696.981652,317946.170331
59516069.600819,-44.380673,-700.334619,298049.628551
59524109.053689,-44.675821,-700.543576,277125.386124
59532148.506560,-44.756784,-701.303513,255244.943912
59540187.959431,-44.671037,-702.509705,232483.070235
59548227.412301,-44.849152,-705.205034,208917.545380
59556266.865172,-45.226439,-701.730952,184628.895814
59564306.318042,-45.263367,-705.078143,159700.119015
59572345.770913,-45.445569,-704.563411,134216.399861
59580385.223783,-45.509345,-703.359948,108264.819538
59588424.676654,-45.814827,-706.018899,81934.057976
59596464.129525,-46.042746,-706.529788,55314.090817
59604503.582395,-46.100034,-708.310748,28495.881954
59612543.035266,-46.316138,-708.634479,1571.072700
59620582.488136,-46.535801,-706.648466,-25368.331366
59628621.941007,-46.648940,-706.826628,-52230.274791
59636661.393877,-46.758893,-705.335232,-78922.966817
59644700.846748,-46.989298,-704.871445,-105355.195040
59652740.299618,-47.311903,-705.737750,-131436.637092
59660779.752489,-47.375547,-705.085210,-157078.169290
59668819.205360,-47.468366,-706.036359,-182192.171180
59676858.658230,-47.753270,-703.837631,-206692.824946
59684898.111101,-47.838909,-704.334902,-230496.408663
59692937.563971,-48.065837,-703.651853,-253521.582387
59700977.016842,-48.141244,-701.966741,-275689.666101
59709016.469712,-48.334299,-701.713116,-296924.908574
59717055.922583,-48.243706,-700.960492,-317154.746218
59725095.375454,-48.380989,-698.571334,-336310.051044
59733134.828324,-48.569780,-698.074338,-354325.366881
59741174.281195,-48.691909,-698.276789,-371139.133048
59749213.734065,-48.738524,-698.624607,-386693.894716
59757253.186936,-48.996913,-696.209455,-400936.499240
59765292.639806,-49.011186,-694.273606,-413818.277784
59773332.092677,-49.058454,-692.463172,-425295.211634
59781371.545548,-49.117387,-692.951788,-435328.082613
59789410.998418,-49.118648,-691.970649,-443882.607093
59797450.451289,-49.280921,-689.233206,-450929.553152
59805489.904159,-49.272329,-688.286440,-456444.840454
59813529.357030,-49.259455,-685.829024,-460409.622548
59821568.809900,-49.105593,-688.548278,-462810.351255
59829608.262771,-49.207476,-684.274155,-463638.822972
59837647.715642,-49.369550,-686.456659,-462892.206705
59845687.168512,-49.262840,-683.267492,-460573.053737
59853726.621383,-49.329928,-680.366910,-456689.288918
59861766.074253,-49.230669,-679.646658,-451254.183577
59869805.527124,-49.118926,-679.548723,-444286.310176
59877844.979994,-49.154792,-678.213207,-435809.478847
59885884.432865,-49.151459,-676.902696,-425852.656025
59893923.885736,-49.111188,-675.547622,-414449.865473
59901963.338606,-48.973816,-674.309046,-401640.072008
59910002.791477,-48.993885,-671.841359,-387467.048365
59918042.244347,-48.707812,-673.107647,-371979.225611
59926081.697218,-48.735110,-669.707744,-355229.527652
59934121.150088,-48.673456,-671.310066,-337275.190388
59942160.602959,-48.441920,-668.888927,-318177.566127
59950200.055830,-48.261039,-668.638599,-298001.913940
59958239.508700,-48.111838,-668.833525,-276817.176657
59966278.961571,-48.010213,-668.374941,-254695.745283
59974318.414441,-47.845535,-666.202070,-231713.211630
59982357.867312,-47.688194,-667.267373,-207948.110010
59990397.320182,-47.680648,-666.256203,-183481.648869
59998436.773053,-47.566644,-665.646237,-158397.433292
60006476.225924,-47.375051,-666.909467,-132781.179308
60014515.678794,-47.185900,-664.290762,-106720.420995
60022555.131665,-46.947557,-664.974220,-80304.211356
60030594.584535,-46.757798,-662.403885,-53622.818022
60038634.037406,-46.654226,-665.777092,-26767.414787
60046673.490276,-46.547182,-662.699379,170.229939
60054712.943147,-46.224839,-664.510873,27098.066716
60062752.396017,-46.155540,-665.903314,53924.079617
60070791.848888,-45.970533,-666.156985,80556.600665
60078831.301759,-45.651107,-666.271816,106904.623066
60086870.754629,-45.856898,-666.048765,132878.112197
60094910.207500,-45.528810,-664.722696,158388.313262
60102949.660370,-45.276210,-668.117872,183348.054583
60110989.113241,-45.322516,-667.054332,207672.045472
60119028.566111,-44.970965,-669.947116,231277.167687
60127068.018982,-45.017714,-672.551985,254082.759448
60135107.471853,-44.793520,-670.605431,276010.891081
60143146.924723,-44.667484,-673.806007,296986.631303
60151186.377594,-44.633183,-673.717530,316938.303278
60159225.830464,-44.533979,-673.848200,335797.729546
60167265.283335,-44.352011,-676.113000,353500.464990
60175304.736205,-44.270641,-674.987514,369986.017059
60183344.189076,-44.222398,-677.127180,385198.052472
60191383.641947,-44.122376,-678.108651,399084.589726
60199423.094817,-44.044992,-678.586648,411598.176713
60207462.547688,-44.104770,-680.160793,422696.052878
60215502.000558,-43.926929,-682.113691,432340.295332
60223541.453429,-43.788665,-686.954729,440497.948442
60231580.906299,-43.718443,-684.913510,447141.136446
60239620.359170,-43.814409,-687.041984,452247.158705
60247659.812041,-43.690591,-688.187897,455798.567277
60255699.264911,-43.768449,-691.724403,457783.226535
60263738.717782,-43.869562,-693.346510,458194.354640
60271778.170652,-43.780459,-693.372525,457030.546715
60279817.623523,-43.879131,-696.087750,454295.779642
60287857.076393,-44.011710,-696.797922,449999.398476
60295896.529264,-43.958151,-695.875348,444156.084513
60303935.982135,-44.058525,-697.708245,436785.805115
60311975.435005,-44.124614,-700.271175,427913.745488
60320014.887876,-44.330933,-702.089519,417570.222616
60328054.340746,-44.257166,-702.958340,405790.581662
60336093.793617,-44.471259,-704.170035,392615.075194
60344133.246487,-44.438375,-704.009734,378088.725633
60352172.699358,-44.643332,-705.567311,362261.171407
60360212.152229,-44.609018,-710.751586,345186.497331
60368251.605099,-44.844031,-707.364437,326923.049789
60376291.057970,-45.032035,-708.431409,307533.237361
60384330.510840,-45.077808,-710.611358,287083.317558
60392369.963711,-45.337954,-711.410762,265643.170423
60400409.416581,-45.466266,-714.304907,243286.059729
60408448.869452,-45.564575,-710.155306,220088.382634
60416488.322323,-45.657478,-714.580219,196129.408623
60424527.775193,-45.894170,-714.288557,171491.008629
60432567.228064,-45.939128,-715.625902,146257.375274
60440606.680934,-46.199995,-715.813490,120514.735170
60448646.133805,-46.499980,-715.511506,94351.054270
60456685.586675,-46.619085,-715.511579,67855.737279
60464725.039546,-46.822833,-717.530744,41119.322145
60472764.492416,-46.802514,-713.888784,14233.170681
60480803.945287,-46.989910,-714.775164,-12710.843633
60488843.398158,-47.337062,-717.495376,-39620.649590
60496882.851028,-47.505464,-717.159903,-66404.292879
60504922.303899,-47.591031,-716.187381,-92970.250304
60512961.756769,-47.680078,-716.796893,-119227.742527
60521001.209640,-47.914867,-714.812812,-145087.044280
60529040.662510,-48.314707,-713.955100,-170459.790959
60537080.115381,-48.191255,-714.088175,-195259.280586
60545119.568252,-48.308150,-714.420891,-219400.770074
60553159.021122,-48.537790,-713.544813,-242801.764811
60561198.473993,-48.725776,-712.155687,-265382.300549
60569237.926863,-48.756785,-712.668044,-287065.216659
60577277.379734,-49.004225,-710.217961,-307776.419790
60585316.832604,-49.179423,-712.399840,-327445.137066
60593356.285475,-49.188988,-708.387779,-346004.157919
60601395.738346,-49.242329,-707.776444,-363390.063755
60609435.191216,-49.402077,-705.507579,-379543.444673
60617474.644087,-49.468939,-708.772733,-394409.102464
60625514.096957,-49.546369,-704.245658,-407936.239241
60633553.549828,-49.849450,-704.603136,-420078.631016
60641593.002698,-49.735229,-704.176649,-430794.785655
60649632.455569,-49.780970,-701.473812,-440048.084661
60657671.908440,-50.147091,-698.679206,-447806.908307
60665711.361310,-49.846544,-700.631894,-454044.743683
60673750.814181,-49.944784,-696.803257,-458740.275292
60681790.267051,-50.122658,-696.232987,-461877.457891
60689829.719922,-50.153645,-694.434562,-463445.571319
60697869.172792,-50.178309,-694.752954,-463439.257130
60705908.625663,-49.989926,-691.566909,-461858.536896
60713948.078534,-49.977575,-690.233101,-458708.812148
60721987.531404,-49.913714,-688.939984,-454000.845903
60730026.984275,-50.118245,-690.014250,-447750.725896
60738066.437145,-49.855150,-687.326114,-439979.809603
60746105.890016,-49.783767,-687.569758,-430714.651252
60754145.342886,-49.704325,-684.977877,-419986.911100
60762184.795757,-49.592754,-685.607353,-407833.247230
60770224.248628,-49.572328,-684.209888,-394295.190295
60778263.701498,-49.456772,-682.579110,-379419.001599
60786303.154369,-49.377586,-682.485914,-363255.515014
60794342.607239,-49.328266,-680.201787,-345859.963281
60802382.060110,-49.185552,-679.512489,-327291.789264
60810421.512980,-49.123928,-680.165685,-307614.442833
60818460.965851,-48.903361,-677.716653,-286895.164043
60826500.418722,-48.771322,-674.283861,-265204.753367
60834539.871592,-48.619879,-678.071322,-242617.329763
60842579.324463,-48.444368,-676.122597,-219210.077400
60850618.777333,-48.226004,-675.056873,-195062.981907
60858658.230204,-48.078276,-676.154271,-170258.557054
60866697.683074,-48.045113,-675.118263,-144881.562790
60874737.135945,-48.091224,-677.579250,-119018.715611
60882776.588815,-47.699411,-676.022297,-92758.392232
60890816.041686,-47.592638,-672.734004,-66190.327599
60898855.494557,-47.321045,-672.864724,-39405.308249
60906894.947427,-47.182499,-673.705250,-12494.862080
60914934.400298,-47.090439,-677.134712,14449.054408
60922973.853168,-46.939091,-673.491690,41334.370344
60931013.306039,-46.825699,-676.009055,68069.215102
60939052.758909,-46.538007,-677.136995,94562.232236
60947092.211780,-46.405391,-675.469273,120722.891656
60955131.664651,-46.349990,-679.227649,146461.798982
60963171.117521,-46.053603,-677.568380,171691.001016
60971210.570392,-45.924323,-676.814864,196324.286289
60979250.023262,-45.711543,-676.544163,220277.479658
60987289.476133,-45.600163,-681.782689,243468.729941
60995328.929003,-45.623668,-678.138860,265818.789615
61003368.381874,-45.432421,-679.336324,287251.285617
61011407.834745,-45.473981,-680.327727,307692.980317
61019447.287615,-45.208331,-684.235606,327074.021782
61027486.740486,-45.148699,-684.084708,345328.182467
61035526.193356,-44.914807,-687.037677,362393.085532
61043565.646227,-44.992360,-685.371997,378210.417977
61051605.099097,-44.879358,-687.466290,392726.129919
61059644.551968,-44.561118,-689.588149,405890.619281
61067684.004839,-44.749283,-689.543998,417658.901286
61075723.457709,-44.716987,-693.812417,427990.762184
61083762.910580,-44.695219,-692.845485,436850.896659
61091802.363450,-44.797552,-694.382379,444209.028479
61099841.816321,-44.585425,-695.689295,450040.013949
61107881.269191,-44.394901,-697.211534,454323.927832
61115920.722062,-44.503944,-701.330069,457046.131437
61123960.174933,-44.485640,-700.456980,458197.322639
61131999.627803,-44.662202,-700.401563,457773.567668
61140039.080674,-44.723681,-705.052527,455776.314550
61148078.533544,-44.612056,-706.776754,452212.388160
61156117.986415,-44.614088,-707.005647,447093.966897
61164157.439285,-44.737473,-706.360931,440438.541073
61172196.892156,-44.692292,-709.558897,432268.853146
61180236.345027,-44.695412,-711.032736,422612.820003
61188275.797897,-45.019406,-712.961595,411503.437567
61196315.250768,-44.981254,-711.623973,398978.668044
61204354.703638,-45.207184,-715.063466,385081.310202
61212394.156509,-45.235758,-717.175151,369858.853124
61220433.609379,-45.379210,-717.811326,353363.313928
61228473.062250,-45.457655,-718.135212,335651.060019
61236512.515120,-45.610691,-717.961948,316782.616475
61244551.967991,-45.826688,-720.847714,296822.459225
61252591.420862,-45.766214,-721.655140,275838.794726
61260630.873732,-45.912027,-722.679571,253903.326892
61268670.326603,-46.248219,-722.925589,231091.012073
61276709.779473,-46.319216,-722.705488,207479.802920
61284749.232344,-46.577315,-722.759332,183150.382009
61292788.685214,-46.578235,-723.653991,158185.886141
61300828.138085,-46.787023,-724.049808,132671.622247
61308867.590956,-47.084646,-725.031115,106694.775891
61316907.043826,-47.097953,-727.496029,80344.113340
61324946.496697,-47.326476,-726.030786,53709.678239
61332985.949567,-47.349541,-726.430328,26882.483921
61341025.402438,-47.692995,-729.343026,-45.797596
61349064.855308,-47.828535,-726.827264,-26983.148869
61357104.308179,-47.929796,-724.160881,-53837.521461
61365143.761050,-48.195251,-727.369733,-80517.150481
61373183.213920,-48.378713,-727.370535,-106930.868165
61381222.666791,-48.399089,-726.231659,-132988.415398
61389262.119661,-48.757702,-726.106062,-158600.750149
61397301.572532,-48.911342,-725.269504,-183680.351734
61405341.025402,-48.904456,-724.305984,-208141.519888
61413380.478273,-49.205157,-721.814816,-231900.667615
61421419.931144,-49.359140,-720.700917,-254876.606813
61429459.384014,-49.346829,-720.110432,-276990.825704
61437498.836885,-49.316880,-720.795189,-298167.757125
61445538.289755,-49.808189,-722.550654,-318335.036740
61453577.742626,-49.815817,-720.200073,-337423.750332
61461617.195496,-50.179119,-718.242051,-355368.669278
61469656.648367,-49.959374,-714.942532,-372108.473454
61477696.101238,-50.122360,-717.196567,-387585.960770
61485735.554108,-50.244232,-716.864352,-401748.242634
61493775.006979,-50.325129,-714.628878,-414546.924687
61501814.459849,-50.429155,-714.633324,-425938.272164
61509853.912720,-50.474694,-712.070680,-435883.359348
61517893.365590,-50.586376,-712.691969,-444348.202581
61525932.818461,-50.439409,-707.204922,-451303.876391
61533972.271332,-50.592879,-706.941998,-456726.612335
61542011.724202,-50.566029,-707.639324,-460597.880218
61550051.177073,-50.764042,-706.303987,-462904.451413
61558090.629943,-50.616770,-705.165998,-463638.444067
61566130.082814,-50.507260,-702.203961,-462797.350030
61574169.535684,-50.535311,-701.904814,-460384.043432
61582208.988555,-50.771350,-699.657421,-456406.770853
61590248.441426,-50.541938,-701.737526,-450879.123154
61598287.894296,-50.564334,-698.174044,-443819.989026
61606327.347167,-50.517341,-696.601443,-435253.490449
61614366.800037,-50.421503,-697.962058,-425208.900266
61622406.252908,-50.230116,-696.436676,-413720.542148
61630445.705778,-50.144955,-694.732511,-400827.673311
61638485.158649,-50.183702,-691.813610,-386574.350368
61646524.611519,-49.981763,-691.746880,-371009.278778
61654564.064390,-49.946833,-691.154171,-354185.646419
61662603.517261,-49.828357,-691.686051,-336160.941832
61670642.970131,-49.894333,-689.559698,-316996.757782
61678682.423002,-49.733377,-687.665831,-296758.580781
61686721.875872,-49.730789,-687.377623,-275515.567315
61694761.328743,-49.488560,-687.331836,-253340.307527
61702800.781613,-49.269368,-685.309722,-230308.577168
61710840.234484,-49.067079,-683.343743,-206499.078660
61718879.687355,-48.820070,-684.626320,-181993.172160
61726919.140225,-48.831775,-684.737131,-156874.597542
61734958.593096,-48.646472,-687.708099,-131229.188246
61742998.045966,-48.398470,-686.934895,-105144.577976
61751037.498837,-48.400611,-684.658832,-78709.901242
61759076.951707,-48.144910,-685.668076,-52015.488777
61767116.404578,-47.983336,-684.674481,-25152.558865
61775155.857449,-47.887242,-683.408030,1787.094365
61783195.310319,-47.668949,-687.568049,28711.414609
61791234.763190,-47.340375,-685.396561,55528.397959
61799274.216060,-47.367652,-684.497128,82146.407291
61807313.668931,-47.283564,-686.592451,108474.485399
61815353.121801,-46.979348,-685.288999,134422.665812
61823392.574672,-46.922109,-686.741540,159902.280219
61831432.027543,-46.875558,-687.617007,184826.261460
61839471.480413,-46.579782,-689.393080,209109.441044
61847510.933284,-46.495523,-690.371038,232668.840185
61855550.386154,-46.310277,-690.921998,255423.953347
61863589.839025,-46.250955,-690.027552,277297.023346
61871629.291895,-46.098970,-694.113128,298213.307053
61879668.744766,-45.951828,-693.539347,318101.330803
61887708.197637,-45.775373,-695.096020,336893.134628
61895747.650507,-45.802428,-693.080688,354524.504487
61903787.103378,-45.709974,-695.878127,370935.191695
61911826.556248,-45.410770,-699.039524,386069.118795
61919866.009119,-45.484815,-700.734803,399874.571188
61927905.461989,-45.506231,-699.459458,412304.373845
61935944.914860,-45.398067,-700.475857,423316.052511
61943984.367731,-45.272226,-701.475161,432871.978847
61952023.820601,-45.246243,-705.572865,440939.499009
61960063.273472,-45.260326,-704.117266,447491.045227
61968102.726342,-45.278331,-707.644588,452504.230017
61976142.179213,-45.269177,-707.886384,455961.922674
61984181.632083,-45.196201,-709.289997,457852.307809
61992221.084954,-45.144192,-711.855225,458168.925734
62000260.537825,-45.300485,-713.817499,456910.694520
62008299.990695,-45.248113,-715.275877,454081.913710
62016339.443566,-45.363402,-715.083915,449692.249616
62024378.896436,-45.254572,-716.271707,443756.702290
62032418.349307,-45.435037,-719.201101,436295.554272
62040457.802177,-45.366025,-718.983746,427334.301275
62048497.255048,-45.508323,-724.346442,416903.565069
62056536.707918,-45.561747,-722.207945,405038.988838
62064576.160789,-45.635312,-723.523672,391781.115382
62072615.613660,-45.738427,-724.603253,377175.248584
62080655.066530,-45.814650,-726.022468,361271.298590
62088694.519401,-46.139357,-726.360824,344123.611270
62096733.972271,-46.076937,-728.692278,325790.782506
62104773.425142,-46.238324,-728.588425,306335.457958
62112812.878012,-46.596175,-729.995066,285824.119006
62120852.330883,-46.571074,-731.627432,264326.855565
62128891.783754,-46.762167,-731.979911,241917.126585
62136931.236624,-46.891654,-733.921804,218671.509027
62144970.689495,-47.060924,-732.648896,194669.436194
62153010.142365,-47.276476,-734.808570,169992.926296
62161049.595236,-47.333874,-734.704634,144726.302178
62169089.048106,-47.553907,-734.140100,118955.903187
62177128.500977,-47.593272,-734.530387,92769.790132
62185167.953848,-47.943866,-735.368571,66257.444371
62193207.406718,-48.126985,-738.688031,39509.462043
62201246.859589,-48.243447,-735.070455,12617.244486
62209286.312459,-48.314967,-736.085297,-14327.314090
62217325.765330,-48.608365,-737.599695,-41232.140620
62225365.218200,-48.776896,-736.031343,-68005.297807
62233404.671071,-49.005579,-737.092261,-94555.298287
62241444.123942,-49.153519,-736.049420,-120791.417250
62249483.576812,-49.441182,-735.342476,-146624.002463
62257523.029683,-49.436614,-736.485450,-171964.780616
62265562.482553,-49.620228,-734.092230,-196727.158970
62273601.935424,-49.807147,-734.263183,-220826.521255
62281641.388294,-49.855998,-733.250162,-244180.516811
62289680.841165,-50.000423,-735.761859,-266709.341993
62297720.294036,-50.234523,-731.817351,-288336.012873
62305759.746906,-50.376120,-731.432246,-308986.628298
62313799.199777,-50.402699,-729.675976,-328590.622429
62321838.652647,-50.493057,-732.690900,-347081.005862
62329878.105518,-50.778516,-727.988102,-364394.594551
62337917.558388,-50.866947,-725.284720,-380472.225708
62345957.011259,-50.945283,-728.067467,-395258.959972
62353996.464130,-50.882396,-724.205550,-408704.269150
62362035.917000,-51.085108,-724.616266,-420762.208866
62370075.369871,-51.151119,-721.657595,-431391.575571
62378114.822741,-51.141398,-720.534888,-440556.047336
62386154.275612,-51.343782,-717.799858,-448224.307965
62394193.728482,-51.197595,-719.735230,-454370.154016
62402233.181353,-51.277865,-718.202362,-458972.584330
62410272.634224,-51.393584,-716.677088,-462015.871804
62418312.087094,-51.456127,-715.644940,-463489.617129
62426351.539965,-51.520391,-713.139714,-463388.784325
62434390.992835,-51.294887,-714.185920,-461713.717951
62442430.445706,-51.203202,-713.789966,-458470.141925
62450469.898576,-51.298829,-710.760392,-453669.139972
62458509.351447,-51.222328,-707.822150,-447327.117738
62466548.804317,-51.129383,-705.840984,-439465.746741
62474588.257188,-51.159418,-706.337023,-430111.890308
62482627.710059,-51.167438,-704.092675,-419297.511785
62490667.162929,-51.125297,-702.660330,-407059.565313
62498706.615800,-50.935059,-703.590241,-393439.869546
62506746.068670,-50.716231,-702.246844,-378484.964761
62514785.521541,-50.830431,-703.186983,-362245.953814
62522824.974411,-50.525750,-697.350150,-344778.327519
62530864.427282,-50.408073,-699.772588,-326141.775032
62538903.880153,-50.404888,-698.567904,-306399.979878
62546943.333023,-50.311163,-698.162858,-285620.402343
62554982.785894,-49.991376,-695.433196,-263874.048950
62563022.238764,-49.905561,-695.514562,-241235.229818
62571061.691635,-49.882722,-695.605951,-217781.304743
62579101.144505,-49.764033,-697.459152,-193592.418840
62587140.597376,-49.576713,-697.179831,-168751.228683
62595180.050247,-49.422449,-694.360786,-143342.619853
62603219.503117,-49.085361,-694.116714,-117453.416875
62611258.955988,-48.953584,-694.084925,-91172.086528
62619298.408858,-48.851617,-695.662218,-64588.435539
62627337.861729,-48.816662,-693.298654,-37793.303707
62635377.314599,-48.561007,-695.318331,-10878.253486
62643416.767470,-48.426087,-696.261907,16064.742892
62651456.220341,-48.215957,-696.500281,42943.617701
62659495.673211,-48.139347,-694.753005,69666.522323
62667535.126082,-47.992308,-693.751446,96142.141115
62675574.578952,-47.608791,-696.711398,122280.003438
62683614.031823,-47.650126,-697.073910,147990.792814
62691653.484693,-47.498180,-695.773573,173186.652127
62699692.937564,-47.269925,-698.147909,197781.483844
62707732.390435,-47.271464,-697.936611,221691.244223
62715771.843305,-47.047703,-698.105009,244834.230498
62723811.296176,-46.922152,-699.116286,267131.360072
62731850.749046,-46.842578,-699.254639,288506.440750
62739890.201917,-46.492461,-701.775326,308886.431095
62747929.654787,-46.610354,-704.008072,328201.690029
62755969.107658,-46.578508,-704.700837,346386.214797
62764008.560529,-46.407523,-705.387974,363377.866506
62772048.013399,-46.328497,-705.499211,379118.582474
62780087.466270,-45.989121,-708.097027,393554.574621
62788126.919140,-46.193961,-711.797521,406636.513284
62796166.372011,-46.153876,-709.835379,418319.695774
62804205.824881,-46.126633,-711.373695,428564.199136
62812245.277752,-45.972464,-714.222995,437335.016567
62820284.730623,-45.821325,-713.650535,444602.177041
62828324.183493,-45.957591,-717.983881,450340.847725
62836363.636364,-45.924586,-718.991440,454531.418835
62844403.089234,-45.936156,-718.893957,457159.570642
62852442.542105,-45.967714,-720.741386,458216.322411
62860481.994975,-45.893766,-723.287376,457698.063081
62868521.447846,-45.986547,-723.314716,455606.563614
62876560.900716,-45.896972,-722.852641,451948.970934
62884600.353587,-46.041786,-725.773359,446737.783514
62892639.806458,-46.015497,-727.584398,439990.808658
62900679.259328,-46.227648,-729.864027,431731.101658
62908718.712199,-46.256707,-730.276031,421986.887009
62916758.165069,-46.331896,-731.283996,410791.461962
62924797.617940,-46.388492,-732.456877,398183.082741
62932837.070810,-46.467718,-734.630096,384204.833821
62940876.523681,-46.325760,-737.359416,368904.480697
62948915.976552,-46.666370,-738.970471,352334.306670
62956955.429422,-46.657250,-738.185587,334550.934183
62964994.882293,-47.007554,-739.042012,315615.131333
62973034.335163,-47.061493,-739.022538,295591.604227
62981073.788034,-47.033077,-740.154479,274548.775863
62989113.240904,-47.482035,-741.388308,252558.552326
62997152.693775,-47.553095,-741.787939,229696.077075
63005192.146646,-47.661340,-741.162514,206039.474164
63013231.599516,-47.781307,-742.401355,181669.581287
63021271.052387,-47.919253,-744.784576,156669.673539
63029310.505257,-48.274763,-747.953752,131125.178864
63037349.958128,-48.388562,-744.015866,105123.386124
63045389.410998,-48.544515,-745.659477,78753.146833
63053428.863869,-48.732976,-745.193271,52104.571531
63061468.316740,-48.928905,-744.553813,25268.721871
63069507.769610,-49.164528,-747.036449,-1662.700553
63077547.222481,-49.163561,-745.569187,-28597.667565
63085586.675351,-49.248540,-747.562720,-55444.138874
63093626.128222,-49.590721,-743.861535,-82110.376592
63101665.581092,-49.679082,-745.251512,-108505.258712
63109705.033963,-49.847171,-745.533335,-134538.590484
63117744.486834,-49.999086,-744.740045,-160121.412623
63125783.939704,-50.199047,-743.647224,-185166.305295
63133823.392575,-50.364182,-745.901780,-209587.686840
63141862.845445,-50.545663,-745.196047,-233302.106216
63149902.298316,-50.609090,-743.124917,-256228.528164
63157941.751186,-50.740834,-741.186456,-278288.610116
63165981.204057,-50.889998,-742.716241,-299406.969897
63174020.656928,-51.047987,-738.746912,-319511.443323
63182060.109798,-51.274493,-740.172334,-338533.330790
63190099.562669,-51.197069,-737.998800,-356407.632031
63198139.015539,-51.410486,-737.961258,-373073.268231
63206178.468410,-51.443446,-736.999639,-388473.290740
63214217.921280,-51.625981,-737.736310,-402555.075676
63222257.374151,-51.832537,-736.687321,-415270.503747
63230296.827021,-51.690226,-733.563467,-426576.124679
63238336.279892,-51.971795,-732.466188,-436433.305693
63246375.732763,-51.936972,-730.929866,-444808.363516
63254415.185633,-52.012810,-729.423414,-451672.679489
63262454.638504,-51.960520,-730.315469,-457002.797345
63270494.091374,-51.967420,-728.259097,-460780.503381
63278533.544245,-52.034869,-726.043676,-462992.888682
63286572.997115,-51.932449,-723.435167,-463632.393240
63294612.449986,-52.008971,-722.655200,-462696.831785
63302651.902857,-51.923006,-721.078152,-460189.401250
63310691.355727,-52.006739,-721.102899,-456118.669854
63318730.808598,-51.883760,-716.242385,-450498.547816
63326770.261468,-51.944016,-720.050817,-443348.239823
63334809.714339,-51.905780,-715.671687,-434692.179413
63342849.167209,-51.863152,-716.807626,-424559.945466
63350888.620080,-51.648798,-711.807281,-412986.161149
63358928.072951,-51.712059,-714.881754,-400010.375588
63366967.525821,-51.570418,-710.651112,-385676.928734
63375006.978692,-51.624913,-709.503587,-370034.799840
63383046.431562,-51.373364,-709.742222,-353137.440098
63391085.884433,-51.277618,-710.120036,-335042.589987
63399125.337303,-51.065032,-708.488791,-315812.081965
63407164.790174,-50.758081,-707.258250,-295511.629184
63415204.243045,-50.854964,-707.592106,-274210.600934
63423243.695915,-50.700236,-709.418541,-251981.785602
63431283.148786,-50.683777,-705.703623,-228901.141945
63439322.601656,-50.490931,-705.826359,-205047.539529
63447362.054527,-50.397057,-705.675514,-180502.489219
63455401.507397,-50.144850,-705.813218,-155349.864649
63463440.960268,-50.086063,-707.397070,-129675.615612
63471480.413139,-49.903542,-705.082359,-103567.474361
63479519.866009,-49.724882,-703.587561,-77114.655814
63487559.318880,-49.444633,-702.749471,-50407.552697
63495598.771750,-49.393273,-701.573864,-23537.426661
63503638.224621,-49.160230,-703.401692,3403.903577
63511677.677491,-49.092424,-703.093982,30324.375981
63519717.130362,-48.873264,-704.699761,57131.999791
63527756.583233,-48.685543,-705.864282,83735.169867
63535796.036103,-48.470912,-705.170559,110042.979711
63543835.488974,-48.411907,-706.861023,135965.532111
63551874.941844,-48.033206,-707.260273,161414.246330
63559914.394715,-48.014391,-707.203242,186302.160796
63567953.847585,-48.041914,-707.825444,210544.230267
63575993.300456,-47.685280,-708.841457,234057.616432
63584032.753327,-47.726839,-708.683435,256761.970989
63592072.206197,-47.573301,-712.400958,278579.710203
63600111.659068,-47.201505,-711.099807,299436.280016
63608151.111938,-47.266074,-711.171785,319260.410815
63616190.564809,-47.260280,-713.370706,337984.360961
63624230.017679,-47.072879,-715.598166,355544.148279
63632269.470550,-47.049073,-715.251852,371879.768691
63640308.923420,-46.886767,-717.079327,386935.401251
63648348.376291,-46.762769,-718.362841,400659.598905
63656387.829162,-46.614740,-721.153144,413005.464281
63664427.282032,-46.654399,-720.936625,423930.809948
63672466.734903,-46.704187,-724.009801,433398.302580
63680506.187773,-46.550124,-722.311969,441375.590519
63688545.640644,-46.723979,-724.160201,447835.414335
63696585.093514,-46.516222,-726.360955,452755.699968
63704624.546385,-46.494874,-724.956114,456119.634161
63712663.999256,-46.603149,-730.425766,457915.721915
63720703.452126,-46.685812,-733.175723,458137.825760
63728742.904997,-46.506269,-732.292600,456785.186742
63736782.357867,-46.452318,-735.644076,453862.427004
63744821.810738,-46.682174,-734.224579,449379.533995
63752861.263608,-46.613146,-736.489191,443351.826346
63760900.716479,-46.631668,-735.803870,435799.901517
63768940.169350,-46.705523,-741.289386,426749.565421
63776979.622220,-46.858729,-739.554441,416231.744233
63785019.075091,-46.932313,-743.252006,404282.378720
63793058.527961,-46.992788,-745.244127,390942.301418
63801097.980832,-47.399154,-744.229406,376257.097108
63809137.433702,-47.384495,-746.279262,360276.947048
63817176.886573,-47.381673,-746.326993,343056.457490
63825216.339444,-47.522098,-746.743057,324654.473089
63833255.792314,-47.728499,-748.172022,305133.875824
63841295.245185,-47.728139,-749.269130,284561.370117
63849334.698055,-47.914473,-751.951518,263007.254898
63857374.150926,-48.039181,-751.940632,240545.183388
63865413.603796,-48.227480,-752.558501,217251.911408
63873453.056667,-48.432595,-752.572210,193207.035104
63881492.509538,-48.546928,-752.863773,168492.718948
63889531.962408,-48.805180,-753.527550,143193.414977
63897571.415279,-48.917348,-755.958882,117395.574208
63905610.868149,-49.227727,-755.053144,91187.351223
63913650.321020,-49.252527,-754.779113,64658.302931
63921689.773890,-49.480937,-757.316030,37899.082547
63929729.226761,-49.657601,-755.695784,11001.129810
63937768.679632,-49.484677,-754.134850,-15943.641471
63945808.132502,-49.938179,-756.649091,-42843.157505
63953847.585373,-50.254114,-755.195702,-69605.499142
63961887.038243,-50.151476,-755.274359,-96139.215975
63969926.491114,-50.422141,-754.741309,-122353.638840
63977965.943984,-50.607359,-755.828108,-148159.189637
63986005.396855,-50.890516,-754.323943,-173467.687442
63994044.849726,-50.902859,-754.658530,-198192.649820
64002084.302596,-51.245717,-755.745369,-222249.588354
64010123.755467,-51.236338,-754.529584,-245556.297354
64018163.208337,-51.399335,-751.756922,-268033.134759
64026202.661208,-51.613366,-750.185451,-289603.294290
64034242.114078,-51.653709,-748.371610,-310193.067901
64042281.566949,-51.827042,-748.908661,-329732.097654
64050321.019819,-51.743202,-748.679488,-348153.616143
64058360.472690,-52.102847,-745.315447,-365394.674637
64066399.925561,-52.111786,-745.312779,-381396.358195
64074439.378431,-52.334303,-746.539807,-396103.986980
64082478.831302,-52.363645,-747.248562,-409467.303110
64090518.284172,-52.447768,-743.773465,-421440.642393
64098557.737043,-52.608787,-742.172371,-431983.090370
64106597.189913,-52.397081,-740.499270,-441058.622122
64114636.642784,-52.483004,-739.445129,-448636.225376
64122676.095655,-52.669850,-737.129130,-454690.006475
64130715.548525,-52.753827,-735.496822,-459199.278861
64138755.001396,-52.727210,-737.691681,-462148.633762
64146794.454266,-52.778709,-733.594591,-463527.992848
64154833.907137,-52.596141,-735.806772,-463332.642671
64162873.360007,-52.609116,-731.302642,-461563.250767
64170912.812878,-52.573556,-730.729204,-458225.863378
64178952.265749,-52.658234,-730.427444,-453331.884792
64186991.718619,-52.594913,-728.864918,-446898.038371
64195031.171490,-52.484876,-727.761978,-438946.309407
64203070.624360,-52.308378,-725.595524,-429503.869992
64211110.077231,-52.314008,-724.088908,-418602.986172
64219149.530101,-52.309279,-722.220138,-406280.907686
64227188.982972,-52.258674,-724.191678,-392579.740680
64235228.435843,-52.213920,-722.748197,-377546.303830
64243267.888713,-52.203886,-721.308777,-361231.968342
64251307.341584,-52.067516,-719.596857,-343692.482429
64259346.794454,-51.874321,-719.387289,-324987.780796
64267386.247325,-51.672741,-718.701831,-305181.779845
64275425.700195,-51.591395,-718.879507,-284342.159263
64283465.153066,-51.562707,-717.319822,-262540.130743
64291504.605937,-51.294156,-716.255296,-239850.194660
64299544.058807,-51.063696,-712.992372,-216349.885476
64307583.511678,-51.025441,-715.151292,-192119.506812
64315622.964548,-50.791036,-716.435282,-167241.857026
64323662.417419,-50.719619,-716.436189,-141801.946285
64331701.870289,-50.728233,-714.553422,-115886.706080
64339741.323160,-50.281455,-714.828335,-89584.692160
64347780.776031,-50.317503,-715.477650,-62985.781932
64355820.228901,-49.956406,-716.537996,-36180.867336
64363859.681772,-49.957879,-713.158032,-9261.544257
64371899.134642,-49.858541,-716.168173,17680.200474
64379938.587513,-49.638699,-715.152182,44552.303405
64387978.040383,-49.293131,-715.671665,71262.939063
64396017.493254,-49.151285,-716.016603,97720.833725
64404056.946125,-49.389031,-716.268640,123835.577322
64412096.398995,-49.036662,-716.869800,149517.932372
64420135.851866,-48.868278,-716.663760,174680.138924
64428175.304736,-48.595202,-717.313979,199236.214442
64436214.757607,-48.485077,-718.671461,223102.247617
64444254.210477,-48.339020,-717.975926,246196.685107
64452293.663348,-48.207114,-720.645908,268440.610210
64460333.116218,-48.087359,-719.537711,289758.012539
64468372.569089,-47.938206,-722.218739,310076.047753
64476412.021960,-47.887319,-723.228311,329325.286479
64484451.474830,-47.756280,-722.813612,347439.951563
64492490.927701,-47.729790,-722.578797,364358.142835
64500530.380571,-47.661372,-725.698133,380022.048631
64508569.833442,-47.632744,-726.576266,394378.143347
64516609.286312,-47.512428,-727.968339,407377.370336
64524648.739183,-47.384687,-731.743489,418975.309547
64532688.192054,-47.347231,-730.025252,429132.329313
64540727.644924,-47.321713,-734.103284,437813.721772
64548767.097795,-47.292509,-734.141810,444989.821477
64556806.550665,-47.277835,-737.135152,450636.106762
64564846.003536,-47.378249,-736.220593,454733.283531
64572885.456406,-47.216456,-741.030727,457267.351202
64580924.909277,-47.107566,-738.131602,458229.650532
64588964.362148,-47.172881,-741.098391,457616.893222
64597003.815018,-47.355407,-743.629911,455431.173142
64605043.267889,-47.254156,-745.811989,451679.959180
64613082.720759,-47.408646,-742.532017,446376.069727
64621122.173630,-47.350751,-749.678726,439537.628861
64629161.626500,-47.455752,-748.559084,431188.004426
64637201.079371,-47.443103,-751.464722,421355.728175
64645240.532242,-47.497580,-751.273266,410074.398278
64653279.985112,-47.763091,-754.734071,397382.564508
64661319.437983,-47.901114,-751.348857,383323.596512
64669358.890853,-48.034172,-755.487816,367945.535617
64677398.343724,-48.023988,-756.486630,351300.930658
64685437.796594,-48.010864,-754.827508,333446.658419
64693477.249465,-48.222860,-759.832690,314443.729273
64701516.702336,-48.222738,-760.954120,294357.078702
64709556.155206,-48.607018,-761.912582,273255.345409
64717595.608077,-48.611600,-762.771007,251210.636763
64725635.060947,-48.943677,-761.121321,228298.282406
64733674.513818,-49.058255,-762.658481,204596.576836
64741713.966688,-49.110107,-763.882750,180186.511866
64749753.419559,-49.277199,-764.489709,155151.499869
64757792.872430,-49.526750,-766.138841,129577.088740
64765832.325300,-49.745517,-766.898811,103550.669573
64773871.778171,-49.782943,-765.446331,77161.178031
64781911.231041,-50.097040,-766.054492,50498.790444
64789950.683912,-50.421139,-764.603603,23654.615662
64797990.136782,-50.290304,-766.680047,-3279.616274
64806029.589653,-50.666660,-765.750183,-30211.867586
64814069.042523,-50.722811,-766.309343,-57050.107263
64822108.495394,-50.925772,-764.648713,-83702.625546
64830147.948265,-51.058219,-764.766871,-110078.347309
64838187.401135,-51.267995,-766.410024,-136087.143275
64846226.854006,-51.458146,-764.179615,-161640.138002
64854266.306876,-51.559272,-763.665516,-186650.013580
64862305.759747,-51.706512,-762.653495,-211031.308005
64870345.212617,-51.836361,-762.513902,-234700.707220
64878384.665488,-51.869288,-760.077253,-257577.329807
64886424.118359,-52.155368,-761.638873,-279583.003365
64894463.571229,-52.377688,-762.868776,-300642.531643
64902503.024100,-52.477381,-761.429139,-320683.951490
64910542.476970,-52.563281,-757.940990,-339638.778765
64918581.929841,-52.795172,-757.600067,-357442.242354
64926621.382711,-52.807873,-758.274370,-374033.505504
64934660.835582,-52.824077,-756.798754,-389355.873708
64942700.288453,-52.851715,-755.952350,-403356.988437
64950739.741323,-52.982360,-752.773467,-415989.006062
64958779.194194,-53.148952,-753.794913,-427208.761330
64966818.647064,-53.349916,-752.354738,-436977.914879
64974858.099935,-53.244100,-749.129071,-445263.084238
64982897.552805,-53.359375,-750.854225,-452035.957904
64990937.005676,-53.390687,-747.661039,-457273.392087
64998976.458547,-53.302149,-748.836654,-460957.489790
65007015.911417,-53.306158,-745.146950,-463075.661973
65015055.364288,-53.327339,-744.640220,-463620.670566
65023094.817158,-53.416673,-742.723532,-462590.653203
65031134.270029,-53.235568,-742.520206,-459989.129588
65039173.722899,-53.481164,-739.133669,-455824.989465
65047213.175770,-53.119355,-736.992753,-450112.462244
65055252.628641,-53.168136,-738.530138,-442871.068374
65063292.081511,-53.137169,-737.250494,-434125.552642
65071331.534382,-53.125855,-737.453570,-423905.799613
65079370.987252,-53.068792,-732.335141,-412246.731513
65087410.440123,-53.063834,-733.898671,-399188.188898
65095449.892993,-52.624905,-731.612685,-384774.794508
65103489.345864,-52.774505,-730.332659,-369055.800789
65111528.798735,-52.720547,-731.119152,-352084.921589
65119568.251605,-52.547633,-728.205951,-333920.148612
65127607.704476,-52.400250,-728.309946,-314623.553253
65135647.157346,-52.381257,-728.321690,-294261.074493
65143686.610217,-52.166653,-728.437256,-272902.293571
65151726.063087,-52.114552,-726.572058,-250620.196224
65159765.515958,-51.790354,-723.301183,-227490.923281
65167804.968829,-51.869617,-725.357852,-203593.510479
65175844.421699,-51.661646,-724.901779,-179009.618390
65183883.874570,-51.413024,-724.203825,-153823.253375
65191923.327440,-51.343311,-726.334525,-128120.480523
65199962.780311,-51.113360,-722.285072,-101989.129555
65208002.233181,-50.995280,-724.732334,-75518.494701
65216041.686052,-50.842927,-723.645606,-48799.029569
65224081.138922,-50.592159,-723.467372,-21922.038049
65232120.591793,-50.536139,-724.180042,5020.637679
65240160.044664,-50.488265,-724.662448,31936.930982
65248199.497534,-50.116932,-725.358158,58734.865381
65256238.950405,-50.011394,-725.605191,85322.868845
65264278.403275,-49.730615,-724.966942,111610.086703
65272317.856146,-49.714478,-725.280905,137506.692108
65280357.309016,-49.536124,-726.144177,162924.192987
65288396.761887,-49.404083,-724.710715,187775.734431
65296436.214758,-49.247508,-726.735855,211976.395485
65304475.667628,-49.177835,-727.672415,235443.479338
65312515.120499,-48.900222,-727.903061,258096.795910
65320554.573369,-48.987062,-731.346358,279858.935867
65328594.026240,-48.749134,-730.675716,300655.535144
65336633.479110,-48.703348,-733.037636,320415.529052
65344672.931981,-48.627029,-734.327629,339071.395119
65352712.384852,-48.330657,-731.832442,356559.383820
65360751.837722,-48.311595,-736.240322,372819.736422
65368791.290593,-48.297911,-739.580972,387796.889182
65376830.743463,-48.120217,-738.213443,401439.663217
65384870.196334,-48.051531,-740.564921,413701.439393
65392909.649204,-48.046935,-741.295787,424540.317625
65400949.102075,-47.943849,-744.270104,433919.260052
65408988.554946,-47.881432,-745.345206,441806.217609
65417028.007816,-47.978003,-745.241822,448174.239532
65425067.460687,-47.990064,-746.286444,453001.565463
65433106.913557,-47.918556,-747.575392,456271.699800
65441146.366428,-47.773504,-751.805793,457973.468068
65449185.819298,-47.720045,-750.600031,458101.055104
65457225.272169,-47.837260,-751.815591,456654.024925
65465264.725040,-48.006722,-754.475427,453637.322223
65473304.177910,-47.989736,-756.465083,449061.255464
65481343.630781,-47.948394,-756.733684,442941.461662
65489383.083651,-48.024431,-758.731162,435298.852952
65497422.536522,-48.103741,-759.955422,426159.545121
65505461.989392,-48.295472,-761.949411,415554.768375
65513501.442263,-48.322307,-763.827712,403520.760618
65521540.895134,-48.425165,-761.577499,390098.643621
65529580.348004,-48.512223,-764.418496,375334.282505
65537619.800875,-48.668552,-766.036312,359278.129016
65545659.253745,-48.808678,-769.129569,341985.049120
65553698.706616,-48.851809,-766.061812,323514.135524
65561738.159486,-48.951932,-769.459483,303928.505745
65569777.612357,-49.132697,-770.027345,283295.086431
65577817.065228,-49.341402,-770.449401,261684.384661
65585856.518098,-49.289260,-772.756706,239170.247020
65593895.970969,-49.565709,-773.271444,215829.607246
65601935.423839,-49.591657,-773.807685,191742.223345
65609974.876710,-49.835046,-774.787109,166990.405046
65618014.329580,-50.039515,-773.991475,141658.732534
65626053.782451,-50.192526,-774.946833,115833.767434
65634093.235321,-50.398860,-774.926860,89603.757015
65642132.688192,-50.580724,-774.819378,63058.332637
65650172.141063,-50.756732,-773.676326,36288.203473
65658211.593933,-50.953098,-775.930839,9384.846540
65666251.046804,-51.085529,-776.673751,-17559.805887
65674290.499674,-51.359281,-776.938665,-44453.680422
65682329.952545,-51.473990,-774.091629,-71204.877194
65690369.405415,-51.673352,-775.101583,-97721.983879
65698408.858286,-51.928543,-775.831747,-123914.388071
65706448.311157,-52.003783,-773.341056,-149692.586914
65714487.764027,-52.164844,-773.976528,-174968.492944
65722527.216898,-52.296080,-775.728688,-199655.735100
65730566.669768,-52.437037,-773.399311,-223669.953860
65738606.122639,-52.613312,-773.352332,-246929.089512
65746645.575509,-52.642281,-771.793492,-269353.662559
65754685.028380,-53.001457,-771.854932,-290867.045316
65762724.481251,-53.019649,-769.021858,-311395.723751
65770763.934121,-53.124872,-771.557315,-330869.548698
65778803.386992,-53.384421,-769.387317,-349221.975561
65786842.839862,-53.363744,-765.872386,-366390.291706
65794882.292733,-53.386255,-766.954352,-382315.830762
65802921.745603,-53.699705,-766.303877,-396944.173088
65810961.198474,-53.689822,-764.151157,-410225.331734
65819000.651345,-53.632257,-764.883755,-422113.923249
65827040.104215,-53.913692,-762.640021,-432569.322770
65835079.557086,-53.830729,-762.675570,-441555.802835
65843119.009956,-53.930297,-758.264333,-449042.655469
65851158.462827,-53.941083,-757.620545,-455004.297125
65859197.915697,-53.999637,-757.731922,-459420.356094
65867237.368568,-54.014953,-753.863223,-462275.742130
65875276.821439,-54.068347,-755.618264,-463560.698005
65883316.274309,-53.984974,-753.853043,-463270.832858
65891355.727180,-54.026446,-750.146727,-461407.137197
65899395.180050,-54.012255,-749.137551,-457975.979511
65907434.632921,-53.959347,-748.374668,-452989.084515
65915474.085791,-54.034144,-748.898409,-446463.493077
65923513.538662,-53.972752,-748.010676,-438421.503991
65931552.991533,-53.671262,-743.892766,-428890.597786
65939592.444403,-53.672168,-745.567395,-417903.342805
65947631.897274,-53.615017,-743.962177,-405497.283931
65955671.350144,-53.512825,-744.222004,-391714.814282
65963710.803015,-53.389135,-740.603173,-376603.030353
65971750.255885,-53.390643,-738.088853,-360213.571078
65979789.708756,-53.423819,-737.656459,-342602.441371
65987829.161627,-53.140880,-738.865961,-323829.820757
65995868.614497,-53.138796,-737.512482,-303959.857727
66003908.067368,-52.896369,-737.910324,-283060.450530
66011947.520238,-52.842000,-737.590986,-261203.015163
66019986.973109,-52.517102,-737.072977,-238462.241329
66028026.425979,-52.631887,-735.232739,-214915.837214
66036065.878850,-52.359012,-735.812420,-190644.263947
66044105.331720,-52.220148,-734.592562,-165730.460654
66052144.784591,-51.943066,-733.352707,-140259.561046
66060184.237462,-51.747440,-736.476293,-114318.602505
66068223.690332,-51.559848,-733.411732,-87996.228662
66076263.143203,-51.496144,-733.707068,-61382.386499
66084302.596073,-51.295986,-734.902170,-34568.018978
66092342.048944,-51.204291,-732.652279,-7644.754287
66100381.501814,-51.157210,-734.222361,19295.407274
66108420.954685,-50.771990,-737.311047,46160.407663
66116460.407556,-50.848000,-733.915025,72858.445677
66124499.860426,-50.692149,-735.952215,99298.290642
66132539.313297,-50.447854,-736.558784,125389.594164
66140578.766167,-50.265308,-736.191040,151043.198863
66148618.219038,-50.075722,-735.496969,176171.443030
66156657.671908,-49.938376,-737.216372,200688.460182
66164697.124779,-49.781449,-737.743236,224510.472479
66172736.577650,-49.641600,-741.178214,247556.077002
66180776.030520,-49.850322,-737.994678,269746.523920
66188815.483391,-49.373807,-744.307792,291005.985586
66196854.936261,-49.465137,-742.317403,311261.815650
66204894.389132,-49.215853,-743.440221,330444.797304
66212933.842002,-49.160462,-744.763383,348489.379802
66220973.294873,-49.048964,-744.702766,365333.902453
66229012.747744,-48.944993,-745.976361,380920.805333
66237052.200614,-48.787348,-748.404050,395196.825962
66245091.653485,-48.872055,-748.441824,408113.181320
66253131.106355,-48.767378,-752.084346,419625.734538
66261170.559226,-48.615629,-751.586769,429695.145723
66269210.012096,-48.596847,-754.136775,438287.006386
66277249.464967,-48.456527,-754.968898,445371.957019
66285288.917838,-48.601354,-757.799066,450925.787423
66293328.370708,-48.570626,-757.100698,454929.519438
66301367.823579,-48.543030,-757.485073,457369.471789
66309407.276449,-48.526537,-759.069478,458237.306841
66317446.729320,-48.656767,-760.914592,457530.059089
66325486.182190,-48.672253,-761.556305,455250.145291
66333525.635061,-48.625669,-764.881000,451405.356208
66341565.087932,-48.712249,-765.868581,446008.829987
66349604.540802,-48.668625,-769.865482,439079.007259
66357643.993673,-48.857254,-767.640730,430639.568132
66365683.446543,-48.838828,-771.862547,420719.351267
66373722.899414,-48.843506,-770.425221,409352.255339
66381762.352284,-48.964587,-773.472480,396577.123194
66389801.805155,-49.145274,-775.722524,382437.609122
66397841.258025,-49.159846,-773.394778,366982.029684
66405880.710896,-49.239052,-777.061235,350263.198608
66413920.163767,-49.506811,-777.683968,332338.246317
66421959.616637,-49.558039,-779.893440,313268.424707
66429999.069508,-49.673538,-781.271931,293118.897843
66438038.522378,-49.951604,-779.533130,271958.519280
66446077.975249,-50.032338,-782.848841,249859.596789
66454117.428119,-50.159408,-782.039415,226897.645266
66462156.880990,-50.427374,-783.009585,203151.128689
66470196.333861,-50.525715,-784.397182,178701.191998
66478235.786731,-50.634151,-783.560724,153631.383810
66486275.239602,-50.954561,-783.894463,128027.370926
66494314.692472,-51.024169,-783.971446,101976.645590
66502354.145343,-51.260731,-785.278592,75568.226525
66510393.598213,-51.252137,-787.808610,48892.354737
66518433.051084,-51.598985,-789.608599,22040.185154
66526472.503955,-51.967226,-789.631855,-4896.524863
66534511.956825,-51.810707,-786.257424,-31825.729068
66542551.409696,-52.088980,-786.117456,-58655.406865
66550590.862566,-52.417064,-786.235329,-85293.877749
66558630.315437,-52.375354,-786.717917,-111650.114597
66566669.768307,-52.591602,-785.753367,-137634.054716
66574709.221178,-52.712398,-784.037270,-163156.907597
66582748.674049,-53.050518,-782.787598,-188131.458329
66590788.126919,-53.088452,-785.688879,-212472.365620
66598827.579790,-53.219569,-782.024612,-236096.453419
66606867.032660,-53.221918,-781.891564,-258922.995142
66614906.485531,-53.602370,-780.091398,-280873.989524
66622945.938401,-53.501225,-781.016350,-301874.427158
66630985.391272,-53.865287,-782.709819,-321852.546813
66639024.844143,-53.810742,-780.019770,-340740.080654
66647064.297013,-54.089111,-776.320688,-358472.487517
66655103.749884,-54.019740,-776.297805,-374989.173458
66663143.202754,-54.216708,-774.271150,-390233.698812
66671182.655625,-54.148890,-774.728928,-404153.971050
66679222.108495,-54.412198,-772.412250,-416702.422788
66687261.561366,-54.318721,-772.925514,-427836.174333
66695301.014237,-54.497877,-771.794001,-437517.180206
66703340.467107,-54.535391,-769.379948,-445712.359149
66711379.919978,-54.708419,-766.866117,-452393.707169
66719419.372848,-54.545564,-768.114398,-457538.393229
66727458.825719,-54.714632,-766.195940,-461128.837267
66735498.278589,-54.666257,-765.554072,-463152.770267
66743537.731460,-54.666414,-764.246026,-463603.276188
66751577.184331,-54.684530,-761.461719,-462478.815594
66759616.637201,-54.542207,-760.416081,-459783.230909
66767656.090072,-54.644485,-760.414021,-455525.733300
66775695.542942,-54.513459,-759.977219,-449720.871190
66783734.995813,-54.533634,-758.049707,-442388.480549
66791774.448683,-54.525885,-757.225140,-433553.617111
66799813.901554,-54.394509,-753.804091,-423246.470753
66807853.354424,-54.369361,-756.929441,-411502.262339
66815892.807295,-54.336596,-751.163197,-398361.123357
66823932.260166,-54.187243,-752.869608,-383867.958790
66831971.713036,-54.129043,-750.269290,-368072.293671
66840011.165907,-53.920163,-751.155414,-351028.103841
66848050.618777,-54.052519,-751.121172,-332793.631520
66856090.071648,-53.727094,-749.517535,-313431.186271
66864129.524518,-53.712564,-747.797387,-293006.932095
66872168.977389,-53.553381,-746.127460,-271590.661325
66880208.430260,-53.207215,-746.691089,-249255.556148
66888247.883130,-53.245576,-746.400317,-226077.938529
66896287.336001,-52.984676,-743.180380,-202137.009402
66904326.788871,-52.972319,-744.797002,-177514.578043
66912366.241742,-52.858980,-741.579106,-152294.782505
66920405.694612,-52.678444,-746.355313,-126563.802114
66928445.147483,-52.622160,-744.877098,-100409.562980
66936484.600354,-52.228790,-743.831759,-73921.437546
66944524.053224,-51.981186,-743.762231,-47189.939184
66952563.506095,-51.947052,-742.867710,-20306.412906
66960602.958965,-51.741157,-743.506672,6637.276777
66968642.411836,-51.565307,-742.024461,33549.059770
66976681.864706,-51.332229,-741.846804,60336.975005
66984721.317577,-51.277062,-745.191177,86909.484687
66992760.770448,-51.299351,-746.161239,113175.787091
67000800.223318,-50.931387,-744.067381,139046.126839
67008839.676189,-50.700345,-747.179277,164432.101613
67016879.129059,-50.560161,-745.594908,189246.964231
67024918.581930,-50.513315,-748.249987,213405.919075
67032958.034800,-50.487717,-747.223669,236826.411851
67040997.487671,-50.324204,-750.880997,259428.411685
67049036.940542,-50.118919,-751.496529,281134.684599
67057076.393412,-50.011530,-753.812853,301871.057433
67065115.846283,-50.050652,-751.758363,321566.671301
67073155.299153,-49.976647,-753.717487,340154.223725
67081194.752024,-49.710472,-755.044128,357570.198616
67089234.204894,-49.614210,-758.851263,373755.083323
67097273.657765,-49.581195,-757.072228,388653.571984
67105313.110636,-49.490951,-760.477290,402214.754526
67113352.563506,-49.428086,-760.361688,414392.290620
67121392.016377,-49.455952,-760.007211,425144.568040
67129431.469247,-49.406964,-762.274347,434434.844855
67137470.922118,-49.368846,-766.310082,442231.374977
67145510.374988,-49.241342,-764.791343,448507.516649
67153549.827859,-49.108950,-765.391063,453241.823478
67161589.280730,-49.173012,-768.302812,456418.117718
67169628.733600,-49.175188,-770.977230,458025.545562
67177668.186471,-49.261261,-770.368775,458058.614216
67185707.639341,-49.353108,-773.541520,456517.210683
67193747.092212,-49.318181,-774.486746,453406.602139
67201786.545082,-49.313133,-776.141258,448737.417936
67209825.997953,-49.174450,-775.310272,442525.613289
67217865.450823,-49.429727,-777.779485,434792.414738
67225904.903694,-49.571382,-780.973884,425564.247635
67233944.356565,-49.604771,-780.559542,414872.645825
67241983.809435,-49.687189,-781.745782,402754.143904
67250023.262306,-49.752921,-784.286747,389250.152374
67258062.715176,-49.758819,-785.305415,374406.816129
67266102.168047,-49.960530,-785.065262,358274.856784
67274141.620917,-50.023890,-787.108873,340909.399346
67282181.073788,-50.320567,-787.650674,322369.783841
67290220.526659,-50.454788,-788.064830,302719.362553
67298259.979529,-50.583080,-790.544721,282025.283529
67306299.432400,-50.529136,-789.320597,260358.261132
67314338.885270,-50.924412,-792.209694,237792.334400
67322378.338141,-50.856706,-792.944831,214404.614041
67330417.791011,-51.149621,-791.709578,190275.018944
67338457.243882,-51.331787,-794.013397,165486.003077
67346496.696753,-51.504841,-795.372776,140122.273735
67354536.149623,-51.680195,-792.790243,114270.502084
67362575.602494,-51.713769,-794.586756,88019.026994
67370615.055364,-51.986768,-792.581556,61457.553175
67378654.508235,-52.002768,-793.764409,34676.844642
67386693.961105,-52.320288,-795.823870,7768.414564
67394733.413976,-52.252335,-797.715387,-19175.787451
67402772.866847,-52.595667,-793.900362,-46063.689554
67410812.319717,-52.934863,-796.058457,-72803.412283
67418851.772588,-53.045669,-797.369971,-99303.582523
67426891.225458,-52.999453,-796.973341,-125473.645741
67434930.678329,-53.302659,-796.336575,-151224.175422
67442970.131199,-53.638101,-792.156172,-176467.178655
67451009.584070,-53.617639,-792.200222,-201116.396809
67459049.036941,-53.851622,-792.223746,-225087.600295
67467088.489811,-53.805283,-790.971368,-248298.876391
67475127.942682,-54.206984,-792.437335,-270670.909142
67483167.395552,-54.275325,-790.877260,-292127.250399
67491206.848423,-54.482404,-793.559695,-312594.581051
67499246.301293,-54.511470,-789.831150,-332002.961563
67507285.754164,-54.462483,-789.675868,-350286.070970
67515325.207035,-54.618747,-787.417052,-367381.433507
67523364.659905,-54.929699,-786.143913,-383230.632096
67531404.112776,-54.871129,-786.634498,-397779.507958
67539443.565646,-55.015875,-782.039720,-410978.345693
67547483.018517,-55.128611,-781.636044,-422782.043150
67555522.471387,-55.013300,-780.093412,-433150.265559
67563561.924258,-55.214509,-781.669675,-442047.583356
67571601.377128,-55.189950,-778.963031,-449443.593245
67579640.829999,-55.209882,-777.142855,-455313.022097
67587680.282870,-55.225396,-776.745725,-459635.813310
67595719.735740,-55.228726,-774.574169,-462397.195344
67603759.188611,-55.565373,-775.492576,-463587.732197
67611798.641481,-55.281368,-775.533274,-463203.355647
67619838.094352,-55.266818,-770.444745,-461245.379162
67627877.547222,-55.364891,-772.721968,-457720.493401
67635917.000093,-55.258015,-770.170806,-452640.743357
67643956.452964,-55.314157,-766.328563,-446023.487200
67651995.905834,-55.030841,-765.198675,-437891.336954
67660035.358705,-55.202605,-766.017769,-428272.081235
67668074.811575,-54.830146,-764.045968,-417198.590294
67676114.264446,-55.174207,-763.232502,-404708.703690
67684153.717316,-54.854669,-763.475874,-390845.100995
67692193.170187,-55.014414,-760.847149,-375655.155941
67700232.623058,-54.787399,-760.621932,-359190.774551
67708272.075928,-54.755708,-757.879019,-341508.217759
67716311.528799,-54.414055,-759.912976,-322667.909164
67724350.981669,-54.320451,-757.785673,-302734.228557
67732390.434540,-54.190279,-759.439398,-281775.291917
67740429.887410,-54.084367,-756.555855,-259862.718661
67748469.340281,-53.958226,-756.238718,-237071.386907
67756508.793152,-53.883983,-754.144474,-213479.177601
67764548.246022,-53.773694,-755.220318,-189166.708397
67772587.698893,-53.552308,-756.878870,-164217.058166
67780627.151763,-53.369032,-755.362724,-138715.483115
67788666.604634,-53.187905,-753.656980,-112749.125444
67796706.057504,-52.996105,-754.332632,-86406.715581
67804745.510375,-52.939204,-753.178269,-59778.268969
67812784.963246,-52.615479,-753.693172,-32954.778479
67820824.416116,-52.423814,-753.900754,-6027.903471
67828863.868987,-52.479612,-754.674123,20910.343416
67836903.321857,-52.177188,-753.785216,47767.910685
67844942.774728,-52.125541,-753.772981,74453.022532
67852982.227598,-51.959037,-755.126775,100874.492452
67861021.680469,-51.726675,-754.290565,126942.034844
67869061.133340,-51.675522,-756.589773,152566.573520
67877100.586210,-51.249063,-756.048161,177660.546094
67885140.039081,-51.330042,-754.663206,202138.203195
67893179.491951,-51.139971,-759.327417,225915.901479
67901218.944822,-51.115261,-757.455787,248912.389456
67909258.397692,-50.991329,-761.369660,271049.085132
67917297.850563,-50.839280,-760.694763,292250.344533
67925337.303434,-50.754956,-763.791387,312443.720198
67933376.756304,-50.739637,-762.728797,331560.208729
67941416.209175,-50.390081,-762.658481,349534.486598
67949455.662045,-50.362314,-765.889918,366305.133356
67957495.114916,-50.225514,-766.700937,381814.841517
67965534.567786,-50.221391,-766.286601,396010.612392
67973574.020657,-49.954644,-768.324614,408843.937182
67981613.473527,-50.179608,-770.496866,420270.962742
67989652.926398,-50.137448,-772.264215,430252.641443
67997692.379269,-50.013345,-774.033309,438754.864583
68005731.832139,-50.028042,-773.144803,445748.578962
68013771.285010,-49.951583,-775.407906,451209.886148
68021810.737880,-49.877866,-779.133815,455120.124139
68029850.190751,-49.760762,-777.573460,457465.931148
68037889.643621,-49.672448,-780.080146,458239.291241
68045929.096492,-49.992248,-780.734735,457437.561751
68053968.549363,-49.965503,-783.654238,455063.482291
68062008.002233,-49.882952,-782.947132,451125.165396
68070047.455104,-50.112182,-788.160745,445636.068813
68078086.907974,-50.060636,-784.893453,438614.949495
68086126.360845,-50.216075,-789.623152,430085.799524
68094165.813715,-50.149397,-792.518548,420077.764116
68102205.266586,-50.316657,-793.372444,408625.042030
68110244.719457,-50.484378,-792.992251,395766.768712
68118284.172327,-50.382653,-793.919717,381546.882551
68126323.625198,-50.611913,-795.645387,366013.974754
68134363.078068,-50.731578,-797.541627,349221.123289
68142402.530939,-50.956667,-796.179347,331225.711515
68150441.983809,-51.147973,-795.441642,312089.232100
68158481.436680,-51.070312,-802.233946,291877.076884
68166520.889551,-51.318327,-799.107783,270658.313434
68174560.342421,-51.391666,-802.537695,248505.449029
68182599.795292,-51.488536,-801.719922,225494.182890
68190639.248162,-51.716510,-802.130596,201703.147512
68198678.701033,-51.767505,-802.874953,177213.639959
68206718.153903,-51.926519,-803.845116,152109.344069
68214757.606774,-52.217112,-803.872172,126476.044490
68222797.059645,-52.243091,-803.147763,100401.333544
68230836.512515,-52.522393,-806.654408,73974.311916
68238875.965386,-52.623054,-804.906300,47285.284178
68246915.418256,-53.026562,-805.012842,20425.450215
68254954.871127,-53.154102,-807.211162,-6513.406423
68262994.323997,-53.263804,-805.943272,-33439.232154
68271033.776868,-53.386889,-805.381587,-60260.017927
68279073.229739,-53.683632,-805.973540,-86884.113622
68287112.682609,-53.718431,-805.837717,-113220.541238
68295152.135480,-53.952084,-803.618946,-139179.305771
68303191.588350,-54.200242,-805.257997,-164671.702744
68311231.041221,-54.161858,-802.473352,-189610.621315
68319270.494091,-54.350531,-804.221528,-213910.841952
68327309.946962,-54.392115,-801.930959,-237489.327637
68335349.399833,-54.533746,-802.095100,-260265.507613
68343388.852703,-54.847107,-802.571318,-282161.552707
68351428.305574,-55.093344,-801.379438,-303102.641283
68359467.758444,-55.141540,-801.017217,-323017.214913
68367507.211315,-55.111698,-798.442946,-341837.222905
68375546.664185,-55.356981,-799.170297,-359498.354842
68383586.117056,-55.371206,-796.851378,-375940.260335
68391625.569926,-55.616097,-795.358649,-391106.755253
68399665.022797,-55.651592,-796.878099,-404946.013707
68407704.475668,-55.700679,-792.853568,-417410.745148
68415743.928538,-55.834865,-790.042107,-428458.355967
68423783.381409,-55.810945,-790.930679,-438051.095037
68431822.834279,-55.933192,-791.515976,-446156.182722
68439862.287150,-55.968451,-785.451406,-452745.922881
68447901.740020,-56.073752,-787.290032,-457797.797512
68455941.192891,-56.018879,-786.190934,-461294.543702
68463980.645762,-55.936266,-784.720383,-463224.212617
68472020.098632,-55.965175,-784.209953,-463580.210323
68480059.551503,-56.039943,-780.912205,-462361.320332
68488099.004373,-55.931969,-782.238273,-459571.707748
68496138.457244,-55.926828,-778.062906,-455220.905041
68504177.910114,-55.961598,-779.676325,-449323.779473
68512217.362985,-55.843890,-777.141095,-441900.482286
68520256.815856,-55.839030,-775.298043,-432976.379856
68528296.268726,-55.835487,-774.426962,-422581.967002
68536335.721597,-55.751910,-774.747849,-410752.762787
68544375.174467,-55.556247,-777.540436,-397529.189142
68552414.627338,-55.492461,-773.867136,-382956.432740
68560454.080208,-55.563112,-771.572709,-367084.290587
68568493.533079,-55.351377,-772.175388,-349966.999861
68576532.985950,-55.346068,-767.775115,-331663.052572
68584572.438820,-55.158005,-769.948116,-312234.995693
68592611.891691,-54.950640,-769.239065,-291749.217424
68600651.344561,-54.931959,-767.773787,-270275.720337
68608690.797432,-54.764040,-766.393090,-247887.882167
68616730.250302,-54.664328,-764.320948,-224662.205074
68624769.703173,-54.545854,-765.966523,-200678.054221
68632809.156044,-54.198874,-765.201147,-176017.386574
68640848.608914,-54.152842,-762.920254,-150764.470847
68648888.061785,-53.952391,-762.632666,-125005.599541
68656927.514655,-53.669196,-764.217401,-98828.794074
68664966.967526,-53.542250,-764.788082,-72323.503999
68673006.420396,-53.609651,-762.668184,-45580.301343
68681045.873267,-53.359765,-764.863657,-18690.571114
68689085.326138,-53.101147,-764.847820,8253.800979
68697124.779008,-52.950035,-763.033094,35160.742508
68705164.231879,-52.866703,-765.207270,61938.308949
68713203.684749,-52.709086,-765.129858,88494.997870
68721243.137620,-52.410355,-763.065277,114740.061608
68729282.590490,-52.184819,-764.546706,140583.817362
68737322.043361,-52.312871,-766.210833,165937.953651
68745361.496232,-52.072469,-768.822627,190715.832093
68753400.949102,-51.957546,-767.583084,214832.783447
68761440.401973,-51.894639,-768.582571,238206.396952
68769479.854843,-51.637665,-768.374340,260756.801927
68777519.307714,-51.530208,-771.331053,282406.940699
68785558.760584,-51.494424,-771.354202,303082.831927
68793598.213455,-51.169544,-773.395813,322713.823396
68801637.666325,-51.193683,-772.606692,341232.833453
68809677.119196,-50.948939,-774.180922,358576.580230
68817716.572067,-51.037712,-775.427571,374685.797882
68825756.024937,-50.872356,-777.953845,389505.439119
68833795.477808,-50.699220,-780.116148,402984.863293
68841834.930678,-50.677408,-779.478507,415078.009458
68849874.383549,-50.901528,-783.817388,425743.553760
68857913.836419,-50.720804,-783.309347,434945.050642
68865953.289290,-50.609186,-781.437758,442651.057395
68873992.742161,-50.681313,-786.713626,448835.241585
68882032.195031,-50.598391,-787.146827,453476.471053
68890071.647902,-50.607388,-789.125112,456558.886115
68898111.100772,-50.488361,-791.932437,458071.953752
68906150.553643,-50.558953,-791.264145,458010.503620
68914190.006513,-50.736325,-791.270487,456374.745700
68922229.459384,-50.556126,-792.493146,453170.269588
68930268.912255,-50.648758,-795.089131,448408.025401
68938308.365125,-50.659288,-797.520950,442104.286342
68946347.817996,-50.849282,-798.202577,434280.593112
68954387.270866,-50.883890,-801.747795,424963.680289
68962426.723737,-51.002826,-798.871138,414185.384975
68970466.176607,-50.939302,-802.949201,401982.538014
68978505.629478,-51.206107,-801.461485,388396.838116
68986545.082349,-51.195760,-806.295724,373474.709393
68994584.535219,-51.551119,-805.926010,357267.142700
69002623.988090,-51.385063,-806.873821,339829.521402
69010663.440960,-51.536309,-809.055738,321221.432123
69018702.893831,-51.666764,-811.311713,301506.461126
69026742.346701,-51.805930,-809.009473,280751.977037
69034781.799572,-51.902812,-813.236045,259028.900629
69042821.252443,-52.192771,-812.075398,236411.462482
69050860.705313,-52.252188,-812.706675,212976.949330
69058900.158184,-52.535499,-813.855781,188805.439954
69066939.611054,-52.578984,-813.383776,163979.531552
69074979.063925,-52.810104,-814.553115,138584.057484
69083018.516795,-52.875225,-812.929002,112705.797391
69091057.969666,-53.205240,-813.977415,86433.180661
69099097.422537,-53.412535,-816.126540,59855.984245
69107136.875407,-53.654249,-814.000039,33065.025884
69115176.328278,-53.619943,-812.973983,6151.853772
69123215.781148,-53.788649,-813.271983,-20791.566278
69131255.234019,-54.035267,-813.403183,-47673.165089
69139294.686889,-54.320177,-813.939666,-74401.084738
69147334.139760,-54.338111,-812.108311,-100883.992443
69155373.592631,-54.641920,-815.144044,-127031.392660
69163413.045501,-54.669476,-813.410129,-152753.936317
69171452.498372,-54.832656,-813.533214,-177963.726133
69179491.951242,-54.967476,-812.303490,-202574.616972
69187531.404113,-55.177146,-813.255359,-226502.510215
69195570.856983,-55.283999,-813.485377,-249665.641137
69203610.309854,-55.332251,-813.510674,-271984.858300
69211649.762724,-55.588062,-810.304672,-293383.894035
69219689.215595,-55.644048,-807.268127,-313789.625049
69227728.668466,-55.721144,-809.843113,-333132.322301
69235768.121336,-55.939789,-808.274146,-351345.889277
69243807.574207,-56.129673,-806.794801,-368368.087845
69251847.027077,-56.128170,-802.395711,-384140.750939
69259886.479948,-56.258015,-805.607340,-398609.981312
69267925.932818,-56.361474,-807.208805,-411726.335720
69275965.385689,-56.575953,-802.020077,-423444.993873
69284004.838560,-56.410737,-800.303948,-433725.911589
69292044.291430,-56.573435,-802.030271,-442533.957634
69300083.744301,-56.534225,-798.310856,-449839.033768
69308123.197171,-56.639702,-800.145203,-455616.177593
69316162.650042,-56.832523,-796.091516,-459845.647858
69324202.102912,-56.830445,-793.894943,-462512.991910
69332241.555783,-56.716317,-795.875289,-463609.095090
69340281.008654,-56.662357,-793.078314,-463130.211869
69348320.461524,-56.719252,-791.953470,-461077.978652
69356359.914395,-56.611545,-789.613536,-457459.408190
69364399.367265,-56.613738,-788.666182,-452286.865607
69372438.820136,-56.743751,-789.276566,-445578.026157
69380478.273006,-56.524993,-784.993178,-437355.814816
69388517.725877,-56.457450,-783.567033,-427648.327952
69396557.178748,-56.263406,-784.843602,-416488.737311
69404596.631618,-56.468119,-784.006306,-403915.176669
69412636.084489,-56.277213,-781.394978,-389970.611518
69420675.537359,-56.138468,-780.052309,-374702.692255
69428714.990230,-56.117572,-778.505534,-358163.591347
69436754.443100,-55.968964,-778.703323,-340409.825057
69444793.895971,-55.959972,-777.506290,-321502.060316
69452833.348842,-55.623736,-778.947257,-301504.907417
69460872.801712,-55.702276,-778.321543,-280486.699237
69468912.254583,-55.344095,-775.967290,-258519.257731
69476951.707453,-55.202241,-776.307478,-235677.648506
69484991.160324,-55.165860,-774.278407,-212039.924317
69493030.613194,-55.076697,-773.878960,-187686.858344
69501070.066065,-54.835422,-775.887576,-162701.668186
69509109.518936,-54.745101,-773.619870,-137169.731491
69517148.971806,-54.511760,-774.717337,-111178.294212
69525188.424677,-54.507192,-774.198952,-84816.172475
69533227.877547,-54.346237,-773.313544,-58173.449082
69541267.330418,-54.041016,-773.917455,-31341.165690
69549306.783288,-53.866948,-773.665047,-4411.011705
69557346.236159,-53.869709,-772.598775,22524.989030
69565385.689029,-53.453189,-772.481477,49374.792692
69573425.141900,-53.317990,-775.106208,76046.650006
69581464.594771,-53.122400,-773.789754,102449.419762
69589504.047641,-53.048769,-775.596380,128492.880258
69597543.500512,-52.988915,-776.032069,154088.037596
69605582.953382,-52.824539,-774.108311,179147.429793
69613622.406253,-52.618584,-780.142979,203585.425640
69621661.859123,-52.398824,-776.585695,227318.517323
69629701.311994,-52.400933,-780.383990,250265.605779
69637740.764865,-52.150217,-779.061215,272348.277816
69645780.217735,-52.293549,-781.150995,293491.074070
69653819.670606,-51.858034,-781.452971,313621.746850
69661859.123476,-51.876266,-783.501022,332671.507028
69669898.576347,-51.707532,-785.029792,350575.259093
69677938.029217,-51.580547,-786.707238,367271.823590
69685977.482088,-51.624768,-786.866745,382704.146187
69694016.934959,-51.527792,-788.087727,396819.492624
69702056.387829,-51.370594,-788.414236,409569.628928
69710095.840700,-51.389470,-789.788272,420910.986222
69718135.293570,-51.337918,-793.388217,430804.809608
69726174.746441,-51.284659,-793.153308,439217.290608
69734214.199311,-51.479941,-794.198101,446119.682674
69742253.652182,-51.168866,-796.658788,451488.399437
69750293.105053,-51.303416,-797.026302,455305.095292
69758332.557923,-51.147385,-799.772414,457556.728089
69766372.010794,-51.157616,-799.147965,458235.603712
69774411.463664,-51.336162,-799.945635,457339.402347
69782450.916535,-51.300964,-802.689897,454871.186436
69790490.369405,-51.159393,-803.929514,450839.390194
69798529.822276,-51.352737,-807.712954,445257.790790
69806569.275147,-51.458592,-808.343499,438145.461281
69814608.728017,-51.417432,-808.721975,429526.705418
69822648.180888,-51.746312,-810.957480,419430.974616
69830687.633758,-51.620695,-810.650002,407892.767302
69838727.086629,-51.777584,-812.713720,394951.511030
69846766.539499,-51.825623,-812.519047,380651.427761
69854805.992370,-51.943716,-817.038292,365041.382740
69862845.445241,-51.953625,-816.957484,348174.717523
69870884.898111,-52.199078,-817.821458,330109.067705
69878924.350982,-52.335582,-814.851663,310906.165960
69886963.803852,-52.377502,-819.397426,290631.631107
69895003.256723,-52.495359,-819.576985,269354.743870
69903042.709593,-52.673691,-822.312694,247148.210144
69911082.162464,-52.902554,-820.977179,224087.912548
69919121.615335,-53.170916,-821.385960,200252.651120
69927161.068205,-53.235294,-821.389867,175723.874054
69935200.521076,-53.503227,-826.260152,150585.399374
69943239.973946,-53.565930,-821.994977,124923.128522
69951279.426817,-53.638583,-824.568694,98824.752821
69959318.879687,-54.007816,-822.649802,72379.453817
69967358.332558,-54.106511,-826.741623,45677.598542
69975397.785428,-54.373981,-824.010129,18810.430714
69983437.238299,-54.534016,-823.305138,-8130.241058
69991476.691170,-54.584281,-823.261245,-35052.356989
69999516.144040,-54.920900,-823.499767,-61863.920703
70007555.596911,-55.039290,-826.747378,-88473.313595
70015595.049781,-55.050073,-827.711489,-114789.607905
70023634.502652,-55.313648,-825.470009,-140722.877427
70031673.955522,-55.517823,-825.504263,-166184.504803
70039713.408393,-55.674522,-823.391411,-191087.484335
70047752.861264,-55.717701,-823.733492,-215346.719301
70055792.314134,-55.946052,-821.078052,-238879.312734
70063831.767005,-56.201039,-820.816867,-261604.850699
70071871.219875,-56.120378,-821.837330,-283445.677072
70079910.672746,-56.316859,-820.917044,-304327.158906
70087950.125616,-56.502842,-820.442511,-324177.941458
70095989.578487,-56.634690,-819.832740,-342930.192019
70104029.031358,-56.790575,-815.972507,-360519.831706
70112068.484228,-56.715735,-816.118505,-376886.754430
70120107.937099,-56.999473,-812.928868,-391975.032286
70128147.389969,-57.007994,-813.500945,-405733.106661
70136186.842840,-57.141298,-811.780171,-418113.964426
70144226.295710,-57.061586,-811.118140,-429075.298575
70152265.748581,-57.221583,-810.443607,-438579.652804
70160305.201452,-57.148142,-810.031709,-446594.549495
70168344.654322,-57.243096,-809.217196,-453092.600704
70176384.107193,-57.377054,-807.149255,-458051.601744
70184423.560063,-57.392192,-806.761131,-461454.607059
70192463.012934,-57.374509,-806.039754,-463289.988140
70200502.465804,-57.209580,-805.385424,-463551.473252
70208541.918675,-57.474116,-804.077482,-462238.168863
70216581.371546,-57.423357,-799.165542,-459354.562707
70224620.824416,-57.268688,-799.729303,-454910.508441
70232660.277287,-57.350984,-799.135185,-448921.191977
70240699.730157,-57.181119,-798.563075,-441407.079591
70248739.183028,-57.101057,-796.739426,-432393.847982
70256778.635898,-57.235862,-795.868857,-421912.296537
70264818.088769,-57.076629,-793.379428,-409998.242080
70272857.541640,-57.097986,-792.511770,-396692.396489
70280896.994510,-56.873011,-792.277790,-382040.227573
70288936.447381,-56.764094,-789.901568,-366091.803696
70296975.900251,-56.501067,-790.972662,-348901.622704
70305015.353122,-56.542656,-789.172909,-330528.425682
70313054.805992,-56.411340,-787.139136,-311034.996237
70321094.258863,-56.359970,-786.994189,-290487.945956
70329133.711734,-56.225219,-786.298737,-268957.486786
70337173.164604,-55.883524,-785.767049,-246517.191109
70345212.617475,-55.904727,-785.714400,-223243.740340
70353252.070345,-55.762728,-785.182994,-199216.662888
70361291.523216,-55.718068,-786.026436,-174518.062408
70369330.976086,-55.403202,-784.809202,-149232.337232
70377370.428957,-55.428066,-784.735713,-123445.891978
70385409.881827,-55.150657,-786.267855,-97246.842287
70393449.334698,-55.032263,-785.070047,-70724.713723
70401488.787569,-54.873663,-782.537096,-43970.135854
70409528.240439,-54.573978,-785.428130,-17074.532555
70417567.693310,-54.528914,-782.354499,9870.190392
70425607.146180,-54.326699,-783.273883,36771.959363
70433646.599051,-54.087344,-781.541346,63538.847507
70441686.051921,-54.216981,-785.424239,90079.388884
70449725.504792,-53.890557,-786.273389,116302.891007
70457764.957663,-53.819902,-784.559340,142119.744753
70465804.410533,-53.390175,-784.688586,167441.730573
70473843.863404,-53.269911,-785.674873,192182.319941
70481883.316274,-53.219248,-787.908724,216256.971044
70489922.769145,-53.011044,-785.998379,239583.417662
70497962.222015,-52.926116,-789.299641,262081.950290
70506001.674886,-52.944373,-789.082055,283675.688513
70514041.127757,-52.826768,-789.858994,304290.843713
70522080.580627,-52.518859,-791.543338,323856.971223
70530120.033498,-52.409998,-794.489083,342307.211033
70538159.486368,-52.513521,-792.561020,359578.516276
70546198.939239,-52.371259,-795.821117,375611.868651
70554238.392109,-52.112283,-798.204729,390352.480102
70562277.844980,-52.150146,-798.308902,403749.980042
70570317.297851,-52.162089,-799.513003,415758.587473
70578356.750721,-51.986418,-800.760466,426337.267412
70586396.203592,-52.000510,-803.049100,435449.871137
70594435.656462,-52.122272,-803.996377,443065.259694
70602475.109333,-51.915839,-804.692084,449157.410307
70610514.562203,-51.902417,-804.878697,453705.505305
70618554.015074,-51.825814,-804.241367,456694.003255
70626593.467945,-51.957065,-807.418249,458112.692072
70634632.920815,-51.875063,-808.791526,457956.723907
70642672.373686,-52.004999,-813.567762,456226.631726
70650711.826556,-51.923047,-812.006336,452928.327483
70658751.279427,-51.821515,-816.516781,448073.081907
70666790.732297,-51.972637,-816.818234,441677.486008
70674830.185168,-52.201312,-817.967123,433763.394369
70682869.638039,-52.128930,-819.518808,424357.850472
70690909.090909,-52.314198,-820.610001,413492.994285
70698948.543780,-52.365338,-821.560768,401205.952437
70706987.996650,-52.387508,-822.184026,387538.711351
70715027.449521,-52.664975,-825.636186,372537.973767
70723066.902391,-52.772023,-824.115563,356254.999161
70731106.355262,-52.781528,-827.777314,338745.428578
70739145.808132,-52.986807,-826.592082,320069.094499
70747185.261003,-53.109765,-828.716503,300289.816391
70755224.713874,-53.179021,-830.461012,279475.182623
70763264.166744,-53.313279,-830.749876,257696.319509
70771303.619615,-53.444316,-829.402610,235027.648260
70779343.072485,-53.718129,-833.519393,211546.630679
70787382.525356,-53.914645,-834.975783,187333.504460
70795421.978226,-54.028682,-834.094889,162471.009009
70803461.431097,-54.130185,-834.272393,137044.102709
70811500.883968,-54.420309,-835.680027,111139.672613
70819540.336838,-54.445739,-834.950339,84846.237530
70827579.789709,-54.616826,-832.523545,58253.645553
70835619.242579,-54.728828,-834.724946,31452.767031
70843658.695450,-55.008739,-836.871993,4535.184056
70851698.148320,-55.159779,-835.843695,-22407.122484
70859737.601191,-55.303304,-835.546762,-49282.087221
70867777.054062,-55.549577,-835.684822,-75997.874900
70875816.506932,-55.654105,-835.696599,-102463.194194
70883855.959803,-56.089407,-835.083434,-128587.609662
70891895.412673,-56.171200,-835.707453,-154281.850775
70899934.865544,-56.052836,-830.279234,-179458.116962
70907974.318414,-56.549794,-833.445460,-204030.377645
70916013.771285,-56.558722,-829.804799,-227914.666210
70924053.224156,-56.698068,-832.226359,-251029.366930
70932092.677026,-56.978746,-830.769073,-273295.493865
70940132.129897,-56.981692,-830.534530,-294636.960758
70948171.582767,-57.037998,-830.388680,-314980.841038
70956211.035638,-57.113904,-829.087792,-334257.617017
70964250.488508,-57.483175,-827.540412,-352401.417439
70972289.941379,-57.264816,-826.485847,-369350.242580
70980329.394250,-57.543326,-827.620833,-385046.176092
70988368.847120,-57.671715,-824.678492,-399435.582928
70996408.299991,-57.805137,-821.814578,-412469.292614
71004447.752861,-57.718190,-823.072876,-424102.767262
71012487.205732,-57.936568,-818.386708,-434296.253776
71020526.658602,-57.781844,-822.154981,-443014.919686
71028566.111473,-58.017870,-819.131806,-450228.972174
71036605.564344,-57.826483,-818.982348,-455913.759884
71044645.017214,-58.176062,-816.157194,-460049.857154
71052684.470085,-58.013219,-814.538928,-462623.130405
71060723.922955,-58.120285,-812.891011,-463624.786424
71068763.375826,-57.875446,-811.141888,-463051.402421
71076802.828696,-57.994924,-809.808099,-460904.937729
71084842.281567,-57.949551,-810.446443,-457192.727091
71092881.734438,-58.047060,-807.684258,-451927.455619
71100921.187308,-57.932569,-807.078573,-445127.115428
71108960.640179,-58.042965,-807.222374,-436814.944169
71117000.093049,-57.808154,-804.525908,-427019.345612
71125039.545920,-57.828729,-802.218691,-415773.792591
71133078.998790,-57.781500,-801.717093,-403116.712629
71141118.451661,-57.553274,-800.800011,-389091.356615
71149157.904531,-57.478839,-802.199644,-373745.651015
71157197.357402,-57.461085,-798.965182,-357132.034108
71165236.810273,-57.310764,-798.132099,-339307.276781
71173276.263143,-57.197955,-797.941699,-320332.288555
71181315.716014,-57.092240,-799.002649,-300271.909435
71189355.168884,-56.882618,-796.507268,-279194.688348
71197394.621755,-56.629731,-796.009415,-257172.648904
71205434.074625,-56.574168,-795.285972,-234281.043278
71213473.527496,-56.554778,-792.716993,-210598.095071
71221512.980367,-56.210045,-791.666794,-186204.731998
71229552.433237,-56.192770,-795.237351,-161184.309358
71237591.886108,-56.036567,-795.297742,-135622.325195
71245631.338978,-55.922025,-794.410350,-109606.128136
71253670.791849,-55.807755,-792.083958,-83224.618916
71261710.244719,-55.454080,-794.473663,-56567.946585
71269749.697590,-55.172795,-795.087285,-29727.200467
71277789.150461,-55.145532,-793.259608,-2794.098885
71285828.603331,-55.004300,-794.901258,24139.324246
71293868.056202,-54.769889,-792.248162,50981.033910
71301907.509072,-54.631881,-794.498653,77639.308491
71309946.961943,-54.637478,-793.525941,104023.053192
71317986.414813,-54.459708,-796.020489,130042.111322
71326025.867684,-54.238499,-794.558292,155607.572371
71334065.320555,-54.136097,-799.203501,180632.075829
71342104.773425,-53.939786,-797.835673,205030.109710
71350144.226296,-53.894467,-798.150558,228718.302753
71358183.679166,-53.717401,-799.702316,251615.709319
71366223.132037,-53.586487,-799.643298,273644.085987
71374262.584907,-53.307964,-801.190854,294728.158926
71382302.037778,-53.265237,-801.629391,314795.881114
71390341.490649,-53.427805,-802.777295,333778.678526
71398380.943519,-52.988632,-803.998259,351611.684478
71406420.396390,-53.113041,-805.861233,368233.961263
71414459.849260,-52.979021,-806.317586,383588.708395
71422499.302131,-52.917610,-806.671149,397623.456705
71430538.755001,-52.734787,-809.079632,410290.247632
71438578.207872,-52.830570,-809.997456,421545.797099
71446617.660743,-52.631985,-812.965982,431351.643429
71454657.113613,-52.522310,-811.513275,439674.278768
71462696.566484,-52.555067,-813.436731,446485.263589
71470736.019354,-52.633506,-811.627236,451761.323865
71478775.472225,-52.614530,-818.367381,455484.430616
71486814.925095,-52.519168,-820.062567,457641.861500
71494854.377966,-52.640386,-818.734160,458226.244293
71502893.830837,-52.707649,-821.659108,457235.582083
71510933.283707,-52.583510,-826.230601,454673.260096
71518972.736578,-52.530572,-824.000898,450548.034114
71527012.189448,-52.739860,-828.645340,444874.000575
71535051.642319,-52.704939,-824.071118,437670.548390
71543091.095189,-52.850106,-829.874804,428962.292693
71551130.548060,-53.099700,-829.589617,418778.990727
71559170.000930,-52.976534,-829.179028,407155.440162
71567209.453801,-53.203139,-833.424438,394131.360184
71575248.906672,-53.241644,-833.549390,379751.255769
71583288.359542,-53.438122,-834.937904,364064.265607
71591327.812413,-53.456518,-834.666748,347123.994189
71599367.265283,-53.513487,-834.999820,328988.328624
71607406.718154,-53.734016,-839.837973,309719.240847
71615446.171024,-53.954304,-837.870173,289382.575837
71623485.623895,-53.842444,-838.873428,268047.826629
71631525.076766,-54.151383,-843.279799,245787.896838
71639564.529636,-54.226638,-841.530901,222678.851544
71647603.982507,-54.396245,-844.368415,198799.657364
71655643.435377,-54.642258,-843.447235,174231.912614
71663682.888248,-54.655325,-843.877119,149059.568477
71671722.341118,-54.910265,-843.634594,123368.642131
71679761.793989,-55.107679,-845.572110,97246.922818
71687801.246860,-55.305034,-844.447254,70783.671853
71695840.699730,-55.373806,-845.546243,44069.317612
71703880.152601,-55.545176,-846.285597,17195.146523
71711919.605471,-55.708465,-845.944081,-9747.008874
71719959.058342,-55.975823,-843.692615,-36665.083723
71727998.511212,-56.304870,-845.211431,-63467.095458
71736037.964083,-56.224149,-843.373471,-90061.458114
71744077.416954,-56.555592,-844.423845,-116357.295291
71752116.869824,-56.723092,-842.931188,-142264.750689
71760156.322695,-56.788499,-842.891463,-167695.295159
71768195.775565,-56.878932,-843.792175,-192562.029217
71776235.228436,-57.284164,-841.638263,-216779.979998
71784274.681306,-57.165880,-840.894535,-240266.391607
71792314.134177,-57.349512,-839.799950,-262941.007918
71800353.587048,-57.600246,-841.257093,-284726.346815
71808393.039918,-57.579609,-839.897689,-305547.964958
71816432.492789,-57.747273,-839.964044,-325334.712166
71824471.945659,-58.045028,-840.029169,-344018.974544
71832511.398530,-58.032883,-836.169314,-361536.905540
71840550.851400,-58.225509,-835.760339,-377828.644097
71848590.304271,-58.217221,-834.314708,-392838.519226
71856629.757142,-58.462271,-836.069979,-406515.240230
71864669.210012,-58.411101,-833.626708,-418812.071967
71872708.662883,-58.572092,-828.730170,-429686.994567
71880748.115753,-58.648812,-830.652938,-439102.847001
71888787.568624,-58.596609,-826.899154,-447027.454075
71896827.021494,-58.617273,-826.418342,-453433.736375
71904866.474365,-58.687940,-827.636853,-458299.802798
71912905.927236,-58.687688,-826.159710,-461609.025367
71920945.380106,-58.786512,-823.485380,-463350.096031
71928984.832977,-58.808946,-821.629464,-463517.065328
71937024.285847,-58.778991,-823.554851,-462109.362704
71945063.738718,-58.799400,-820.720289,-459131.798458
71953103.191588,-58.555892,-819.040175,-454594.547317
71961142.644459,-58.727284,-818.759691,-448513.113659
71969182.097329,-58.626166,-816.786323,-440908.278534
71977221.550200,-58.489612,-815.444449,-431806.028656
71985261.003071,-58.408966,-813.753473,-421237.467594
71993300.455941,-58.415898,-811.006214,-409238.709503
72001339.908812,-58.193602,-814.364610,-395850.755699
72009379.361682,-58.279178,-812.023246,-381119.354562
72017418.814553,-58.258388,-810.266394,-365094.845212
72025458.267423,-57.977686,-809.508865,-347831.985480
72033497.720294,-57.856334,-808.200738,-329389.764809
72041537.173165,-57.718799,-805.906082,-309831.202668
72049576.626035,-57.671952,-806.180179,-289223.133211
72057616.078906,-57.581362,-808.554921,-267635.976894
72065655.531776,-57.546333,-805.555057,-245143.499842
72073694.984647,-57.145771,-805.680267,-221822.561779
72081734.437517,-57.106551,-802.866830,-197752.853386
72089773.890388,-56.956654,-803.988045,-173016.623991
72097813.343259,-56.855086,-803.732004,-147698.400514
72105852.796129,-56.548996,-804.007233,-121884.698618
72113892.249000,-56.472778,-803.478155,-95663.727086
72121931.701870,-56.451339,-803.155356,-69125.086392
72129971.154741,-56.288356,-803.620633,-42359.462528
72138010.607611,-55.935771,-804.055581,-15458.317116
72146050.060482,-55.780335,-804.852955,11486.425128
72154089.513353,-55.568779,-803.257365,38382.690509
72162128.966223,-55.470964,-801.930527,65138.570987
72170168.419094,-55.518437,-804.658488,91662.638233
72178207.871964,-54.995550,-805.971094,117864.256056
72186247.324835,-54.861517,-804.574551,143653.890115
72194286.777705,-54.730001,-807.222755,168943.413872
72202326.230576,-54.682199,-808.346958,193646.409732
72210365.683447,-54.672006,-805.058596,217678.464340
72218405.136317,-54.472874,-809.380194,240957.457035
72226444.589188,-54.419429,-808.875315,263403.840470
72234484.042058,-54.182050,-809.289202,284940.912427
72242523.494929,-54.157775,-809.227435,305495.077929
72250562.947799,-53.937630,-811.238782,324996.100712
72258602.400670,-53.797631,-814.232455,343377.343245
72266641.853541,-53.643997,-813.741250,360575.994429
72274681.306411,-53.501742,-814.887195,376533.284229
72282720.759282,-53.469998,-817.988105,391194.684511
72290760.212152,-53.392801,-817.302538,404510.095361
72298799.665023,-53.300887,-819.589813,416434.016285
72306839.117893,-53.618250,-821.253043,426925.701692
72314878.570764,-53.214632,-821.355414,435949.300128
72322918.023635,-53.159389,-821.120699,443473.976782
72330957.476505,-53.231853,-824.224500,449474.018850
72338996.929376,-53.182460,-827.145854,453928.923414
72347036.382246,-53.125143,-827.316411,456823.467481
72355075.835117,-53.230038,-827.364613,458147.760014
72363115.287987,-53.183325,-831.184876,457897.275738
72371154.740858,-53.219052,-832.813473,456072.870589
72379194.193728,-53.173876,-832.961821,452680.778795
72387233.646599,-53.323395,-833.952671,447732.591578
72395273.099470,-53.462939,-835.820795,441245.217537
72403312.552340,-53.531513,-840.512916,433240.824874
72411352.005211,-53.413983,-839.695834,423746.765639
72419391.458081,-53.543642,-839.393512,412795.482273
72427430.910952,-53.717403,-844.412512,400424.396735
72435470.363822,-53.727415,-841.707670,386675.782634
72443509.816693,-53.754546,-842.959559,371596.620777
72451549.269564,-53.982108,-846.397455,355238.438625
72459588.722434,-53.976809,-844.796766,337657.134212
72467628.175305,-54.348630,-848.957640,318912.785149
72475667.628175,-54.415299,-845.429412,299069.443317
72483707.081046,-54.597514,-850.388429,278194.915997
72491746.533916,-54.809749,-847.387943,256360.534170
72499785.986787,-54.943894,-854.666735,233640.908761
72507825.439658,-55.079333,-851.507803,210113.675689
72515864.892528,-55.337359,-852.786950,185859.230572
72523904.345399,-55.412226,-852.524221,160960.454009
72531943.798269,-55.480482,-852.069772,135502.428362
72539983.251140,-55.722348,-852.891524,109572.147019
72548022.704010,-55.852229,-855.414112,83258.217129
72556062.156881,-56.043796,-854.575625,56650.556816
72564101.609752,-56.162581,-854.015058,29840.087923
72572141.062622,-56.502237,-855.953800,2918.425311
72580180.515493,-56.601361,-856.629834,-24022.436192
72588219.968363,-56.644664,-855.300803,-50890.436154
72596259.421234,-57.022485,-853.370592,-77593.763119
72604298.874104,-57.050508,-854.870441,-104041.168343
72612338.326975,-57.070275,-854.582839,-130142.277597
72620377.779846,-57.499635,-853.132020,-155807.899992
72628417.232716,-57.589203,-854.049177,-180950.332754
72636456.685587,-57.627927,-853.179198,-205483.660916
72644496.138457,-57.951030,-851.643253,-229324.050901
72652535.591328,-58.022632,-851.987843,-252390.036991
72660575.044198,-58.297583,-851.421206,-274602.799708
72668614.497069,-58.334783,-850.720084,-295886.435149
72676653.949940,-58.434444,-849.205666,-316168.214362
72684693.402810,-58.531433,-847.091876,-335378.831861
72692732.855681,-58.783570,-846.890473,-353452.642471
72700772.308551,-58.836283,-847.601535,-370327.885622
72708811.761422,-58.837857,-844.830552,-385946.896413
72716851.214292,-58.880858,-845.009479,-400256.302652
72724890.667163,-59.064660,-843.071506,-413207.207229
72732930.120034,-59.135146,-840.489261,-424755.355222
72740969.572904,-59.054135,-840.012151,-434861.285100
72749009.025775,-59.267655,-840.455812,-443490.463591
72757048.478645,-59.382712,-838.636669,-450613.403664
72765087.931516,-59.316122,-835.989138,-456205.765304
72773127.384386,-59.272192,-836.374684,-460248.438689
72781166.837257,-59.396242,-834.356702,-462727.609470
72789206.290127,-59.175491,-831.485220,-463634.806002
72797245.742998,-59.248481,-833.293400,-462966.928278
72805285.195869,-59.407800,-829.985020,-460726.258518
72813324.648739,-59.364660,-829.453036,-456920.453387
72821364.101610,-59.352022,-829.717062,-451562.517813
72829403.554480,-59.210768,-826.868594,-444670.760563
72837443.007351,-59.281025,-826.071474,-436268.731668
72845482.460221,-59.040366,-824.400329,-426385.141952
72853521.913092,-59.099575,-821.647387,-415053.764933
72861561.365963,-58.940995,-823.119611,-402313.321398
72869600.818833,-59.006706,-822.422807,-388207.347103
72877640.271704,-58.866622,-820.156466,-372784.044001
72885679.724574,-58.700370,-817.719429,-356096.115524
72893719.177445,-58.477435,-820.540481,-338200.586499
72901758.630315,-58.585857,-816.941431,-319158.608279
72909798.083186,-58.406542,-819.015768,-299035.249783
72917837.536057,-58.212326,-815.150101,-277899.275147
72925876.988927,-58.120204,-816.478529,-255822.908749
72933916.441798,-57.867828,-815.023855,-232881.588409
72941955.894668,-57.869981,-816.393985,-209153.707606
72949995.347539,-57.756211,-811.820971,-184720.347596
72958034.800409,-57.475556,-814.335497,-159665.000357
72966074.253280,-57.148130,-812.037398,-134073.283269
72974113.706151,-57.303847,-812.780461,-108032.646564
72982153.159021,-57.083066,-815.008858,-81632.074488
72990192.611892,-56.813133,-812.542846,-54961.781235
72998232.064762,-56.658527,-814.241450,-28112.902670
73006271.517633,-56.550293,-813.742062,-1177.184906
73014310.970503,-56.320728,-812.486284,25753.329200
73022350.423374,-56.285969,-812.398677,52586.614574
73030389.876245,-56.075202,-814.146303,79230.978387
73038429.329115,-56.040075,-813.745304,105595.373377
73046468.781986,-55.654394,-813.403902,131589.708973
73054508.234856,-55.556353,-813.845440,157125.159146
73062547.687727,-55.504327,-816.173415,182114.465936
73070587.140597,-55.219233,-816.554133,206472.237628
73078626.593468,-55.222720,-819.835976,230115.240544
73086666.046339,-55.117967,-817.403234,252962.683463
73094705.499209,-55.055223,-818.994367,274936.493700
73102744.952080,-54.858267,-821.390091,295961.583883
73110784.404950,-54.663858,-823.916915,315966.108538
73118823.857821,-54.467311,-819.792586,334881.709601
73126863.310691,-54.471854,-823.884151,352643.750002
73134902.763562,-54.390637,-826.035384,369191.534532
73142942.216432,-54.225662,-828.229326,384468.517259
73150981.669303,-54.263070,-827.557546,398422.494742
73159021.122174,-54.287018,-828.369694,411005.784423
73167060.575044,-54.076791,-828.122236,422175.387564
73175100.027915,-54.212883,-832.416904,431893.136174
73183139.480785,-54.111136,-832.038881,440125.823444
73191178.933656,-53.877341,-835.623622,446845.317205
73199218.386526,-54.066537,-834.906142,452028.656073
73207257.839397,-53.808584,-836.933013,455658.127909
73215297.292268,-54.057570,-838.007848,457721.330328
73223336.745138,-54.080865,-839.712322,458211.213103
73231376.198009,-53.936964,-840.961192,457126.102240
73239415.650879,-53.995896,-842.086401,454469.705703
73247455.103750,-54.008986,-845.393768,450251.100746
73255494.556620,-54.050673,-846.438827,444484.702891
73263534.009491,-54.120653,-848.835587,437190.216671
73271573.462362,-54.272771,-849.232925,428392.568294
73279612.915232,-54.294077,-846.873445,418121.820470
73287652.368103,-54.357400,-852.385397,406413.069687
73295691.820973,-54.445043,-852.406836,393306.326264
73303731.273844,-54.486022,-853.971005,378846.377654
73311770.726714,-54.597349,-855.640868,363082.635383
73319810.179585,-54.736917,-855.597978,346068.966213
73327849.632456,-54.883311,-857.121696,327863.508066
73335889.085326,-55.196159,-856.632730,308528.471364
73343928.538197,-55.098417,-859.293343,288129.926445
73351967.991067,-55.375431,-862.896009,266737.577792
73360007.443938,-55.473787,-861.875181,244424.525848
73368046.896808,-55.437875,-860.714784,221267.017218
73376086.349679,-55.795589,-859.130382,197344.184122
73384125.802550,-55.868397,-862.720638,172737.773998
73392165.255420,-56.095373,-861.757132,147531.870154
73400204.708291,-56.258585,-861.914735,121812.604445
73408244.161161,-56.410714,-863.438485,95667.862952
73416283.614032,-56.560506,-866.269811,69186.985661
73424323.066902,-56.631675,-865.316502,42460.461178
73432362.519773,-56.919967,-864.992108,15579.617519
73440401.972644,-57.130908,-865.967211,-11363.689974
73448441.425514,-57.333676,-863.246143,-38277.392511
73456480.878385,-57.536582,-866.930854,-65069.522464
73464520.331255,-57.720772,-863.999223,-91648.527636
73472559.784126,-57.850422,-866.470617,-117923.584107
73480599.236996,-57.959119,-862.797437,-143804.906584
73488638.689867,-58.158669,-861.894493,-169204.055221
73496678.142738,-58.359683,-864.470240,-194034.237817
73504717.595608,-58.507763,-862.531242,-218210.606406
73512757.048479,-58.762176,-861.296476,-241650.547188
73520796.501349,-58.714229,-860.537421,-264273.962830
73528835.954220,-58.876297,-859.692027,-286003.546180
73536875.407090,-58.915668,-858.747248,-306765.044417
73544914.859961,-59.250490,-858.456512,-326487.512799
73552954.312831,-59.243165,-858.812721,-345103.557087
73560993.765702,-59.402943,-857.141295,-362549.563827
73569033.218573,-59.408991,-856.679437,-378765.917746
73577072.671443,-59.614600,-853.378335,-393697.205450
73585112.124314,-59.577160,-854.020541,-407292.404785
73593151.577184,-59.917837,-853.332228,-419505.059184
73601191.030055,-59.821448,-850.079918,-430293.436414
73609230.482925,-59.927057,-850.373792,-439620.671191
73617269.935796,-60.102554,-851.031308,-447454.891134
73625309.388667,-59.988836,-846.767938,-453769.325693
73633348.841537,-60.096152,-846.292343,-458542.397628
73641388.294408,-60.036752,-845.151074,-461757.796724
73649427.747278,-60.037352,-843.282010,-463404.535548
73657467.200149,-60.151441,-843.643792,-463476.986979
73665506.653019,-60.037402,-841.578456,-461974.903438
73673546.105890,-60.018369,-838.782902,-458903.417743
73681585.558761,-60.025512,-838.935363,-454273.025557
73689625.011631,-59.876787,-836.063891,-448099.549538
73697664.464502,-60.111398,-837.026749,-440404.085255
73705703.917372,-59.840002,-834.509530,-431212.929109
73713743.370243,-59.787807,-832.899135,-420557.488484
73721782.823113,-59.796889,-833.645707,-408474.174402
73729822.275984,-59.716880,-833.337152,-395004.277123
73737861.728855,-59.455420,-831.355341,-380193.825041
73745901.181725,-59.646421,-829.619448,-364093.427399
73753940.634596,-59.387516,-830.058532,-346758.101353
73761980.087466,-59.184274,-828.352971,-328247.083967
73770019.540337,-58.987569,-827.407266,-308623.629801
73778058.993207,-58.860760,-826.597772,-287954.794753
73786098.446078,-58.787577,-825.003106,-266311.206922
73794137.898949,-58.776760,-826.599878,-243766.825269
73802177.351819,-58.625601,-826.399828,-220398.686879
73810216.804690,-58.569688,-825.313649,-196286.643727
73818256.257560,-58.401001,-822.722801,-171513.089802
73826295.710431,-58.182052,-823.791891,-146162.679566
73834335.163301,-57.944407,-823.612566,-120322.038671
73842374.616172,-57.689696,-824.171710,-94079.467952
73850414.069043,-57.704860,-821.662463,-67524.641691
73858453.521913,-57.410158,-822.333878,-40748.301187
73866492.974784,-57.276542,-822.099951,-13841.944683
73874532.427654,-57.051193,-822.377035,13102.485296
73882571.880525,-56.903670,-825.350406,39992.916126
73890611.333395,-56.773018,-823.414012,66737.459701
73898650.786266,-56.626732,-824.001074,93244.726434
73906690.239137,-56.397401,-824.701564,119424.137542
73914729.692007,-56.243862,-825.833516,145186.234568
73922769.144878,-56.171889,-824.346882,170442.985072
73930808.597748,-55.997577,-827.198047,195108.083448
73938848.050619,-55.874695,-826.083670,219097.245843
73946887.503489,-55.731761,-828.327536,242328.498164
73954926.956360,-55.621149,-829.006167,264722.456198
73962966.409230,-55.468226,-830.183006,286202.596874
73971005.862101,-55.496128,-832.048844,306695.519753
73979045.314972,-55.243083,-832.824413,326131.197849
73987084.767842,-55.257538,-835.037446,344443.216919
73995124.220713,-55.194791,-833.693912,361569.002410
74003163.673583,-54.934082,-835.122710,377450.033281
74011203.126454,-54.941289,-836.486001,392032.041983
74019242.579324,-54.955454,-837.082566,405265.199894
74027282.032195,-54.791014,-839.988322,417104.287585
74035321.485066,-54.509239,-842.535715,427508.849359
74043360.937936,-54.687926,-842.475109,436443.331469
74051400.390807,-54.634535,-844.042402,443877.203625
74059439.843677,-54.743544,-842.418663,449785.063321
74067479.296548,-54.526506,-845.833444,454146.722631
74075518.749418,-54.586894,-847.664475,456947.277194
74083558.202289,-54.457308,-848.610574,458177.157152
74091597.655160,-54.488818,-848.526109,457832.159846
74099637.108030,-54.494756,-855.141587,455913.464176
74107676.560901,-54.734992,-850.409085,452427.626575
74115716.013771,-54.682228,-855.455331,447386.558604
74123755.466642,-54.656378,-856.759111,440807.486249
74131794.919512,-54.740955,-858.884449,432712.891055
74139834.372383,-54.937143,-859.048780,423130.433310
74147873.825254,-55.029518,-860.454943,412092.857522
74155913.278124,-55.218466,-863.674451,399637.880520
74163952.730995,-55.093383,-863.609703,385808.062586
74171992.183865,-55.194195,-866.525838,370650.662007
74180031.636736,-55.345050,-865.239598,354217.473596
74188071.089606,-55.456577,-867.432297,336564.651698
74196110.542477,-55.582915,-867.115880,317752.518303
74204149.995348,-55.740117,-867.261291,297845.356921
74212189.448218,-56.014618,-871.167639,276911.192915
74220228.901089,-56.127982,-868.115063,255021.561050
74228268.353959,-56.130423,-869.162135,232251.261049
74236307.806830,-56.352032,-871.462087,208678.101991
74244347.259700,-56.598042,-873.580150,184382.636432
74252386.712571,-56.643565,-870.413011,159447.885141
74260426.165442,-56.839457,-871.935786,133959.053411
74268465.618312,-57.040582,-872.136912,108003.239898
74276505.071183,-57.127616,-874.696914,81669.138997
74284544.524053,-57.447683,-874.789175,55046.737762
74292583.976924,-57.536025,-874.193371,28227.008403
74300623.429794,-57.716474,-874.468936,1301.597430
74308662.882665,-57.760002,-873.342914,-25637.487524
74316702.335535,-58.122664,-872.532825,-52498.192095
74324741.788406,-58.257650,-875.321123,-79188.729759
74332781.241277,-58.234687,-874.786701,-105617.895473
74340820.694147,-58.608058,-874.953982,-131695.377334
74348860.147018,-58.677975,-875.521471,-157332.065193
74356899.599888,-59.019541,-874.956946,-182440.355148
74364939.052759,-59.086190,-874.814588,-206934.448902
74372978.505629,-59.226325,-873.642508,-230730.646947
74381017.958500,-59.440465,-873.227080,-253747.634575
74389057.411371,-59.296486,-872.754821,-275906.759744
74397096.864241,-59.625947,-868.560667,-297132.301835
74405136.317112,-59.774148,-867.443004,-317351.730407
74413175.769982,-59.852671,-870.367035,-336495.953042
74421215.222853,-60.103571,-866.549125,-354499.551434
74429254.675723,-60.212168,-866.267647,-371301.004945
74437294.128594,-60.263181,-865.856659,-386842.900821
74445333.581465,-60.271904,-864.661176,-401072.130379
74453373.034335,-60.430198,-862.200940,-413940.070489
74461412.487206,-60.480914,-860.547552,-425402.749721
74469451.940076,-60.567121,-861.514269,-435420.998613
74477491.392947,-60.550027,-859.719022,-443960.583498
74485530.845817,-60.462135,-858.536308,-450992.323506
74493570.298688,-60.479413,-858.073152,-456492.190266
74501609.751559,-60.683444,-855.732070,-460441.390014
74509649.204429,-60.851797,-856.527471,-462826.427822
74517688.657300,-60.721331,-851.571897,-463639.153706
74525728.110170,-60.692614,-852.688303,-462876.790474
74533767.563041,-60.686974,-849.655276,-460541.943223
74541807.015911,-60.790023,-848.700589,-456642.590425
74549846.468782,-60.834956,-848.318372,-451192.056683
74557885.921653,-60.503869,-847.261485,-444208.967177
74565925.374523,-60.539217,-844.069822,-435717.184032
74573964.827394,-60.321407,-846.622299,-425745.724781
74582004.280264,-60.399480,-841.393935,-414328.663194
74590043.733135,-60.308207,-844.239070,-401505.012860
74598083.186005,-60.149075,-842.795282,-387318.593863
74606122.638876,-60.308978,-841.038932,-371817.883042
74614162.091747,-60.084529,-839.217434,-355055.848346
74622201.544617,-59.925056,-837.191157,-337089.767828
74630240.997488,-59.894817,-836.986772,-317981.033929
74638280.450358,-59.634529,-837.532014,-297794.943678
74646319.903229,-59.590048,-836.134853,-276600.475574
74654359.356099,-59.364818,-835.921729,-254470.053877
74662398.808970,-59.273230,-834.186202,-231479.301118
74670438.261841,-59.157977,-835.925476,-207706.779694
74678477.714711,-58.947574,-833.602564,-183233.723406
74686517.167582,-58.899054,-832.335751,-158143.759875
74694556.620452,-58.673896,-832.231815,-132522.624773
74702596.073323,-58.471670,-832.869165,-106457.868856
74710635.526193,-58.386166,-833.823289,-80038.558789
74718674.979064,-58.161019,-832.734683,-53354.972795
74726714.431934,-58.022081,-833.218239,-26498.292163
74734753.884805,-57.832254,-834.009184,439.710334
74742793.337676,-57.793552,-832.075525,27366.984031
74750832.790546,-57.594110,-834.660206,54191.514928
74758872.243417,-57.456996,-833.628735,80821.640109
74766911.696287,-57.324841,-834.571939,107166.360970
74774951.149158,-57.090024,-832.787772,133135.654168
74782990.602028,-57.012461,-835.735358,158640.779246
74791030.054899,-56.897223,-833.930489,183594.581870
74799069.507770,-56.638472,-836.377800,207911.791648
74807108.960640,-56.471589,-835.456678,231509.313505
74815148.413511,-56.258641,-838.576722,254306.511638
74823187.866381,-56.102988,-838.854817,276225.485052
74831227.319252,-56.088745,-838.650925,297191.333759
74839266.772122,-56.123234,-840.559299,317132.414725
74847306.224993,-56.119646,-843.017060,335980.586679
74855345.677864,-55.784927,-842.542669,353671.442963
74863385.130734,-55.563445,-842.525516,370144.531617
74871424.583605,-55.746566,-845.626741,385343.561951
74879464.036475,-55.686350,-849.487979,399216.596902
74887503.489346,-55.496486,-848.225013,411716.230498
74895542.942216,-55.407610,-849.870223,422799.749868
74903582.395087,-55.431362,-852.438796,432429.281182
74911621.847958,-55.230441,-851.322852,440571.919074
74919661.300828,-55.377394,-851.846193,447199.839094
74927700.753699,-55.287795,-857.691873,452290.392774
74935740.206569,-55.351331,-856.525079,455826.185030
74943779.659440,-55.264442,-859.084456,457795.133599
74951819.112310,-55.295629,-858.039447,458190.510327
74959858.565181,-55.320755,-859.690976,457010.964162
74967898.018052,-55.432815,-861.432635,454260.525763
74975937.470922,-55.243635,-865.487455,449948.593741
74983976.923793,-55.442514,-866.614691,444089.902527
74992016.376663,-55.353333,-867.105621,436704.472030
75000055.829534,-55.557598,-867.408475,427817.539230
75008095.282404,-55.570618,-869.331593,417459.471936
75016134.735275,-55.704174,-871.632906,405665.665007
75024174.188146,-55.816251,-873.982136,392476.419422
75032213.641016,-55.832909,-872.552272,377936.804548
75040253.093887,-56.122113,-876.197011,362096.504144
75048292.546757,-55.951544,-874.210292,345009.646579
75056331.999628,-56.213022,-876.173968,326734.619871
75064371.452498,-56.360854,-877.838901,307333.872165
75072410.905369,-56.467697,-878.322879,286873.698342
75080450.358240,-56.620712,-877.898223,265424.013482
75088489.811110,-56.685127,-879.622870,243058.113952
75096529.263981,-57.124069,-883.752010,219852.426940
75104568.716851,-57.114404,-882.494565,195886.249304
75112608.169722,-57.290379,-881.067744,171241.476593
75120647.622592,-57.604049,-883.236489,146002.323204
75128687.075463,-57.522074,-882.653092,120255.034612
75136726.528333,-57.790242,-882.443652,94087.592654
75144765.981204,-57.851666,-884.110390,67589.414888
75152805.434075,-58.059423,-886.647313,40851.049038
75160844.886945,-58.201493,-882.531432,13963.863581
75168884.339816,-58.510428,-883.954971,-12980.264467
75176923.792686,-58.514978,-886.037153,-39889.263513
75184963.245557,-58.867981,-887.500623,-66671.182003
75193002.698427,-58.907481,-884.827577,-93234.502633
75201042.151298,-59.017864,-885.254979,-119488.455077
75209081.604169,-59.143248,-884.318453,-145343.326161
75217121.057039,-59.456991,-883.980812,-170710.766424
75225160.509910,-59.771114,-883.662146,-195504.092018
75233199.962780,-59.813719,-882.032923,-219638.580922
75241239.415651,-59.998577,-878.642043,-243031.762442
75249278.868521,-60.230763,-879.586606,-265603.699034
75257318.321392,-60.317713,-881.680048,-287277.259448
75265357.774263,-60.251933,-877.952400,-307978.382306
75273397.227133,-60.474375,-877.652805,-327636.329178
75281436.680004,-60.545986,-876.781622,-346183.926296
75289476.132874,-60.716633,-874.778678,-363557.794108
75297515.585745,-60.885518,-874.968272,-379698.563843
75305555.038615,-60.940451,-874.198420,-394551.080391
75313594.491486,-61.163933,-870.978129,-408064.590767
75321633.944357,-61.132274,-872.119193,-420192.917545
75329673.397227,-61.111583,-870.173325,-430894.616658
75337712.850098,-61.327571,-870.103598,-440133.119001
75345752.302968,-61.394648,-869.370186,-447876.855411
75353791.755839,-61.374299,-868.976360,-454099.364534
75361831.208709,-61.276352,-866.496092,-458779.383241
75369870.661580,-61.380660,-863.617994,-461900.919303
75377910.114451,-61.426476,-865.394966,-463453.306021
75385949.567321,-61.349234,-859.425260,-463431.238692
75393989.020192,-61.308389,-862.667004,-461834.792721
75402028.473062,-61.254948,-859.255517,-458669.423369
75410067.925933,-61.509595,-858.263304,-453945.947121
75418107.378803,-61.297855,-857.343443,-447680.504704
75426146.831674,-61.158511,-854.437305,-439894.505954
75434186.284545,-61.213633,-854.496110,-430614.556645
75442225.737415,-61.335768,-854.303778,-419872.367568
75450265.190286,-61.042638,-854.675836,-407704.646185
75458304.643156,-61.073512,-852.077710,-394152.971180
75466344.096027,-60.890176,-848.797764,-379263.650398
75474383.548897,-60.827628,-849.908486,-363087.562584
75482423.001768,-60.747704,-847.540313,-345679.983533
75490462.454638,-60.441934,-846.293192,-327100.397216
75498501.907509,-60.468017,-848.295037,-307412.292495
75506541.360380,-60.270987,-846.171232,-286682.946188
75514580.813250,-60.214319,-847.110534,-264983.193173
75522620.266121,-59.884318,-845.276762,-242387.184329
75530659.718991,-59.833418,-844.314368,-218972.133163
75538699.171862,-59.876870,-846.713226,-194818.051953
75546738.624732,-59.587640,-844.543914,-170007.478341
75554778.077603,-59.434100,-842.611271,-144625.193287
75562817.530474,-59.117545,-842.705416,-118757.931365
75570856.983344,-59.095023,-842.898989,-92494.084378
75578896.436215,-58.902548,-841.329977,-65923.399311
75586935.889085,-58.891905,-842.965812,-39136.671655
75594975.341956,-58.719967,-845.879057,-12225.435147
75603014.794826,-58.429617,-841.875480,14718.351013
75611054.247697,-58.442157,-843.190830,41602.616400
75619093.700568,-58.223544,-842.512572,68335.493977
75627133.153438,-57.967598,-846.748242,94825.634020
75635172.606309,-57.833343,-843.815613,120982.516272
75643212.059179,-57.742484,-845.681800,146716.759258
75651251.512050,-57.490035,-845.644747,171940.425720
75659290.964920,-57.369419,-847.693164,196567.323105
75667330.417791,-57.124982,-847.388730,220513.298095
75675369.870662,-57.227749,-845.745317,243696.524179
75683409.323532,-57.029090,-848.900396,266037.781251
75691448.776403,-56.894588,-849.172765,287460.726328
75699488.229273,-56.671385,-850.571312,307892.154416
75707527.682144,-56.652462,-851.567986,327262.248665
75715567.135014,-56.333592,-852.244836,345504.818940
75723606.587885,-56.409327,-855.258863,362557.528003
75731646.040756,-56.396289,-855.048985,378362.104526
75739685.493626,-56.248303,-858.984242,392864.542215
75747724.946497,-56.323803,-858.911427,406015.284347
75755764.399367,-56.263183,-861.289232,417769.393128
75763803.852238,-56.005265,-859.053265,428086.703237
75771843.305108,-56.232603,-861.594269,436931.959079
75779882.757979,-55.884923,-867.135304,444274.935266
75787922.210850,-55.871552,-860.818353,450090.539890
75795961.663720,-55.996126,-867.529619,454358.900274
75804001.116591,-55.829149,-867.601818,457065.430874
75812040.569461,-55.880281,-869.594153,458200.883123
75820080.022332,-55.942081,-869.957965,457761.377033
75828119.475202,-56.030844,-872.585873,455748.414451
75836158.928073,-56.140757,-874.132659,452168.873936
75844198.380944,-55.891186,-874.534516,447034.987243
75852237.833814,-56.144604,-876.768180,440364.297529
75860277.286685,-56.215907,-876.733483,432179.599412
75868316.739555,-56.249615,-878.778390,422508.861071
75876356.192426,-56.305295,-880.143634,411385.128677
75884395.645296,-56.347714,-883.479268,398846.413474
75892435.098167,-56.470459,-882.587869,384935.561884
75900474.551038,-56.531280,-886.802088,369700.109098
75908514.003908,-56.821943,-885.422930,353192.116642
75916553.456779,-56.737720,-885.718350,335467.994476
75924592.909649,-56.960442,-887.729954,316588.308237
75932632.362520,-57.109451,-889.130998,296617.572266
75940671.815390,-57.304712,-890.471143,275624.029172
75948711.268261,-57.442639,-890.720054,253679.416626
75956750.721131,-57.482563,-890.303929,230858.722224
75964790.174002,-57.860821,-890.109695,207239.927253
75972829.626873,-57.924771,-892.278890,182903.740211
75980869.079743,-57.900596,-894.313094,157933.321018
75988908.532614,-58.248374,-893.887015,132413.996848
75996947.985484,-58.353772,-895.392423,106432.970555
76004987.438355,-58.470028,-894.701716,80079.022690
76013026.891225,-58.589441,-893.508166,53442.208124
76021066.344096,-58.848785,-894.910290,26613.548322
76029105.796967,-59.253451,-893.267161,-315.279692
76037145.249837,-59.168117,-893.729947,-27252.256606
76045184.702708,-59.470434,-895.994634,-54105.335262
76053224.155578,-59.546238,-897.355365,-80782.755193
76061263.608449,-59.598487,-893.481933,-107193.356180
76069303.061319,-60.053207,-893.297038,-133246.889763
76077342.514190,-60.169187,-894.252067,-158854.327621
76085381.967061,-60.400755,-891.886285,-183928.165807
76093421.419931,-60.399740,-892.082318,-208382.723749
76101460.872802,-60.556981,-892.315838,-232134.437039
76109500.325672,-60.753964,-891.338795,-255102.142979
76117539.778543,-60.893538,-889.855005,-277207.357927
76125579.231413,-61.141763,-890.553126,-298374.545484
76133618.684284,-61.060784,-890.899748,-318531.374614
76141658.137155,-61.138003,-888.401143,-337608.966807
76149697.590025,-61.514445,-885.561944,-355542.131448
76157737.042896,-61.607520,-886.518997,-372269.588573
76165776.495766,-61.694389,-885.094368,-387734.178288
76173815.948637,-61.752041,-883.821598,-401883.056074
76181855.401507,-61.925605,-883.412723,-414667.873371
76189894.854378,-61.889131,-882.376013,-426044.942798
76197934.307249,-61.752897,-880.329941,-435975.387422
76205973.760119,-61.970612,-880.020729,-444425.273623
76214013.212990,-61.904559,-875.737776,-451365.727041
76222052.665860,-61.938010,-878.114638,-456773.031240
76230092.118731,-61.963888,-874.415592,-460628.708759
76238131.571601,-62.067063,-873.624498,-462919.584244
76246171.024472,-62.015409,-872.673599,-463637.829478
76254210.477343,-62.180944,-874.198791,-462780.990122
76262249.930213,-62.049416,-870.724776,-460351.994106
76270289.383084,-62.217424,-870.151603,-456359.141630
76278328.835954,-62.031107,-871.259358,-450816.076786
76286368.288825,-61.972265,-864.980695,-443741.740950
76294407.741695,-61.883923,-866.245195,-435160.308053
76302447.194566,-61.793406,-864.147195,-425101.101962
76310486.647436,-61.728652,-863.056582,-413598.496299
76318526.100307,-61.861382,-864.165386,-400691.796962
76326565.553178,-61.521302,-862.587392,-386425.107828
76334605.006048,-61.445632,-858.578890,-370847.180029
76342644.458919,-61.259062,-858.935313,-354011.245370
76350683.911789,-61.261355,-860.696968,-335974.834439
76358723.364660,-61.088053,-859.800833,-316799.579994
76366762.817530,-60.944338,-857.905892,-296551.006381
76374802.270401,-60.909320,-855.886997,-275298.305613
76382841.723272,-60.715296,-853.371941,-253114.100933
76390881.176142,-60.634539,-853.967966,-230074.198661
76398920.629013,-60.417025,-854.127973,-206257.329141
76406960.081883,-60.364652,-853.302376,-181744.877719
76414999.534754,-60.102336,-852.807831,-156620.606633
76423038.987624,-59.927194,-851.686290,-130970.368789
76431078.440495,-59.781932,-853.364496,-104881.814391
76439117.893366,-59.678063,-854.283823,-78444.091427
76447157.346236,-59.600212,-851.982986,-51747.541038
76455196.799107,-59.455331,-850.669507,-24883.388814
76463236.251977,-59.335010,-851.578099,2056.566939
76471275.704848,-58.980487,-851.043197,28980.268883
76479315.157718,-59.081385,-855.514390,55795.715222
76487354.610589,-58.650194,-853.315388,82411.274085
76495394.063460,-58.695305,-854.606692,108735.996640
76503433.516330,-58.288057,-855.021324,134679.927883
76511472.969201,-58.297935,-854.944942,160154.414022
76519512.422071,-58.104001,-854.454396,185072.405420
76527551.874942,-58.181026,-857.774941,209348.754055
76535591.327812,-57.706688,-857.304601,232900.504483
76543630.780683,-57.600415,-856.953238,255647.177306
76551670.233554,-57.583324,-859.431234,277511.044180
76559709.686424,-57.460532,-860.661994,298417.393425
76567749.139295,-57.322131,-861.739605,318294.785323
76575788.592165,-57.218060,-862.464952,337075.296238
76583828.045036,-57.157429,-862.425856,354694.750716
76591867.497906,-57.134426,-864.353449,371092.940789
76599906.950777,-56.838438,-866.051953,386213.831707
76607946.403648,-56.745582,-865.770121,400005.753412
76615985.856518,-56.769113,-867.757337,412421.577116
76624025.309389,-56.780482,-868.597800,423418.876330
76632064.762259,-56.687701,-873.908732,432960.071852
76640104.215130,-56.735551,-872.034601,441012.560173
76648143.668000,-56.656675,-872.969932,447548.824893
76656183.120871,-56.569373,-873.739740,452546.530743
76664222.573742,-56.639259,-875.295003,455988.599913
76672262.026612,-56.630215,-880.075477,457863.270402
76680301.479483,-56.710842,-881.896127,458164.136220
76688340.932353,-56.608013,-881.534039,456890.169265
76696380.385224,-56.700859,-881.820388,454045.722851
76704419.838094,-56.697256,-882.785139,449640.516823
76712459.290965,-56.837676,-886.560064,443689.604340
76720498.743835,-56.893594,-887.878636,436213.320448
76728538.196706,-56.892523,-887.080337,427237.212581
76736577.649577,-56.900212,-889.717981,416791.953269
76744617.102447,-56.990459,-892.871070,404913.235324
76752656.555318,-57.127001,-891.720976,391641.649871
76760696.008188,-57.148868,-892.784708,377022.547647
76768735.461059,-57.338593,-898.149284,361105.884026
76776774.913929,-57.476901,-897.308228,343946.048322
76784814.366800,-57.609196,-895.534965,325601.677930
76792853.819671,-57.778023,-898.248575,306135.457949
76800893.272541,-57.908846,-898.552545,285613.906989
76808932.725412,-58.094098,-898.196891,264107.149864
76816972.178282,-58.123724,-898.470181,241688.677961
76825011.631153,-58.368521,-899.171878,218435.098120
76833051.084023,-58.295361,-902.237734,194425.870851
76841090.536894,-58.588681,-901.904019,169743.038810
76849129.989765,-58.673509,-900.810875,144470.946448
76857169.442635,-59.004717,-903.045391,118695.951797
76865208.895506,-58.983577,-904.305751,92506.131370
76873248.348376,-59.435768,-902.466008,65990.979193
76881287.801247,-59.568180,-905.513139,39241.100994
76889327.254117,-59.538150,-905.431422,12347.904592
76897366.706988,-59.975747,-903.786835,-14596.712460
76905406.159859,-60.080353,-903.210175,-41500.676896
76913445.612729,-60.332313,-901.800349,-68272.054366
76921485.065600,-60.322579,-903.895810,-94819.363587
76929524.518470,-60.488554,-904.613175,-121051.888947
76937563.971341,-60.468816,-903.909215,-146879.990489
76945603.424211,-60.708782,-900.963158,-172215.410228
76953642.877082,-61.001040,-901.879270,-196971.573734
76961682.329953,-61.116418,-902.206680,-221063.885972
76969721.782823,-61.336567,-901.782172,-244410.020377
76977761.235694,-61.548448,-903.351779,-266930.200164
76985800.688564,-61.706686,-899.690181,-288547.470947
76993840.141435,-61.818391,-900.996926,-309187.963697
77001879.594305,-61.919312,-901.492684,-328781.147162
77009919.047176,-61.988684,-896.191670,-347260.068882
77017958.500047,-62.208337,-893.292693,-364561.583975
77025997.952917,-62.206647,-895.848538,-380626.570913
77034037.405788,-62.412221,-895.040318,-395400.133540
77042076.858658,-62.376061,-895.188304,-408831.788671
77050116.311529,-62.500261,-890.321072,-420875.638592
77058155.764399,-62.577157,-891.226897,-431490.527896
77066195.217270,-62.693927,-889.256169,-440640.184127
77074234.670141,-62.692179,-887.616115,-448293.341717
77082274.123011,-62.555978,-886.207193,-454423.848830
77090313.575882,-62.656988,-888.130026,-459010.756725
77098353.028752,-62.626206,-885.197991,-462038.391338
77106392.481623,-62.721812,-882.118498,-463496.406852
77114431.934493,-62.774939,-883.844032,-463379.821036
77122471.387364,-62.644993,-880.608609,-461689.032275
77130510.840234,-62.658701,-880.856790,-458429.818222
77138550.293105,-62.636963,-877.566011,-453613.316028
77146589.745976,-62.458224,-878.484699,-447255.984314
77154629.198846,-62.443958,-875.199784,-439379.546907
77162668.651717,-62.586110,-874.261472,-430010.918622
77170708.104587,-62.445415,-876.040410,-419182.113280
77178747.557458,-62.494792,-872.642101,-406930.134318
77186787.010328,-62.376840,-871.784208,-393296.848347
77194826.463199,-62.312758,-874.397909,-378328.842080
77202865.916070,-62.041168,-868.642696,-362077.263139
77210905.368940,-61.969312,-869.603378,-344597.645292
77218944.821811,-61.885796,-866.861310,-325949.718665
77226984.274681,-61.740599,-868.301652,-306197.205654
77235023.727552,-61.695469,-868.152092,-285407.603168
77243063.180422,-61.406149,-865.623281,-263651.951985
77251102.633293,-61.374424,-866.675220,-241004.594000
77259142.086164,-61.175983,-863.083503,-217542.918182
77267181.539034,-61.152773,-861.118805,-193347.096136
77275220.991905,-60.965467,-865.071689,-168499.808134
77283260.444775,-60.731390,-862.913508,-143085.960595
77291299.897646,-60.684854,-862.136868,-117192.395949
77299339.350516,-60.409560,-862.692414,-90907.595874
77307378.803387,-60.391607,-862.686774,-64321.378957
77315418.256258,-59.998376,-864.701338,-37524.593764
77323457.709128,-60.003638,-860.099545,-10608.808399
77331497.161999,-59.793917,-861.647264,16334.002395
77339536.614869,-59.615969,-863.646010,43211.771523
77347576.067740,-59.391313,-864.657644,69932.654149
77355615.520610,-59.399217,-863.925278,96405.341538
77363654.973481,-59.258049,-865.886656,122539.373067
77371694.426352,-58.954149,-867.675612,148245.445350
77379733.879222,-58.888200,-865.850410,173435.717389
77387773.332093,-58.742994,-867.351804,198024.110744
77395812.784963,-58.693051,-867.011175,221926.603672
77403852.237834,-58.501602,-867.877467,245061.518244
77411891.690704,-58.070722,-869.801151,267349.799442
77419931.143575,-58.202633,-868.995940,288715.285307
77427970.596446,-58.177783,-869.644809,309084.967193
77436010.049316,-57.967628,-871.482141,328389.239243
77444049.502187,-57.765922,-872.059114,346562.136244
77452088.955057,-57.744557,-874.691194,363541.559044
77460128.407928,-57.828040,-873.635325,379269.486742
77468167.860798,-57.450179,-876.377701,393692.174959
77476207.313669,-57.515030,-878.060059,406760.339495
77484246.766539,-57.425377,-878.520645,418429.324727
77492286.219410,-57.197059,-880.547697,428659.256214
77500325.672281,-57.381904,-882.782954,437415.176948
77508365.125151,-57.349194,-883.729261,444667.166807
77516404.578022,-57.215076,-885.335424,450390.444799
77524444.030892,-57.299789,-888.304533,454565.453734
77532483.483763,-57.194041,-885.608503,457177.927067
77540522.936633,-57.196112,-888.630414,458218.937635
77548562.389504,-57.334961,-890.179580,457684.928167
77556601.842375,-57.253593,-891.203273,455577.723445
77564641.295245,-57.427786,-891.642721,451904.524063
77572680.748116,-57.237155,-894.802153,446677.881819
77580720.200986,-57.383043,-896.130815,439915.656832
77588759.653857,-57.404567,-898.162769,431640.956505
77596799.106727,-57.514661,-899.277639,421882.056567
77604838.559598,-57.588749,-901.914895,410672.304449
77612878.012469,-57.801659,-900.164641,398050.005335
77620917.465339,-57.774940,-901.042772,384058.291264
77628956.918210,-57.980363,-903.626103,368744.973745
77636996.371080,-57.881649,-905.423034,352162.380377
77645035.823951,-58.337961,-905.213017,334367.176045
77653075.276821,-58.367150,-907.018108,315420.169276
77661114.729692,-58.363138,-906.546749,295386.104460
77669154.182563,-58.655598,-908.617499,274333.440607
77677193.635433,-58.690509,-910.457365,252334.117410
77685233.088304,-58.884862,-908.510035,229463.309421
77693272.541174,-58.991803,-912.397287,205799.169170
77701311.994045,-59.071454,-913.111135,181422.560106
77709351.446915,-59.337037,-910.531015,156416.780276
77717390.899786,-59.566337,-913.546988,130867.277686
77725430.352657,-59.631264,-911.321634,104861.358315
77733469.805527,-60.081182,-914.866480,78487.887774
77741509.258398,-60.105647,-914.409289,51836.987648
77749548.711268,-60.233815,-913.297250,24999.727533
77757588.164139,-60.379553,-914.723067,-1932.186158
77765627.617009,-60.361494,-916.936869,-28866.723569
77773667.069880,-60.729257,-916.105144,-55711.845877
77781706.522751,-60.925828,-913.701811,-82375.819805
77789745.975621,-61.138359,-913.573618,-108767.531081
77797785.428492,-61.284760,-913.318759,-134796.795790
77805824.881362,-61.407418,-913.968030,-160374.668546
77813864.334233,-61.620149,-911.209585,-185413.746425
77821903.787103,-61.727133,-914.457891,-209828.467638
77829943.239974,-61.979629,-912.170849,-233535.403904
77837982.692845,-62.048155,-911.383880,-256453.545533
77846022.145715,-62.189441,-908.484483,-278504.578252
77854061.598586,-62.303506,-909.448614,-299613.150810
77862101.051456,-62.371198,-909.970667,-319707.132465
77870140.504327,-62.511079,-908.662873,-338717.859466
77878179.957197,-62.651929,-907.533686,-356580.369680
77886219.410068,-62.768302,-908.809724,-373233.624590
77894258.862938,-62.812102,-905.834645,-388620.717848
77902298.315809,-63.040410,-903.661790,-402689.069756
77910337.768680,-63.097994,-902.470853,-415390.606925
77918377.221550,-63.204706,-902.270993,-426681.926545
77926416.674421,-63.242405,-901.288862,-436524.444708
77934456.127291,-63.283695,-899.636316,-444884.528248
77942495.580162,-63.349569,-899.091519,-451733.609671
77950535.033032,-63.323756,-897.597536,-457048.284773
77958574.485903,-63.299006,-895.736563,-460810.392616
77966613.938774,-63.419016,-892.773358,-463007.077592
77974653.391644,-63.316176,-892.774562,-463630.833336
77982692.844515,-63.446457,-892.261143,-462679.528397
77990732.297385,-63.294189,-888.498914,-460156.413511
77998771.750256,-63.381505,-887.309251,-456070.110483
78006811.203126,-63.318128,-891.030825,-450434.582748
78014850.655997,-63.409902,-885.836485,-443269.087636
78022890.108868,-63.253021,-886.010892,-434598.110578
78030929.561738,-63.074813,-882.269050,-424451.281431
78038969.014609,-63.034627,-882.880310,-412863.273230
78047008.467479,-62.988334,-881.914761,-399873.683713
78055047.920350,-62.908542,-881.487151,-385526.899995
78063087.373220,-62.869837,-878.654014,-369871.946903
78071126.826091,-62.750944,-878.024308,-352962.319456
78079166.278962,-62.585562,-881.433939,-334855.800047
78087205.731832,-62.355655,-875.305253,-315614.261014
78095245.184703,-62.384159,-878.275425,-295303.453202
78103284.637573,-62.141808,-875.981687,-273992.781285
78111324.090444,-62.198944,-874.888653,-251755.066605
78119363.543314,-61.775675,-874.020952,-228666.298327
78127402.996185,-61.697416,-873.771106,-204805.373782
78135442.449056,-61.597840,-873.980227,-180253.828856
78143481.901926,-61.516486,-876.088955,-155095.559372
78151521.354797,-61.376907,-869.784339,-129416.534418
78159560.807667,-61.288201,-873.390298,-103304.502563
78167600.260538,-61.109419,-874.058816,-76848.692021
78175639.713408,-60.764909,-871.769971,-50139.505742
78183679.166279,-60.754990,-872.501415,-23268.212495
78191718.619150,-60.445316,-873.357051,3673.365014
78199758.072020,-60.442901,-872.884187,30593.163904
78207797.524891,-60.093084,-874.052507,57399.195717
78215836.977761,-60.073041,-876.454164,83999.860752
78223876.430632,-59.946023,-874.249220,110304.261072
78231915.883502,-59.707825,-873.669262,136222.511116
78239955.336373,-59.614457,-873.334702,161666.044848
78247994.789244,-59.711562,-874.837315,186547.918399
78256034.242114,-59.338457,-877.636964,210783.107169
78264073.694985,-59.097988,-877.158212,234288.796359
78272113.147855,-58.988680,-879.214042,256984.663970
78280152.600726,-58.884625,-877.117805,278793.155266
78288192.053596,-58.765812,-879.379327,299639.747793
78296231.506467,-58.533058,-881.387156,319453.206029
78304270.959337,-58.504902,-882.175250,338165.824805
78312310.412208,-58.366109,-885.257198,355713.660670
78320349.865079,-58.371982,-884.735546,372036.750381
78328389.317949,-58.413776,-885.204971,387079.315813
78336428.770820,-58.226344,-886.232408,400789.954564
78344468.223690,-58.221750,-887.803777,413121.815595
78352507.676561,-58.147481,-888.733718,424032.759331
78360547.129431,-57.999505,-890.999806,433485.501656
78368586.582302,-58.072611,-891.500552,441447.741318
78376626.035173,-58.057883,-896.304256,447892.270309
78384665.488043,-57.953897,-894.135440,452797.066830
78392704.940914,-57.868187,-899.692086,456145.370559
78400744.393784,-57.911989,-896.938073,457925.739902
78408783.846655,-58.000523,-900.509503,458132.091104
78416823.299525,-57.759925,-899.974828,456763.719038
78424862.752396,-58.000897,-901.822445,453825.299610
78432902.205267,-58.059891,-901.913160,449326.873781
78440941.658137,-58.132176,-904.577277,443283.813258
78448981.111008,-58.167711,-907.687707,435716.767966
78457020.563878,-58.309262,-909.332508,426651.595485
78465060.016749,-58.297909,-911.828959,416119.272686
78473099.469619,-58.399438,-909.048942,404155.789894
78481138.922490,-58.545873,-912.639478,390802.027883
78489178.375361,-58.591914,-912.434737,376103.618197
78497217.828231,-58.711663,-914.646848,360110.787217
78505257.281102,-58.781219,-915.589269,342878.184531
78513296.733972,-58.883832,-917.188655,324464.696183
78521336.186843,-59.063669,-916.194095,304933.243463
78529375.639713,-59.168449,-918.381238,284350.567887
78537415.092584,-59.325800,-921.502467,262787.003140
78545454.545455,-59.565318,-919.297057,240316.234729
78553493.998325,-59.530620,-923.115486,217015.048197
78561533.451196,-59.828729,-921.928732,192963.066732
78569572.904066,-59.896982,-921.081006,168242.479087
78577612.356937,-59.963661,-921.921114,142937.758730
78585651.809807,-60.279016,-924.515236,117135.375186
78593691.262678,-60.633370,-926.206728,90923.498558
78601730.715549,-60.454996,-926.119324,64391.698243
78609770.168419,-60.875262,-924.989320,37630.636859
78617809.621290,-60.800145,-923.118115,10731.760436
78625849.074160,-61.140555,-922.277285,-16213.014061
78633888.527031,-61.257756,-926.004094,-43111.612830
78641927.979901,-61.450108,-924.690944,-69872.119855
78649967.432772,-61.679054,-924.969304,-96403.090998
78658006.885642,-61.868021,-924.217091,-122613.866477
78666046.338513,-61.854775,-917.837692,-148414.880659
78674085.791384,-62.300462,-921.868955,-173717.968116
78682125.244254,-62.254925,-922.955481,-198436.664906
78690164.697125,-62.368888,-921.483500,-222486.504021
78698204.149995,-62.628962,-920.411091,-245785.304030
78706243.602866,-62.749687,-920.497176,-268253.449900
78714283.055736,-62.981495,-916.848714,-289814.165047
78722322.508607,-63.025108,-918.356503,-310393.773704
78730361.961478,-63.461183,-918.700765,-329921.952664
78738401.414348,-63.310596,-917.880424,-348331.971599
78746440.867219,-63.438288,-916.071941,-365560.921079
78754480.320089,-63.497897,-917.782080,-381549.927534
78762519.772960,-63.736360,-913.539259,-396244.354451
78770559.225830,-63.655359,-912.616208,-409593.989060
78778598.678701,-63.815337,-910.417800,-421553.213918
78786638.131572,-64.000773,-909.299750,-432081.162799
78794677.584442,-63.827132,-908.864336,-441141.860328
78802717.037313,-64.008935,-908.693843,-448704.344925
78810756.490183,-63.936566,-906.261115,-454742.774593
78818795.943054,-64.158407,-903.205797,-459236.515230
78826835.395924,-64.138252,-904.283486,-462170.211144
78834874.848795,-64.119965,-900.842551,-463533.837508
78842914.301666,-63.988156,-901.402410,-463322.734637
78850953.754536,-64.085359,-902.123136,-461537.623898
78858993.207407,-63.971949,-899.782811,-458184.605243
78867032.660277,-64.062789,-898.422973,-453275.136377
78875072.113148,-63.868381,-895.258118,-446825.993589
78883111.566018,-63.999332,-894.900148,-438859.214447
78891151.018889,-63.824452,-897.551933,-429402.022470
78899190.471760,-63.559472,-893.043482,-418486.734111
78907229.924630,-63.669144,-889.925012,-406150.648338
78915269.377501,-63.598892,-892.909574,-392435.919156
78923308.830371,-63.665826,-890.967185,-377389.411585
78931348.283242,-63.460432,-887.923204,-361062.541502
78939387.736112,-63.369421,-888.275908,-343511.099944
78947427.188983,-63.261146,-887.737609,-324795.062476
78955466.641854,-63.093186,-886.073322,-304978.384231
78963506.094724,-62.925636,-886.355062,-284128.781385
78971545.547595,-62.864562,-884.527293,-262317.499743
78979585.000465,-62.899758,-885.755675,-239619.071294
78987624.453336,-62.462015,-884.310463,-216111.059526
78995663.906206,-62.386994,-883.125732,-191873.794376
79003703.359077,-62.194232,-882.070866,-166990.097733
79011742.811948,-62.068729,-884.053816,-141545.000433
79019782.264818,-61.906579,-882.032716,-115625.451684
79027821.717689,-61.951664,-881.797774,-89320.021961
79035861.170559,-61.529819,-883.738232,-62718.600343
79043900.623430,-61.366948,-883.653357,-35912.087351
79051940.076300,-61.321978,-884.801024,-8992.084332
79059979.529171,-61.128880,-882.649789,17949.419559
79068018.982041,-61.064209,-882.212617,44820.361694
79076058.434912,-60.688758,-881.225517,71528.920565
79084097.887783,-60.744302,-882.913372,97983.829548
79092137.340653,-60.496041,-883.464473,124094.688773
79100176.793524,-60.356242,-886.092976,149772.274035
79108216.246394,-60.074355,-883.831076,174928.841680
79116255.699265,-59.967354,-889.043269,199478.428441
79124295.152135,-59.932158,-885.670934,223337.145183
79132334.605006,-59.679515,-886.259729,246423.463564
79140374.057877,-59.548671,-886.930027,268658.494626
79148413.510747,-59.513628,-887.859738,289966.258375
79156452.963618,-59.512076,-892.748670,310273.943406
79164492.416488,-59.306201,-889.096832,329512.155713
79172531.869359,-59.215779,-894.477254,347615.155823
79180571.322229,-59.025333,-895.254698,364521.083423
79188610.775100,-59.037718,-895.384416,380172.168760
79196650.227971,-58.808573,-897.404295,394514.930035
79204689.680841,-58.893185,-897.471251,407500.356166
79212729.133712,-58.694828,-899.744670,419084.074261
79220768.586582,-58.618933,-900.558131,429226.501247
79228808.039453,-58.569150,-901.968757,437892.979129
79236847.492323,-58.640537,-903.234949,445053.893425
79244886.945194,-58.791533,-904.808427,450684.774355
79252926.398065,-58.414781,-906.012549,454766.380470
79260965.850935,-58.459810,-906.748977,457284.764389
79269005.303806,-58.522944,-910.231234,458231.320463
79277044.756676,-58.664494,-910.169870,457602.814191
79285084.209547,-58.485586,-911.930638,455401.393258
79293123.662417,-58.666476,-913.147518,451634.580207
79301163.115288,-58.749615,-913.206686,446315.246729
79309202.568159,-58.800306,-915.111709,439461.569679
79317242.021029,-58.749291,-920.123604,431096.968964
79325281.473900,-58.855481,-919.129077,421250.027513
79333320.926770,-58.987471,-919.609514,409954.393608
79341360.379641,-59.131399,-920.744152,397248.665903
79349399.832511,-59.247619,-922.544837,383176.261520
79357439.285382,-59.332188,-924.798904,367785.267701
79365478.738253,-59.425960,-926.629922,351128.277475
79373518.191123,-59.373732,-927.417203,333262.209947
79381557.643994,-59.749917,-927.997053,314248.115796
79389597.096864,-59.602388,-928.845512,294150.968657
79397636.549735,-59.846827,-929.257436,273039.443102
79405676.002605,-60.082876,-931.766887,250985.679959
79413715.455476,-60.343261,-931.613349,228065.039811
79421754.908347,-60.338887,-930.957033,204355.845472
79429794.361217,-60.553213,-931.055934,179939.114343
79437833.814088,-60.714947,-933.461586,154898.281575
79445873.266958,-61.066682,-933.715292,129318.914957
79453912.719829,-60.838059,-934.485326,103288.422514
79461952.172699,-61.199387,-934.681895,76895.753828
79469991.625570,-61.341638,-938.088521,50231.096085
79478031.078440,-61.449881,-932.866644,23385.565895
79486070.531311,-61.919340,-933.353856,-3549.102072
79494109.984182,-61.794908,-936.007160,-30480.868545
79502149.437052,-62.276740,-932.248124,-57317.704174
79510188.889923,-62.306353,-934.125982,-83967.903994
79518228.342793,-62.411037,-935.197962,-110340.400803
79526267.795664,-62.627352,-932.267790,-136345.076346
79534307.248534,-62.888560,-934.453494,-161893.069257
79542346.701405,-62.918597,-930.220731,-186897.078720
79550386.154276,-63.011068,-931.100666,-211271.662778
79558425.607146,-63.338618,-931.535708,-234933.530302
79566465.060017,-63.485779,-931.327726,-257801.825610
79574504.512887,-63.511873,-930.502875,-279798.404757
79582543.965758,-63.779336,-929.544248,-300848.102572
79590583.418628,-63.666665,-928.692836,-320878.989491
79598622.871499,-64.005979,-928.145877,-339822.617368
79606662.324370,-64.090216,-924.917898,-357614.253361
79614701.777240,-64.079011,-925.518274,-374193.101128
79622741.230111,-64.248155,-925.055161,-389502.508591
79630780.682981,-64.347845,-923.226032,-403490.161510
79638820.135852,-64.559864,-921.666337,-416108.262253
79646859.588722,-64.617729,-921.449567,-427313.693128
79654899.041593,-64.520640,-919.370083,-437068.163714
79662938.494464,-64.667215,-917.469589,-445338.341721
79670977.947334,-64.541645,-917.630727,-452095.966871
79679017.400205,-64.825026,-917.041877,-457317.947476
79687056.853075,-64.783744,-914.635017,-460986.439354
79695096.305946,-64.833106,-914.172433,-463088.906784
79703135.758816,-64.691437,-914.476893,-463618.165365
79711175.211687,-64.794533,-910.635056,-462572.406554
79719214.664558,-64.887551,-908.702971,-459955.203839
79727254.117428,-64.650046,-909.295870,-455775.500546
79735293.570299,-64.541488,-907.633410,-450047.579263
79743333.023169,-64.550421,-906.193679,-442791.013048
79751372.476040,-64.653062,-906.079741,-434030.598529
79759411.928910,-64.429494,-903.245716,-423796.271181
79767451.381781,-64.395397,-902.050541,-412123.003039
79775490.834652,-64.281095,-901.829333,-399050.683176
79783530.287522,-64.271096,-899.800830,-384623.981413
79791569.740393,-64.275196,-900.432861,-368892.195670
79799609.193263,-64.086015,-896.364391,-351909.083505
79807648.646134,-63.960202,-898.303040,-333732.678426
79815688.099004,-63.837909,-897.835288,-314425.091573
79823727.551875,-63.689287,-895.490665,-294052.299489
79831767.004746,-63.459405,-895.875465,-272683.918656
79839806.457616,-63.663417,-895.076408,-250392.967612
79847845.910487,-63.158111,-895.836744,-227255.617443
79855885.363357,-63.124331,-894.094698,-203350.931485
79863924.816228,-62.951924,-893.890624,-178760.595163
79871964.269098,-62.915321,-893.068426,-153568.636861
79880003.721969,-62.613300,-892.467260,-127861.140779
79888043.174839,-62.689300,-891.272973,-101725.952780
79896082.627710,-62.413663,-893.150666,-75252.380203
79904122.080581,-62.259881,-891.816215,-48530.886696
79912161.533451,-62.152328,-893.673034,-21652.783080
79920200.986322,-61.878367,-892.497996,5290.084663
79928240.439192,-61.818175,-890.587970,32205.649247
79936279.892063,-61.465046,-894.047778,59001.936682
79944319.344933,-61.350035,-892.062990,85587.380564
79952358.797804,-61.354829,-893.540263,111871.134969
79960398.250675,-60.933341,-892.744440,137763.384885
79968437.703545,-60.837097,-892.152854,163175.653123
79976477.156416,-60.862388,-896.009894,188021.102653
79984516.609286,-60.733272,-896.503913,212214.833338
79992556.062157,-60.518423,-895.703030,235674.172050
80000595.515027,-60.309801,-897.278886,258318.955172
80008634.967898,-60.320855,-899.366539,280071.802534
80016674.420769,-60.007489,-899.035245,300858.381822
80024713.873639,-60.025832,-902.362215,320607.662587
80032753.326510,-59.942802,-902.272246,339252.158966
80040792.779380,-59.773425,-904.905055,356728.160286
80048832.232251,-59.711144,-902.969482,372975.948775
80056871.685121,-59.583385,-906.459921,387940.003623
80064911.137992,-59.796689,-905.490756,401569.190708
80072950.590863,-59.458936,-907.532256,413816.937321
80080990.043733,-59.277543,-911.430246,424641.391316
80089029.496604,-59.230522,-911.559881,434005.564127
80097068.949474,-59.263205,-911.278326,441877.457154
80105108.402345,-59.282806,-916.561359,448230.171113
80113147.855215,-59.205991,-914.603887,453041.997954
80121187.308086,-59.218360,-915.890017,456296.495039
80129226.760957,-59.288802,-915.604754,457982.541326
80137266.213827,-59.286796,-920.097424,458094.375375
80145305.666698,-59.324037,-921.100469,456631.615037
80153345.119568,-59.383602,-923.044232,453599.258752
80161384.572439,-59.283524,-924.342818,449007.668477
80169424.025309,-59.518803,-922.481267,442872.534274
80177463.478180,-59.383632,-928.671559,435214.820697
80185502.931051,-59.595431,-929.807628,426060.695147
80193542.383921,-59.681842,-930.782488,415441.438466
80201581.836792,-59.665225,-929.788567,403393.338038
80209621.289662,-59.831079,-931.245473,389957.563788
80217660.742533,-59.863239,-931.542297,375180.027508
80225700.195403,-60.212213,-933.723564,359111.225964
80233739.648274,-60.190754,-936.200093,341806.068343
80241779.101145,-60.281818,-935.688465,323323.688622
80249818.554015,-60.376400,-936.643953,303727.243500
80257858.006886,-60.689383,-938.378791,283083.696583
80265897.459756,-60.733902,-942.125230,261463.589556
80273936.912627,-60.887266,-939.561399,238940.801143
80281976.365497,-60.956448,-942.677713,215592.294645
80290015.818368,-61.154182,-941.095572,191497.854947
80298055.271238,-61.400426,-942.099097,166739.815890
80306094.724109,-61.455851,-940.262747,141402.778916
80314134.176980,-61.732507,-943.862165,115573.323980
80322173.629850,-61.711956,-943.793841,89339.713694
80330213.082721,-62.052955,-945.497402,62791.591720
80338252.535591,-62.208862,-945.640223,36019.676449
80346291.988462,-62.443021,-946.422607,9115.451000
80354331.441332,-62.406226,-945.994337,-17829.149383
80362370.894203,-62.871472,-944.397654,-44722.051492
80370410.347074,-62.796857,-942.685631,-71471.358780
80378449.799944,-62.973361,-944.587810,-97985.665378
80386489.252815,-63.247367,-944.046504,-124174.368449
