Time,x,y
8039.452871,-0.302510,-2.831959
16078.905741,-0.395731,-2.881086
24118.358612,-0.571101,-2.636482
32157.811482,-0.881877,-2.699591
40197.264353,-1.049573,-2.601980
48236.717223,-1.122191,-2.613747
56276.170094,-1.332761,-2.399674
64315.622965,-1.325184,-2.284631
72355.075835,-1.487350,-2.224459
80394.528706,-1.788271,-2.524505
88433.981576,-1.863896,-1.916856
96473.434447,-1.986005,-1.681916
104512.887317,-1.926231,-1.914485
112552.340188,-2.235708,-1.664907
120591.793059,-2.262688,-1.407325
128631.245929,-2.495528,-1.250961
136670.698800,-2.727639,-1.292813
144710.151670,-2.559820,-1.116393
152749.604541,-2.634098,-1.102968
160789.057411,-2.578648,-0.718803
168828.510282,-2.713355,-0.941227
176867.963153,-2.885511,-0.655034
184907.416023,-2.891507,-0.691790
192946.868894,-2.812627,-0.418772
200986.321764,-2.939464,-0.166585
209025.774635,-2.859480,-0.168892
217065.227505,-2.895955,0.196417
225104.680376,-2.960725,0.382787
233144.133246,-2.999626,0.167598
241183.586117,-2.773693,0.279086
249223.038988,-2.715213,0.903512
257262.491858,-2.758297,1.124574
265301.944729,-2.723708,0.839894
273341.397599,-2.559617,0.983613
281380.850470,-2.588905,1.246896
289420.303340,-2.495129,1.532588
297459.756211,-2.478418,1.679362
305499.209082,-2.249083,1.644471
313538.661952,-2.078411,1.642090
321578.114823,-2.033547,1.748648
329617.567693,-1.798062,1.925755
337657.020564,-1.725335,2.049982
345696.473434,-1.676474,2.220161
353735.926305,-1.537109,2.250118
361775.379176,-1.297467,2.422988
369814.832046,-1.047273,2.457034
377854.284917,-1.162392,2.592836
385893.737787,-0.723278,2.493530
393933.190658,-0.740298,2.765975
401972.643528,-0.576302,2.660846
410012.096399,-0.402123,2.610481
418051.549270,-0.210406,2.740206
426091.002140,0.037187,2.558486
434130.455011,0.089811,2.620668
442169.907881,0.255653,2.682771
450209.360752,0.488130,2.866192
458248.813622,0.816329,2.559404
466288.266493,0.798826,2.477997
474327.719364,0.924616,2.604656
482367.172234,1.150410,2.260495
490406.625105,1.281234,2.464769
498446.077975,1.455426,2.190120
506485.530846,1.761788,2.091994
514524.983716,1.738418,2.306770
522564.436587,1.893272,2.034869
530603.889458,1.898267,2.087518
538643.342328,2.038990,1.739654
546682.795199,2.231159,1.993481
554722.248069,2.425007,1.505084
562761.700940,2.362303,1.200299
570801.153810,2.587914,1.332505
578840.606681,2.618497,0.886803
586880.059552,2.869491,1.104898
594919.512422,2.819072,0.913906
602958.965293,2.825079,0.695338
610998.418163,2.831148,0.561951
619037.871034,2.919206,0.284898
627077.323904,2.865300,0.345380
635116.776775,2.885493,0.041267
643156.229645,2.811847,-0.077448
651195.682516,2.878619,-0.392485
659235.135387,2.916913,-0.136909
667274.588257,2.732462,-0.404823
675314.041128,2.783511,-0.473612
683353.493998,2.773953,-0.961446
691392.946869,2.705145,-0.741865
699432.399739,2.569937,-1.513451
707471.852610,2.532322,-1.429924
715511.305481,2.551622,-1.350327
723550.758351,2.502157,-1.568165
731590.211222,2.309815,-1.590674
739629.664092,2.287754,-1.819064
747669.116963,2.048029,-1.934134
755708.569833,1.872781,-1.949486
763748.022704,1.859063,-1.673795
771787.475575,1.624510,-2.214005
779826.928445,1.550851,-2.327203
787866.381316,1.275713,-2.255355
795905.834186,1.284236,-2.301686
803945.287057,1.124971,-2.233062
811984.739927,0.864151,-2.475202
820024.192798,0.773331,-2.464625
828063.645669,0.660691,-2.528400
836103.098539,0.392818,-2.650448
844142.551410,0.368058,-2.706642
852182.004280,0.120465,-2.569232
860221.457151,0.040904,-2.705524
868260.910021,-0.116156,-2.619154
876300.362892,-0.622856,-2.528397
884339.815763,-0.648350,-2.800100
892379.268633,-0.813515,-2.667191
900418.721504,-0.707371,-2.364081
908458.174374,-1.042990,-2.290605
916497.627245,-1.072113,-2.468257
924537.080115,-1.232253,-2.409357
932576.532986,-1.400040,-2.106388
940615.985857,-1.674748,-1.913255
948655.438727,-1.627416,-2.053984
956694.891598,-2.044996,-1.975691
964734.344468,-1.921970,-1.996625
972773.797339,-2.137444,-1.656440
980813.250209,-2.398823,-1.810362
988852.703080,-2.395078,-1.330063
996892.155950,-2.516370,-1.488035
1004931.608821,-2.459696,-1.146294
1012971.061692,-2.605386,-1.041890
1021010.514562,-2.644017,-1.287833
1029049.967433,-2.807363,-0.838515
1037089.420303,-2.803794,-0.665571
1045128.873174,-2.847045,-0.976194
1053168.326044,-2.662416,-0.290563
1061207.778915,-3.018549,-0.437468
1069247.231786,-2.930171,-0.029286
1077286.684656,-2.829883,-0.089913
1085326.137527,-3.125808,0.151308
1093365.590397,-2.979724,0.514800
1101405.043268,-3.007936,0.588507
1109444.496138,-2.828679,0.808491
1117483.949009,-2.815957,0.775157
1125523.401880,-2.630531,0.936904
1133562.854750,-2.527838,1.058826
1141602.307621,-2.482026,1.334647
1149641.760491,-2.256898,1.393137
1157681.213362,-2.452425,1.740112
1165720.666232,-2.228708,1.719077
1173760.119103,-2.142769,1.971864
1181799.571974,-1.957810,1.883280
1189839.024844,-1.915390,1.980316
1197878.477715,-1.729734,2.389990
1205917.930585,-1.586817,2.401475
1213957.383456,-1.647871,2.484835
1221996.836326,-1.430689,2.347368
1230036.289197,-1.163709,2.665526
1238075.742068,-1.046652,2.414643
1246115.194938,-0.848901,2.385609
1254154.647809,-0.805519,2.389907
1262194.100679,-0.525942,2.509450
1270233.553550,-0.553871,2.540750
1278273.006420,-0.282304,2.526582
1286312.459291,-0.000740,2.753270
1294351.912162,0.084506,2.789235
1302391.365032,0.257688,2.679490
1310430.817903,0.270606,2.631421
1318470.270773,0.604673,2.719023
1326509.723644,0.681487,2.754245
1334549.176514,0.952358,2.527775
1342588.629385,1.060169,2.754263
1350628.082256,1.295380,2.740370
1358667.535126,1.442196,2.361606
1366706.987997,1.676549,2.030480
1374746.440867,1.723992,2.159842
1382785.893738,1.771726,2.025334
1390825.346608,1.941975,1.888321
1398864.799479,1.931862,1.803963
1406904.252349,2.180554,1.539192
1414943.705220,2.286666,1.801817
1422983.158091,2.469856,1.708533
1431022.610961,2.461427,1.261459
1439062.063832,2.511062,1.263104
1447101.516702,2.661202,0.961913
1455140.969573,2.659709,0.881456
1463180.422443,2.669498,0.508084
1471219.875314,2.676549,0.668384
1479259.328185,2.883790,0.379340
1487298.781055,2.868331,0.366062
1495338.233926,2.954765,0.059754
1503377.686796,2.924416,0.148360
1511417.139667,2.894857,-0.188645
1519456.592537,2.841141,-0.349679
1527496.045408,2.857431,-0.179353
1535535.498279,2.730458,-0.653037
1543574.951149,2.792215,-0.669198
1551614.404020,2.778607,-0.990797
1559653.856890,2.748388,-0.830298
1567693.309761,2.474037,-1.181245
1575732.762631,2.435540,-1.963410
1583772.215502,2.421392,-1.433953
1591811.668373,2.438939,-1.398282
1599851.121243,2.289093,-1.966577
1607890.574114,2.140323,-1.622770
1615930.026984,2.029587,-1.906656
1623969.479855,1.890689,-2.123309
1632008.932725,1.686958,-2.303719
1640048.385596,1.595468,-2.297021
1648087.838467,1.481767,-2.321657
1656127.291337,1.434298,-2.431241
1664166.744208,1.231943,-2.440457
1672206.197078,0.987813,-2.414448
1680245.649949,0.947597,-2.837028
1688285.102819,0.792216,-2.762177
1696324.555690,0.512286,-2.832524
1704364.008561,0.357314,-2.818108
1712403.461431,0.250851,-2.638868
1720442.914302,0.052951,-2.812551
1728482.367172,-0.177837,-2.599420
1736521.820043,-0.324021,-2.704724
1744561.272913,-0.506687,-2.808380
1752600.725784,-0.750506,-2.480009
1760640.178655,-0.747953,-2.640984
1768679.631525,-1.021761,-2.524855
1776719.084396,-1.028751,-2.507641
1784758.537266,-1.272885,-2.538540
1792797.990137,-1.491768,-2.403817
1800837.443007,-1.757955,-2.281815
1808876.895878,-1.701171,-2.306042
1816916.348748,-1.791824,-2.237959
1824955.801619,-1.855252,-2.109687
1832995.254490,-2.152699,-1.795317
1841034.707360,-2.321583,-1.658421
1849074.160231,-2.405917,-1.635038
1857113.613101,-2.473866,-1.772366
1865153.065972,-2.587429,-1.422759
1873192.518842,-2.551178,-1.110313
1881231.971713,-2.604677,-1.068560
1889271.424584,-2.530388,-1.197728
1897310.877454,-2.833543,-0.891615
1905350.330325,-2.739842,-0.681474
1913389.783195,-2.896019,-0.534346
1921429.236066,-2.898114,-0.392390
1929468.688936,-2.934509,0.019705
1937508.141807,-2.823211,-0.171455
1945547.594678,-2.963272,0.217059
1953587.047548,-2.960476,0.399778
1961626.500419,-2.853794,0.662694
1969665.953289,-2.918310,0.563984
1977705.406160,-2.897807,0.853198
1985744.859030,-2.831732,1.143505
1993784.311901,-2.687025,1.013047
2001823.764772,-2.685494,1.144605
2009863.217642,-2.485639,1.603008
2017902.670513,-2.441960,1.282064
2025942.123383,-2.201778,1.573568
2033981.576254,-2.215782,1.608179
2042021.029124,-2.102551,1.803774
2050060.481995,-1.917317,1.575228
2058099.934866,-2.013746,1.881791
2066139.387736,-1.627384,2.212561
2074178.840607,-1.547908,2.421595
2082218.293477,-1.485642,2.288387
2090257.746348,-1.329139,2.243399
2098297.199218,-1.127417,2.540629
2106336.652089,-1.047159,2.445351
2114376.104960,-0.782946,2.379211
2122415.557830,-0.690965,2.400419
2130455.010701,-0.469355,2.721992
2138494.463571,-0.278036,2.750614
2146533.916442,-0.146356,2.722845
2154573.369312,-0.003094,2.547166
2162612.822183,0.181474,2.568776
2170652.275054,0.366212,2.722029
2178691.727924,0.600849,2.782446
2186731.180795,0.701964,2.730647
2194770.633665,0.863251,2.644443
2202810.086536,1.079518,2.630482
2210849.539406,0.997266,2.406786
2218888.992277,1.293921,2.176563
2226928.445147,1.361674,2.167569
2234967.898018,1.527216,2.174859
2243007.350889,1.739834,1.954387
2251046.803759,1.900233,2.293056
2259086.256630,1.963909,1.814352
2267125.709500,2.204437,2.043733
2275165.162371,2.153148,1.761116
2283204.615241,2.256343,1.397169
2291244.068112,2.374147,1.116274
2299283.520983,2.430123,1.668250
2307322.973853,2.495012,1.143835
2315362.426724,2.712425,1.019280
2323401.879594,2.608503,0.940381
2331441.332465,2.753226,0.794966
2339480.785335,2.979776,0.591283
2347520.238206,2.846378,0.821129
2355559.691077,2.886514,0.173041
2363599.143947,2.724699,0.162999
2371638.596818,2.876200,0.001572
2379678.049688,2.974503,-0.272517
2387717.502559,2.952503,-0.289767
2395756.955429,2.811135,-0.347838
2403796.408300,2.654078,-0.687384
2411835.861171,2.689037,-0.834870
2419875.314041,2.767283,-0.951678
2427914.766912,2.734962,-0.997243
2435954.219782,2.630898,-1.205893
2443993.672653,2.403983,-1.019110
2452033.125523,2.347234,-1.581878
2460072.578394,2.225301,-1.835316
2468112.031265,2.177724,-1.596765
2476151.484135,2.123973,-1.942556
2484190.937006,2.133195,-2.204801
2492230.389876,1.884345,-2.211554
2500269.842747,1.494111,-2.347491
2508309.295617,1.607459,-2.508020
2516348.748488,1.521684,-2.630415
2524388.201359,1.123311,-2.490273
2532427.654229,1.221164,-2.626576
2540467.107100,1.012914,-2.381715
2548506.559970,0.821506,-2.538501
2556546.012841,0.621464,-2.555458
2564585.465711,0.493969,-2.805202
2572624.918582,0.374618,-2.794109
2580664.371452,0.234115,-2.524123
2588703.824323,0.099368,-2.426250
2596743.277194,-0.280296,-2.633243
2604782.730064,-0.436759,-2.659852
2612822.182935,-0.399788,-2.373214
2620861.635805,-0.790049,-2.687380
2628901.088676,-0.757442,-2.623659
2636940.541546,-0.945661,-2.700701
2644979.994417,-1.178250,-2.232699
2653019.447288,-1.433632,-2.172633
2661058.900158,-1.656695,-2.341517
2669098.353029,-1.761936,-2.195596
2677137.805899,-1.873871,-2.145701
2685177.258770,-1.980121,-1.818964
2693216.711640,-2.124403,-1.653248
2701256.164511,-2.117346,-2.010912
2709295.617382,-2.228534,-1.771981
2717335.070252,-2.384116,-1.442188
2725374.523123,-2.466278,-1.737323
2733413.975993,-2.558373,-1.272666
2741453.428864,-2.558894,-1.126064
2749492.881734,-2.665981,-1.093047
2757532.334605,-2.772494,-0.990320
2765571.787476,-2.762041,-0.702623
2773611.240346,-2.750165,-0.522153
2781650.693217,-2.642916,-0.733330
2789690.146087,-2.941243,-0.113963
2797729.598958,-2.898768,-0.218928
2805769.051828,-3.075375,0.277449
2813808.504699,-2.873883,0.399870
2821847.957570,-2.885581,0.502348
2829887.410440,-2.850934,0.437207
2837926.863311,-2.695506,0.832375
2845966.316181,-2.661121,0.758823
2854005.769052,-2.727928,1.031254
2862045.221922,-2.528334,1.120588
2870084.674793,-2.559457,1.375661
2878124.127664,-2.516130,1.331384
2886163.580534,-2.307657,1.556671
2894203.033405,-2.254140,1.618059
2902242.486275,-2.199561,1.965059
2910281.939146,-2.061274,1.871390
2918321.392016,-1.833269,2.056349
2926360.844887,-1.751322,2.138768
2934400.297758,-1.590558,2.337378
2942439.750628,-1.456990,2.307174
2950479.203499,-1.371661,2.447350
2958518.656369,-1.259065,2.469156
2966558.109240,-1.185899,2.525839
2974597.562110,-0.941142,2.263395
2982637.014981,-0.700242,2.615560
2990676.467851,-0.511755,2.635119
2998715.920722,-0.544613,2.883071
3006755.373593,-0.297113,2.629212
3014794.826463,-0.092510,2.693647
3022834.279334,0.147459,2.754314
3030873.732204,0.315399,2.891778
3038913.185075,0.467463,2.746262
3046952.637945,0.575721,2.284740
3054992.090816,0.740847,2.522723
3063031.543687,0.998061,2.827726
3071070.996557,1.152104,2.376646
3079110.449428,1.352005,2.413257
3087149.902298,1.444615,2.347610
3095189.355169,1.512633,2.031309
3103228.808039,1.722972,2.245829
3111268.260910,1.713742,2.198471
3119307.713781,1.951713,2.202481
3127347.166651,1.969815,1.874057
3135386.619522,2.023531,1.668349
3143426.072392,2.335528,1.766199
3151465.525263,2.429871,1.273458
3159504.978133,2.599629,1.540806
3167544.431004,2.568413,1.370582
3175583.883875,2.638413,1.005920
3183623.336745,2.508935,1.030992
3191662.789616,2.687803,0.477421
3199702.242486,2.847227,0.898824
3207741.695357,2.776583,0.634435
3215781.148227,2.955258,0.321415
3223820.601098,2.854959,0.234312
3231860.053969,2.866150,0.305471
3239899.506839,2.883576,0.072935
3247938.959710,2.751388,-0.449600
3255978.412580,2.825465,-0.556420
3264017.865451,2.787215,-0.666458
3272057.318321,2.695776,-1.057925
3280096.771192,2.658632,-1.117118
3288136.224063,2.823866,-1.261176
3296175.676933,2.526733,-0.905670
3304215.129804,2.572429,-1.469105
3312254.582674,2.495167,-1.436973
3320294.035545,2.316623,-1.451071
3328333.488415,2.236042,-1.627754
3336372.941286,2.099115,-1.925229
3344412.394157,1.936792,-1.966800
3352451.847027,1.917245,-2.176289
3360491.299898,1.935725,-2.103142
3368530.752768,1.663987,-1.921387
3376570.205639,1.445161,-2.280423
3384609.658509,1.398474,-2.426572
3392649.111380,1.139373,-2.626898
3400688.564250,0.937573,-2.704193
3408728.017121,0.866411,-2.388538
3416767.469992,0.763503,-2.378888
3424806.922862,0.584238,-2.544849
3432846.375733,0.386806,-2.681719
3440885.828603,0.349810,-3.157393
3448925.281474,0.041668,-2.577985
3456964.734344,-0.112634,-2.599082
3465004.187215,-0.181853,-2.684114
3473043.640086,-0.490299,-2.538111
3481083.092956,-0.672470,-2.720517
3489122.545827,-0.834046,-2.538324
3497161.998697,-1.152887,-2.571938
3505201.451568,-1.175616,-2.454519
3513240.904438,-1.407727,-2.416255
3521280.357309,-1.343653,-2.288277
3529319.810180,-1.582395,-2.036272
3537359.263050,-1.580869,-2.212318
3545398.715921,-2.173866,-2.215047
3553438.168791,-1.913962,-1.727550
3561477.621662,-2.080960,-1.958072
3569517.074532,-2.162566,-1.611939
3577556.527403,-2.520725,-1.898718
3585595.980274,-2.499664,-1.364759
3593635.433144,-2.572730,-1.223793
3601674.886015,-2.493461,-1.291356
3609714.338885,-2.755315,-1.106989
3617753.791756,-2.684774,-1.121304
3625793.244626,-2.879854,-0.957138
3633832.697497,-2.768384,-0.725739
3641872.150368,-2.957645,-0.522561
3649911.603238,-2.904055,-0.182473
3657951.056109,-2.956886,-0.367026
3665990.508979,-2.904412,-0.315165
3674029.961850,-2.918690,0.014756
3682069.414720,-2.873239,0.249870
3690108.867591,-2.863741,0.492106
3698148.320462,-2.652010,0.476720
3706187.773332,-2.730879,0.898961
3714227.226203,-2.842441,0.837343
3722266.679073,-2.724631,1.164870
3730306.131944,-2.584995,1.380432
3738345.584814,-2.585699,1.390676
3746385.037685,-2.353347,1.655292
3754424.490556,-2.387566,1.774793
3762463.943426,-2.261498,1.804601
3770503.396297,-2.045025,1.932972
3778542.849167,-1.998701,2.080727
3786582.302038,-1.728019,2.236382
3794621.754908,-1.734145,2.273318
3802661.207779,-1.596594,2.279420
3810700.660649,-1.416967,2.190202
3818740.113520,-1.348538,2.366585
3826779.566391,-1.215149,2.634642
3834819.019261,-0.993885,2.595742
3842858.472132,-0.907544,2.698366
3850897.925002,-0.759415,2.590680
3858937.377873,-0.616102,2.676042
3866976.830743,-0.339343,2.823665
3875016.283614,-0.123314,2.696135
3883055.736485,0.099200,2.725737
3891095.189355,0.241444,2.824814
3899134.642226,0.378791,2.769765
3907174.095096,0.484907,2.532349
3915213.547967,0.569358,2.629058
3923253.000837,0.716263,2.582069
3931292.453708,1.137368,2.730153
3939331.906579,1.357077,2.633299
3947371.359449,1.167050,2.531962
3955410.812320,1.484342,2.482923
3963450.265190,1.837559,2.023846
3971489.718061,1.855039,2.280602
3979529.170931,1.838939,1.967184
3987568.623802,1.940393,1.957716
3995608.076673,2.101580,1.788818
4003647.529543,2.360370,1.671058
4011686.982414,2.301079,1.792642
4019726.435284,2.375541,1.618423
4027765.888155,2.466868,1.525555
4035805.341025,2.644783,0.844645
4043844.793896,2.582414,1.087390
4051884.246767,2.624068,1.000389
4059923.699637,2.844745,0.593904
4067963.152508,2.770209,0.528256
4076002.605378,2.953553,0.429564
4084042.058249,2.974292,0.176190
4092081.511119,2.992226,0.184095
4100120.963990,2.856856,-0.049839
4108160.416861,2.837967,0.010936
4116199.869731,2.921293,-0.321430
4124239.322602,2.810424,-0.557254
4132278.775472,2.848287,-0.683659
4140318.228343,2.814223,-0.732971
4148357.681213,2.733492,-0.669622
4156397.134084,2.830255,-1.076091
4164436.586954,2.574759,-1.035598
4172476.039825,2.547853,-1.416192
4180515.492696,2.318404,-1.579299
4188554.945566,2.303124,-1.865339
4196594.398437,1.988357,-1.541349
4204633.851307,2.114927,-2.091157
4212673.304178,1.936405,-1.822354
4220712.757048,1.808490,-2.280771
4228752.209919,1.704096,-2.392558
4236791.662790,1.292449,-2.267396
4244831.115660,1.162541,-2.519322
4252870.568531,1.251586,-2.263809
4260910.021401,0.985960,-2.460423
4268949.474272,0.898758,-2.667449
4276988.927142,0.683818,-2.567252
4285028.380013,0.549659,-2.529782
4293067.832884,0.512217,-2.881980
4301107.285754,0.364722,-2.732665
4309146.738625,0.111605,-2.588443
4317186.191495,-0.152367,-2.610930
4325225.644366,-0.313489,-2.765622
4333265.097236,-0.340966,-2.792430
4341304.550107,-0.624577,-2.404910
4349344.002978,-0.644228,-2.560657
4357383.455848,-0.928899,-2.536867
4365422.908719,-1.167735,-2.421282
4373462.361589,-1.305545,-2.662079
4381501.814460,-1.285856,-2.205807
4389541.267330,-1.559964,-2.366463
4397580.720201,-1.666030,-2.147689
4405620.173072,-1.789627,-2.239861
4413659.625942,-2.014662,-1.880314
4421699.078813,-2.142146,-2.006879
4429738.531683,-2.143631,-1.828034
4437777.984554,-2.170057,-1.946479
4445817.437424,-2.296869,-1.413168
4453856.890295,-2.509837,-1.531774
4461896.343166,-2.640518,-1.374559
4469935.796036,-2.634543,-1.439649
4477975.248907,-2.730762,-1.053793
4486014.701777,-2.762229,-0.904507
4494054.154648,-2.860136,-0.542181
4502093.607518,-2.812924,-0.493434
4510133.060389,-2.837920,-0.414668
4518172.513260,-2.979520,-0.302078
4526211.966130,-2.835976,-0.152703
4534251.419001,-2.990888,0.125765
4542290.871871,-3.067083,0.231001
4550330.324742,-2.917574,0.119861
4558369.777612,-2.842449,0.709913
4566409.230483,-2.938510,0.696033
4574448.683353,-2.721931,0.878014
4582488.136224,-2.714249,0.709647
4590527.589095,-2.551568,1.302367
4598567.041965,-2.607429,1.421164
4606606.494836,-2.291442,1.615710
4614645.947706,-2.339138,1.489275
4622685.400577,-2.373752,1.756332
4630724.853447,-2.222233,1.992729
4638764.306318,-2.042593,2.044182
4646803.759189,-1.983428,2.032047
4654843.212059,-1.815570,2.231810
4662882.664930,-1.494799,2.433414
4670922.117800,-1.389737,2.146320
4678961.570671,-1.351061,2.305419
4687001.023541,-1.134537,2.518494
4695040.476412,-1.066997,2.412059
4703079.929283,-0.818134,2.721689
4711119.382153,-0.710604,2.895183
4719158.835024,-0.600019,2.280100
4727198.287894,-0.481001,2.250451
4735237.740765,-0.204743,2.659828
4743277.193635,-0.153807,2.565483
4751316.646506,0.089547,2.527576
4759356.099377,0.348902,2.646985
4767395.552247,0.370582,2.549488
4775435.005118,0.740462,2.578318
4783474.457988,0.683239,2.919236
4791513.910859,0.811305,2.621604
4799553.363729,1.049857,2.669685
4807592.816600,1.383984,2.644657
4815632.269471,1.141861,2.250393
4823671.722341,1.492515,2.263600
4831711.175212,1.625274,1.946640
4839750.628082,1.757984,1.976194
4847790.080953,1.954103,2.108213
4855829.533823,2.048974,1.934340
4863868.986694,2.027486,1.770620
4871908.439565,2.161779,1.847846
4879947.892435,2.398286,1.402291
4887987.345306,2.450402,1.656205
4896026.798176,2.538943,1.181340
4904066.251047,2.731391,1.003607
4912105.703917,2.704150,0.863879
4920145.156788,2.788331,0.719781
4928184.609659,2.736566,0.387812
4936224.062529,2.973572,0.483098
4944263.515400,2.889698,0.056845
4952302.968270,2.755574,-0.070606
4960342.421141,2.812537,-0.024996
4968381.874011,2.897022,-0.037475
4976421.326882,2.809305,-0.073215
4984460.779752,2.903065,-0.603428
4992500.232623,2.875642,-0.637651
5000539.685494,2.854797,-0.707058
5008579.138364,2.875397,-0.741958
5016618.591235,2.679837,-1.114311
5024658.044105,2.561391,-1.269973
5032697.496976,2.507330,-1.312641
5040736.949846,2.434843,-1.801036
5048776.402717,2.349680,-1.951300
5056815.855588,2.168893,-1.779613
5064855.308458,2.109375,-1.720321
5072894.761329,1.937775,-1.988249
5080934.214199,1.859601,-2.074215
5088973.667070,1.798268,-2.249482
5097013.119940,1.567673,-2.160525
5105052.572811,1.413193,-2.304488
5113092.025682,1.267412,-2.397552
5121131.478552,1.232379,-2.388871
5129170.931423,1.139663,-2.700193
5137210.384293,0.698635,-2.682561
5145249.837164,0.762681,-2.453849
5153289.290034,0.506835,-2.789295
5161328.742905,0.504739,-2.596086
5169368.195776,0.104946,-2.900497
5177407.648646,0.110583,-2.599379
5185447.101517,-0.025469,-2.601276
5193486.554387,-0.366446,-2.926277
5201526.007258,-0.392273,-2.648615
5209565.460128,-0.598590,-2.445104
5217604.912999,-0.804774,-2.479801
5225644.365870,-0.989174,-2.784761
5233683.818740,-1.115388,-2.621386
5241723.271611,-1.472405,-2.276979
5249762.724481,-1.312910,-2.306282
5257802.177352,-1.585481,-2.535665
5265841.630222,-1.727339,-2.264879
5273881.083093,-1.907707,-2.105430
5281920.535964,-2.025073,-2.180465
5289959.988834,-2.288159,-1.999279
5297999.441705,-2.315256,-1.639047
5306038.894575,-2.427613,-1.485583
5314078.347446,-2.413760,-1.539396
5322117.800316,-2.558801,-1.093584
5330157.253187,-2.577161,-1.117320
5338196.706058,-2.528252,-1.110597
5346236.158928,-2.611014,-0.896922
5354275.611799,-2.738125,-0.891411
5362315.064669,-2.838177,-0.732525
5370354.517540,-2.946841,-0.329406
5378393.970410,-2.823495,-0.252667
5386433.423281,-2.853746,0.041167
5394472.876151,-3.027502,-0.116008
5402512.329022,-2.923692,0.313997
5410551.781893,-2.747996,0.464582
5418591.234763,-2.916871,0.493740
5426630.687634,-2.794050,0.874268
5434670.140504,-2.974069,0.995460
5442709.593375,-2.794291,0.805272
5450749.046245,-2.526932,0.951848
5458788.499116,-2.519847,0.930247
5466827.951987,-2.463505,1.553023
5474867.404857,-2.541422,1.273846
5482906.857728,-2.285635,1.733766
5490946.310598,-2.246352,1.846083
5498985.763469,-2.141963,1.931167
5507025.216339,-1.956717,1.983852
5515064.669210,-1.908640,1.916913
5523104.122081,-1.952576,2.252974
5531143.574951,-1.627706,2.397521
5539183.027822,-1.400705,2.339689
5547222.480692,-1.284927,2.450972
5555261.933563,-1.277250,2.462638
5563301.386433,-0.995003,2.832944
5571340.839304,-0.780716,2.642204
5579380.292175,-0.598794,2.399152
5587419.745045,-0.456588,2.906173
5595459.197916,-0.300909,2.859551
5603498.650786,-0.099642,2.860570
5611538.103657,-0.006726,2.838696
5619577.556527,0.177307,2.569181
5627617.009398,0.479053,2.668599
5635656.462269,0.462588,2.717980
5643695.915139,0.596448,2.658765
5651735.368010,0.849553,2.814105
5659774.820880,0.974615,2.562178
5667814.273751,1.298749,2.425703
5675853.726621,1.324076,2.318193
5683893.179492,1.499364,2.352266
5691932.632363,1.663296,2.284958
5699972.085233,1.684542,1.968503
5708011.538104,2.023991,2.014107
5716050.990974,1.890117,2.072163
5724090.443845,1.993401,1.607593
5732129.896715,2.337434,1.468319
5740169.349586,2.433914,1.784283
5748208.802456,2.545773,1.331412
5756248.255327,2.519355,1.397907
5764287.708198,2.511516,1.207673
5772327.161068,2.686849,1.046373
5780366.613939,2.583917,0.803946
5788406.066809,2.841281,0.727261
5796445.519680,2.686055,0.468190
5804484.972550,2.973371,0.466373
5812524.425421,2.917981,0.198134
5820563.878292,2.843943,0.057901
5828603.331162,2.864067,-0.173669
5836642.784033,2.864246,-0.101335
5844682.236903,2.825324,-0.395761
5852721.689774,2.771190,-0.471295
5860761.142644,2.709126,-0.636353
5868800.595515,2.834700,-0.827004
5876840.048386,2.587834,-0.713252
5884879.501256,2.644943,-0.924519
5892918.954127,2.489643,-1.105651
5900958.406997,2.572956,-1.386311
5908997.859868,2.191964,-1.726754
5917037.312738,2.466284,-2.002226
5925076.765609,2.100930,-1.831572
5933116.218480,2.191905,-1.805827
5941155.671350,1.811903,-2.057764
5949195.124221,1.921938,-1.948084
5957234.577091,1.579409,-2.542931
5965274.029962,1.485588,-2.099589
5973313.482832,1.399941,-2.576714
5981352.935703,1.186691,-2.407163
5989392.388574,1.207794,-2.393850
5997431.841444,1.082729,-2.527362
6005471.294315,0.677803,-2.787781
6013510.747185,0.574880,-2.950536
6021550.200056,0.411763,-2.674464
6029589.652926,0.282924,-2.532301
6037629.105797,0.118763,-2.774395
6045668.558668,-0.137136,-2.693676
6053708.011538,-0.209009,-2.473734
6061747.464409,-0.340421,-2.650470
6069786.917279,-0.469399,-2.427955
6077826.370150,-0.768009,-2.293739
6085865.823020,-0.808856,-2.751335
6093905.275891,-1.014230,-2.671709
6101944.728762,-1.132967,-2.245021
6109984.181632,-1.395016,-2.394039
6118023.634503,-1.461900,-2.414332
6126063.087373,-1.643177,-2.508748
6134102.540244,-1.706720,-2.140538
6142141.993114,-1.867880,-1.822464
6150181.445985,-2.113052,-2.079973
6158220.898855,-2.177304,-1.695490
6166260.351726,-2.342728,-1.629342
6174299.804597,-2.375633,-1.814537
6182339.257467,-2.518348,-1.461575
6190378.710338,-2.672790,-1.320937
6198418.163208,-2.441792,-1.159729
6206457.616079,-2.740825,-0.913941
6214497.068949,-2.893403,-0.750170
6222536.521820,-2.872885,-0.724671
6230575.974691,-2.845975,-0.522701
6238615.427561,-2.832224,-0.434902
6246654.880432,-2.891504,-0.243908
6254694.333302,-2.778600,0.218405
6262733.786173,-2.853394,-0.016423
6270773.239043,-2.888830,0.459354
6278812.691914,-2.809779,0.225762
6286852.144785,-2.679691,0.392019
6294891.597655,-2.785971,0.735953
6302931.050526,-2.731636,0.708071
6310970.503396,-2.825927,0.978986
6319009.956267,-2.762752,1.416801
6327049.409137,-2.511549,1.172663
6335088.862008,-2.384884,1.545397
6343128.314879,-2.376077,1.657368
6351167.767749,-2.231111,1.591420
6359207.220620,-2.035354,1.771235
6367246.673490,-1.967962,1.990941
6375286.126361,-1.656259,1.968617
6383325.579231,-1.796657,2.001626
6391365.032102,-1.570641,2.399709
6399404.484973,-1.494281,2.323903
6407443.937843,-1.489133,2.636807
6415483.390714,-1.228258,2.632511
6423522.843584,-1.103685,2.453455
6431562.296455,-0.778081,2.457800
6439601.749325,-0.626957,2.758876
6447641.202196,-0.731759,2.753902
6455680.655067,-0.287265,2.513028
6463720.107937,-0.180621,2.608322
6471759.560808,-0.247923,2.807846
6479799.013678,0.124803,2.618816
6487838.466549,0.284312,2.485042
6495877.919419,0.412999,2.762484
6503917.372290,0.688772,2.776505
6511956.825161,0.789268,2.366089
6519996.278031,1.059919,2.659800
6528035.730902,1.087019,2.443392
6536075.183772,1.129257,2.571903
6544114.636643,1.471930,2.319683
6552154.089513,1.549403,2.060391
6560193.542384,1.643268,2.147978
6568232.995254,1.755476,1.979715
6576272.448125,2.151371,1.880921
6584311.900996,2.116920,1.725963
6592351.353866,2.238992,1.993325
6600390.806737,2.355542,1.727812
6608430.259607,2.302812,1.505183
6616469.712478,2.439550,1.511808
6624509.165348,2.560099,1.094814
6632548.618219,2.596642,0.987886
6640588.071090,2.711849,0.922808
6648627.523960,2.768283,0.871516
6656666.976831,2.922853,0.921907
6664706.429701,2.866447,0.538320
6672745.882572,2.895658,0.224020
6680785.335442,2.932106,0.370435
6688824.788313,2.693898,0.069279
6696864.241184,2.888670,0.033254
6704903.694054,2.787927,-0.329575
6712943.146925,2.881529,-0.395752
6720982.599795,2.817138,-0.682120
6729022.052666,2.907691,-1.009003
6737061.505536,2.739761,-0.877923
6745100.958407,2.705739,-0.992278
6753140.411278,2.485698,-1.122775
6761179.864148,2.585027,-1.320521
6769219.317019,2.322009,-1.400576
6777258.769889,2.249714,-1.562979
6785298.222760,2.334468,-1.752078
6793337.675630,2.195802,-1.834187
6801377.128501,2.075673,-2.079724
6809416.581372,1.846161,-1.982597
6817456.034242,1.639039,-2.187801
6825495.487113,1.686001,-2.193298
6833534.939983,1.470546,-2.438865
6841574.392854,1.169344,-2.462729
6849613.845724,1.113019,-2.618607
6857653.298595,1.098308,-2.504598
6865692.751466,0.818498,-2.736572
6873732.204336,0.571924,-2.680977
6881771.657207,0.421442,-2.774634
6889811.110077,0.278201,-3.006640
6897850.562948,0.154170,-2.952775
6905890.015818,-0.023658,-2.583700
6913929.468689,-0.246000,-2.840123
6921968.921560,-0.373739,-2.577867
6930008.374430,-0.603528,-2.662745
6938047.827301,-0.697469,-2.567189
6946087.280171,-0.799119,-2.402671
6954126.733042,-0.970685,-2.694214
6962166.185912,-1.177474,-2.633198
6970205.638783,-1.274632,-2.417049
6978245.091653,-1.371648,-2.393567
6986284.544524,-1.537655,-2.189284
6994323.997395,-1.762184,-2.159331
7002363.450265,-1.832037,-1.743653
7010402.903136,-2.053047,-2.182260
7018442.356006,-2.147713,-1.982722
7026481.808877,-2.407915,-1.609989
7034521.261747,-2.147257,-1.856538
7042560.714618,-2.473554,-1.247778
7050600.167489,-2.671741,-1.369396
7058639.620359,-2.530531,-1.359558
7066679.073230,-2.488633,-0.881971
7074718.526100,-2.831082,-0.756180
7082757.978971,-2.761769,-0.517797
7090797.431841,-2.807577,-0.390635
7098836.884712,-2.817566,-0.410933
7106876.337583,-2.896975,-0.372492
7114915.790453,-2.845177,-0.095885
7122955.243324,-2.762823,0.044495
7130994.696194,-3.080739,-0.007278
7139034.149065,-2.946201,0.305643
7147073.601935,-2.924487,0.448113
7155113.054806,-2.960967,0.779459
7163152.507677,-2.871384,0.452587
7171191.960547,-2.681863,0.960372
7179231.413418,-2.741599,1.113756
7187270.866288,-2.550894,1.082409
7195310.319159,-2.620985,1.312462
7203349.772029,-2.464664,1.504791
7211389.224900,-2.202313,1.610756
7219428.677771,-2.132502,1.685181
7227468.130641,-2.016154,1.905457
7235507.583512,-2.014437,2.040114
7243547.036382,-1.867402,2.127429
7251586.489253,-1.670268,1.999383
7259625.942123,-1.543199,2.709186
7267665.394994,-1.465264,2.322566
7275704.847865,-1.118307,2.371922
7283744.300735,-1.108614,2.173949
7291783.753606,-0.996243,2.528028
7299823.206476,-0.853374,2.410046
7307862.659347,-0.730935,2.433766
7315902.112217,-0.510515,2.598304
7323941.565088,-0.256614,2.720967
7331981.017959,-0.024025,2.754959
7340020.470829,0.010111,2.846648
7348059.923700,0.209368,2.602834
7356099.376570,0.346097,2.575943
7364138.829441,0.438330,2.434344
7372178.282311,0.611579,2.588156
7380217.735182,0.815595,2.454803
7388257.188052,1.060221,2.645555
7396296.640923,1.264667,2.510924
7404336.093794,1.375285,2.730796
7412375.546664,1.387627,2.280569
7420414.999535,1.570512,2.387340
7428454.452405,1.806593,1.900926
7436493.905276,1.828926,2.032087
7444533.358146,2.069200,2.081968
7452572.811017,2.204771,1.869742
7460612.263888,2.210661,1.722264
7468651.716758,2.380626,1.392079
7476691.169629,2.449699,1.498505
7484730.622499,2.416245,1.456991
7492770.075370,2.444298,1.492588
7500809.528240,2.761726,0.904946
7508848.981111,2.841101,1.001071
7516888.433982,2.697275,0.858276
7524927.886852,2.885704,0.800369
7532967.339723,2.876700,0.243202
7541006.792593,2.747227,0.466420
7549046.245464,2.874500,0.179039
7557085.698334,2.893261,0.024086
7565125.151205,2.933631,-0.210353
7573164.604076,2.895849,-0.738578
7581204.056946,2.778532,-0.735274
7589243.509817,2.801204,-0.768028
7597282.962687,2.823040,-0.816214
7605322.415558,2.591306,-0.752854
7613361.868428,2.856369,-0.900814
7621401.321299,2.631897,-1.230004
7629440.774170,2.413297,-1.213479
7637480.227040,2.318955,-1.502329
7645519.679911,2.366979,-1.648465
7653559.132781,2.285356,-1.794102
7661598.585652,2.130247,-1.687041
7669638.038522,2.019099,-2.217167
7677677.491393,1.751492,-2.215368
7685716.944264,1.646584,-2.069589
7693756.397134,1.497692,-2.341425
7701795.850005,1.339182,-2.287645
7709835.302875,1.192559,-2.739268
7717874.755746,1.120749,-2.920261
7725914.208616,0.730452,-2.530952
7733953.661487,0.760051,-2.444158
7741993.114357,0.549249,-2.460545
7750032.567228,0.411974,-2.846964
7758072.020099,0.178323,-2.913544
7766111.472969,0.013236,-2.458063
7774150.925840,-0.168410,-2.700709
7782190.378710,-0.218726,-2.623382
7790229.831581,-0.448407,-2.766317
7798269.284451,-0.593086,-2.698156
7806308.737322,-0.694069,-2.527023
7814348.190193,-0.957650,-2.519988
7822387.643063,-1.089746,-2.702790
7830427.095934,-1.220264,-2.339068
7838466.548804,-1.420173,-2.347573
7846506.001675,-1.482390,-2.513878
7854545.454545,-1.890317,-2.030366
7862584.907416,-1.735302,-1.953838
7870624.360287,-2.161703,-2.150488
7878663.813157,-2.107063,-1.674031
7886703.266028,-2.190552,-2.141624
7894742.718898,-2.340444,-1.470450
7902782.171769,-2.446590,-1.735613
7910821.624639,-2.402077,-1.524024
7918861.077510,-2.727561,-1.298406
7926900.530381,-2.825596,-1.052497
7934939.983251,-2.671818,-0.971407
7942979.436122,-2.796213,-0.779795
7951018.888992,-2.710002,-0.949220
7959058.341863,-2.913794,-0.337551
7967097.794733,-2.741206,-0.373873
7975137.247604,-2.916527,-0.019790
7983176.700475,-3.007454,-0.064142
7991216.153345,-2.924031,0.244061
7999255.606216,-3.013378,0.024485
8007295.059086,-2.885910,0.241156
8015334.511957,-2.795595,0.377654
8023373.964827,-2.682932,0.518801
8031413.417698,-2.709191,0.931780
8039452.870569,-2.633146,1.257528
8047492.323439,-2.464934,1.163575
8055531.776310,-2.455229,1.282736
8063571.229180,-2.375174,1.651359
8071610.682051,-2.350692,1.660118
8079650.134921,-2.303089,1.463138
8087689.587792,-2.220440,2.128509
8095729.040663,-1.934759,2.021062
8103768.493533,-2.002440,2.171441
8111807.946404,-1.767274,2.078705
8119847.399274,-1.856219,2.324594
8127886.852145,-1.447044,2.396201
8135926.305015,-1.511475,2.766406
8143965.757886,-1.148470,2.301791
8152005.210756,-1.067175,2.507894
8160044.663627,-0.981045,2.470129
8168084.116498,-0.816923,2.735972
8176123.569368,-0.623759,2.564990
8184163.022239,-0.412461,2.598846
8192202.475109,-0.168362,2.805146
8200241.927980,-0.066179,2.754370
8208281.380850,-0.041841,2.549454
8216320.833721,0.319328,2.793684
8224360.286592,0.536778,2.879006
8232399.739462,0.708671,2.293570
8240439.192333,0.734082,2.591372
8248478.645203,0.883840,2.178888
8256518.098074,1.245752,2.528495
8264557.550944,1.246459,2.325649
8272597.003815,1.343392,2.267727
8280636.456686,1.586873,2.408106
8288675.909556,1.677700,2.279829
8296715.362427,1.845447,2.296635
8304754.815297,1.915590,2.026424
8312794.268168,2.177182,2.008555
8320833.721038,2.076438,1.711288
8328873.173909,2.356365,1.749227
8336912.626780,2.335575,1.407990
8344952.079650,2.533809,1.414247
8352991.532521,2.637916,1.390076
8361030.985391,2.596143,0.913591
8369070.438262,2.604696,1.013890
8377109.891132,2.938505,0.867125
8385149.344003,2.750819,0.598746
8393188.796874,2.865957,0.461890
8401228.249744,2.847643,0.579189
8409267.702615,3.046794,0.097226
8417307.155485,2.917217,0.238190
8425346.608356,2.921560,-0.109086
8433386.061226,2.925670,-0.233491
8441425.514097,2.974355,-0.603386
8449464.966968,2.971083,-0.455890
8457504.419838,2.889310,-0.842777
8465543.872709,2.846100,-0.846714
8473583.325579,2.548866,-1.167445
8481622.778450,2.647987,-1.107186
8489662.231320,2.482475,-1.339636
8497701.684191,2.518258,-1.897669
8505741.137062,2.363289,-1.690526
8513780.589932,2.297198,-1.914249
8521820.042803,2.028019,-1.839800
8529859.495673,2.043354,-1.901655
8537898.948544,1.804832,-2.212413
8545938.401414,1.700017,-2.303218
8553977.854285,1.529498,-2.201368
8562017.307155,1.473167,-2.596909
8570056.760026,1.428858,-2.336641
8578096.212897,1.044496,-2.628810
8586135.665767,0.961582,-2.578980
8594175.118638,1.020636,-2.698115
8602214.571508,0.772982,-2.612041
8610254.024379,0.568882,-2.604994
8618293.477249,0.455913,-2.734228
8626332.930120,0.221763,-2.709008
8634372.382991,0.072088,-2.742056
8642411.835861,-0.198084,-2.886595
8650451.288732,-0.389686,-2.822271
8658490.741602,-0.623900,-2.892325
8666530.194473,-0.669232,-2.481872
8674569.647343,-0.824031,-2.468052
8682609.100214,-1.005194,-2.632942
8690648.553085,-1.331429,-2.475005
8698688.005955,-1.257782,-2.467190
8706727.458826,-1.628476,-2.468121
8714766.911696,-1.591648,-2.021704
8722806.364567,-1.697959,-2.121649
8730845.817437,-1.987817,-1.993611
8738885.270308,-1.861461,-1.956368
8746924.723179,-1.979686,-2.021807
8754964.176049,-2.108231,-1.869459
8763003.628920,-2.375596,-1.537786
8771043.081790,-2.460902,-1.512205
8779082.534661,-2.511279,-1.265335
8787121.987531,-2.595461,-0.829870
8795161.440402,-2.630988,-1.186607
8803200.893273,-2.654877,-0.904583
8811240.346143,-2.601172,-0.819900
8819279.799014,-2.935736,-0.472005
8827319.251884,-2.945330,-0.310915
8835358.704755,-2.918178,-0.330912
8843398.157625,-2.913925,-0.262506
8851437.610496,-2.909536,-0.011804
8859477.063367,-2.954825,0.074731
8867516.516237,-2.776208,0.373858
8875555.969108,-2.914255,0.396885
8883595.421978,-2.788621,0.742098
8891634.874849,-2.804087,0.931285
8899674.327719,-2.673603,1.183029
8907713.780590,-2.762745,1.095099
8915753.233461,-2.574019,1.184537
8923792.686331,-2.373694,1.563490
8931832.139202,-2.376438,1.457271
8939871.592072,-2.347064,2.025854
8947911.044943,-2.282703,1.637331
8955950.497813,-2.133063,1.877619
8963989.950684,-1.919471,1.950340
8972029.403554,-1.755238,1.868567
8980068.856425,-1.811963,2.370974
8988108.309296,-1.501963,2.047745
8996147.762166,-1.271636,2.301748
9004187.215037,-1.218065,2.199134
9012226.667907,-0.910129,2.631184
9020266.120778,-1.013457,2.458665
9028305.573648,-0.846543,2.458859
9036345.026519,-0.648729,2.696328
9044384.479390,-0.478386,2.614047
9052423.932260,-0.140357,2.804377
9060463.385131,-0.127932,2.464802
9068502.838001,-0.002043,2.651385
9076542.290872,0.038830,2.807357
9084581.743742,0.290574,2.595310
9092621.196613,0.626838,2.602266
9100660.649484,0.806533,2.627191
9108700.102354,0.936032,2.554087
9116739.555225,0.892629,2.645682
9124779.008095,1.271265,2.501435
9132818.460966,1.430664,2.381206
9140857.913836,1.536928,1.853434
9148897.366707,1.668394,2.099583
9156936.819578,1.873650,2.284436
9164976.272448,2.001144,2.270561
9173015.725319,2.018027,1.661670
9181055.178189,2.173386,2.005658
9189094.631060,2.284269,1.351347
9197134.083930,2.419532,1.379600
9205173.536801,2.322952,1.440559
9213212.989672,2.375795,1.397813
9221252.442542,2.542725,1.303154
9229291.895413,2.855215,0.993621
9237331.348283,2.719937,0.940689
9245370.801154,2.982538,0.806831
9253410.254024,2.824201,0.536557
9261449.706895,2.925900,0.369101
9269489.159766,2.787466,0.535113
9277528.612636,2.942237,0.197712
9285568.065507,2.871365,0.154835
9293607.518377,2.799068,-0.425942
9301646.971248,2.949785,-0.468349
9309686.424118,2.858932,-0.435048
9317725.876989,2.697248,-0.780067
9325765.329859,2.619056,-0.914460
9333804.782730,2.497793,-1.228492
9341844.235601,2.470585,-1.238632
9349883.688471,2.416158,-1.173594
9357923.141342,2.384811,-1.275614
9365962.594212,2.344431,-1.570133
9374002.047083,2.275510,-1.472003
9382041.499953,2.190114,-1.643206
9390080.952824,1.989069,-2.001682
9398120.405695,1.864558,-2.103127
9406159.858565,1.926932,-2.107327
9414199.311436,1.598963,-2.230308
9422238.764306,1.445887,-2.257956
9430278.217177,1.285531,-2.447919
9438317.670047,1.228571,-2.351881
9446357.122918,1.149798,-2.408804
9454396.575789,0.981915,-2.650213
9462436.028659,0.806002,-2.443175
9470475.481530,0.547475,-2.783311
9478514.934400,0.342939,-2.665754
9486554.387271,0.271903,-2.676394
9494593.840141,0.028404,-2.728083
9502633.293012,-0.115074,-2.485580
9510672.745883,-0.235947,-2.854897
9518712.198753,-0.412156,-2.412773
9526751.651624,-0.615077,-2.568031
9534791.104494,-0.888171,-2.688432
9542830.557365,-0.915899,-2.547598
9550870.010235,-1.058037,-2.431104
9558909.463106,-1.193878,-2.375357
9566948.915977,-1.443589,-2.344119
9574988.368847,-1.364206,-2.422132
9583027.821718,-1.497902,-2.037618
9591067.274588,-1.788784,-2.111560
9599106.727459,-2.025801,-1.977525
9607146.180329,-1.922451,-1.975434
9615185.633200,-2.208871,-1.659838
9623225.086071,-2.391465,-1.681459
9631264.538941,-2.421757,-1.445402
9639303.991812,-2.678930,-1.428640
9647343.444682,-2.493983,-1.254883
9655382.897553,-2.683738,-1.362382
9663422.350423,-2.651825,-0.895659
9671461.803294,-2.599338,-1.007528
9679501.256165,-2.777492,-0.631069
9687540.709035,-2.852815,-0.481288
9695580.161906,-2.789153,-0.529638
9703619.614776,-2.990234,-0.053156
9711659.067647,-2.933158,-0.100168
9719698.520517,-2.917490,0.320310
9727737.973388,-2.888619,0.172316
9735777.426258,-2.857586,0.446474
9743816.879129,-2.920287,0.520056
9751856.332000,-2.850594,0.696968
9759895.784870,-2.860091,0.902962
9767935.237741,-2.715145,1.018355
9775974.690611,-2.584726,1.171196
9784014.143482,-2.478195,1.373055
9792053.596352,-2.421933,1.436900
9800093.049223,-2.425508,1.620216
9808132.502094,-2.064957,1.733206
9816171.954964,-2.195711,1.987076
9824211.407835,-2.041839,1.771789
9832250.860705,-1.986720,1.782015
9840290.313576,-1.824576,2.003287
9848329.766446,-1.555423,2.336258
9856369.219317,-1.445798,2.391848
9864408.672188,-1.318526,2.434014
9872448.125058,-1.088864,2.440383
9880487.577929,-0.965491,2.526177
9888527.030799,-0.813694,2.484226
9896566.483670,-0.639221,2.578909
9904605.936540,-0.459616,2.568231
9912645.389411,-0.432259,2.615024
9920684.842282,-0.104189,2.539805
9928724.295152,-0.154196,2.590638
9936763.748023,0.098540,2.987435
9944803.200893,0.332454,2.775527
9952842.653764,0.399415,2.662507
9960882.106634,0.533579,2.717462
9968921.559505,0.821899,2.553095
9976961.012376,1.042306,2.449604
9985000.465246,0.859304,2.598873
9993039.918117,1.350489,2.524734
10001079.370987,1.392852,2.472524
10009118.823858,1.638558,2.476471
10017158.276728,1.779635,2.156015
10025197.729599,1.808639,1.945051
10033237.182470,2.095713,1.795554
10041276.635340,2.085929,2.065858
10049316.088211,2.114969,1.642818
10057355.541081,2.302170,1.615919
10065394.993952,2.345315,1.627296
10073434.446822,2.563007,1.472642
10081473.899693,2.502953,1.185960
10089513.352564,2.638514,1.244463
10097552.805434,2.828334,1.164507
10105592.258305,2.759020,0.594706
10113631.711175,2.821660,0.408792
10121671.164046,2.711200,0.581014
10129710.616916,2.934640,0.383814
10137750.069787,3.015237,0.063665
10145789.522657,2.704345,0.041979
10153828.975528,2.762129,-0.216547
10161868.428399,2.889795,-0.386790
10169907.881269,2.780277,-0.385236
10177947.334140,2.825526,-0.347174
10185986.787010,2.665196,-0.705567
10194026.239881,2.772103,-0.773569
10202065.692751,2.577495,-0.910167
10210105.145622,2.560270,-1.059393
10218144.598493,2.454598,-1.621746
10226184.051363,2.450608,-1.525625
10234223.504234,2.251700,-1.851075
10242262.957104,2.345436,-2.074778
10250302.409975,2.007961,-1.951309
10258341.862845,2.016419,-2.165303
10266381.315716,1.784185,-2.266720
10274420.768587,1.885009,-2.032575
10282460.221457,1.666334,-2.055010
10290499.674328,1.373915,-2.579791
10298539.127198,1.277348,-2.531343
10306578.580069,1.042785,-2.294976
10314618.032939,0.767506,-2.758563
10322657.485810,0.688596,-2.376821
10330696.938681,0.674358,-2.558181
10338736.391551,0.603529,-2.514417
10346775.844422,0.378925,-2.400009
10354815.297292,0.165817,-2.345853
10362854.750163,-0.161510,-2.697777
10370894.203033,-0.183015,-2.811410
10378933.655904,-0.604089,-2.906637
10386973.108775,-0.660245,-2.543310
10395012.561645,-0.775821,-2.770389
10403052.014516,-0.909599,-2.552836
10411091.467386,-1.016856,-2.711455
10419130.920257,-1.363994,-2.553986
10427170.373127,-1.327014,-2.486109
10435209.825998,-1.420241,-2.283250
10443249.278869,-1.747836,-2.316301
10451288.731739,-1.906917,-2.298860
10459328.184610,-1.730867,-1.910660
10467367.637480,-1.936780,-1.990600
10475407.090351,-2.125716,-1.643627
10483446.543221,-2.376786,-1.696508
10491485.996092,-2.379667,-1.628442
10499525.448963,-2.543942,-1.693693
10507564.901833,-2.480652,-1.120208
10515604.354704,-2.612438,-1.135957
10523643.807574,-2.737091,-1.134958
10531683.260445,-2.702239,-1.079942
10539722.713315,-2.752292,-0.843013
10547762.166186,-2.629773,-0.438510
10555801.619056,-2.795814,-0.287934
10563841.071927,-2.802192,-0.557219
10571880.524798,-2.831510,-0.263022
10579919.977668,-2.932019,0.276160
10587959.430539,-2.867529,0.178070
10595998.883409,-2.893280,0.294799
10604038.336280,-2.888781,0.392119
10612077.789150,-2.889778,0.743636
10620117.242021,-2.756495,0.741429
10628156.694892,-2.637008,0.971831
10636196.147762,-2.692085,0.958692
10644235.600633,-2.555185,1.130317
10652275.053503,-2.515452,1.515358
10660314.506374,-2.226424,1.289976
10668353.959244,-2.235760,1.604562
10676393.412115,-2.148325,1.839152
10684432.864986,-2.083127,2.152400
10692472.317856,-2.015628,2.224455
10700511.770727,-1.858363,2.136072
10708551.223597,-1.739177,2.040906
10716590.676468,-1.502871,2.392442
10724630.129338,-1.365360,2.271704
10732669.582209,-1.399961,2.266607
10740709.035080,-1.008839,2.896185
10748748.487950,-0.977148,2.655772
10756787.940821,-0.908010,2.476836
10764827.393691,-0.587521,2.643516
10772866.846562,-0.446478,2.810136
10780906.299432,-0.339519,2.765607
10788945.752303,-0.038263,2.968674
10796985.205174,0.084340,2.469820
10805024.658044,0.370260,2.450690
10813064.110915,0.254403,2.610584
10821103.563785,0.449474,2.544766
10829143.016656,0.836680,2.552520
10837182.469526,0.943599,2.795037
10845221.922397,0.954729,2.551452
10853261.375268,1.173568,2.319499
10861300.828138,1.352381,2.358307
10869340.281009,1.546322,2.384458
10877379.733879,1.810567,2.006325
10885419.186750,1.784747,2.133297
10893458.639620,1.973549,2.126365
10901498.092491,1.974139,1.702545
10909537.545361,2.140954,1.828094
10917576.998232,2.303130,1.936871
10925616.451103,2.297693,1.566324
10933655.903973,2.381652,1.674312
10941695.356844,2.589508,1.064838
10949734.809714,2.581539,0.983606
10957774.262585,2.610250,0.928431
10965813.715455,2.805496,0.790155
10973853.168326,2.779762,0.868877
10981892.621197,2.789596,0.756429
10989932.074067,2.948132,0.361054
10997971.526938,2.791934,0.189113
11006010.979808,2.860845,0.127097
11014050.432679,2.888157,0.032200
11022089.885549,2.865810,-0.394780
11030129.338420,2.687816,-0.295141
11038168.791291,2.787613,-0.774344
11046208.244161,2.858435,-0.752950
11054247.697032,2.795470,-0.729044
11062287.149902,2.767767,-0.957209
11070326.602773,2.623910,-1.153255
11078366.055643,2.533096,-1.391094
11086405.508514,2.381083,-1.430618
11094444.961385,2.321309,-1.527733
11102484.414255,2.380282,-1.756116
11110523.867126,2.193916,-1.539423
11118563.319996,1.861568,-2.039130
11126602.772867,1.885610,-2.105598
11134642.225737,1.828887,-1.779176
11142681.678608,1.704666,-2.215615
11150721.131479,1.496228,-2.266222
11158760.584349,1.327942,-2.566725
11166800.037220,1.183694,-2.514927
11174839.490090,0.963120,-2.494286
11182878.942961,0.848030,-2.406595
11190918.395831,0.787837,-2.869768
11198957.848702,0.584681,-2.547374
11206997.301573,0.552403,-2.258058
11215036.754443,0.217417,-2.901803
11223076.207314,0.050201,-2.660130
11231115.660184,-0.143128,-2.701935
11239155.113055,-0.311338,-2.617927
11247194.565925,-0.408974,-2.485247
11255234.018796,-0.768516,-2.668968
11263273.471667,-0.764168,-2.619785
11271312.924537,-0.880496,-2.668540
11279352.377408,-1.062655,-2.595887
11287391.830278,-1.277523,-2.579448
11295431.283149,-1.469500,-2.291379
11303470.736019,-1.656835,-2.248688
11311510.188890,-1.661744,-2.084112
11319549.641760,-1.830735,-2.303868
11327589.094631,-1.880706,-2.092424
11335628.547502,-2.176984,-1.970455
11343668.000372,-2.295666,-1.758191
11351707.453243,-2.508869,-1.732988
11359746.906113,-2.407012,-1.414010
11367786.358984,-2.457099,-1.400061
11375825.811854,-2.569879,-1.313763
11383865.264725,-2.706628,-1.078264
11391904.717596,-2.562826,-0.878399
11399944.170466,-2.847244,-0.842158
11407983.623337,-2.933716,-0.424442
11416023.076207,-2.920386,-0.446347
11424062.529078,-2.934004,-0.215599
11432101.981948,-2.910152,0.065719
11440141.434819,-2.949749,-0.131049
11448180.887690,-2.868427,0.186327
11456220.340560,-2.800891,0.325710
11464259.793431,-3.026282,0.354837
11472299.246301,-2.827710,0.570242
11480338.699172,-2.636951,0.847014
11488378.152042,-2.671685,0.944232
11496417.604913,-2.762258,0.860649
11504457.057784,-2.658454,1.322862
11512496.510654,-2.491949,1.607943
11520535.963525,-2.645182,1.614428
11528575.416395,-2.456867,1.605258
11536614.869266,-2.216009,1.991569
11544654.322136,-2.165880,1.912981
11552693.775007,-2.082290,1.996756
11560733.227878,-1.743540,1.966348
11568772.680748,-1.639651,2.020508
11576812.133619,-1.850235,2.257127
11584851.586489,-1.280092,2.257905
11592891.039360,-1.217755,2.457092
11600930.492230,-1.124647,2.334228
11608969.945101,-1.018397,2.470040
11617009.397972,-0.884156,2.517664
11625048.850842,-0.689587,2.798421
11633088.303713,-0.571006,2.875319
11641127.756583,-0.407412,2.945954
11649167.209454,-0.180560,2.626467
11657206.662324,-0.015729,2.693644
11665246.115195,0.239768,2.802000
11673285.568066,0.358849,2.833832
11681325.020936,0.417546,2.562926
11689364.473807,0.866440,2.676350
11697403.926677,0.883767,2.650060
11705443.379548,1.238556,2.757361
11713482.832418,1.344420,2.601577
11721522.285289,1.132177,2.495712
11729561.738159,1.299052,2.371760
11737601.191030,1.567903,2.188533
11745640.643901,1.718774,1.947582
11753680.096771,1.807480,2.271090
11761719.549642,2.086446,1.940836
11769759.002512,2.003411,1.843167
11777798.455383,2.167562,1.529000
11785837.908253,2.137953,1.595432
11793877.361124,2.324974,1.250826
11801916.813995,2.551675,1.355674
11809956.266865,2.539319,1.013769
11817995.719736,2.693176,0.930838
11826035.172606,2.760357,0.815849
11834074.625477,2.763911,0.657392
11842114.078347,2.792762,0.596927
11850153.531218,2.882625,0.521875
11858192.984089,2.937070,0.336036
11866232.436959,2.908018,0.269153
11874271.889830,3.057833,0.294903
11882311.342700,2.970016,-0.132413
11890350.795571,2.918662,-0.132691
11898390.248441,2.879500,-0.479967
11906429.701312,2.855847,-0.663057
11914469.154183,2.878083,-0.765632
11922508.607053,2.648741,-0.895065
11930548.059924,2.653737,-1.286481
11938587.512794,2.754019,-1.127676
11946626.965665,2.491846,-1.329028
11954666.418535,2.382656,-1.589731
11962705.871406,2.293084,-1.467452
11970745.324277,2.027438,-1.864441
11978784.777147,2.085789,-1.996875
11986824.230018,1.975819,-1.744042
11994863.682888,2.100267,-2.311732
12002903.135759,1.752250,-2.302537
12010942.588629,1.494843,-2.628549
12018982.041500,1.280033,-2.611642
12027021.494371,1.328424,-2.285752
12035060.947241,1.092928,-2.436921
12043100.400112,1.077546,-2.480978
12051139.852982,0.898754,-2.557568
12059179.305853,0.596520,-2.859609
12067218.758723,0.602317,-2.786301
12075258.211594,0.304423,-2.680335
12083297.664465,0.239508,-2.777625
12091337.117335,-0.067506,-2.850117
12099376.570206,-0.324559,-2.886585
12107416.023076,-0.365610,-2.669852
12115455.475947,-0.783377,-2.557638
12123494.928817,-0.740615,-2.482481
12131534.381688,-0.925746,-2.796991
12139573.834558,-0.909099,-2.612387
12147613.287429,-1.236534,-2.588718
12155652.740300,-1.328890,-2.412849
12163692.193170,-1.565155,-2.345467
12171731.646041,-1.660205,-2.378389
12179771.098911,-1.827865,-2.099163
12187810.551782,-1.891621,-2.079814
12195850.004652,-1.970114,-1.870456
12203889.457523,-2.179158,-1.879717
12211928.910394,-2.293465,-1.704381
12219968.363264,-2.278707,-1.530864
12228007.816135,-2.470983,-1.535626
12236047.269005,-2.501309,-1.360255
12244086.721876,-2.518385,-1.286400
12252126.174746,-2.607536,-1.015480
12260165.627617,-2.601279,-0.878778
12268205.080488,-2.675262,-0.567833
12276244.533358,-2.738934,-0.689027
12284283.986229,-2.849845,-0.681421
12292323.439099,-2.997589,-0.114010
12300362.891970,-2.840221,0.026798
12308402.344840,-2.855433,0.123885
12316441.797711,-2.905597,0.337931
12324481.250582,-2.847263,0.272004
12332520.703452,-2.915342,0.611136
12340560.156323,-2.826633,0.749180
12348599.609193,-2.685515,1.097147
12356639.062064,-2.685334,1.104404
12364678.514934,-2.511353,1.317722
12372717.967805,-2.403804,1.322662
12380757.420676,-2.516490,1.451854
12388796.873546,-2.299347,1.473569
12396836.326417,-2.340169,1.593279
12404875.779287,-2.386916,1.717722
12412915.232158,-2.002748,1.815948
12420954.685028,-1.908636,2.000591
12428994.137899,-1.877794,2.186333
12437033.590770,-1.736868,2.208199
12445073.043640,-1.542879,2.252666
12453112.496511,-1.473452,2.450643
12461151.949381,-1.221595,2.502606
12469191.402252,-1.023959,2.465781
12477230.855122,-0.973858,2.654988
12485270.307993,-0.749862,2.496678
12493309.760863,-0.627668,2.894766
12501349.213734,-0.336793,2.610112
12509388.666605,-0.244053,2.643012
12517428.119475,-0.026829,2.697672
12525467.572346,0.060470,2.672842
12533507.025216,0.190463,2.631295
12541546.478087,0.381631,2.746035
12549585.930957,0.447796,2.432270
12557625.383828,0.791552,2.737173
12565664.836699,0.963648,2.632211
12573704.289569,0.913859,2.594798
12581743.742440,1.255574,2.393231
12589783.195310,1.313974,2.362807
12597822.648181,1.459782,2.337052
12605862.101051,1.675284,2.090511
12613901.553922,1.854561,2.339747
12621941.006793,2.048946,2.004919
12629980.459663,2.187235,1.820049
12638019.912534,2.258449,1.882201
12646059.365404,2.211889,1.723285
12654098.818275,2.482596,1.566253
12662138.271145,2.440226,1.272073
12670177.724016,2.447080,1.155658
12678217.176887,2.650264,1.182575
12686256.629757,2.817595,0.958388
12694296.082628,2.773065,0.659336
12702335.535498,2.849290,0.829070
12710374.988369,2.829240,0.461305
12718414.441239,2.780424,0.233614
12726453.894110,2.871484,0.183651
12734493.346981,2.830497,0.006181
12742532.799851,2.987110,-0.216064
12750572.252722,2.915361,-0.620570
12758611.705592,2.747795,-0.405551
12766651.158463,2.661645,-0.614362
12774690.611333,2.769368,-0.699609
12782730.064204,2.780758,-0.848815
12790769.517075,2.571221,-1.110571
12798808.969945,2.613864,-1.153900
12806848.422816,2.761210,-1.557330
12814887.875686,2.386027,-1.637945
12822927.328557,2.382380,-1.455351
12830966.781427,2.387120,-1.664530
12839006.234298,2.159413,-1.865086
12847045.687169,2.078889,-1.781105
12855085.140039,1.766461,-1.796839
12863124.592910,1.753230,-2.123540
12871164.045780,1.656246,-2.316223
12879203.498651,1.363588,-2.168911
12887242.951521,1.424875,-2.151003
12895282.404392,1.316920,-2.168649
12903321.857262,0.992836,-2.575800
12911361.310133,0.875387,-2.744907
12919400.763004,0.659819,-2.704314
12927440.215874,0.533677,-2.651186
12935479.668745,0.229092,-2.465532
12943519.121615,0.156761,-2.611107
12951558.574486,0.158521,-2.852213
12959598.027356,-0.025865,-2.811764
12967637.480227,-0.331019,-2.789615
12975676.933098,-0.577331,-2.780626
12983716.385968,-0.651406,-2.530167
12991755.838839,-0.815472,-2.580813
12999795.291709,-1.096803,-2.784449
13007834.744580,-1.027705,-2.175353
13015874.197450,-1.280375,-2.401260
13023913.650321,-1.497418,-2.282695
13031953.103192,-1.639118,-2.315544
13039992.556062,-1.744516,-2.321780
13048032.008933,-1.959746,-2.041671
13056071.461803,-2.088069,-2.204042
13064110.914674,-2.301236,-1.872994
13072150.367544,-2.150994,-1.766256
13080189.820415,-2.060811,-1.956617
13088229.273286,-2.489024,-1.501113
13096268.726156,-2.498838,-1.555372
13104308.179027,-2.621426,-1.249635
13112347.631897,-2.642247,-1.134591
13120387.084768,-2.852237,-1.053787
13128426.537638,-2.945693,-0.784482
13136465.990509,-2.773731,-0.616143
13144505.443380,-2.782285,-0.579967
13152544.896250,-2.927010,-0.384373
13160584.349121,-2.813236,-0.351116
13168623.801991,-2.820274,0.006152
13176663.254862,-2.753791,-0.044795
13184702.707732,-2.962050,0.263576
13192742.160603,-2.718739,0.320123
13200781.613474,-2.832312,0.701449
13208821.066344,-2.766402,0.541825
13216860.519215,-2.774012,1.132939
13224899.972085,-2.753947,1.145065
13232939.424956,-2.598464,1.243670
13240978.877826,-2.732292,1.357223
13249018.330697,-2.482302,1.394595
13257057.783568,-2.332248,1.992251
13265097.236438,-2.270666,1.595249
13273136.689309,-2.203542,1.732136
13281176.142179,-2.060774,2.214551
13289215.595050,-1.910587,2.074144
13297255.047920,-1.748559,2.243099
13305294.500791,-1.723455,2.140340
13313333.953661,-1.575660,2.510309
13321373.406532,-1.260895,2.392613
13329412.859403,-1.176444,2.529381
13337452.312273,-0.956927,2.566194
13345491.765144,-0.920145,2.642011
13353531.218014,-0.581551,2.629705
13361570.670885,-0.599099,2.805338
13369610.123755,-0.303183,2.850257
13377649.576626,-0.084971,2.769756
13385689.029497,-0.118284,2.922460
13393728.482367,0.088591,2.699072
13401767.935238,0.276711,2.701890
13409807.388108,0.480746,2.781426
13417846.840979,0.634702,2.646100
13425886.293849,0.841372,2.666676
13433925.746720,1.051724,2.687917
13441965.199591,1.068374,2.496585
13450004.652461,1.338084,2.463138
13458044.105332,1.391532,2.081618
13466083.558202,1.678381,2.136299
13474123.011073,1.594348,2.376966
13482162.463943,1.932934,2.103232
13490201.916814,2.001375,2.091481
13498241.369685,2.090230,1.677840
13506280.822555,2.414668,1.467571
13514320.275426,2.377436,1.709604
13522359.728296,2.397757,1.680598
13530399.181167,2.572290,1.147287
13538438.634037,2.497447,1.122620
13546478.086908,2.773843,0.767366
13554517.539779,2.742852,1.090401
13562556.992649,2.825157,0.643695
13570596.445520,2.793553,0.748804
13578635.898390,2.821513,0.315017
13586675.351261,2.828247,0.570031
13594714.804131,2.969928,-0.162406
13602754.257002,2.911636,-0.000465
13610793.709873,2.937487,0.202434
13618833.162743,2.722406,-0.343425
13626872.615614,2.963477,-0.314133
13634912.068484,2.800258,-0.677340
13642951.521355,2.896899,-0.867057
13650990.974225,2.645791,-1.213348
13659030.427096,2.761179,-1.168920
13667069.879967,2.503201,-1.051702
13675109.332837,2.456999,-1.290640
13683148.785708,2.367529,-1.486908
13691188.238578,2.374116,-1.661551
13699227.691449,2.164671,-1.893345
13707267.144319,2.010238,-1.734650
13715306.597190,1.923633,-1.821845
13723346.050060,1.889574,-1.843275
13731385.502931,1.718419,-2.149539
13739424.955802,1.621831,-2.284085
13747464.408672,1.500717,-2.533772
13755503.861543,1.292684,-2.267166
13763543.314413,1.052609,-2.370025
13771582.767284,0.846236,-2.583880
13779622.220154,0.769187,-2.397943
13787661.673025,0.676220,-2.546257
13795701.125896,0.476943,-2.632908
13803740.578766,0.110875,-2.935559
13811780.031637,-0.007910,-2.686782
13819819.484507,-0.236283,-2.648796
13827858.937378,-0.126587,-2.766722
13835898.390248,-0.460974,-2.651074
13843937.843119,-0.530939,-2.700612
13851977.295990,-0.726750,-2.687981
13860016.748860,-0.830750,-2.689441
13868056.201731,-0.980635,-2.447284
13876095.654601,-1.178704,-2.281026
13884135.107472,-1.491106,-2.304164
13892174.560342,-1.394227,-2.574293
13900214.013213,-1.567888,-2.259911
13908253.466084,-1.723474,-2.172654
13916292.918954,-1.854342,-2.083617
13924332.371825,-2.027869,-1.883777
13932371.824695,-2.163388,-1.866817
13940411.277566,-2.430647,-1.352932
13948450.730436,-2.344438,-1.704573
13956490.183307,-2.370008,-1.411404
13964529.636178,-2.533652,-1.203686
13972569.089048,-2.617892,-1.194722
13980608.541919,-2.746654,-1.018453
13988647.994789,-2.721123,-0.897747
13996687.447660,-2.753876,-0.801159
14004726.900530,-2.880605,-0.540008
14012766.353401,-3.026591,-0.224569
14020805.806272,-2.959722,-0.158558
14028845.259142,-2.974615,-0.308498
14036884.712013,-2.973945,0.052597
14044924.164883,-3.027392,0.150695
14052963.617754,-2.887499,0.600947
14061003.070624,-3.014231,0.343694
14069042.523495,-2.744748,0.972265
14077081.976365,-2.814499,1.078917
14085121.429236,-2.755841,1.056383
14093160.882107,-2.661502,1.158437
14101200.334977,-2.605096,0.969884
14109239.787848,-2.428157,1.368192
14117279.240718,-2.479839,1.556144
14125318.693589,-2.375157,1.707278
14133358.146459,-2.301068,2.075836
14141397.599330,-2.187837,2.183134
14149437.052201,-1.958855,2.212972
14157476.505071,-1.691324,1.849787
14165515.957942,-1.699678,2.506157
14173555.410812,-1.574411,2.150488
14181594.863683,-1.443486,2.409918
14189634.316553,-1.306624,2.404854
14197673.769424,-1.084801,2.251268
14205713.222295,-0.957422,2.831553
14213752.675165,-0.706549,2.555142
14221792.128036,-0.557212,2.574398
14229831.580906,-0.323467,2.630527
14237871.033777,-0.359748,2.633492
14245910.486647,-0.070475,2.701418
14253949.939518,0.062644,2.780754
14261989.392389,0.037923,2.803617
14270028.845259,0.511505,2.914951
14278068.298130,0.476197,2.405947
14286107.751000,0.664060,2.763761
14294147.203871,0.941634,2.584100
14302186.656741,1.022544,2.327108
14310226.109612,1.134687,2.503962
14318265.562483,1.370477,2.269593
14326305.015353,1.709486,2.232490
14334344.468224,1.631548,2.069698
14342383.921094,1.712931,1.979241
14350423.373965,2.048268,2.131883
14358462.826835,1.994456,1.776681
14366502.279706,2.086164,1.975895
14374541.732577,2.230362,1.661206
14382581.185447,2.304900,1.602541
14390620.638318,2.495003,1.413214
14398660.091188,2.520680,1.104819
14406699.544059,2.696969,1.066070
14414738.996929,2.638411,1.047803
14422778.449800,2.725927,0.753202
14430817.902671,2.871822,0.685687
14438857.355541,2.859125,0.495522
14446896.808412,2.847257,0.645817
14454936.261282,2.866264,0.274984
14462975.714153,2.942290,-0.238452
14471015.167023,3.042464,0.004164
14479054.619894,3.118841,-0.316550
14487094.072764,3.016071,-0.145216
14495133.525635,2.744165,-0.673561
14503172.978506,2.957152,-0.815363
14511212.431376,2.783424,-0.693340
14519251.884247,2.771898,-1.045891
14527291.337117,2.658331,-1.082933
14535330.789988,2.369561,-1.151040
14543370.242858,2.448297,-1.615562
14551409.695729,2.352191,-1.558118
14559449.148600,2.166935,-1.778683
14567488.601470,2.204118,-1.961924
14575528.054341,1.992873,-2.014620
14583567.507211,1.844758,-1.978143
14591606.960082,1.481491,-2.114017
14599646.412952,1.678679,-2.230839
14607685.865823,1.444584,-2.310800
14615725.318694,1.348815,-2.243199
14623764.771564,1.112061,-2.326966
14631804.224435,1.054050,-2.475049
14639843.677305,0.916668,-2.406150
14647883.130176,0.664111,-2.294538
14655922.583046,0.492601,-2.810278
14663962.035917,0.493820,-2.796875
14672001.488788,0.187575,-2.862263
14680040.941658,-0.186767,-2.502416
14688080.394529,-0.016183,-2.606762
14696119.847399,-0.269477,-2.573471
14704159.300270,-0.383779,-2.768377
14712198.753140,-0.668619,-2.507643
14720238.206011,-0.847000,-2.405094
14728277.658882,-0.964749,-2.461199
14736317.111752,-1.158422,-2.272359
14744356.564623,-1.301567,-2.216558
14752396.017493,-1.420811,-2.220533
14760435.470364,-1.585746,-2.354656
14768474.923234,-1.710972,-2.272570
14776514.376105,-2.053211,-2.108062
14784553.828976,-1.971450,-1.968567
14792593.281846,-2.055375,-2.026390
14800632.734717,-2.222651,-1.882144
14808672.187587,-2.319371,-1.893456
14816711.640458,-2.275391,-1.506572
14824751.093328,-2.306464,-1.342800
14832790.546199,-2.642936,-1.296509
14840829.999070,-2.683768,-1.111133
14848869.451940,-2.770788,-0.747375
14856908.904811,-2.735222,-0.628985
14864948.357681,-2.837605,-0.851445
14872987.810552,-2.955022,-0.225120
14881027.263422,-2.738635,-0.232053
14889066.716293,-2.965840,0.113029
14897106.169163,-2.882854,0.053441
14905145.622034,-2.829605,0.179717
14913185.074905,-2.975491,0.127813
14921224.527775,-2.942829,0.323075
14929263.980646,-2.793419,0.637559
14937303.433516,-2.643046,0.879586
14945342.886387,-2.653090,1.042807
14953382.339257,-2.732028,0.926123
14961421.792128,-2.577373,1.058059
14969461.244999,-2.362437,1.378811
14977500.697869,-2.556426,1.483844
14985540.150740,-2.255943,1.665979
14993579.603610,-2.272437,1.854537
15001619.056481,-2.045823,1.993433
15009658.509351,-1.995866,2.078876
15017697.962222,-1.895889,2.161124
15025737.415093,-1.837475,2.290574
15033776.867963,-1.691547,2.061752
15041816.320834,-1.382770,2.184169
15049855.773704,-1.370580,2.458475
15057895.226575,-1.042065,2.487156
15065934.679445,-1.091893,2.458237
15073974.132316,-0.827354,2.512497
15082013.585187,-0.776306,2.469772
15090053.038057,-0.657671,2.548711
15098092.490928,-0.380494,2.731048
15106131.943798,0.054410,2.916093
15114171.396669,-0.109543,3.045608
15122210.849539,0.255208,2.657159
15130250.302410,0.496486,2.610791
15138289.755281,0.503208,2.673327
15146329.208151,0.579958,2.657379
15154368.661022,0.785398,2.683254
15162408.113892,1.053865,2.635613
15170447.566763,1.168137,2.639158
15178487.019633,1.304517,2.266534
15186526.472504,1.462344,2.276478
15194565.925375,1.620205,2.335421
15202605.378245,1.577327,1.992978
15210644.831116,2.069899,1.981144
15218684.283986,1.908220,2.184814
15226723.736857,2.196301,1.829262
15234763.189727,2.141626,1.778550
15242802.642598,2.456952,1.286002
15250842.095469,2.529305,1.242139
15258881.548339,2.570622,1.370634
15266921.001210,2.609119,1.438886
15274960.454080,2.615815,1.139152
15282999.906951,2.708445,1.060150
15291039.359821,2.817386,0.711072
15299078.812692,2.868718,0.352513
15307118.265562,2.805492,0.536123
15315157.718433,2.824100,0.219784
15323197.171304,3.006009,-0.166838
15331236.624174,2.930922,0.093463
15339276.077045,2.927352,-0.305224
15347315.529915,2.861944,-0.246329
15355354.982786,2.743404,-0.411612
15363394.435656,2.735373,-0.669277
15371433.888527,2.701912,-0.971315
15379473.341398,2.681305,-1.112282
15387512.794268,2.618281,-0.938540
15395552.247139,2.633174,-1.235022
15403591.700009,2.738088,-1.577421
15411631.152880,2.385071,-1.470378
15419670.605750,2.289154,-1.559010
15427710.058621,2.146037,-1.745994
15435749.511492,1.962116,-1.900042
15443788.964362,1.927366,-1.895220
15451828.417233,1.789499,-2.211059
15459867.870103,1.716583,-2.216797
15467907.322974,1.565564,-2.552507
15475946.775844,1.330183,-2.602003
15483986.228715,1.329615,-2.472823
15492025.681586,1.013512,-2.526006
15500065.134456,0.970948,-2.449320
15508104.587327,0.843843,-2.457704
15516144.040197,0.580408,-2.610888
15524183.493068,0.356399,-2.901313
15532222.945938,0.315984,-2.793021
15540262.398809,0.154931,-2.674488
15548301.851680,-0.070978,-2.922195
15556341.304550,-0.263303,-2.595887
15564380.757421,-0.330886,-2.293206
15572420.210291,-0.512038,-2.699436
15580459.663162,-0.620311,-2.446866
15588499.116032,-0.840016,-2.575389
15596538.568903,-1.063177,-2.444178
15604578.021774,-1.195061,-2.648740
15612617.474644,-1.413430,-2.396796
15620656.927515,-1.562985,-2.442935
15628696.380385,-1.646984,-2.060967
15636735.833256,-1.846475,-2.171269
15644775.286126,-1.945787,-1.839871
15652814.738997,-1.845669,-1.955174
15660854.191867,-2.126877,-1.699342
15668893.644738,-2.262803,-1.692312
15676933.097609,-2.290966,-1.421819
15684972.550479,-2.360258,-1.281467
15693012.003350,-2.595743,-1.502690
15701051.456220,-2.646406,-1.162796
15709090.909091,-2.612835,-1.437203
15717130.361961,-2.661459,-0.977690
15725169.814832,-2.723917,-0.412676
15733209.267703,-2.907250,-0.431329
15741248.720573,-2.941424,-0.428992
15749288.173444,-2.960611,-0.091274
15757327.626314,-2.780741,-0.319466
15765367.079185,-2.759280,0.242128
15773406.532055,-2.933998,0.297255
15781445.984926,-2.856061,0.280148
15789485.437797,-2.854396,0.541181
15797524.890667,-2.989712,0.973663
15805564.343538,-2.594152,0.666327
15813603.796408,-2.683276,0.944653
15821643.249279,-2.679126,1.363572
15829682.702149,-2.497427,1.253112
15837722.155020,-2.590718,1.256573
15845761.607891,-2.401695,1.537631
15853801.060761,-2.276204,1.835426
15861840.513632,-2.188178,1.780731
15869879.966502,-1.967942,1.971154
15877919.419373,-1.952076,1.878584
15885958.872243,-1.829318,2.144072
15893998.325114,-1.682336,2.262492
15902037.777985,-1.571457,2.622750
15910077.230855,-1.363769,2.366404
15918116.683726,-1.121329,2.719814
15926156.136596,-1.031272,2.217519
15934195.589467,-1.015765,2.469564
15942235.042337,-0.670031,2.787376
15950274.495208,-0.643779,2.584428
15958313.948079,-0.524839,2.707729
15966353.400949,-0.325012,2.688355
15974392.853820,-0.065299,2.650596
15982432.306690,0.037504,2.770263
15990471.759561,0.334989,2.586710
15998511.212431,0.507912,2.869914
16006550.665302,0.676203,2.878150
16014590.118173,0.680461,2.589069
16022629.571043,1.032720,2.701802
16030669.023914,1.032975,2.802758
16038708.476784,1.269931,1.986701
16046747.929655,1.390569,2.191434
16054787.382525,1.497578,2.318065
16062826.835396,1.868678,2.314719
16070866.288266,1.903645,1.977497
16078905.741137,1.869212,2.006966
16086945.194008,2.080104,1.863149
16094984.646878,2.046894,1.859652
16103024.099749,2.186674,1.622856
16111063.552619,2.249718,1.509449
16119103.005490,2.374930,1.339332
16127142.458360,2.396059,1.169910
16135181.911231,2.677924,1.006497
16143221.364102,2.540839,1.096522
16151260.816972,2.752554,0.612644
16159300.269843,2.968706,0.637720
16167339.722713,2.782984,0.421820
16175379.175584,2.911548,0.708599
16183418.628454,2.910991,0.249443
16191458.081325,2.892725,-0.145283
16199497.534196,2.970987,-0.220679
16207536.987066,2.890403,-0.165914
16215576.439937,2.721083,-0.499951
16223615.892807,2.712622,-0.663395
16231655.345678,2.681227,-0.723377
16239694.798548,2.721947,-0.730459
16247734.251419,2.769118,-0.872824
16255773.704290,2.577267,-1.158482
16263813.157160,2.665113,-1.164663
16271852.610031,2.450001,-1.349938
16279892.062901,2.383539,-1.572693
16287931.515772,2.242732,-1.602770
16295970.968642,2.223591,-1.691962
16304010.421513,2.043533,-2.156019
16312049.874384,1.834265,-2.010337
16320089.327254,1.752816,-2.288697
16328128.780125,1.553464,-2.183394
16336168.232995,1.487691,-2.438018
16344207.685866,1.222860,-2.472178
16352247.138736,1.107393,-2.255591
16360286.591607,1.038796,-2.622085
16368326.044478,0.849787,-2.628489
16376365.497348,0.691262,-2.592864
16384404.950219,0.551858,-2.599483
16392444.403089,0.210932,-2.703505
16400483.855960,0.069419,-3.075406
16408523.308830,0.041764,-2.429123
16416562.761701,-0.070003,-2.749880
16424602.214572,-0.234906,-2.660606
16432641.667442,-0.528528,-2.633355
16440681.120313,-0.508097,-2.315615
16448720.573183,-0.916234,-2.565395
16456760.026054,-1.033324,-2.432875
16464799.478924,-1.255084,-2.470844
16472838.931795,-1.245083,-2.406200
16480878.384665,-1.452934,-2.545587
16488917.837536,-1.503890,-2.068021
16496957.290407,-1.668016,-2.269026
16504996.743277,-1.918235,-2.187185
16513036.196148,-1.702770,-2.228354
16521075.649018,-2.043608,-1.629237
16529115.101889,-1.995649,-1.842452
16537154.554759,-2.311506,-1.510142
16545194.007630,-2.428468,-1.361672
16553233.460501,-2.427051,-1.538950
16561272.913371,-2.434864,-1.230937
16569312.366242,-2.677082,-1.140528
16577351.819112,-2.800314,-0.727270
16585391.271983,-2.731872,-0.711535
16593430.724853,-2.973816,-0.801890
16601470.177724,-2.891025,-0.537038
16609509.630595,-2.982187,-0.280221
16617549.083465,-2.828699,-0.037104
16625588.536336,-2.983617,-0.299801
16633627.989206,-2.891809,0.061900
16641667.442077,-2.754432,0.145163
16649706.894947,-2.782081,0.454690
16657746.347818,-2.851651,0.615744
16665785.800689,-2.871840,0.638675
16673825.253559,-2.809974,1.197557
16681864.706430,-2.806782,1.007683
16689904.159300,-2.678807,1.046209
16697943.612171,-2.688057,1.484221
16705983.065041,-2.333947,1.720538
16714022.517912,-2.476316,1.795348
16722061.970783,-2.491016,1.760409
16730101.423653,-2.192067,1.845435
16738140.876524,-2.173629,1.744608
16746180.329394,-1.976584,2.251887
16754219.782265,-1.696104,2.111337
16762259.235135,-1.541224,2.119396
16770298.688006,-1.386021,2.492479
16778338.140877,-1.143602,2.548957
16786377.593747,-1.133445,2.414550
16794417.046618,-0.886809,2.529499
16802456.499488,-0.895187,2.508352
16810495.952359,-0.672085,2.554517
16818535.405229,-0.526068,2.669537
16826574.858100,-0.258775,2.872770
16834614.310971,-0.062030,2.500617
16842653.763841,0.048766,2.801463
16850693.216712,0.226573,2.540884
16858732.669582,0.312228,2.900368
16866772.122453,0.476382,2.790618
16874811.575323,0.715094,2.394839
16882851.028194,0.841821,2.563743
16890890.481064,0.953344,2.339234
16898929.933935,1.174372,2.628595
16906969.386806,1.154111,2.191091
16915008.839676,1.429204,2.207817
16923048.292547,1.744176,2.104783
16931087.745417,1.722052,1.961762
16939127.198288,2.011424,2.242036
16947166.651158,2.131417,1.863383
16955206.104029,2.067915,1.857276
16963245.556900,2.152177,1.754617
16971285.009770,2.290045,1.423774
16979324.462641,2.502579,1.511319
16987363.915511,2.631763,1.264751
16995403.368382,2.554321,1.164532
17003442.821252,2.819729,1.135852
17011482.274123,2.703949,0.855339
17019521.726994,2.814752,0.805715
17027561.179864,2.792922,0.334715
17035600.632735,2.768249,0.225662
17043640.085605,2.755428,0.209326
17051679.538476,2.830888,0.046701
17059718.991346,2.957027,0.004180
17067758.444217,2.834936,-0.219093
17075797.897088,2.853321,-0.411715
17083837.349958,2.799385,-0.477617
17091876.802829,2.815569,-0.329678
17099916.255699,2.791194,-0.935625
17107955.708570,2.902870,-1.081028
17115995.161440,2.677672,-0.980954
17124034.614311,2.417810,-1.402397
17132074.067182,2.593576,-1.463990
17140113.520052,2.449367,-1.738933
17148152.972923,2.369107,-1.483384
17156192.425793,2.257658,-1.789075
17164231.878664,2.058249,-2.027621
17172271.331534,1.887294,-2.229164
17180310.784405,1.897895,-1.934181
17188350.237276,1.693818,-1.971787
17196389.690146,1.634532,-2.262630
17204429.143017,1.413707,-2.136160
17212468.595887,1.088765,-2.573765
17220508.048758,1.083957,-2.600471
17228547.501628,0.915887,-2.291330
17236586.954499,0.785763,-2.374664
17244626.407369,0.567563,-2.845265
17252665.860240,0.360084,-2.710978
17260705.313111,0.356449,-2.864124
17268744.765981,-0.012699,-2.856721
17276784.218852,-0.086636,-2.444716
17284823.671722,-0.269286,-2.799792
17292863.124593,-0.444895,-2.836087
17300902.577463,-0.663038,-2.744499
17308942.030334,-0.893338,-2.455967
17316981.483205,-0.980197,-2.734321
17325020.936075,-0.940969,-2.453950
17333060.388946,-1.280373,-2.520674
17341099.841816,-1.594367,-2.290578
17349139.294687,-1.390336,-2.265206
17357178.747557,-1.727910,-2.028959
17365218.200428,-1.735692,-2.430969
17373257.653299,-1.889004,-2.209202
17381297.106169,-2.172986,-1.963795
17389336.559040,-2.258030,-1.762879
17397376.011910,-2.252333,-1.797452
17405415.464781,-2.288057,-1.401370
17413454.917651,-2.469912,-1.676077
17421494.370522,-2.496095,-1.271147
17429533.823393,-2.623436,-1.077535
17437573.276263,-2.709193,-1.206977
17445612.729134,-2.836470,-0.628106
17453652.182004,-2.974287,-0.678743
17461691.634875,-2.840963,-0.460407
17469731.087745,-2.871546,-0.273375
17477770.540616,-2.946446,-0.311258
17485809.993487,-2.922286,-0.115579
17493849.446357,-2.908649,0.355396
17501888.899228,-3.070220,0.399334
17509928.352098,-2.868333,0.389428
17517967.804969,-2.964827,0.472782
17526007.257839,-2.883337,0.539000
17534046.710710,-2.761458,0.829154
17542086.163581,-2.823890,1.175096
17550125.616451,-2.563100,1.305857
17558165.069322,-2.660723,1.188307
17566204.522192,-2.485507,1.476278
17574243.975063,-2.392884,1.522191
17582283.427933,-2.054905,1.501895
17590322.880804,-2.090413,2.152102
17598362.333675,-2.051724,1.638831
17606401.786545,-1.896694,2.207027
17614441.239416,-1.860274,1.792439
17622480.692286,-1.647319,2.634304
17630520.145157,-1.673000,2.168509
17638559.598027,-1.338584,2.260588
17646599.050898,-1.226461,2.613134
17654638.503768,-1.174616,2.421788
17662677.956639,-0.983633,2.503458
17670717.409510,-0.928139,2.983582
17678756.862380,-0.564085,2.491551
17686796.315251,-0.464269,2.464441
17694835.768121,-0.027167,2.627656
17702875.220992,-0.065626,2.698913
17710914.673862,0.282649,2.995058
17718954.126733,0.220383,2.679919
17726993.579604,0.383731,2.776391
17735033.032474,0.626463,2.421980
17743072.485345,0.741131,2.515256
17751111.938215,0.924755,2.611019
17759151.391086,1.087477,2.493705
17767190.843956,1.442957,2.442629
17775230.296827,1.490839,2.390567
17783269.749698,1.583554,2.233457
17791309.202568,1.620486,2.355726
17799348.655439,1.827588,2.089211
17807388.108309,1.757849,2.116639
17815427.561180,2.204862,1.884138
17823467.014050,2.068312,2.073340
17831506.466921,2.157031,1.598412
17839545.919792,2.357940,1.525167
17847585.372662,2.460711,1.473503
17855624.825533,2.312400,0.963055
17863664.278403,2.539316,1.257158
17871703.731274,2.692426,1.022842
17879743.184144,2.801248,1.020783
17887782.637015,2.792244,0.734776
17895822.089886,2.851755,0.624048
17903861.542756,2.785552,0.549182
17911900.995627,2.906324,0.247084
17919940.448497,2.784813,0.058240
17927979.901368,3.018926,-0.063184
17936019.354238,2.922507,-0.328403
17944058.807109,2.958074,-0.721820
17952098.259980,2.739338,-0.902453
17960137.712850,2.733980,-0.992698
17968177.165721,2.762644,-0.988107
17976216.618591,2.574306,-1.068810
17984256.071462,2.608447,-1.378831
17992295.524332,2.471149,-1.309470
18000334.977203,2.416020,-1.472320
18008374.430074,2.416549,-1.647229
18016413.882944,2.284228,-1.790572
18024453.335815,2.017940,-1.901725
18032492.788685,2.016397,-1.657483
18040532.241556,1.879083,-1.953853
18048571.694426,1.854420,-2.055988
18056611.147297,1.625592,-2.386494
18064650.600167,1.641716,-2.269614
18072690.053038,1.356837,-2.251027
18080729.505909,1.277924,-2.341491
18088768.958779,0.855012,-2.543496
18096808.411650,0.822874,-2.568890
18104847.864520,0.804478,-2.748711
18112887.317391,0.547594,-2.474152
18120926.770261,0.334297,-2.786576
18128966.223132,0.129003,-2.802081
18137005.676003,-0.076100,-2.565709
18145045.128873,0.045678,-2.690370
18153084.581744,-0.186351,-2.807178
18161124.034614,-0.730619,-2.874177
18169163.487485,-0.722231,-2.791828
18177202.940355,-0.899002,-2.468574
18185242.393226,-0.920979,-2.544187
18193281.846097,-1.110114,-2.851415
18201321.298967,-1.340315,-2.674696
18209360.751838,-1.498402,-2.225909
18217400.204708,-1.694677,-1.952302
18225439.657579,-1.632998,-2.151326
18233479.110449,-1.820758,-2.183230
18241518.563320,-2.020614,-1.777906
18249558.016191,-1.957897,-1.779464
18257597.469061,-2.222675,-1.695067
18265636.921932,-2.334179,-1.698352
18273676.374802,-2.435402,-1.388773
18281715.827673,-2.540824,-1.193096
18289755.280543,-2.703645,-1.119540
18297794.733414,-2.565203,-0.968762
18305834.186285,-2.747310,-0.881288
18313873.639155,-2.560059,-0.414230
18321913.092026,-2.896640,-0.535717
18329952.544896,-2.819009,-0.430418
18337991.997767,-2.860307,-0.495217
18346031.450637,-2.941468,0.111284
18354070.903508,-2.995480,0.062049
18362110.356379,-2.767830,0.308907
18370149.809249,-2.807845,0.415713
18378189.262120,-2.975320,0.395360
18386228.714990,-2.806337,0.387355
18394268.167861,-2.744461,1.119376
18402307.620731,-2.684792,1.043907
18410347.073602,-2.651009,0.951124
18418386.526473,-2.566847,1.031389
18426425.979343,-2.433498,1.484998
18434465.432214,-2.452577,1.469252
18442504.885084,-2.328994,1.542205
18450544.337955,-2.261760,1.726244
18458583.790825,-2.149099,1.775019
18466623.243696,-1.928852,1.699300
18474662.696566,-1.926072,2.183082
18482702.149437,-1.726755,1.995902
18490741.602308,-1.662478,2.059107
18498781.055178,-1.319415,2.525387
18506820.508049,-1.438778,2.374619
18514859.960919,-1.073342,2.348461
18522899.413790,-1.027938,2.317561
18530938.866660,-0.842808,2.574583
18538978.319531,-0.647428,2.618152
18547017.772402,-0.567165,2.946675
18555057.225272,-0.364435,2.937297
18563096.678143,-0.220975,2.450513
18571136.131013,-0.046090,2.759665
18579175.583884,0.162792,2.817650
18587215.036754,0.426172,2.753937
18595254.489625,0.378833,2.817841
18603293.942496,0.677900,2.650456
18611333.395366,0.950148,2.829207
18619372.848237,0.921537,2.478476
18627412.301107,1.190409,2.425468
18635451.753978,1.251977,2.337416
18643491.206848,1.382791,2.559570
18651530.659719,1.499710,2.508463
18659570.112590,1.731181,2.335622
18667609.565460,1.884700,2.036942
18675649.018331,2.026895,1.963607
18683688.471201,2.111634,1.825515
18691727.924072,2.042869,1.929941
18699767.376942,2.384551,1.712460
18707806.829813,2.395484,1.668356
18715846.282684,2.590697,1.049729
18723885.735554,2.533875,1.032994
18731925.188425,2.625222,1.068510
18739964.641295,2.760758,1.134121
18748004.094166,2.696723,0.642929
18756043.547036,2.832957,0.659510
18764082.999907,2.962742,0.402910
18772122.452778,2.962876,0.635587
18780161.905648,2.782578,0.143396
18788201.358519,2.839083,-0.191397
18796240.811389,2.993700,-0.155867
18804280.264260,2.833021,-0.465725
18812319.717130,2.869557,-0.511057
18820359.170001,2.872269,-0.393247
18828398.622871,2.727513,-0.709074
18836438.075742,2.500500,-1.033743
18844477.528613,2.689014,-1.185117
18852516.981483,2.544433,-1.210537
18860556.434354,2.357934,-1.339247
18868595.887224,2.435662,-1.339960
18876635.340095,2.186127,-1.657638
18884674.792965,2.123746,-1.748787
18892714.245836,2.059935,-1.964966
18900753.698707,1.863513,-2.118508
18908793.151577,2.016805,-2.012781
18916832.604448,1.659284,-1.922521
18924872.057318,1.545278,-2.334209
18932911.510189,1.380026,-2.497205
18940950.963059,1.079647,-2.446935
18948990.415930,1.149591,-2.309559
18957029.868801,0.935751,-2.564757
18965069.321671,0.678841,-2.585899
18973108.774542,0.542231,-2.425791
18981148.227412,0.452612,-2.711270
18989187.680283,0.330094,-2.584765
18997227.133153,0.088232,-2.555427
19005266.586024,-0.080615,-2.544797
19013306.038895,-0.276331,-2.755898
19021345.491765,-0.271976,-3.041032
19029384.944636,-0.510873,-2.642986
19037424.397506,-0.814492,-2.600602
19045463.850377,-0.936791,-2.599288
19053503.303247,-1.080025,-2.475273
19061542.756118,-1.357239,-2.455043
19069582.208989,-1.481052,-2.548362
19077621.661859,-1.388033,-2.259424
19085661.114730,-1.582920,-2.364224
19093700.567600,-1.839451,-2.325953
19101740.020471,-1.869123,-2.087129
19109779.473341,-2.066461,-1.815494
19117818.926212,-2.250267,-1.700351
19125858.379083,-2.285029,-1.778996
19133897.831953,-2.432816,-1.713681
19141937.284824,-2.418707,-1.616623
19149976.737694,-2.559094,-1.260097
19158016.190565,-2.531715,-1.172361
19166055.643435,-2.703377,-0.775821
19174095.096306,-2.686233,-1.081833
19182134.549177,-2.867423,-0.666375
19190174.002047,-2.820038,-0.594423
19198213.454918,-3.009910,-0.241095
19206252.907788,-2.935350,-0.435544
19214292.360659,-2.875596,-0.268591
19222331.813529,-2.911869,-0.034956
19230371.266400,-3.080858,0.176489
19238410.719270,-2.863467,0.515462
19246450.172141,-2.741265,0.406305
19254489.625012,-2.895428,0.612715
19262529.077882,-2.829956,0.912333
19270568.530753,-2.803186,1.037466
19278607.983623,-2.728614,1.051452
19286647.436494,-2.580591,1.093589
19294686.889364,-2.390617,1.307769
19302726.342235,-2.324831,1.567450
19310765.795106,-2.317777,1.630469
19318805.247976,-2.163287,1.972833
19326844.700847,-1.943870,2.073151
19334884.153717,-1.927782,1.978398
19342923.606588,-1.749601,1.728197
19350963.059458,-1.652457,2.253387
19359002.512329,-1.489990,2.311822
19367041.965200,-1.386158,2.281228
19375081.418070,-1.203628,2.599201
19383120.870941,-0.971989,2.516392
19391160.323811,-0.821968,2.559183
19399199.776682,-0.650972,2.701821
19407239.229552,-0.479134,2.591302
19415278.682423,-0.409622,2.405383
19423318.135294,-0.358911,2.848705
19431357.588164,-0.019813,2.418796
19439397.041035,0.229673,2.699394
19447436.493905,0.213936,2.707755
19455475.946776,0.464555,2.629205
19463515.399646,0.626757,2.535133
19471554.852517,0.765434,2.578403
19479594.305388,0.892503,2.582299
19487633.758258,1.062313,2.568347
19495673.211129,1.243691,2.568760
19503712.663999,1.324438,2.608128
19511752.116870,1.448974,2.382270
19519791.569740,1.649991,2.216818
19527831.022611,1.909188,2.233699
19535870.475482,1.921701,2.116604
19543909.928352,1.986414,1.697205
19551949.381223,2.361153,1.615086
19559988.834093,2.307229,2.009686
19568028.286964,2.403752,1.826590
19576067.739834,2.576106,1.644143
19584107.192705,2.521340,1.329217
19592146.645576,2.557716,0.982263
19600186.098446,2.639679,1.245188
19608225.551317,2.785639,0.979017
19616265.004187,2.752656,0.866454
19624304.457058,2.995654,0.580953
19632343.909928,2.854578,0.317228
19640383.362799,2.950986,0.125326
19648422.815669,2.849531,0.029589
19656462.268540,2.950847,-0.172800
19664501.721411,2.915867,-0.089836
19672541.174281,2.922750,-0.632198
19680580.627152,2.758830,-0.800876
19688620.080022,2.685137,-0.551324
19696659.532893,2.577169,-1.006080
19704698.985763,2.793766,-0.921487
19712738.438634,2.533880,-1.325412
19720777.891505,2.452583,-1.338873
19728817.344375,2.346020,-1.620613
19736856.797246,2.397432,-1.457485
19744896.250116,2.261443,-1.640210
19752935.702987,2.102853,-1.802540
19760975.155857,2.001847,-2.141985
19769014.608728,1.955124,-2.066669
19777054.061599,1.583072,-1.931333
19785093.514469,1.634920,-2.256885
19793132.967340,1.311809,-2.371511
19801172.420210,1.274868,-2.551496
19809211.873081,1.217853,-2.634043
19817251.325951,0.958170,-2.440231
19825290.778822,0.877817,-2.467176
19833330.231693,0.564492,-2.599917
19841369.684563,0.574793,-2.763682
19849409.137434,0.356929,-2.730254
19857448.590304,0.138289,-2.560955
19865488.043175,0.087611,-2.884274
19873527.496045,-0.035250,-2.929020
19881566.948916,-0.303583,-2.797454
19889606.401787,-0.538533,-2.783078
19897645.854657,-0.624697,-2.692942
19905685.307528,-0.784465,-2.329807
19913724.760398,-1.073679,-2.569718
19921764.213269,-1.212253,-2.798360
19929803.666139,-1.419777,-2.497393
19937843.119010,-1.486975,-2.438573
19945882.571881,-1.536559,-2.332511
19953922.024751,-1.752920,-2.236373
19961961.477622,-1.768885,-1.993873
19970000.930492,-2.218791,-2.006517
19978040.383363,-2.128852,-1.808820
19986079.836233,-2.294290,-1.841566
19994119.289104,-2.353442,-1.580848
20002158.741975,-2.551242,-1.396080
20010198.194845,-2.634455,-1.131921
20018237.647716,-2.663657,-1.209662
20026277.100586,-2.930492,-1.111123
20034316.553457,-2.722453,-0.744723
20042356.006327,-2.639379,-0.850367
20050395.459198,-2.850097,-0.546637
20058434.912068,-2.929672,-0.376874
20066474.364939,-2.807792,-0.249824
20074513.817810,-2.969366,-0.318889
20082553.270680,-2.996997,-0.039575
20090592.723551,-2.819345,0.090532
20098632.176421,-3.026048,0.302877
20106671.629292,-2.809315,0.539904
20114711.082162,-3.027681,0.729500
20122750.535033,-2.787915,0.684627
20130789.987904,-2.731240,0.831397
20138829.440774,-2.637594,1.131335
20146868.893645,-2.603685,1.196458
20154908.346515,-2.534726,1.220925
20162947.799386,-2.450104,1.323316
20170987.252256,-2.401131,1.426628
20179026.705127,-2.164907,1.805115
20187066.157998,-2.166511,1.998129
20195105.610868,-2.085682,2.143447
20203145.063739,-1.735267,2.151853
20211184.516609,-1.720909,2.202473
20219223.969480,-1.693317,2.311281
20227263.422350,-1.400029,2.371072
20235302.875221,-1.256134,2.666589
20243342.328092,-1.196790,2.360953
20251381.780962,-0.942577,2.573476
20259421.233833,-0.794728,2.666300
20267460.686703,-0.630865,2.569512
20275500.139574,-0.530450,2.724292
20283539.592444,-0.362879,2.696716
20291579.045315,-0.119728,2.673309
20299618.498186,0.072774,2.494509
20307657.951056,0.224606,2.722890
20315697.403927,0.345195,2.636983
20323736.856797,0.625035,2.697504
20331776.309668,0.598478,2.430391
20339815.762538,0.774453,2.418790
20347855.215409,0.912536,2.661146
20355894.668280,1.410354,2.583724
20363934.121150,1.194613,2.888615
20371973.574021,1.528980,2.294836
20380013.026891,1.678153,2.096507
20388052.479762,1.920496,1.937559
20396091.932632,1.920549,2.229044
20404131.385503,2.106164,1.880799
20412170.838374,2.145199,1.878772
20420210.291244,2.168734,1.838299
20428249.744115,2.403496,1.641426
20436289.196985,2.411390,1.565119
20444328.649856,2.501441,1.426593
20452368.102726,2.377478,0.999348
20460407.555597,2.683163,1.128915
20468447.008467,2.621681,0.645670
20476486.461338,2.782424,0.874980
20484525.914209,2.876372,0.693954
20492565.367079,2.887739,0.364104
20500604.819950,2.985699,0.275864
20508644.272820,2.882502,0.137525
20516683.725691,2.862784,-0.076263
20524723.178561,2.863015,-0.454093
20532762.631432,2.752451,-0.313646
20540802.084303,2.822234,-0.633072
20548841.537173,2.994956,-0.725014
20556880.990044,2.679094,-0.628421
20564920.442914,2.778163,-1.170766
20572959.895785,2.586285,-1.179718
20580999.348655,2.521908,-1.429411
20589038.801526,2.436299,-1.648946
20597078.254397,2.376954,-1.386832
20605117.707267,2.339575,-1.677696
20613157.160138,2.208446,-1.635072
20621196.613008,1.906365,-1.795575
20629236.065879,1.949351,-1.956351
20637275.518749,1.869315,-1.953883
20645314.971620,1.698007,-1.804347
20653354.424491,1.454570,-2.365539
20661393.877361,1.236025,-2.398450
20669433.330232,1.073964,-2.530149
20677472.783102,1.123698,-2.503764
20685512.235973,0.742521,-2.640577
20693551.688843,0.734422,-2.624687
20701591.141714,0.623269,-2.372041
20709630.594585,0.308560,-2.531117
20717670.047455,0.242386,-2.703190
20725709.500326,0.046936,-2.511558
20733748.953196,-0.078709,-2.853709
20741788.406067,-0.312948,-2.897455
20749827.858937,-0.454117,-2.667832
20757867.311808,-0.606926,-2.882821
20765906.764679,-0.709881,-3.008521
20773946.217549,-0.878807,-2.785875
20781985.670420,-1.146223,-2.526027
20790025.123290,-1.210118,-2.600652
20798064.576161,-1.277242,-2.255481
20806104.029031,-1.426222,-2.255845
20814143.481902,-1.544194,-2.165854
20822182.934772,-1.817422,-1.863182
20830222.387643,-2.063966,-1.993301
20838261.840514,-2.032577,-2.013501
20846301.293384,-2.160573,-1.856177
20854340.746255,-2.144530,-1.592782
20862380.199125,-2.633142,-1.230740
20870419.651996,-2.374010,-1.333848
20878459.104866,-2.514139,-1.192642
20886498.557737,-2.607570,-1.330924
20894538.010608,-2.734964,-0.840511
20902577.463478,-2.696591,-0.641927
20910616.916349,-2.645895,-0.521548
20918656.369219,-2.968578,-0.329189
20926695.822090,-3.017786,-0.225881
20934735.274960,-2.950295,-0.355088
20942774.727831,-2.774940,-0.028254
20950814.180702,-3.003692,0.346062
20958853.633572,-2.905703,0.446330
20966893.086443,-2.866766,0.441990
20974932.539313,-2.951194,0.670365
20982971.992184,-2.800146,0.772001
20991011.445054,-2.669766,0.601097
20999050.897925,-2.656881,1.047068
21007090.350796,-2.636656,1.034852
21015129.803666,-2.635984,1.476991
21023169.256537,-2.493622,1.325699
21031208.709407,-2.277375,1.531039
21039248.162278,-2.197789,1.527310
21047287.615148,-2.156594,1.723804
21055327.068019,-2.044353,2.075582
21063366.520890,-1.940721,1.983812
21071405.973760,-1.882102,1.977363
21079445.426631,-1.613211,1.906445
21087484.879501,-1.492495,2.209590
21095524.332372,-1.377694,2.581316
21103563.785242,-1.187060,2.447823
21111603.238113,-1.025107,2.601605
21119642.690984,-1.101728,2.674356
21127682.143854,-0.676746,2.699079
21135721.596725,-0.708555,2.581454
21143761.049595,-0.241251,2.751480
21151800.502466,-0.244067,2.567439
21159839.955336,-0.106327,2.658700
21167879.408207,0.110359,2.593925
21175918.861078,0.246190,2.662109
21183958.313948,0.508742,2.659130
21191997.766819,0.641635,2.347717
21200037.219689,0.881064,2.418639
21208076.672560,0.978351,2.453673
21216116.125430,1.065739,2.546208
21224155.578301,1.236746,2.373364
21232195.031171,1.490501,2.534760
21240234.484042,1.606242,2.292222
21248273.936913,1.782152,2.267154
21256313.389783,1.903885,2.085004
21264352.842654,1.849104,2.083843
21272392.295524,2.107408,1.774204
21280431.748395,2.204824,1.759708
21288471.201265,2.264808,1.715031
21296510.654136,2.348524,1.469843
21304550.107007,2.470813,1.434511
21312589.559877,2.547451,1.072064
21320629.012748,2.724740,1.011858
21328668.465618,2.592235,0.921644
21336707.918489,2.760407,0.721905
21344747.371359,2.895259,0.431115
21352786.824230,2.938995,0.579796
21360826.277101,2.885591,0.250927
21368865.729971,2.927155,0.122668
21376905.182842,2.947228,0.003393
21384944.635712,2.968077,-0.302542
21392984.088583,2.884721,-0.369934
21401023.541453,2.786062,-0.581272
21409062.994324,2.852975,-0.838538
21417102.447195,2.616721,-0.850986
21425141.900065,2.690105,-0.659369
21433181.352936,2.684282,-0.884043
21441220.805806,2.733733,-1.322721
21449260.258677,2.620166,-1.373583
21457299.711547,2.383626,-1.409091
21465339.164418,2.373150,-1.616672
21473378.617289,2.244057,-1.707248
21481418.070159,2.207788,-1.856694
21489457.523030,1.979002,-1.992729
21497496.975900,1.757068,-1.818850
21505536.428771,1.680166,-2.193553
21513575.881641,1.591296,-2.320404
21521615.334512,1.484285,-2.246737
21529654.787383,1.254754,-2.263876
21537694.240253,1.246991,-2.485081
21545733.693124,0.861927,-2.393531
21553773.145994,0.671459,-2.233827
21561812.598865,0.449735,-2.360483
21569852.051735,0.562422,-2.714954
21577891.504606,0.175736,-2.653096
21585930.957477,-0.022291,-2.527335
21593970.410347,-0.118556,-2.795242
21602009.863218,-0.130912,-2.410781
21610049.316088,-0.395325,-2.621812
21618088.768959,-0.546434,-2.705086
21626128.221829,-0.868191,-2.497221
21634167.674700,-0.998761,-2.932155
21642207.127570,-0.977922,-2.632825
21650246.580441,-1.175003,-2.576095
21658286.033312,-1.274007,-2.363825
21666325.486182,-1.501835,-2.327261
21674364.939053,-1.545901,-2.250002
21682404.391923,-1.817774,-2.165954
21690443.844794,-1.759121,-1.968384
21698483.297664,-2.033239,-1.811649
21706522.750535,-2.146340,-1.973843
21714562.203406,-2.224056,-1.967981
21722601.656276,-2.203129,-1.548787
21730641.109147,-2.644883,-1.426761
21738680.562017,-2.700154,-1.248163
21746720.014888,-2.711443,-1.214173
21754759.467758,-2.604826,-1.342206
21762798.920629,-2.652466,-0.986821
21770838.373500,-2.884828,-0.803084
21778877.826370,-2.836542,-0.412292
21786917.279241,-2.924789,-0.525893
21794956.732111,-2.881197,-0.158676
21802996.184982,-3.012052,0.053823
21811035.637852,-2.878233,0.232328
21819075.090723,-2.922123,0.220967
21827114.543594,-3.008793,0.410745
21835153.996464,-2.891626,0.583770
21843193.449335,-2.901748,0.428610
21851232.902205,-2.683475,1.315447
21859272.355076,-2.881842,1.252713
21867311.807946,-2.758314,1.105523
21875351.260817,-2.559248,1.473578
21883390.713688,-2.579080,1.590626
21891430.166558,-2.426097,1.556464
21899469.619429,-2.215155,1.651188
21907509.072299,-2.243097,1.637144
21915548.525170,-2.064822,1.736369
21923587.978040,-2.160269,1.953826
21931627.430911,-1.758502,1.695577
21939666.883782,-1.898328,2.217654
21947706.336652,-1.441888,2.462970
21955745.789523,-1.479296,2.560804
21963785.242393,-1.328263,2.436122
21971824.695264,-1.097728,2.637875
21979864.148134,-1.076804,2.590854
21987903.601005,-0.814007,2.761843
21995943.053875,-0.533525,2.827819
22003982.506746,-0.314487,2.429151
22012021.959617,-0.382661,2.301851
22020061.412487,-0.199046,2.686553
22028100.865358,-0.072644,3.014817
22036140.318228,0.239318,2.489277
22044179.771099,0.236789,2.324624
22052219.223969,0.672844,2.505658
22060258.676840,0.617382,2.621259
22068298.129711,0.966863,2.517616
22076337.582581,1.005248,2.830920
22084377.035452,1.370190,2.266610
22092416.488322,1.338786,2.273189
22100455.941193,1.496839,2.179557
22108495.394063,1.509228,2.015763
22116534.846934,1.791821,1.968561
22124574.299805,1.705884,1.953879
22132613.752675,2.009419,2.160626
22140653.205546,2.180061,1.813999
22148692.658416,2.060036,1.563880
22156732.111287,2.286276,1.642981
22164771.564157,2.613302,1.364588
22172811.017028,2.585923,1.257416
22180850.469899,2.582556,1.331188
22188889.922769,2.625754,1.148085
22196929.375640,2.695968,0.979192
22204968.828510,2.780344,0.603898
22213008.281381,2.787967,0.651299
22221047.734251,2.889986,0.661964
22229087.187122,2.968046,0.194399
22237126.639993,2.791520,0.151501
22245166.092863,2.900358,0.081822
22253205.545734,2.857194,-0.079207
22261244.998604,2.935036,-0.370327
22269284.451475,2.802688,-0.492795
22277323.904345,2.785589,-0.748468
22285363.357216,2.756524,-0.984758
22293402.810087,2.605626,-1.048972
22301442.262957,2.835140,-1.165916
22309481.715828,2.599019,-1.440473
22317521.168698,2.566961,-1.285581
22325560.621569,2.383314,-1.621803
22333600.074439,2.166619,-1.757097
22341639.527310,2.215594,-1.616767
22349678.980181,2.163603,-2.062419
22357718.433051,1.940782,-1.936936
22365757.885922,1.809165,-2.233253
22373797.338792,1.611779,-2.149312
22381836.791663,1.585130,-2.420905
22389876.244533,1.373956,-2.491667
22397915.697404,1.332048,-2.275261
22405955.150274,0.994263,-2.307820
22413994.603145,0.829517,-2.494922
22422034.056016,0.738359,-2.527523
22430073.508886,0.483929,-2.837341
22438112.961757,0.467220,-2.342607
22446152.414627,0.242299,-2.397642
22454191.867498,0.165753,-2.380060
22462231.320368,-0.072365,-2.864626
22470270.773239,-0.280353,-2.672613
22478310.226110,-0.445366,-2.577749
22486349.678980,-0.453175,-2.433584
22494389.131851,-0.842202,-2.276746
22502428.584721,-0.835388,-2.503279
22510468.037592,-1.133489,-2.589250
22518507.490462,-1.415977,-2.438271
22526546.943333,-1.411770,-2.131319
22534586.396204,-1.563613,-2.170507
22542625.849074,-1.693711,-2.365486
22550665.301945,-1.731936,-2.153719
22558704.754815,-1.914211,-2.122232
22566744.207686,-2.128915,-2.096156
22574783.660556,-2.053915,-1.600760
22582823.113427,-2.259956,-1.482032
22590862.566298,-2.583112,-1.622833
22598902.019168,-2.424576,-1.724199
22606941.472039,-2.731693,-1.179245
22614980.924909,-2.518228,-1.080627
22623020.377780,-2.690055,-1.082641
22631059.830650,-2.708640,-0.790448
22639099.283521,-2.589139,-0.599788
22647138.736392,-2.922170,-0.658011
22655178.189262,-2.939261,-0.453119
22663217.642133,-2.922930,-0.181940
22671257.095003,-2.893416,0.047229
22679296.547874,-2.950382,0.264525
22687336.000744,-2.834232,0.140871
22695375.453615,-2.888583,0.495451
22703414.906486,-2.894112,0.466304
22711454.359356,-2.843641,0.755278
22719493.812227,-2.621363,0.825165
22727533.265097,-2.522459,0.869280
22735572.717968,-2.612109,1.077051
22743612.170838,-2.483296,1.143755
22751651.623709,-2.445319,1.702045
22759691.076580,-2.323597,1.265601
22767730.529450,-2.172162,1.876108
22775769.982321,-2.129474,1.910710
22783809.435191,-1.979234,1.955815
22791848.888062,-1.906471,2.080878
22799888.340932,-1.897152,1.935230
22807927.793803,-1.600095,2.479627
22815967.246673,-1.421466,2.377726
22824006.699544,-1.401483,2.584180
22832046.152415,-1.116387,2.471566
22840085.605285,-1.024555,2.515908
22848125.058156,-0.856860,2.755073
22856164.511026,-0.745363,2.911569
22864203.963897,-0.608176,2.395373
22872243.416767,-0.287601,2.651063
22880282.869638,-0.169861,2.806757
22888322.322509,0.035497,2.722514
22896361.775379,0.082217,2.628389
22904401.228250,0.260439,2.896498
22912440.681120,0.312798,2.636812
22920480.133991,0.559454,2.654970
22928519.586861,0.732811,2.425822
22936559.039732,1.004440,2.968898
22944598.492603,1.027084,2.519231
22952637.945473,1.196037,2.388522
22960677.398344,1.564193,2.163278
22968716.851214,1.566174,2.396819
22976756.304085,1.666797,2.147420
22984795.756955,1.789575,2.190034
22992835.209826,2.020955,2.002913
23000874.662697,2.179749,1.953374
23008914.115567,2.189139,1.904034
23016953.568438,2.320810,1.712025
23024993.021308,2.327212,1.787750
23033032.474179,2.372071,1.315585
23041071.927049,2.509656,1.321581
23049111.379920,2.672628,1.251268
23057150.832791,2.691963,0.821062
23065190.285661,2.704538,0.545117
23073229.738532,2.802277,0.600732
23081269.191402,2.777464,0.513245
23089308.644273,2.792429,0.399530
23097348.097143,2.771974,-0.013733
23105387.550014,2.797877,0.170475
23113427.002885,3.043112,0.042328
23121466.455755,2.796511,-0.145866
23129505.908626,2.777057,-0.291182
23137545.361496,2.716844,-0.471996
23145584.814367,2.853144,-0.521130
23153624.267237,2.806435,-0.929864
23161663.720108,2.621939,-1.016743
23169703.172979,2.565165,-1.421522
23177742.625849,2.606651,-1.196623
23185782.078720,2.359984,-1.386200
23193821.531590,2.342997,-1.685703
23201860.984461,2.201847,-1.810475
23209900.437331,2.119462,-1.946599
23217939.890202,1.854677,-1.835005
23225979.343072,1.708246,-1.984851
23234018.795943,1.828693,-2.110850
23242058.248814,1.699073,-2.309331
23250097.701684,1.422475,-2.233816
23258137.154555,1.162666,-2.302488
23266176.607425,1.040343,-2.538843
23274216.060296,0.752978,-2.490362
23282255.513166,0.762697,-2.408875
23290294.966037,0.712909,-2.743055
23298334.418908,0.542967,-2.767419
23306373.871778,0.194874,-2.383738
23314413.324649,0.029931,-2.750383
23322452.777519,-0.096307,-2.822933
23330492.230390,-0.319400,-2.348703
23338531.683260,-0.394145,-2.967346
23346571.136131,-0.743896,-2.604412
23354610.589002,-0.925383,-2.455322
23362650.041872,-0.788916,-2.629840
23370689.494743,-1.004249,-2.257533
23378728.947613,-1.211830,-2.445693
23386768.400484,-1.232699,-2.161145
23394807.853354,-1.578791,-2.229066
23402847.306225,-1.659128,-2.078600
23410886.759096,-1.893025,-2.475776
23418926.211966,-1.964334,-2.275307
23426965.664837,-1.874554,-1.972353
23435005.117707,-2.084047,-2.023682
23443044.570578,-2.093543,-1.887614
23451084.023448,-2.329361,-1.637075
23459123.476319,-2.462782,-1.504074
23467162.929190,-2.490735,-1.450920
23475202.382060,-2.680683,-1.060199
23483241.834931,-2.700528,-1.054305
23491281.287801,-2.780671,-0.972149
23499320.740672,-2.955102,-0.804561
23507360.193542,-2.745847,-0.642873
23515399.646413,-2.899451,-0.463670
23523439.099284,-2.903050,-0.072453
23531478.552154,-2.913951,-0.059917
23539518.005025,-2.899409,-0.042413
23547557.457895,-2.874318,0.350543
23555596.910766,-2.907470,0.430333
23563636.363636,-2.802498,0.359720
23571675.816507,-2.703706,0.780212
23579715.269377,-2.661437,0.707830
23587754.722248,-2.669026,0.806768
23595794.175119,-2.681962,1.150425
23603833.627989,-2.581844,1.224453
23611873.080860,-2.348722,1.044502
23619912.533730,-2.370448,1.426080
23627951.986601,-2.452110,1.523832
23635991.439471,-2.220107,1.858294
23644030.892342,-2.096211,1.872918
23652070.345213,-2.073480,2.077854
23660109.798083,-1.928750,2.025789
23668149.250954,-1.647139,2.313133
23676188.703824,-1.421953,2.150331
23684228.156695,-1.586179,2.310485
23692267.609565,-1.264606,2.316921
23700307.062436,-0.899995,2.751288
23708346.515307,-0.826842,2.725726
23716385.968177,-0.634726,2.469245
23724425.421048,-0.546590,2.568771
23732464.873918,-0.485073,2.793033
23740504.326789,-0.269550,2.821618
23748543.779659,-0.188093,2.724284
23756583.232530,0.146054,2.603744
23764622.685401,0.163396,2.572478
23772662.138271,0.392572,2.418163
23780701.591142,0.496580,2.789301
23788741.044012,0.836170,2.781355
23796780.496883,0.894444,2.682534
23804819.949753,0.985972,2.575495
23812859.402624,1.284141,2.306997
23820898.855495,1.431259,2.336874
23828938.308365,1.549786,2.387856
23836977.761236,1.463240,2.284575
23845017.214106,1.827907,2.190243
23853056.666977,1.977698,2.011273
23861096.119847,1.967730,1.823453
23869135.572718,2.099032,1.482362
23877175.025589,2.256743,1.805801
23885214.478459,2.406713,1.502931
23893253.931330,2.515724,1.346001
23901293.384200,2.530726,1.096795
23909332.837071,2.757829,1.187554
23917372.289941,2.634799,1.177303
23925411.742812,2.768865,1.037443
23933451.195683,2.787113,0.599425
23941490.648553,2.689920,0.623963
23949530.101424,2.889401,0.466473
23957569.554294,2.844632,0.172518
23965609.007165,2.894722,0.151032
23973648.460035,2.902388,-0.221524
23981687.912906,2.922422,-0.276126
23989727.365776,2.931673,-0.418286
23997766.818647,2.804890,-0.592018
24005806.271518,2.740775,-0.836226
24013845.724388,2.688911,-1.027778
24021885.177259,2.521995,-1.009235
24029924.630129,2.613131,-1.282159
24037964.083000,2.523896,-1.171346
24046003.535870,2.508511,-1.343848
24054042.988741,2.362605,-1.652991
24062082.441612,2.384863,-1.620746
24070121.894482,2.033251,-1.875542
24078161.347353,2.195425,-2.021139
24086200.800223,1.805586,-2.132813
24094240.253094,1.814005,-1.983685
24102279.705964,1.637465,-2.335256
24110319.158835,1.541669,-2.201853
24118358.611706,1.407893,-2.138961
24126398.064576,1.185960,-2.444224
24134437.517447,0.970125,-2.251583
24142476.970317,0.867885,-2.384928
24150516.423188,0.675809,-2.585197
24158555.876058,0.587143,-2.575238
24166595.328929,0.453209,-2.718749
24174634.781800,0.255680,-2.514280
24182674.234670,0.190946,-2.536672
24190713.687541,-0.261789,-2.638841
24198753.140411,-0.269129,-2.423138
24206792.593282,-0.619318,-2.999763
24214832.046152,-0.448938,-2.608811
24222871.499023,-0.733608,-2.524111
24230910.951894,-0.918475,-2.609622
24238950.404764,-0.980360,-2.397650
24246989.857635,-1.209372,-2.491677
24255029.310505,-1.348687,-2.420843
24263068.763376,-1.488510,-2.257064
24271108.216246,-1.778137,-2.369933
24279147.669117,-1.754937,-2.261011
24287187.121988,-2.033392,-2.057736
24295226.574858,-2.054725,-1.930182
24303266.027729,-2.121836,-1.823009
24311305.480599,-2.417085,-1.642621
24319344.933470,-2.426894,-1.405755
24327384.386340,-2.488260,-1.475340
24335423.839211,-2.639440,-1.227846
24343463.292082,-2.735228,-1.046663
24351502.744952,-2.759563,-0.866297
24359542.197823,-2.731178,-0.760325
24367581.650693,-2.805818,-0.552481
24375621.103564,-2.790899,-0.503695
24383660.556434,-2.824223,-0.376001
24391700.009305,-2.741438,-0.244262
24399739.462175,-2.858025,-0.130240
24407778.915046,-2.854876,0.104345
24415818.367917,-2.862346,0.257369
24423857.820787,-2.838925,0.297054
24431897.273658,-3.010996,0.752947
24439936.726528,-2.863476,0.686110
24447976.179399,-2.764270,0.772205
24456015.632269,-2.801441,1.071613
24464055.085140,-2.769129,1.112600
24472094.538011,-2.554073,1.523418
24480133.990881,-2.427790,1.171940
24488173.443752,-2.387472,1.605106
24496212.896622,-2.119978,1.431452
24504252.349493,-2.039873,1.983794
24512291.802363,-2.148482,1.787989
24520331.255234,-1.939404,1.915167
24528370.708105,-1.732159,2.161336
24536410.160975,-1.601029,2.354871
24544449.613846,-1.481105,2.534194
24552489.066716,-1.385504,2.358773
24560528.519587,-1.225148,2.329818
24568567.972457,-1.069715,2.558855
24576607.425328,-0.957182,2.732471
24584646.878199,-0.806833,2.703427
24592686.331069,-0.581930,2.776573
24600725.783940,-0.452935,2.537966
24608765.236810,-0.187132,2.446250
24616804.689681,-0.141112,2.737867
24624844.142551,0.322101,2.963674
24632883.595422,0.402077,2.502252
24640923.048293,0.456933,2.586330
24648962.501163,0.654915,2.645350
24657001.954034,0.816026,2.661170
24665041.406904,0.864495,2.591179
24673080.859775,1.091620,2.659748
24681120.312645,1.447736,2.231696
24689159.765516,1.315039,2.445351
24697199.218387,1.504026,2.293076
24705238.671257,1.774585,2.312224
24713278.124128,1.881160,2.094951
24721317.576998,2.066812,1.950732
24729357.029869,2.157085,1.764487
24737396.482739,2.177451,1.649205
24745435.935610,2.308643,1.683834
24753475.388481,2.297926,1.658302
24761514.841351,2.470005,1.314372
24769554.294222,2.590807,1.500369
24777593.747092,2.562116,1.142974
24785633.199963,2.616219,0.681791
24793672.652833,2.777910,0.646307
24801712.105704,2.853716,0.590834
24809751.558574,3.004906,0.394817
24817791.011445,2.742604,0.551241
24825830.464316,2.863995,0.190927
24833869.917186,2.830097,0.181733
24841909.370057,2.767183,-0.167913
24849948.822927,2.833331,-0.128684
24857988.275798,2.873977,-0.252605
24866027.728668,2.607166,-0.584416
24874067.181539,2.762266,-0.794512
24882106.634410,2.699618,-0.664637
24890146.087280,2.643675,-1.045771
24898185.540151,2.570924,-0.963445
24906224.993021,2.473688,-1.467348
24914264.445892,2.368942,-1.572639
24922303.898762,2.289790,-1.548947
24930343.351633,2.124290,-1.716525
24938382.804504,2.039336,-2.085886
24946422.257374,1.950830,-1.626728
24954461.710245,1.743683,-2.005394
24962501.163115,1.503414,-2.083124
24970540.615986,1.715140,-2.227049
24978580.068856,1.389916,-2.366222
24986619.521727,1.265783,-2.788688
24994658.974598,1.105242,-2.506000
25002698.427468,0.878813,-2.625778
25010737.880339,0.751872,-2.760754
25018777.333209,0.684450,-2.399221
25026816.786080,0.472538,-2.639676
25034856.238950,0.232356,-2.914179
25042895.691821,0.014630,-2.683486
25050935.144692,0.024214,-2.831622
25058974.597562,-0.232985,-2.509899
25067014.050433,-0.422339,-2.513078
25075053.503303,-0.483159,-2.862374
25083092.956174,-0.549255,-2.496212
25091132.409044,-0.874917,-2.520426
25099171.861915,-1.020920,-2.824075
25107211.314786,-1.325650,-2.496579
25115250.767656,-1.236583,-2.502295
25123290.220527,-1.461657,-2.348740
25131329.673397,-1.781650,-2.046293
25139369.126268,-1.889613,-2.197459
25147408.579138,-1.852827,-2.095524
25155448.032009,-2.096895,-1.764447
25163487.484880,-2.246953,-1.730041
25171526.937750,-2.271122,-1.733164
25179566.390621,-2.354073,-1.546516
25187605.843491,-2.439404,-1.434041
25195645.296362,-2.417730,-1.240990
25203684.749232,-2.722682,-1.193820
25211724.202103,-2.800947,-0.983218
25219763.654973,-2.806167,-1.020969
25227803.107844,-2.848346,-0.844677
25235842.560715,-2.848215,-0.243707
25243882.013585,-2.952394,-0.396093
25251921.466456,-2.818786,-0.142414
25259960.919326,-2.768002,-0.143720
25268000.372197,-2.937731,-0.090312
25276039.825067,-2.793415,-0.193292
25284079.277938,-2.899827,0.431314
25292118.730809,-2.810119,0.505794
25300158.183679,-2.785260,0.754271
25308197.636550,-2.834923,1.017954
25316237.089420,-2.615103,0.702926
25324276.542291,-2.622176,0.909797
25332315.995161,-2.554830,1.388855
25340355.448032,-2.605078,1.251785
25348394.900903,-2.431234,1.956990
25356434.353773,-2.167205,2.017572
25364473.806644,-2.396385,1.750022
25372513.259514,-2.146016,2.095679
25380552.712385,-2.064924,1.916384
25388592.165255,-1.852328,1.790422
25396631.618126,-1.754674,2.470223
25404671.070997,-1.447043,2.145327
25412710.523867,-1.424716,2.249840
25420749.976738,-1.163309,2.359237
25428789.429608,-1.063195,2.557184
25436828.882479,-1.021242,2.550657
25444868.335349,-0.748388,2.537672
25452907.788220,-0.580508,2.309969
25460947.241091,-0.481491,2.517579
25468986.693961,-0.277440,2.488562
25477026.146832,-0.005424,2.791353
25485065.599702,0.166201,2.774412
25493105.052573,0.288602,2.721956
25501144.505443,0.386766,2.923103
25509183.958314,0.428796,2.662413
25517223.411185,0.825815,2.641133
25525262.864055,0.863655,2.371555
25533302.316926,1.243113,2.664779
25541341.769796,1.256089,2.537440
25549381.222667,1.183102,2.549536
25557420.675537,1.481872,2.190571
25565460.128408,1.522636,1.915071
25573499.581278,1.798958,2.414667
25581539.034149,1.851717,2.011699
25589578.487020,2.080391,1.745946
25597617.939890,2.053912,1.641130
25605657.392761,2.093864,1.496090
25613696.845631,2.402417,1.700002
25621736.298502,2.345451,1.700201
25629775.751372,2.396955,1.421370
25637815.204243,2.676162,1.317498
25645854.657114,2.689515,0.825451
25653894.109984,2.795105,0.884399
25661933.562855,2.874598,0.788969
25669973.015725,2.756241,0.460341
25678012.468596,2.885786,0.028078
25686051.921466,2.940955,0.250970
25694091.374337,2.825126,-0.030727
25702130.827208,2.862081,0.031204
25710170.280078,2.890703,-0.394993
25718209.732949,2.773167,-0.585928
25726249.185819,2.870817,-0.545600
25734288.638690,2.818501,-0.802210
25742328.091560,2.679085,-0.829951
25750367.544431,2.738809,-0.983623
25758406.997302,2.396315,-1.048821
25766446.450172,2.385361,-1.234180
25774485.903043,2.635547,-1.370910
25782525.355913,2.291243,-1.673342
25790564.808784,2.108510,-1.712033
25798604.261654,2.234032,-1.981272
25806643.714525,1.970000,-2.096541
25814683.167396,1.834053,-1.750061
25822722.620266,1.891130,-2.029126
25830762.073137,1.598322,-2.439807
25838801.526007,1.485792,-2.438405
25846840.978878,1.345610,-2.238702
25854880.431748,1.286098,-2.432466
25862919.884619,0.996621,-2.504731
25870959.337490,0.840723,-2.638136
25878998.790360,0.789399,-2.665267
25887038.243231,0.506657,-2.523590
25895077.696101,0.317932,-2.761731
25903117.148972,0.307157,-2.761661
25911156.601842,-0.044030,-2.684697
25919196.054713,-0.192268,-2.932641
25927235.507584,-0.481976,-2.846282
25935274.960454,-0.490864,-2.585099
25943314.413325,-0.641277,-2.669430
25951353.866195,-0.744371,-2.844497
25959393.319066,-1.008707,-2.741242
25967432.771936,-0.928202,-2.688132
25975472.224807,-1.376639,-2.377639
25983511.677677,-1.349714,-2.123341
25991551.130548,-1.514280,-2.247692
25999590.583419,-1.559036,-2.297385
26007630.036289,-1.731877,-2.197213
26015669.489160,-1.942611,-2.060957
26023708.942030,-2.083057,-1.722598
26031748.394901,-2.210873,-1.720780
26039787.847771,-2.380315,-1.739202
26047827.300642,-2.273199,-1.188961
26055866.753513,-2.626875,-1.300940
26063906.206383,-2.625186,-1.085873
26071945.659254,-2.734886,-1.171443
26079985.112124,-2.795945,-0.761291
26088024.564995,-2.811024,-0.706498
26096064.017865,-2.838612,-1.101542
26104103.470736,-2.997206,-0.649719
26112142.923607,-2.927077,-0.375363
26120182.376477,-2.763688,-0.313558
26128221.829348,-2.970615,-0.094800
26136261.282218,-3.008535,0.399615
26144300.735089,-2.811350,0.233923
26152340.187959,-2.824132,0.218718
26160379.640830,-2.870629,0.459153
26168419.093701,-2.878606,0.661311
26176458.546571,-2.727242,0.985126
26184497.999442,-2.643579,1.205013
26192537.452312,-2.584357,1.083556
26200576.905183,-2.313945,1.336229
26208616.358053,-2.522596,1.723449
26216655.810924,-2.389553,1.639894
26224695.263795,-2.097389,1.644491
26232734.716665,-1.995020,1.898572
26240774.169536,-2.041677,1.565549
26248813.622406,-1.978725,1.954613
26256853.075277,-1.759682,2.453348
26264892.528147,-1.567778,2.386886
26272931.981018,-1.422785,2.145635
26280971.433889,-1.343630,2.449173
26289010.886759,-1.196207,2.398923
26297050.339630,-1.160344,2.681111
26305089.792500,-0.769499,2.524121
26313129.245371,-0.784348,2.540405
26321168.698241,-0.614463,3.086038
26329208.151112,-0.464305,2.817927
26337247.603983,-0.199986,2.642182
26345287.056853,0.170427,2.491712
26353326.509724,0.159512,2.883303
26361365.962594,0.267143,2.739589
26369405.415465,0.396935,2.599469
26377444.868335,0.668072,2.707691
26385484.321206,0.777318,2.412467
26393523.774076,0.943187,2.404638
26401563.226947,1.182378,2.431905
26409602.679818,1.202228,2.252963
26417642.132688,1.612721,2.296613
26425681.585559,1.541738,2.143703
26433721.038429,1.734653,2.490976
26441760.491300,1.907465,2.005875
26449799.944170,1.935473,1.898442
26457839.397041,2.130673,1.894292
26465878.849912,2.186943,1.705816
26473918.302782,2.237197,1.701505
26481957.755653,2.345467,1.525307
26489997.208523,2.567334,1.317285
26498036.661394,2.426470,0.955883
26506076.114264,2.740269,1.045225
26514115.567135,2.678778,0.905782
26522155.020006,2.735449,0.734004
26530194.472876,2.793227,0.752519
26538233.925747,2.706347,0.675173
26546273.378617,2.857260,0.371305
26554312.831488,2.732938,-0.093409
26562352.284358,3.157926,-0.023356
26570391.737229,2.845422,-0.176487
26578431.190100,2.836393,-0.304361
26586470.642970,2.941830,-0.407552
26594510.095841,2.726286,-0.669891
26602549.548711,2.757738,-0.847808
26610589.001582,2.803416,-1.139044
26618628.454452,2.752432,-1.151310
26626667.907323,2.695920,-1.380171
26634707.360194,2.630503,-1.407504
26642746.813064,2.359888,-1.650945
26650786.265935,2.248482,-1.693343
26658825.718805,2.316694,-1.715883
26666865.171676,2.084882,-2.079242
26674904.624546,2.031968,-1.864744
26682944.077417,1.996091,-2.103158
26690983.530288,1.701463,-2.370723
26699022.983158,1.541328,-2.093923
26707062.436029,1.480658,-2.496420
26715101.888899,1.171586,-2.617497
26723141.341770,0.913808,-2.676833
26731180.794640,1.001753,-2.840878
26739220.247511,0.798803,-2.756802
26747259.700382,0.797296,-2.667491
26755299.153252,0.526687,-2.827129
26763338.606123,0.210540,-2.921226
26771378.058993,0.137129,-2.699986
26779417.511864,-0.019174,-2.827339
26787456.964734,-0.339690,-2.691379
26795496.417605,-0.289327,-3.049829
26803535.870475,-0.570020,-2.652006
26811575.323346,-0.573850,-2.483172
26819614.776217,-0.931944,-2.458897
26827654.229087,-1.147838,-2.465469
26835693.681958,-1.205512,-2.336497
26843733.134828,-1.295093,-2.609578
26851772.587699,-1.461173,-2.526628
26859812.040569,-1.537743,-2.615108
26867851.493440,-1.840061,-2.140624
26875890.946311,-1.917004,-1.905976
26883930.399181,-1.937481,-1.846540
26891969.852052,-2.135146,-1.990622
26900009.304922,-2.399760,-1.814161
26908048.757793,-2.279773,-1.343703
26916088.210663,-2.564575,-1.495968
26924127.663534,-2.533574,-1.313751
26932167.116405,-2.603231,-1.119507
26940206.569275,-2.764482,-1.183888
26948246.022146,-2.763050,-0.849780
26956285.475016,-2.814332,-0.816516
26964324.927887,-2.824970,-0.717065
26972364.380757,-2.771347,-0.358921
26980403.833628,-2.852394,-0.251533
26988443.286499,-2.847594,-0.301571
26996482.739369,-2.751710,-0.016974
27004522.192240,-2.829953,0.229937
27012561.645110,-2.792278,0.362982
27020601.097981,-2.758181,0.402157
27028640.550851,-2.820766,0.358141
27036680.003722,-2.589989,0.732418
27044719.456593,-2.793295,0.794662
27052758.909463,-2.684859,1.392910
27060798.362334,-2.748489,1.258353
27068837.815204,-2.632314,1.336769
27076877.268075,-2.523044,1.564649
27084916.720945,-2.227717,1.601622
27092956.173816,-2.088137,1.675939
27100995.626687,-1.951440,2.225851
27109035.079557,-1.934105,2.204302
27117074.532428,-1.898101,2.336408
27125113.985298,-1.665764,2.301034
27133153.438169,-1.443327,2.101478
27141192.891039,-1.395877,2.444252
27149232.343910,-1.267155,2.334567
27157271.796780,-1.189673,2.648406
27165311.249651,-1.031492,2.446282
27173350.702522,-0.815023,2.526269
27181390.155392,-0.590292,3.079825
27189429.608263,-0.480222,2.598855
27197469.061133,-0.176041,2.589500
27205508.514004,-0.210530,2.636123
27213547.966874,-0.025295,2.500907
27221587.419745,0.159646,2.732641
27229626.872616,0.368460,2.738779
27237666.325486,0.514304,2.582645
27245705.778357,0.739688,2.592528
27253745.231227,0.780726,2.686155
27261784.684098,1.029830,2.474461
27269824.136968,1.319859,2.225508
27277863.589839,1.273757,2.397440
27285903.042710,1.354882,2.335115
27293942.495580,1.664141,2.295345
27301981.948451,1.777334,1.900913
27310021.401321,1.956500,1.799576
27318060.854192,2.054118,1.823832
27326100.307062,2.166606,1.774503
27334139.759933,2.267697,1.780974
27342179.212804,2.522133,1.955320
27350218.665674,2.640215,1.284373
27358258.118545,2.617745,1.283844
27366297.571415,2.678927,1.237334
27374337.024286,2.606822,0.922827
27382376.477156,2.727540,0.707822
27390415.930027,2.649035,0.697992
27398455.382898,2.714084,0.622748
27406494.835768,2.729759,0.453971
27414534.288639,3.034306,-0.008119
27422573.741509,2.769452,0.089606
27430613.194380,3.050178,-0.697695
27438652.647250,2.794562,-0.193426
27446692.100121,2.886679,-0.383000
27454731.552992,2.754305,-0.536987
27462771.005862,2.894463,-0.876395
27470810.458733,2.889699,-1.036190
27478849.911603,2.677839,-1.155969
27486889.364474,2.602544,-1.185513
27494928.817344,2.658294,-1.423949
27502968.270215,2.526100,-1.660481
27511007.723086,2.440530,-1.654791
27519047.175956,2.375160,-1.985492
27527086.628827,2.160428,-1.666034
27535126.081697,2.089219,-1.881228
27543165.534568,1.967203,-1.970933
27551204.987438,1.768019,-2.160167
27559244.440309,1.695871,-2.189612
27567283.893179,1.488820,-1.801785
27575323.346050,1.483911,-2.263453
27583362.798921,1.183174,-2.507415
27591402.251791,1.077999,-2.529673
27599441.704662,0.742641,-2.810624
27607481.157532,0.706300,-2.630416
27615520.610403,0.634398,-2.738421
27623560.063273,0.346035,-2.699577
27631599.516144,0.186408,-2.884456
27639638.969015,0.037550,-2.662281
27647678.421885,-0.152255,-2.813212
27655717.874756,-0.458754,-2.686444
27663757.327626,-0.498213,-2.867074
27671796.780497,-0.479176,-2.684276
27679836.233367,-0.955328,-2.551137
27687875.686238,-0.945942,-2.578214
27695915.139109,-1.111674,-2.493880
27703954.591979,-1.235367,-2.405034
27711994.044850,-1.365093,-2.301314
27720033.497720,-1.619395,-2.320238
27728072.950591,-1.654137,-2.172174
27736112.403461,-1.925482,-2.016516
27744151.856332,-1.979267,-1.989731
27752191.309203,-2.155515,-1.900431
27760230.762073,-2.119072,-1.790141
27768270.214944,-2.384464,-1.725667
27776309.667814,-2.282129,-1.380699
27784349.120685,-2.598482,-1.668988
27792388.573555,-2.642879,-1.358051
27800428.026426,-2.628938,-1.094309
27808467.479297,-2.701041,-0.915122
27816506.932167,-2.709336,-0.845880
27824546.385038,-2.880521,-0.826145
27832585.837908,-2.924540,-0.714156
27840625.290779,-2.975457,-0.419337
27848664.743649,-2.907733,-0.372733
27856704.196520,-2.936668,-0.055351
27864743.649391,-2.982883,0.173389
27872783.102261,-2.917788,0.302864
27880822.555132,-2.950344,0.613292
27888862.008002,-2.779383,0.689562
27896901.460873,-2.760853,0.516220
27904940.913743,-2.803945,0.658533
27912980.366614,-2.679290,1.039581
27921019.819485,-2.725434,1.418787
27929059.272355,-2.608849,1.195671
27937098.725226,-2.470010,1.442978
27945138.178096,-2.441212,1.690624
27953177.630967,-2.141827,2.005566
27961217.083837,-2.101982,2.058788
27969256.536708,-1.911126,1.943704
27977295.989578,-1.969315,2.102162
27985335.442449,-1.615025,2.205733
27993374.895320,-1.444585,2.177277
28001414.348190,-1.589572,2.522815
28009453.801061,-1.302274,2.414401
28017493.253931,-1.163737,2.149336
28025532.706802,-1.069974,2.590113
28033572.159672,-0.873259,2.434000
28041611.612543,-0.736168,2.584450
28049651.065414,-0.387969,2.830583
28057690.518284,-0.288921,2.786449
28065729.971155,-0.301729,2.842285
28073769.424025,-0.075154,2.385884
28081808.876896,0.145958,2.693320
28089848.329766,0.252081,2.644031
28097887.782637,0.474503,2.575043
28105927.235508,0.654311,2.804082
28113966.688378,0.776315,2.585504
28122006.141249,1.099639,2.589284
28130045.594119,0.934575,2.277186
28138085.046990,1.467230,2.821648
28146124.499860,1.397148,2.371991
28154163.952731,1.617163,2.117314
28162203.405602,1.740690,2.163417
28170242.858472,1.931491,2.225095
28178282.311343,2.140694,1.884577
28186321.764213,2.179085,1.727894
28194361.217084,2.173657,1.836717
28202400.669954,2.465806,1.685188
28210440.122825,2.281114,1.367371
28218479.575696,2.569676,1.421626
28226519.028566,2.414952,1.116147
28234558.481437,2.622820,1.082808
28242597.934307,2.778966,0.917791
28250637.387178,2.667552,0.844393
28258676.840048,2.738468,0.635811
28266716.292919,2.862335,0.405761
28274755.745790,2.774281,0.578258
28282795.198660,2.828920,0.139785
28290834.651531,2.947946,-0.195668
28298874.104401,2.916629,-0.064701
28306913.557272,2.849110,-0.657805
28314953.010142,2.998785,-0.340427
28322992.463013,2.725572,-0.649395
28331031.915884,2.816207,-0.706420
28339071.368754,2.636014,-1.174036
28347110.821625,2.659725,-0.793847
28355150.274495,2.374461,-1.309485
28363189.727366,2.616690,-1.362061
28371229.180236,2.352856,-1.711078
28379268.633107,2.166394,-1.810803
28387308.085977,2.238025,-1.564786
28395347.538848,1.920970,-1.979712
28403386.991719,1.947893,-2.083996
28411426.444589,1.672097,-2.088346
28419465.897460,1.879791,-2.230532
28427505.350330,1.562333,-2.253874
28435544.803201,1.490925,-2.525332
28443584.256071,1.101997,-2.284167
28451623.708942,1.062061,-2.424049
28459663.161813,1.162602,-2.407175
28467702.614683,0.764567,-2.397909
28475742.067554,0.547029,-2.695190
28483781.520424,0.474062,-2.920790
28491820.973295,0.261605,-2.749180
28499860.426165,0.288697,-2.595827
28507899.879036,0.032187,-2.557822
28515939.331907,-0.216010,-2.788900
28523978.784777,-0.253660,-2.705826
28532018.237648,-0.665077,-2.434476
28540057.690518,-0.773660,-2.902060
28548097.143389,-0.997733,-2.670197
28556136.596259,-0.972260,-2.278846
28564176.049130,-1.230488,-2.244431
28572215.502001,-1.272117,-2.278633
28580254.954871,-1.626878,-2.046288
28588294.407742,-1.676541,-2.292045
28596333.860612,-1.745352,-2.345770
28604373.313483,-1.997456,-2.241633
28612412.766353,-2.112696,-2.056603
28620452.219224,-2.177292,-1.916824
28628491.672095,-2.085875,-1.687894
28636531.124965,-2.501572,-1.458077
28644570.577836,-2.525330,-1.205722
28652610.030706,-2.651164,-1.264638
28660649.483577,-2.524390,-1.293368
28668688.936447,-2.774660,-1.149570
28676728.389318,-2.794831,-0.810794
28684767.842189,-2.799431,-0.741759
28692807.295059,-2.844624,-0.597921
28700846.747930,-2.861167,-0.367506
28708886.200800,-2.849085,-0.296949
28716925.653671,-2.922536,-0.171547
28724965.106541,-2.883022,0.124836
28733004.559412,-2.956187,-0.030325
28741044.012282,-2.938959,0.237706
28749083.465153,-2.793450,0.657217
28757122.918024,-2.817340,0.754188
28765162.370894,-2.761688,0.780827
28773201.823765,-2.681801,1.068870
28781241.276635,-2.580679,1.285889
28789280.729506,-2.634261,1.302804
28797320.182376,-2.559721,1.457327
28805359.635247,-2.501919,1.440976
28813399.088118,-2.289842,1.680416
28821438.540988,-2.327213,1.882621
28829477.993859,-2.159257,2.081264
28837517.446729,-2.113488,1.870541
28845556.899600,-1.747733,1.900919
28853596.352470,-1.802073,2.431867
28861635.805341,-1.616920,2.371593
28869675.258212,-1.426804,2.418382
28877714.711082,-1.300627,2.349882
28885754.163953,-1.133559,2.623632
28893793.616823,-0.828421,2.554822
28901833.069694,-0.838329,2.466027
28909872.522564,-0.645778,2.937261
28917911.975435,-0.297141,2.867482
28925951.428306,-0.174955,2.647155
28933990.881176,-0.135026,2.561480
28942030.334047,-0.046396,2.617840
28950069.786917,0.231027,2.578836
28958109.239788,0.361789,2.810066
28966148.692658,0.654139,2.523605
28974188.145529,0.805652,2.657108
28982227.598400,0.996564,2.562122
28990267.051270,1.059195,2.413022
28998306.504141,1.279370,2.313054
29006345.957011,1.276081,2.654017
29014385.409882,1.453533,2.400477
29022424.862752,1.515264,2.000761
29030464.315623,1.707063,2.162309
29038503.768494,2.025004,2.063146
29046543.221364,2.085268,1.793478
29054582.674235,2.039169,1.808743
29062622.127105,2.312724,1.793463
29070661.579976,2.322116,1.590328
29078701.032846,2.362514,1.376926
29086740.485717,2.609748,1.301999
29094779.938588,2.570811,1.331481
29102819.391458,2.674440,0.951892
29110858.844329,2.840379,0.791008
29118898.297199,2.795969,0.594721
29126937.750070,2.834472,0.709996
29134977.202940,2.835623,0.280133
29143016.655811,2.939211,0.343245
29151056.108681,2.873143,0.053398
29159095.561552,2.855110,-0.045666
29167135.014423,2.877051,0.030643
29175174.467293,2.792167,-0.405049
29183213.920164,2.821742,-0.648850
29191253.373034,2.827945,-0.586023
29199292.825905,2.671526,-0.979729
29207332.278775,2.638701,-1.170080
29215371.731646,2.777527,-1.264791
29223411.184517,2.580494,-1.350768
29231450.637387,2.580708,-1.373502
29239490.090258,2.426124,-1.730574
29247529.543128,2.278095,-1.657709
29255568.995999,2.183293,-2.117512
29263608.448869,1.958541,-1.666535
29271647.901740,1.892786,-2.021333
29279687.354611,1.883165,-2.156981
29287726.807481,1.738322,-2.406251
29295766.260352,1.481661,-2.135773
29303805.713222,1.301210,-2.401972
29311845.166093,1.310088,-2.537184
29319884.618963,1.066443,-2.715192
29327924.071834,0.892315,-2.696129
29335963.524705,0.621051,-2.474351
29344002.977575,0.302959,-2.633768
29352042.430446,0.495964,-2.689060
29360081.883316,0.163103,-2.706193
29368121.336187,-0.034563,-2.469106
29376160.789057,-0.377915,-2.480893
29384200.241928,-0.478613,-2.603490
29392239.694799,-0.646193,-2.917730
29400279.147669,-0.560470,-2.640084
29408318.600540,-0.993416,-2.410472
29416358.053410,-0.961762,-2.716457
29424397.506281,-1.233018,-2.514463
29432436.959151,-1.230857,-2.437001
29440476.412022,-1.471031,-2.444285
29448515.864893,-1.540497,-1.895577
29456555.317763,-1.789321,-2.307314
29464594.770634,-1.847833,-2.057206
29472634.223504,-2.041964,-1.910569
29480673.676375,-2.150213,-1.839871
29488713.129245,-2.204017,-1.576294
29496752.582116,-2.299211,-1.522026
29504792.034987,-2.526941,-1.654861
29512831.487857,-2.569507,-1.030928
29520870.940728,-2.498656,-1.182606
29528910.393598,-2.766928,-0.978037
29536949.846469,-2.594607,-0.787722
29544989.299339,-2.724556,-0.822799
29553028.752210,-2.827182,-0.664810
29561068.205080,-2.967834,-0.481525
29569107.657951,-2.919966,-0.178710
29577147.110822,-3.098355,-0.232170
29585186.563692,-2.856035,-0.126589
29593226.016563,-2.875404,0.215698
29601265.469433,-2.979053,0.212875
29609304.922304,-3.029558,0.639413
29617344.375174,-2.759754,0.607124
29625383.828045,-2.590132,0.876752
29633423.280916,-2.906397,1.228640
29641462.733786,-2.698257,0.998658
29649502.186657,-2.594380,1.443216
29657541.639527,-2.432909,1.204190
29665581.092398,-2.438289,1.468906
29673620.545268,-2.379733,1.607777
29681659.998139,-2.179978,1.816619
29689699.451010,-2.027314,1.993507
29697738.903880,-1.983440,1.974421
29705778.356751,-1.801811,1.981473
29713817.809621,-1.644986,1.995927
29721857.262492,-1.602257,2.577045
29729896.715362,-1.368881,2.468056
29737936.168233,-1.404070,2.096708
29745975.621104,-1.112556,2.332470
29754015.073974,-1.043591,2.835440
29762054.526845,-0.816908,2.736838
29770093.979715,-0.654187,2.656824
29778133.432586,-0.534389,2.588903
29786172.885456,-0.399608,2.654009
29794212.338327,-0.102667,2.769460
29802251.791198,-0.112676,2.775880
29810291.244068,0.131697,2.440358
29818330.696939,0.463878,2.760167
29826370.149809,0.540144,2.539111
29834409.602680,0.643721,2.532795
29842449.055550,0.756244,2.585014
29850488.508421,0.866053,2.777480
29858527.961292,1.106275,2.742172
29866567.414162,1.262999,2.451692
29874606.867033,1.467425,2.258772
29882646.319903,1.657266,2.625705
29890685.772774,1.710347,1.964236
29898725.225644,1.812959,2.114221
29906764.678515,1.952452,1.950768
29914804.131386,2.095671,1.818901
29922843.584256,2.181596,1.846628
29930883.037127,2.341809,1.358816
29938922.489997,2.421408,1.502421
29946961.942868,2.529654,1.478836
29955001.395738,2.705693,1.003579
29963040.848609,2.552420,1.227342
29971080.301479,2.516101,0.851726
29979119.754350,2.701388,0.827486
29987159.207221,2.734220,0.637382
29995198.660091,2.886175,0.430051
30003238.112962,2.947680,0.066674
30011277.565832,2.861620,0.233641
30019317.018703,2.859611,-0.362786
30027356.471573,2.850422,-0.432451
30035395.924444,2.827120,-0.358480
30043435.377315,2.927343,-0.656633
30051474.830185,2.777834,-0.529347
30059514.283056,2.697370,-0.718758
30067553.735926,2.785118,-1.200923
30075593.188797,2.445885,-1.295151
30083632.641667,2.538430,-1.443510
30091672.094538,2.521328,-1.314448
30099711.547409,2.304947,-1.501459
30107751.000279,2.256741,-1.719216
30115790.453150,2.129646,-1.545070
30123829.906020,1.992256,-2.061228
30131869.358891,1.944413,-2.080308
30139908.811761,1.730304,-2.064078
30147948.264632,1.603794,-2.475516
30155987.717503,1.545420,-2.243718
30164027.170373,1.458051,-2.246913
30172066.623244,1.261669,-2.375969
30180106.076114,1.012636,-2.633775
30188145.528985,0.891103,-2.365726
30196184.981855,0.657901,-2.733869
30204224.434726,0.522538,-2.650884
30212263.887597,0.428701,-2.813601
30220303.340467,0.330699,-2.867582
30228342.793338,0.079868,-2.474266
30236382.246208,-0.093275,-2.592799
30244421.699079,-0.278058,-2.738938
30252461.151949,-0.501430,-2.728854
30260500.604820,-0.449228,-2.572801
30268540.057691,-0.750240,-2.727049
30276579.510561,-0.955489,-2.752551
30284618.963432,-0.976289,-2.797743
30292658.416302,-1.179498,-2.494546
30300697.869173,-1.369907,-2.477102
30308737.322043,-1.565587,-2.230065
30316776.774914,-1.512642,-2.251745
30324816.227784,-1.855732,-2.069903
30332855.680655,-1.871980,-2.092853
30340895.133526,-2.114986,-2.034992
30348934.586396,-2.257904,-1.731076
30356974.039267,-2.340557,-1.722455
30365013.492137,-2.398868,-1.455285
30373052.945008,-2.661508,-1.309981
30381092.397878,-2.491418,-1.330593
30389131.850749,-2.698602,-0.789518
30397171.303620,-2.780283,-1.078932
30405210.756490,-2.715512,-0.761519
30413250.209361,-2.722773,-0.862803
30421289.662231,-2.925603,-0.855265
30429329.115102,-2.736553,-0.394612
30437368.567972,-2.714958,-0.471197
30445408.020843,-2.889827,-0.045723
30453447.473714,-3.007781,0.030632
30461486.926584,-3.034373,0.532987
30469526.379455,-2.989736,0.429547
30477565.832325,-2.822280,0.617400
30485605.285196,-2.956534,0.660268
30493644.738066,-2.753973,0.924791
30501684.190937,-2.600467,0.951309
30509723.643808,-2.610164,1.006200
30517763.096678,-2.603181,1.248153
30525802.549549,-2.321481,1.379808
30533842.002419,-2.604555,1.583139
30541881.455290,-2.333432,1.925732
30549920.908160,-2.052673,1.682764
30557960.361031,-2.108088,1.919603
30565999.813902,-1.905947,1.822281
30574039.266772,-1.802984,1.913063
30582078.719643,-1.660772,2.383067
30590118.172513,-1.332210,2.418621
30598157.625384,-1.480294,2.376364
30606197.078254,-1.204325,2.327227
30614236.531125,-1.091336,2.442013
30622275.983996,-0.907520,2.730346
30630315.436866,-0.655513,2.528063
30638354.889737,-0.639960,2.473824
30646394.342607,-0.430917,2.662653
30654433.795478,-0.142950,2.615565
30662473.248348,-0.311030,2.580637
30670512.701219,0.147652,2.581391
30678552.154090,0.336778,2.830744
30686591.606960,0.388671,2.607349
30694631.059831,0.565656,2.688535
30702670.512701,0.824227,2.583081
30710709.965572,0.977829,2.613013
30718749.418442,1.109233,2.500926
30726788.871313,1.096538,2.466127
30734828.324183,1.455001,2.200635
30742867.777054,1.514275,2.182084
30750907.229925,1.693050,2.271315
30758946.682795,1.724103,2.215116
30766986.135666,1.964911,1.980532
30775025.588536,2.008926,1.892238
30783065.041407,2.036945,1.942894
30791104.494277,2.361778,1.587395
30799143.947148,2.271067,1.528702
30807183.400019,2.334532,1.523363
30815222.852889,2.594881,1.287044
30823262.305760,2.539858,1.278846
30831301.758630,2.692212,1.244349
30839341.211501,2.713315,0.953620
30847380.664371,2.747227,0.586140
30855420.117242,2.818598,0.630359
30863459.570113,2.817632,0.444347
30871499.022983,2.706807,0.523238
30879538.475854,2.946716,0.102076
30887577.928724,2.859237,-0.123555
30895617.381595,2.742409,-0.132504
30903656.834465,2.855173,-0.483957
30911696.287336,2.839600,-0.428118
30919735.740207,2.748490,-0.950088
30927775.193077,2.662324,-0.940022
30935814.645948,2.638654,-1.277940
30943854.098818,2.660630,-1.136659
30951893.551689,2.341807,-1.444799
30959933.004559,2.476218,-1.575208
30967972.457430,2.315758,-1.657781
30976011.910301,2.229948,-1.524449
30984051.363171,2.144221,-1.830574
30992090.816042,1.853443,-1.958601
31000130.268912,1.897970,-2.069128
31008169.721783,1.554471,-2.122494
31016209.174653,1.560743,-2.477447
31024248.627524,1.588255,-2.466360
31032288.080395,1.204709,-2.373487
31040327.533265,1.062845,-2.703002
31048366.986136,1.109125,-2.742332
31056406.439006,0.852616,-2.635491
31064445.891877,0.611727,-2.562744
31072485.344747,0.436296,-2.404448
31080524.797618,0.436837,-2.504670
31088564.250489,0.102782,-2.829208
31096603.703359,0.102379,-2.622015
31104643.156230,-0.162823,-2.765347
31112682.609100,-0.097235,-2.501523
31120722.061971,-0.534648,-2.880069
31128761.514841,-0.568612,-2.644947
31136800.967712,-0.918216,-2.793225
31144840.420582,-1.083239,-2.489338
31152879.873453,-1.259200,-2.509784
31160919.326324,-1.256356,-2.673190
31168958.779194,-1.491503,-2.308330
31176998.232065,-1.654217,-2.350814
31185037.684935,-1.694155,-2.443925
31193077.137806,-1.938295,-1.963591
31201116.590676,-1.832317,-1.837528
31209156.043547,-2.038623,-1.937621
31217195.496418,-2.341151,-1.684175
31225234.949288,-2.389701,-1.709205
31233274.402159,-2.424415,-1.589865
31241313.855029,-2.531676,-1.304346
31249353.307900,-2.639580,-1.633697
31257392.760770,-2.629689,-1.075116
31265432.213641,-2.761283,-0.951389
31273471.666512,-2.753662,-0.526547
31281511.119382,-2.769398,-0.720751
31289550.572253,-2.893368,-0.457584
31297590.025123,-2.924345,-0.283102
31305629.477994,-3.037285,-0.109447
31313668.930864,-2.944777,0.102048
31321708.383735,-2.887331,0.147084
31329747.836606,-2.765013,0.300420
31337787.289476,-2.708558,0.649680
31345826.742347,-2.861663,0.622249
31353866.195217,-2.884301,0.655133
31361905.648088,-2.831673,0.904517
31369945.100958,-2.662032,1.016602
31377984.553829,-2.669362,1.006384
31386024.006700,-2.456203,1.277506
31394063.459570,-2.556194,1.441105
31402102.912441,-2.353070,1.492773
31410142.365311,-2.422323,1.802577
31418181.818182,-2.220877,2.068761
31426221.271052,-2.012550,1.789824
31434260.723923,-1.688643,2.134336
31442300.176794,-1.547024,2.099312
31450339.629664,-1.408360,2.528586
31458379.082535,-1.483046,2.425537
31466418.535405,-1.386786,2.359734
31474457.988276,-1.192494,2.370650
31482497.441146,-1.038483,2.277193
31490536.894017,-0.860750,2.451553
31498576.346888,-0.766185,2.699961
31506615.799758,-0.478529,2.680111
31514655.252629,-0.307674,2.555186
31522694.705499,-0.197980,2.555625
31530734.158370,0.024175,2.597442
31538773.611240,0.151279,2.753574
31546813.064111,0.206001,2.729420
31554852.516981,0.508511,2.877553
31562891.969852,0.598688,2.728862
31570931.422723,0.759846,2.703088
31578970.875593,1.001566,2.495350
31587010.328464,1.084676,2.365693
31595049.781334,1.460399,2.485423
31603089.234205,1.381701,2.334768
31611128.687075,1.734333,2.033595
31619168.139946,1.788094,2.322754
31627207.592817,1.959528,2.307541
31635247.045687,2.120942,2.146637
31643286.498558,2.011340,1.846500
31651325.951428,2.192442,1.804040
31659365.404299,2.224498,1.789949
31667404.857169,2.369510,1.609592
31675444.310040,2.444433,1.272917
31683483.762911,2.581201,1.227617
31691523.215781,2.681352,0.926369
31699562.668652,2.631865,0.988846
31707602.121522,2.807864,0.625622
31715641.574393,2.756939,0.609087
31723681.027263,2.831545,0.345830
31731720.480134,2.671498,0.398589
31739759.933005,2.968149,0.147312
31747799.385875,2.957012,-0.441347
31755838.838746,2.821715,0.105269
31763878.291616,2.929985,-0.176157
31771917.744487,2.869577,-0.594199
31779957.197357,2.750381,-0.709958
31787996.650228,2.713875,-0.763080
31796036.103099,2.439875,-0.951851
31804075.555969,2.667581,-1.104671
31812115.008840,2.493070,-1.349115
31820154.461710,2.428158,-1.137526
31828193.914581,2.485693,-1.409610
31836233.367451,2.209986,-1.673006
31844272.820322,2.321966,-1.909813
31852312.273193,2.169439,-2.000348
31860351.726063,1.912037,-2.010122
31868391.178934,1.971082,-2.193137
31876430.631804,1.552872,-2.278860
31884470.084675,1.476047,-2.203834
31892509.537545,1.445962,-2.461152
31900548.990416,1.236352,-2.652231
31908588.443286,1.002441,-2.734546
31916627.896157,0.975268,-2.374183
31924667.349028,0.710738,-2.593734
31932706.801898,0.509929,-2.822161
31940746.254769,0.426307,-2.580696
31948785.707639,0.118719,-2.685831
31956825.160510,-0.073870,-2.696422
31964864.613380,-0.159086,-2.550614
31972904.066251,-0.351493,-2.779205
31980943.519122,-0.532249,-2.900419
31988982.971992,-0.586083,-2.592641
31997022.424863,-0.733479,-2.574781
32005061.877733,-0.898026,-2.787469
32013101.330604,-1.171821,-2.301557
32021140.783474,-1.289044,-2.491108
32029180.236345,-1.493702,-2.587157
32037219.689216,-1.488443,-2.187663
32045259.142086,-1.698014,-2.173418
32053298.594957,-1.734639,-1.990711
32061338.047827,-1.866888,-2.146464
32069377.500698,-1.936886,-1.789497
32077416.953568,-2.253032,-1.845132
32085456.406439,-2.210375,-1.796152
32093495.859310,-2.236530,-1.469627
32101535.312180,-2.495909,-1.630947
32109574.765051,-2.701906,-1.587874
32117614.217921,-2.772027,-1.008719
32125653.670792,-2.624524,-1.215151
32133693.123662,-2.706041,-0.473159
32141732.576533,-2.941035,-0.564111
32149772.029404,-2.852964,-0.595523
32157811.482274,-2.847606,-0.262412
32165850.935145,-2.804868,-0.238514
32173890.388015,-2.821740,0.120104
32181929.840886,-2.859041,0.089574
32189969.293756,-2.787508,-0.007431
32198008.746627,-2.992980,0.279758
32206048.199498,-2.907226,0.261150
32214087.652368,-2.704436,0.678867
32222127.105239,-2.781211,0.922394
32230166.558109,-2.638784,0.695395
32238206.010980,-2.765571,1.417038
32246245.463850,-2.562860,1.245214
32254284.916721,-2.554777,1.536146
32262324.369592,-2.344774,1.759386
32270363.822462,-2.256021,1.594346
32278403.275333,-2.244199,1.802854
32286442.728203,-1.917609,2.109803
32294482.181074,-2.026315,2.276904
32302521.633944,-1.705517,2.220221
32310561.086815,-1.539286,2.435379
32318600.539685,-1.538186,2.527152
32326639.992556,-1.346048,2.617292
32334679.445427,-1.272375,2.316743
32342718.898297,-1.190308,2.464434
32350758.351168,-0.994572,2.517709
32358797.804038,-0.741741,2.544572
32366837.256909,-0.719461,2.623898
32374876.709779,-0.549748,2.583964
32382916.162650,-0.169384,2.469086
32390955.615521,-0.082270,2.523499
32398995.068391,0.269826,2.692056
32407034.521262,0.374808,2.473829
32415073.974132,0.199661,2.860339
32423113.427003,0.606025,2.317365
32431152.879873,0.588028,2.554716
32439192.332744,0.894803,2.555469
32447231.785615,1.080390,2.387872
32455271.238485,1.214672,2.629872
32463310.691356,1.367528,2.254849
32471350.144226,1.481047,1.884956
32479389.597097,1.799037,2.260622
32487429.049967,1.735703,2.072509
32495468.502838,1.982564,2.075230
32503507.955709,2.118106,1.734307
32511547.408579,2.303069,1.895278
32519586.861450,2.252581,1.561404
32527626.314320,2.436304,1.385998
32535665.767191,2.500013,1.410071
32543705.220061,2.450463,1.262814
32551744.672932,2.560478,1.054939
32559784.125803,2.559674,1.092955
32567823.578673,2.791499,0.866884
32575863.031544,2.892718,0.583852
32583902.484414,2.767895,0.405382
32591941.937285,2.834333,0.465510
32599981.390155,2.715323,0.347463
32608020.843026,2.996941,0.141365
32616060.295897,2.773424,-0.001755
32624099.748767,2.919924,-0.431336
32632139.201638,2.881090,-0.532855
32640178.654508,2.993123,-0.611446
32648218.107379,2.767502,-0.849922
32656257.560249,2.743855,-0.712677
32664297.013120,2.581586,-1.413463
32672336.465991,2.481962,-0.996681
32680375.918861,2.598925,-0.928768
32688415.371732,2.519772,-1.483779
32696454.824602,2.362000,-1.366808
32704494.277473,2.061858,-1.725906
32712533.730343,2.068153,-1.839621
32720573.183214,2.044892,-1.899603
32728612.636084,1.864223,-1.959969
32736652.088955,1.729122,-2.135233
32744691.541826,1.600277,-2.336243
32752730.994696,1.313341,-2.389130
32760770.447567,1.366503,-2.223900
32768809.900437,1.040489,-2.462630
32776849.353308,0.873898,-2.324786
32784888.806178,0.874664,-2.611446
32792928.259049,0.614458,-2.522449
32800967.711920,0.482409,-2.509228
32809007.164790,0.363161,-2.899369
32817046.617661,0.195197,-2.357030
32825086.070531,0.063276,-2.604677
32833125.523402,-0.349104,-2.707407
32841164.976272,-0.314580,-2.676706
32849204.429143,-0.418123,-2.773885
32857243.882014,-0.790826,-2.374216
32865283.334884,-0.726634,-2.416176
32873322.787755,-1.010833,-2.490495
32881362.240625,-1.244537,-2.347369
32889401.693496,-1.295391,-2.521789
32897441.146366,-1.427214,-2.373938
32905480.599237,-1.625135,-2.277606
32913520.052108,-1.723880,-2.066247
32921559.504978,-1.756783,-2.218374
32929598.957849,-1.809685,-1.473577
32937638.410719,-2.033899,-1.739285
32945677.863590,-2.485334,-1.940954
32953717.316460,-2.369542,-1.902896
32961756.769331,-2.445869,-1.679959
32969796.222202,-2.425224,-1.488277
32977835.675072,-2.642775,-1.339309
32985875.127943,-2.722089,-0.835499
32993914.580813,-2.876494,-1.017946
33001954.033684,-2.803790,-0.995630
33009993.486554,-2.973312,-0.470417
33018032.939425,-2.780449,-0.518489
33026072.392296,-2.990276,-0.468180
33034111.845166,-2.993309,-0.034381
33042151.298037,-2.996063,-0.069133
33050190.750907,-2.844705,-0.012419
33058230.203778,-2.769299,0.223659
33066269.656648,-2.906473,0.412032
33074309.109519,-2.949210,1.028723
33082348.562390,-2.803015,0.950234
33090388.015260,-2.635733,0.722395
33098427.468131,-2.541115,0.980256
33106466.921001,-2.462219,1.022841
33114506.373872,-2.475249,1.327976
33122545.826742,-2.410710,1.582015
33130585.279613,-2.212064,1.498883
33138624.732483,-2.398607,1.687732
33146664.185354,-2.213828,1.841409
33154703.638225,-2.089938,1.935605
33162743.091095,-1.947436,2.021074
33170782.543966,-1.710654,2.068304
33178821.996836,-1.614952,2.399859
33186861.449707,-1.530186,2.694369
33194900.902577,-1.336661,2.767321
33202940.355448,-1.254955,2.405218
33210979.808319,-1.022451,2.319425
33219019.261189,-0.839808,2.645996
33227058.714060,-0.409319,2.629130
33235098.166930,-0.377701,2.468052
33243137.619801,-0.406472,2.781300
33251177.072671,-0.015855,2.737785
33259216.525542,-0.007959,2.634132
33267255.978413,0.228743,2.473869
33275295.431283,0.300227,2.761198
33283334.884154,0.512918,2.696410
33291374.337024,0.623567,2.259980
33299413.789895,0.843512,2.598571
33307453.242765,0.973280,2.774701
33315492.695636,1.121512,2.498776
33323532.148507,1.358616,2.526543
33331571.601377,1.232720,2.568886
33339611.054248,1.500197,2.124022
33347650.507118,1.689951,2.262576
33355689.959989,1.995170,2.050538
33363729.412859,1.857921,1.823260
33371768.865730,1.951416,1.971255
33379808.318601,2.380610,1.607989
33387847.771471,2.355300,1.288762
33395887.224342,2.544757,1.416437
33403926.677212,2.506601,1.202428
33411966.130083,2.609124,0.902497
33420005.582953,2.642367,0.869759
33428045.035824,2.635362,0.871327
33436084.488695,2.957860,0.782121
33444123.941565,2.887497,0.595333
33452163.394436,2.782723,0.601199
33460202.847306,2.788873,0.450475
33468242.300177,2.876877,0.385130
33476281.753047,2.842780,-0.060696
33484321.205918,3.100152,-0.219375
33492360.658788,2.815995,-0.270732
33500400.111659,2.974191,-0.663329
33508439.564530,2.786452,-0.769987
33516479.017400,2.868677,-0.729407
33524518.470271,2.657616,-1.106341
33532557.923141,2.742981,-1.286725
33540597.376012,2.375690,-1.467261
33548636.828882,2.481020,-1.345139
33556676.281753,2.305101,-1.311729
33564715.734624,2.350274,-1.733716
33572755.187494,2.179266,-1.899323
33580794.640365,2.131218,-1.814647
33588834.093235,1.877989,-2.188983
33596873.546106,1.913829,-2.115766
33604912.998976,1.642083,-2.286831
33612952.451847,1.443591,-2.165414
33620991.904718,1.310253,-2.354760
33629031.357588,1.276873,-2.535255
33637070.810459,0.910030,-2.609275
33645110.263329,0.819236,-2.785818
33653149.716200,0.638934,-2.522298
33661189.169070,0.508571,-2.685367
33669228.621941,0.449224,-2.814982
33677268.074812,0.316213,-2.773862
33685307.527682,0.051064,-2.662094
33693346.980553,-0.189736,-2.766807
33701386.433423,-0.298821,-2.573300
33709425.886294,-0.308801,-2.483617
33717465.339164,-0.725847,-2.643162
33725504.792035,-0.857838,-2.817467
33733544.244906,-0.837326,-2.529490
33741583.697776,-1.082302,-2.297356
33749623.150647,-1.326955,-2.675783
33757662.603517,-1.215193,-2.177402
33765702.056388,-1.622469,-2.196032
33773741.509258,-1.617330,-2.236499
33781780.962129,-2.004975,-1.911433
33789820.415000,-1.968438,-1.888937
33797859.867870,-2.065849,-2.234946
33805899.320741,-2.218661,-1.870165
33813938.773611,-2.391512,-1.492873
33821978.226482,-2.256235,-1.532085
33830017.679352,-2.472084,-1.348723
33838057.132223,-2.713751,-1.175344
33846096.585094,-2.723823,-1.129781
33854136.037964,-2.653316,-1.143538
33862175.490835,-2.930180,-0.844352
33870214.943705,-2.807761,-0.938350
33878254.396576,-2.792697,-0.323183
33886293.849446,-2.880584,-0.454126
33894333.302317,-3.018158,-0.201182
33902372.755187,-2.930587,0.218034
33910412.208058,-2.867329,0.013475
33918451.660929,-2.900004,0.395598
33926491.113799,-2.846004,0.524267
33934530.566670,-2.873964,0.319068
33942570.019540,-2.853898,0.868205
33950609.472411,-2.846425,0.554291
33958648.925281,-2.907267,0.875392
33966688.378152,-2.597473,1.088976
33974727.831023,-2.421012,1.289451
33982767.283893,-2.472069,1.607129
33990806.736764,-2.498119,1.571248
33998846.189634,-2.495442,1.573145
34006885.642505,-2.170390,1.647332
34014925.095375,-2.106303,1.812826
34022964.548246,-1.939099,1.968087
34031004.001117,-1.899888,2.186142
34039043.453987,-1.551652,2.371887
34047082.906858,-1.445671,2.436822
34055122.359728,-1.386121,2.409612
34063161.812599,-1.166237,2.437935
34071201.265469,-1.284976,2.481031
34079240.718340,-1.041030,2.801966
34087280.171211,-0.850938,2.414832
34095319.624081,-0.629047,2.639158
34103359.076952,-0.340684,3.134726
34111398.529822,-0.265190,2.906545
34119437.982693,-0.056495,2.786424
34127477.435563,0.051498,2.731838
34135516.888434,0.158119,2.645019
34143556.341305,0.532747,2.868045
34151595.794175,0.555275,2.887861
34159635.247046,0.577627,2.822744
34167674.699916,1.014281,2.671931
34175714.152787,1.042039,2.487454
34183753.605657,1.233352,2.313139
34191793.058528,1.485867,2.376105
34199832.511399,1.721498,2.325481
34207871.964269,1.678939,2.261889
34215911.417140,1.784042,1.916110
34223950.870010,2.031244,2.194871
34231990.322881,2.104447,2.058634
34240029.775751,2.242204,1.538155
34248069.228622,2.245187,1.596499
34256108.681493,2.338062,1.354435
34264148.134363,2.512489,1.307644
34272187.587234,2.690873,1.330783
34280227.040104,2.699428,1.096387
34288266.492975,2.787252,0.948594
34296305.945845,2.714596,0.826846
34304345.398716,2.829712,0.466125
34312384.851586,2.815958,0.588361
34320424.304457,2.809866,0.471865
34328463.757328,3.057284,0.287921
34336503.210198,2.784737,0.199772
34344542.663069,2.845738,0.001462
34352582.115939,2.868369,-0.423239
34360621.568810,2.814722,-0.299971
34368661.021680,2.844102,-0.687121
34376700.474551,2.680672,-0.707529
34384739.927422,2.699891,-0.883469
34392779.380292,2.581843,-1.028024
34400818.833163,2.510008,-1.415964
34408858.286033,2.353158,-1.441431
34416897.738904,2.426921,-1.666842
34424937.191774,2.364695,-1.771873
34432976.644645,2.194289,-1.794551
34441016.097516,2.108621,-1.754924
34449055.550386,2.028074,-2.057854
34457095.003257,1.861621,-2.076506
34465134.456127,1.587160,-2.082060
34473173.908998,1.420113,-2.033914
34481213.361868,1.528244,-2.486322
34489252.814739,1.352736,-2.445597
34497292.267610,1.166543,-2.544066
34505331.720480,0.927903,-2.537890
34513371.173351,0.869681,-2.697531
34521410.626221,0.722389,-2.635338
34529450.079092,0.449677,-2.397354
34537489.531962,0.412296,-2.802341
34545528.984833,0.107101,-2.698421
34553568.437704,-0.142014,-2.364935
34561607.890574,-0.127603,-2.769289
34569647.343445,-0.401493,-2.577832
34577686.796315,-0.542227,-2.515939
34585726.249186,-0.546810,-2.661530
34593765.702056,-0.850871,-2.520400
34601805.154927,-0.941516,-2.546406
34609844.607798,-1.184488,-2.504668
34617884.060668,-1.323069,-2.407643
34625923.513539,-1.626488,-2.356281
34633962.966409,-1.524079,-2.197745
34642002.419280,-1.761665,-2.082308
34650041.872150,-1.931552,-1.819651
34658081.325021,-1.802422,-2.116312
34666120.777892,-2.179382,-1.772952
34674160.230762,-2.348522,-1.525296
34682199.683633,-2.366920,-1.830066
34690239.136503,-2.458975,-1.633436
34698278.589374,-2.682279,-1.265563
34706318.042244,-2.615882,-1.164087
34714357.495115,-2.535744,-1.070926
34722396.947985,-2.913741,-0.899460
34730436.400856,-2.714067,-0.880598
34738475.853727,-2.961907,-0.694136
34746515.306597,-2.844243,-0.449038
34754554.759468,-2.886151,-0.027336
34762594.212338,-2.850350,-0.086221
34770633.665209,-2.970427,-0.117899
34778673.118079,-2.997994,0.263990
34786712.570950,-3.068917,0.276654
34794752.023821,-2.812597,0.463577
34802791.476691,-2.779788,0.698073
34810830.929562,-2.781639,0.751228
34818870.382432,-2.809739,1.077762
34826909.835303,-2.685444,1.182070
34834949.288173,-2.491084,1.125263
34842988.741044,-2.579017,1.305473
34851028.193915,-2.364799,1.534396
34859067.646785,-2.453071,1.647799
34867107.099656,-2.161915,1.852764
34875146.552526,-2.189785,1.972609
34883186.005397,-2.005755,1.977512
34891225.458267,-1.885950,2.053988
34899264.911138,-1.777964,2.123678
34907304.364009,-1.631587,2.141155
34915343.816879,-1.455556,2.162928
34923383.269750,-1.233024,2.543202
34931422.722620,-1.045884,2.373075
34939462.175491,-1.009063,2.447676
34947501.628361,-0.868654,2.633760
34955541.081232,-0.732640,2.320821
34963580.534103,-0.420545,2.708681
34971619.986973,-0.324824,2.433133
34979659.439844,-0.076727,2.881182
34987698.892714,-0.185121,2.843566
34995738.345585,0.126423,2.586183
35003777.798455,0.302162,2.871716
35011817.251326,0.640649,2.589349
35019856.704197,0.807112,2.497312
35027896.157067,0.869773,2.518827
35035935.609938,1.029276,2.721233
35043975.062808,1.181036,2.536503
35052014.515679,1.380748,2.580739
35060053.968549,1.512753,2.214782
35068093.421420,1.684229,2.287439
35076132.874290,1.668823,2.360602
35084172.327161,1.873000,2.101306
35092211.780032,2.064872,1.680903
35100251.232902,2.117931,1.787514
35108290.685773,2.271248,1.696336
35116330.138643,2.391016,1.698823
35124369.591514,2.316125,1.234842
35132409.044384,2.426880,1.144120
35140448.497255,2.614676,1.300144
35148487.950126,2.741676,0.885204
35156527.402996,2.829599,1.098869
35164566.855867,2.821192,0.565250
35172606.308737,2.741771,0.529954
35180645.761608,2.856924,0.372122
35188685.214478,2.898901,0.271479
35196724.667349,2.835287,-0.000076
35204764.120220,2.841325,-0.214543
35212803.573090,2.825562,-0.183690
35220843.025961,2.941561,-0.464218
35228882.478831,2.701576,-0.683513
35236921.931702,2.698091,-0.546098
35244961.384572,2.628695,-0.905549
35253000.837443,2.623211,-0.971865
35261040.290314,2.686382,-1.020460
35269079.743184,2.537214,-1.357471
35277119.196055,2.535641,-1.494404
35285158.648925,2.448267,-1.557452
35293198.101796,2.281009,-1.682641
35301237.554666,2.216116,-1.611711
35309277.007537,2.055012,-1.934622
35317316.460408,1.967350,-2.097749
35325355.913278,1.853361,-2.049834
35333395.366149,1.542337,-2.106614
35341434.819019,1.447690,-2.305080
35349474.271890,1.268050,-2.487615
35357513.724760,1.247081,-2.589505
35365553.177631,1.009312,-2.557818
35373592.630502,0.894985,-2.579043
35381632.083372,0.729608,-2.562268
35389671.536243,0.497005,-2.624940
35397710.989113,0.288771,-2.744821
35405750.441984,0.237063,-2.851227
35413789.894854,0.069109,-2.960006
35421829.347725,-0.020553,-2.520971
35429868.800596,-0.182444,-2.619638
35437908.253466,-0.346257,-2.883488
35445947.706337,-0.606277,-2.958224
35453987.159207,-0.833978,-2.501538
35462026.612078,-0.881890,-2.340958
35470066.064948,-1.026228,-2.305873
35478105.517819,-1.314501,-2.534432
35486144.970689,-1.506405,-2.667114
35494184.423560,-1.426547,-2.088886
35502223.876431,-1.522200,-2.154300
35510263.329301,-1.974472,-2.187315
35518302.782172,-1.892089,-2.244203
35526342.235042,-2.025369,-1.932110
35534381.687913,-2.175531,-1.727600
35542421.140783,-2.247254,-1.687933
35550460.593654,-2.417341,-1.557695
35558500.046525,-2.480028,-1.489311
35566539.499395,-2.617417,-1.336147
35574578.952266,-2.725406,-1.158980
35582618.405136,-2.569070,-0.998804
35590657.858007,-2.675970,-0.867161
35598697.310877,-2.925342,-0.772149
35606736.763748,-2.959882,-0.533108
35614776.216619,-2.929429,-0.190063
35622815.669489,-2.911149,-0.277329
35630855.122360,-3.087115,-0.267985
35638894.575230,-2.850408,0.116690
35646934.028101,-2.744461,0.337746
35654973.480971,-2.866153,0.500586
35663012.933842,-2.896700,0.470461
35671052.386713,-2.943193,0.746815
35679091.839583,-2.843228,0.829474
35687131.292454,-2.667329,0.939388
35695170.745324,-2.555092,1.301545
35703210.198195,-2.578028,1.400649
35711249.651065,-2.642649,1.519238
35719289.103936,-2.550899,1.431175
35727328.556807,-2.245734,1.657923
35735368.009677,-2.166085,2.062752
35743407.462548,-2.019929,1.785499
35751446.915418,-1.949909,2.106607
35759486.368289,-1.782470,2.201178
35767525.821159,-1.614298,2.416906
35775565.274030,-1.591101,2.466570
35783604.726901,-1.333844,2.313202
35791644.179771,-1.380069,2.502401
35799683.632642,-1.136324,2.483959
35807723.085512,-0.957073,2.346963
35815762.538383,-0.752339,2.579390
35823801.991253,-0.572081,2.501328
35831841.444124,-0.491055,2.736965
35839880.896995,-0.364834,2.558887
35847920.349865,-0.030319,2.622694
35855959.802736,0.036915,2.641970
35863999.255606,0.431316,2.793677
35872038.708477,0.476626,2.884338
35880078.161347,0.664166,2.667099
35888117.614218,0.773126,2.746779
35896157.067088,0.894673,2.529394
35904196.519959,0.969975,2.700423
35912235.972830,1.303986,2.355177
35920275.425700,1.424882,2.339140
35928314.878571,1.567993,2.259555
35936354.331441,1.607485,2.136153
35944393.784312,1.778026,2.156686
35952433.237182,1.824245,1.873294
35960472.690053,2.159284,2.072762
35968512.142924,2.177705,1.764916
35976551.595794,2.305736,1.502540
35984591.048665,2.344404,1.475818
35992630.501535,2.590510,1.126258
36000669.954406,2.578205,1.262201
36008709.407276,2.605577,1.158610
36016748.860147,2.692900,0.958522
36024788.313018,2.637055,1.113422
36032827.765888,2.901514,0.619153
36040867.218759,2.761412,0.745274
36048906.671629,2.836702,0.533459
36056946.124500,2.726539,0.016610
36064985.577370,2.879644,-0.271164
36073025.030241,2.783405,0.142541
36081064.483112,3.021061,-0.386200
36089103.935982,2.782426,-0.440371
36097143.388853,2.861981,-0.510943
36105182.841723,2.706178,-0.577101
36113222.294594,2.727822,-0.836408
36121261.747464,2.555104,-1.151837
36129301.200335,2.561708,-1.264943
36137340.653206,2.386928,-0.919985
36145380.106076,2.614634,-1.481686
36153419.558947,2.313682,-1.641646
36161459.011817,2.122234,-1.683228
36169498.464688,2.079683,-2.109626
36177537.917558,1.947062,-1.900400
36185577.370429,1.662577,-2.274656
36193616.823300,1.770396,-2.146824
36201656.276170,1.558634,-2.357325
36209695.729041,1.404438,-2.383532
36217735.181911,1.274203,-2.534007
36225774.634782,1.044104,-2.658751
36233814.087652,0.905658,-2.385155
36241853.540523,0.962368,-2.981619
36249892.993394,0.575296,-2.798787
36257932.446264,0.526538,-2.716729
36265971.899135,0.298934,-2.726507
36274011.352005,0.148541,-2.555264
36282050.804876,-0.097244,-2.553336
36290090.257746,-0.035570,-2.564854
36298129.710617,-0.395970,-2.675616
36306169.163487,-0.560149,-2.745099
36314208.616358,-0.795122,-2.608008
36322248.069229,-0.998669,-2.900312
36330287.522099,-1.109161,-2.661895
36338326.974970,-1.260606,-2.714004
36346366.427840,-1.395221,-2.222058
36354405.880711,-1.393248,-2.368341
36362445.333581,-1.766432,-2.265861
36370484.786452,-1.820403,-2.304978
36378524.239323,-1.930785,-2.288543
36386563.692193,-2.068689,-2.147488
36394603.145064,-2.284968,-1.920244
36402642.597934,-2.358800,-1.754873
36410682.050805,-2.389671,-1.336385
36418721.503675,-2.391909,-1.477980
36426760.956546,-2.508507,-1.628325
36434800.409417,-2.717789,-0.964674
36442839.862287,-2.624102,-0.916309
36450879.315158,-2.766377,-0.596465
36458918.768028,-2.823219,-0.633813
36466958.220899,-3.036012,-0.602796
36474997.673769,-2.797315,-0.178316
36483037.126640,-2.892534,-0.142376
36491076.579511,-2.961478,-0.294162
36499116.032381,-3.025695,0.062827
36507155.485252,-3.026838,0.119377
36515194.938122,-2.778706,0.490828
36523234.390993,-3.095249,0.638026
36531273.843863,-2.774116,0.654103
36539313.296734,-2.864386,0.463396
36547352.749605,-2.639621,0.831349
36555392.202475,-2.776310,1.070145
36563431.655346,-2.542737,1.227992
36571471.108216,-2.422171,1.242321
36579510.561087,-2.358570,1.684770
36587550.013957,-2.399929,1.797707
36595589.466828,-2.351907,1.609863
36603628.919699,-2.039956,1.905514
36611668.372569,-2.081570,2.073781
36619707.825440,-1.989566,2.197174
36627747.278310,-1.663258,2.441910
36635786.731181,-1.665141,2.413257
36643826.184051,-1.387970,2.288411
36651865.636922,-1.294939,2.135366
36659905.089792,-1.114063,2.596643
36667944.542663,-0.941197,2.642214
36675983.995534,-0.876382,2.596710
36684023.448404,-0.591340,2.667225
36692062.901275,-0.491782,2.636130
36700102.354145,-0.295688,2.819708
36708141.807016,-0.168506,2.535301
36716181.259886,-0.136940,2.573357
36724220.712757,0.227612,2.638699
36732260.165628,0.472410,2.608140
36740299.618498,0.407664,2.512589
36748339.071369,0.622349,2.658333
36756378.524239,0.880550,2.411360
36764417.977110,1.051920,2.415832
36772457.429980,1.158382,2.599642
36780496.882851,1.328804,2.836863
36788536.335722,1.520327,2.375996
36796575.788592,1.609863,1.977214
36804615.241463,1.670447,2.275738
36812654.694333,1.874895,2.185635
36820694.147204,2.044888,1.812256
36828733.600074,2.107754,1.922221
36836773.052945,2.058640,1.884069
36844812.505816,2.346061,1.426976
36852851.958686,2.567067,1.430111
36860891.411557,2.643259,1.451054
36868930.864427,2.664117,1.352847
36876970.317298,2.655479,0.942234
36885009.770168,2.729138,0.689779
36893049.223039,2.660312,0.784718
36901088.675910,2.729162,0.603021
36909128.128780,2.742101,0.577875
36917167.581651,2.806757,0.278409
36925207.034521,2.853854,0.158764
36933246.487392,2.891586,-0.091434
36941285.940262,3.066074,-0.067708
36949325.393133,2.746173,-0.524903
36957364.846004,2.887550,-0.492897
36965404.298874,2.833848,-0.721747
36973443.751745,2.724603,-0.865812
36981483.204615,2.622704,-0.788984
36989522.657486,2.599026,-1.184871
36997562.110356,2.394311,-1.237749
37005601.563227,2.466113,-1.433817
37013641.016098,2.423442,-1.745476
37021680.468968,2.311916,-1.654447
37029719.921839,2.183475,-1.858287
37037759.374709,2.142316,-1.832187
37045798.827580,1.888191,-2.213084
37053838.280450,1.699905,-2.376257
37061877.733321,1.588787,-2.028755
37069917.186191,1.559311,-2.250715
37077956.639062,1.434563,-2.405702
37085996.091933,1.144490,-2.790076
37094035.544803,1.036753,-2.558559
37102074.997674,0.974808,-2.493324
37110114.450544,0.605872,-2.805481
37118153.903415,0.389444,-2.616074
37126193.356285,0.387743,-2.679907
37134232.809156,0.312089,-2.773427
37142272.262027,-0.087662,-2.694370
37150311.714897,-0.221002,-2.812738
37158351.167768,-0.191431,-2.549580
37166390.620638,-0.486751,-2.550762
37174430.073509,-0.643038,-2.660933
37182469.526379,-0.825056,-2.547760
37190508.979250,-1.010165,-2.561594
37198548.432121,-1.221867,-2.272941
37206587.884991,-1.093749,-2.705260
37214627.337862,-1.249645,-2.354256
37222666.790732,-1.708086,-2.608476
37230706.243603,-1.723750,-2.297728
37238745.696473,-1.945746,-2.392760
37246785.149344,-1.965990,-2.127260
37254824.602215,-2.243235,-2.089791
37262864.055085,-2.417158,-2.067954
37270903.507956,-2.300207,-1.773811
37278942.960826,-2.401240,-1.517842
37286982.413697,-2.495043,-1.481120
37295021.866567,-2.569477,-1.120779
37303061.319438,-2.520177,-1.166086
37311100.772309,-2.598939,-1.081745
37319140.225179,-2.746231,-0.645304
37327179.678050,-2.889369,-0.944962
37335219.130920,-2.970252,-0.580205
37343258.583791,-3.018373,-0.332039
37351298.036661,-3.020116,-0.166310
37359337.489532,-2.778312,0.186137
37367376.942403,-2.926667,0.228248
37375416.395273,-2.919328,0.331300
37383455.848144,-3.008037,0.182718
37391495.301014,-2.820607,0.557810
37399534.753885,-2.930401,0.743387
37407574.206755,-2.884068,0.705543
37415613.659626,-2.655333,0.975307
37423653.112497,-2.576206,1.010614
37431692.565367,-2.572059,1.277217
37439732.018238,-2.487920,1.448168
37447771.471108,-2.455617,1.604433
37455810.923979,-2.341822,1.686589
37463850.376849,-2.143850,2.005061
37471889.829720,-2.084717,1.990566
37479929.282590,-1.982596,1.963622
37487968.735461,-1.799492,2.423362
37496008.188332,-1.663545,2.455843
37504047.641202,-1.519884,2.391249
37512087.094073,-1.440525,2.288051
37520126.546943,-1.023226,2.538516
37528165.999814,-1.074307,2.688474
37536205.452684,-0.919802,2.533624
37544244.905555,-0.740440,2.809577
37552284.358426,-0.465369,2.788717
37560323.811296,-0.480806,2.717146
37568363.264167,-0.184500,2.723114
37576402.717037,-0.187192,2.705496
37584442.169908,-0.102606,2.794992
37592481.622778,0.223763,2.832548
37600521.075649,0.345873,2.488676
37608560.528520,0.715084,2.636783
37616599.981390,0.786103,2.706560
37624639.434261,0.980145,2.582173
37632678.887131,1.294796,2.602646
37640718.340002,1.161271,2.552166
37648757.792872,1.322021,2.350320
37656797.245743,1.570467,2.233707
37664836.698614,1.750229,1.967989
37672876.151484,1.746253,2.335388
37680915.604355,1.929079,1.899854
37688955.057225,2.100497,2.240616
37696994.510096,2.220370,1.507753
37705033.962966,2.261374,1.517558
37713073.415837,2.362245,1.822041
37721112.868708,2.483802,1.670886
37729152.321578,2.537962,1.077704
37737191.774449,2.734380,1.375978
37745231.227319,2.907516,1.081580
37753270.680190,2.725971,0.611599
37761310.133060,2.758439,0.635857
37769349.585931,2.860883,0.575188
37777389.038802,2.885853,0.286911
37785428.491672,2.879903,0.190045
37793467.944543,2.884302,0.044700
37801507.397413,2.900300,-0.141367
37809546.850284,2.833392,-0.711076
37817586.303154,2.811822,-0.618615
37825625.756025,2.841669,-0.437561
37833665.208896,2.770450,-0.268506
37841704.661766,2.689168,-0.822904
37849744.114637,2.743970,-1.099909
37857783.567507,2.609602,-1.228954
37865823.020378,2.465808,-1.374125
37873862.473248,2.469013,-1.412420
37881901.926119,2.273148,-1.522539
37889941.378989,2.226340,-1.502494
37897980.831860,2.052673,-1.547576
37906020.284731,1.982641,-1.915629
37914059.737601,1.947916,-1.882135
37922099.190472,1.660709,-2.002942
37930138.643342,1.497459,-2.149675
37938178.096213,1.229116,-2.390296
37946217.549083,1.159906,-2.495619
37954257.001954,1.061504,-2.318309
37962296.454825,0.869611,-2.619553
37970335.907695,0.769369,-2.540717
37978375.360566,0.721718,-2.976468
37986414.813436,0.392418,-2.638202
37994454.266307,0.330569,-2.854655
38002493.719177,0.159568,-2.576857
38010533.172048,0.033218,-2.560780
38018572.624919,-0.281421,-2.626726
38026612.077789,-0.445880,-2.701324
38034651.530660,-0.806919,-2.763264
38042690.983530,-0.618345,-2.776290
38050730.436401,-0.813327,-2.647221
38058769.889271,-0.874137,-2.572845
38066809.342142,-1.222928,-2.301215
38074848.795013,-1.317002,-2.502135
38082888.247883,-1.560705,-2.273436
38090927.700754,-1.607948,-2.428847
38098967.153624,-1.590185,-2.397553
38107006.606495,-1.913063,-2.059286
38115046.059365,-2.018982,-2.376201
38123085.512236,-2.312874,-1.585571
38131124.965107,-2.244808,-1.674883
38139164.417977,-2.267689,-1.344277
38147203.870848,-2.515037,-1.517961
38155243.323718,-2.567261,-1.257809
38163282.776589,-2.529421,-1.032470
38171322.229459,-2.755571,-1.170275
38179361.682330,-2.795995,-0.908851
38187401.135201,-2.701070,-0.522790
38195440.588071,-2.738516,-0.716739
38203480.040942,-2.919252,-0.193598
38211519.493812,-2.904656,-0.322672
38219558.946683,-3.083089,-0.261686
38227598.399553,-2.853057,-0.084476
38235637.852424,-3.084607,0.036400
38243677.305294,-2.824173,0.131913
38251716.758165,-2.760059,0.234670
38259756.211036,-2.900073,0.765132
38267795.663906,-2.796989,0.919554
38275835.116777,-2.824677,0.818453
38283874.569647,-2.826789,1.246125
38291914.022518,-2.702020,1.321601
38299953.475388,-2.521727,1.578622
38307992.928259,-2.404933,1.553055
38316032.381130,-2.439523,1.671745
38324071.834000,-2.250158,1.770532
38332111.286871,-2.022647,1.899376
38340150.739741,-1.933854,1.808234
38348190.192612,-1.841008,2.316527
38356229.645482,-1.790007,1.998248
38364269.098353,-1.624234,2.216500
38372308.551224,-1.354200,2.578010
38380348.004094,-1.375547,2.645444
38388387.456965,-1.106295,2.534557
38396426.909835,-0.993957,2.475607
38404466.362706,-0.763178,2.783767
38412505.815576,-0.594680,2.588057
38420545.268447,-0.494377,2.741179
38428584.721318,-0.421225,2.610454
38436624.174188,-0.211347,2.795187
38444663.627059,0.120523,2.979836
38452703.079929,0.157875,3.031421
38460742.532800,0.365924,2.603587
38468781.985670,0.512393,2.412424
38476821.438541,0.767554,2.409061
38484860.891412,0.908634,2.254535
38492900.344282,0.994626,2.411196
38500939.797153,1.333067,2.504052
38508979.250023,1.393846,2.316723
38517018.702894,1.576051,2.288375
38525058.155764,1.601264,2.226359
38533097.608635,1.728850,2.053862
38541137.061506,1.861294,1.755587
38549176.514376,2.044010,2.091396
38557215.967247,2.088239,1.749724
38565255.420117,2.188177,1.880083
38573294.872988,2.398557,1.375678
38581334.325858,2.544613,1.278692
38589373.778729,2.521643,1.265993
38597413.231600,2.555693,1.214106
38605452.684470,2.734113,0.905436
38613492.137341,2.851280,0.814194
38621531.590211,2.786085,0.548516
38629571.043082,2.722887,0.422946
38637610.495952,2.779987,0.541933
38645649.948823,2.889037,0.328096
38653689.401693,2.945110,-0.137480
38661728.854564,2.862118,-0.065813
38669768.307435,2.758335,-0.103665
38677807.760305,2.835267,-0.378816
38685847.213176,2.834340,-0.455474
38693886.666046,2.772017,-0.567586
38701926.118917,2.750946,-0.555124
38709965.571787,2.761592,-1.052595
38718005.024658,2.563948,-1.189854
38726044.477529,2.408743,-1.385049
38734083.930399,2.514544,-1.334650
38742123.383270,2.312107,-1.392045
38750162.836140,2.119597,-2.151375
38758202.289011,2.153729,-1.998720
38766241.741881,1.887579,-1.996597
38774281.194752,1.996924,-1.885029
38782320.647623,1.880543,-2.112302
38790360.100493,1.475876,-2.427507
38798399.553364,1.437160,-2.222615
38806439.006234,1.514556,-2.394110
38814478.459105,1.116889,-2.318509
38822517.911975,0.979578,-2.376064
38830557.364846,0.842464,-2.514099
38838596.817717,0.708499,-2.483720
38846636.270587,0.505125,-2.537116
38854675.723458,0.362721,-2.600292
38862715.176328,0.155811,-2.431869
38870754.629199,-0.037822,-2.895838
38878794.082069,-0.062574,-2.523958
38886833.534940,-0.424884,-3.102642
38894872.987811,-0.558767,-2.908315
38902912.440681,-0.468450,-2.887324
38910951.893552,-0.848084,-2.382808
38918991.346422,-0.972531,-2.474148
38927030.799293,-0.978698,-2.581833
38935070.252163,-1.143390,-2.164934
38943109.705034,-1.415057,-2.359347
38951149.157905,-1.487486,-2.547078
38959188.610775,-1.654179,-1.941353
38967228.063646,-1.875743,-2.093492
38975267.516516,-1.975306,-1.954670
38983306.969387,-2.093943,-1.573219
38991346.422257,-2.242308,-1.710264
38999385.875128,-2.263740,-1.543973
39007425.327999,-2.401119,-1.347078
39015464.780869,-2.512924,-1.261292
39023504.233740,-2.497195,-0.993666
39031543.686610,-2.572880,-1.140363
39039583.139481,-2.777603,-0.960721
39047622.592351,-2.659816,-0.907935
39055662.045222,-2.955957,-0.600065
39063701.498092,-2.789487,-0.431106
39071740.950963,-2.883121,-0.504264
39079780.403834,-2.985887,-0.164961
39087819.856704,-2.969410,-0.086490
39095859.309575,-3.010723,0.337940
39103898.762445,-2.773759,0.195251
39111938.215316,-2.798175,0.571759
39119977.668186,-2.726628,0.564468
39128017.121057,-2.699436,0.788977
39136056.573928,-2.856476,0.770542
39144096.026798,-2.725090,0.701229
39152135.479669,-2.652272,1.247048
39160174.932539,-2.346920,1.357058
39168214.385410,-2.423677,1.795701
39176253.838280,-2.446500,1.849825
39184293.291151,-2.346501,1.861882
39192332.744022,-2.171417,1.626831
39200372.196892,-2.127972,1.828343
39208411.649763,-1.871894,2.180789
39216451.102633,-1.827025,2.275898
39224490.555504,-1.654510,2.480767
39232530.008374,-1.582861,2.176286
39240569.461245,-1.427883,2.526066
39248608.914116,-1.172307,2.099215
39256648.366986,-1.047158,2.266206
39264687.819857,-0.950828,2.648913
39272727.272727,-0.778039,2.852531
39280766.725598,-0.594962,2.772127
39288806.178468,-0.359617,2.468162
39296845.631339,-0.274805,2.460006
39304885.084210,-0.113251,2.728966
39312924.537080,0.061892,2.648107
39320963.989951,0.376051,2.794581
39329003.442821,0.529908,2.504744
39337042.895692,0.576700,2.476909
39345082.348562,0.787289,2.644398
39353121.801433,0.995783,2.299693
39361161.254304,1.223846,2.503258
39369200.707174,1.203343,2.503460
39377240.160045,1.416951,2.020136
39385279.612915,1.559519,2.101057
39393319.065786,1.684121,2.252492
39401358.518656,1.914885,2.374107
39409397.971527,1.992743,2.037286
39417437.424398,1.967763,1.881524
39425476.877268,2.150408,1.640559
39433516.330139,2.359760,1.625907
39441555.783009,2.185999,1.189928
39449595.235880,2.457512,1.428645
39457634.688750,2.631724,1.308231
39465674.141621,2.625412,0.924019
39473713.594491,2.730961,0.875558
39481753.047362,2.732624,0.640049
39489792.500233,2.843790,0.327346
39497831.953103,2.894165,0.333604
39505871.405974,2.841061,0.374862
39513910.858844,3.048756,0.223962
39521950.311715,2.921444,-0.178972
39529989.764585,2.774826,-0.216054
39538029.217456,2.914551,-0.202877
39546068.670327,2.765992,-0.513923
39554108.123197,2.757514,-0.603587
39562147.576068,2.755726,-0.587795
39570187.028938,2.531275,-0.605039
39578226.481809,2.564106,-0.761117
39586265.934679,2.518693,-1.184753
39594305.387550,2.575682,-1.537210
39602344.840421,2.331107,-1.361354
39610384.293291,2.306948,-1.448299
39618423.746162,2.233025,-1.593212
39626463.199032,1.878290,-1.756293
39634502.651903,1.832787,-2.315032
39642542.104773,1.774691,-2.055803
39650581.557644,1.745150,-2.137419
39658621.010515,1.711939,-2.096991
39666660.463385,1.398929,-2.324682
39674699.916256,1.227510,-2.257039
39682739.369126,0.928802,-2.337321
39690778.821997,0.854096,-2.597117
39698818.274867,0.884839,-2.588289
39706857.727738,0.637164,-2.624103
39714897.180609,0.422932,-2.358209
39722936.633479,0.228703,-2.612328
39730976.086350,0.095352,-2.766929
39739015.539220,0.021778,-2.784616
39747054.992091,-0.172447,-2.830593
39755094.444961,-0.486286,-2.560757
39763133.897832,-0.647424,-2.367069
39771173.350703,-0.831628,-2.737388
39779212.803573,-0.784307,-2.662652
39787252.256444,-1.183833,-2.470906
39795291.709314,-1.213242,-2.680319
39803331.162185,-1.279640,-2.606006
39811370.615055,-1.542616,-2.336725
39819410.067926,-1.621605,-2.313285
39827449.520797,-1.815241,-1.924884
39835488.973667,-1.703266,-1.835807
39843528.426538,-1.999018,-1.834949
39851567.879408,-2.080766,-1.926167
39859607.332279,-2.235551,-1.772817
39867646.785149,-2.331066,-1.323717
39875686.238020,-2.442151,-1.474578
39883725.690890,-2.605770,-1.452380
39891765.143761,-2.669114,-1.112766
39899804.596632,-2.566140,-1.012952
39907844.049502,-2.851893,-1.023926
39915883.502373,-2.826684,-0.744087
39923922.955243,-2.998548,-0.725346
39931962.408114,-2.850081,0.032805
39940001.860984,-2.835755,-0.348054
39948041.313855,-2.894883,-0.178457
39956080.766726,-2.917643,-0.253753
39964120.219596,-2.920477,0.198440
39972159.672467,-2.880985,0.244035
39980199.125337,-2.862104,0.420363
39988238.578208,-2.950106,0.745487
39996278.031078,-2.816206,0.996450
40004317.483949,-2.767691,1.043089
40012356.936820,-2.743315,1.044851
40020396.389690,-2.538681,1.064490
40028435.842561,-2.613575,1.489234
40036475.295431,-2.505553,1.280124
40044514.748302,-2.186065,1.486592
40052554.201172,-2.212029,1.742967
40060593.654043,-2.076267,2.022211
40068633.106914,-1.991535,1.885754
40076672.559784,-1.914254,1.935646
40084712.012655,-1.640417,1.940090
40092751.465525,-1.382892,2.311091
40100790.918396,-1.525346,2.314052
40108830.371266,-1.275427,2.405970
40116869.824137,-1.078286,2.789766
40124909.277008,-0.944040,2.588277
40132948.729878,-0.841993,2.636973
40140988.182749,-0.647080,2.544873
40149027.635619,-0.483234,2.834145
40157067.088490,-0.254378,2.905578
40165106.541360,0.132092,2.720455
40173145.994231,-0.028625,2.690224
40181185.447102,0.241899,2.807422
40189224.899972,0.360106,2.580898
40197264.352843,0.775206,2.610056
40205303.805713,0.765304,2.375874
40213343.258584,0.833237,2.648157
40221382.711454,1.065065,2.456460
40229422.164325,1.192418,2.425579
40237461.617195,1.460512,2.261424
40245501.070066,1.564339,2.043758
40253540.522937,1.491432,2.288931
40261579.975807,1.602786,2.277293
40269619.428678,2.013839,1.915845
40277658.881548,2.074385,1.876337
40285698.334419,2.202810,1.684837
40293737.787289,2.234370,1.443421
40301777.240160,2.397667,1.721828
40309816.693031,2.364142,1.236273
40317856.145901,2.542310,1.151740
40325895.598772,2.546757,1.172534
40333935.051642,2.540720,0.832808
40341974.504513,2.603622,1.110706
40350013.957383,2.750851,0.540604
40358053.410254,2.944487,0.572276
40366092.863125,2.865858,0.284896
40374132.315995,3.019083,0.338483
40382171.768866,2.799250,-0.029369
40390211.221736,2.764078,-0.028029
40398250.674607,2.800055,0.062194
40406290.127477,2.702846,-0.203221
40414329.580348,2.767861,-0.559599
40422369.033219,2.759561,-0.746233
40430408.486089,2.816644,-0.733094
40438447.938960,2.561612,-0.980767
40446487.391830,2.574819,-1.175396
40454526.844701,2.369011,-1.428029
40462566.297571,2.490217,-1.624844
40470605.750442,2.248468,-1.453553
40478645.203313,2.183619,-1.687385
40486684.656183,2.249003,-1.815273
40494724.109054,1.998674,-1.975719
40502763.561924,1.867921,-2.205629
40510803.014795,1.678644,-2.407722
40518842.467665,1.534173,-2.497422
40526881.920536,1.491342,-2.190952
40534921.373407,1.187294,-2.555129
40542960.826277,1.268356,-2.414134
40551000.279148,1.035234,-2.386467
40559039.732018,0.704059,-2.433043
40567079.184889,0.643693,-2.762486
40575118.637759,0.611528,-2.788479
40583158.090630,0.393172,-2.332449
40591197.543501,0.117894,-2.773217
40599236.996371,0.203453,-2.878323
40607276.449242,-0.147185,-2.993538
40615315.902112,-0.264113,-2.853558
40623355.354983,-0.575482,-2.572619
40631394.807853,-0.673759,-2.622756
40639434.260724,-0.800254,-2.472681
40647473.713594,-0.879152,-2.862931
40655513.166465,-1.136920,-2.604701
40663552.619336,-1.302285,-2.409490
40671592.072206,-1.372917,-2.532404
40679631.525077,-1.618355,-2.266744
40687670.977947,-1.592003,-2.028957
40695710.430818,-1.916794,-2.049763
40703749.883688,-2.099379,-1.932470
40711789.336559,-2.160362,-1.905920
40719828.789430,-2.245349,-1.505835
40727868.242300,-2.302143,-1.700770
40735907.695171,-2.458744,-1.329363
40743947.148041,-2.490231,-1.312710
40751986.600912,-2.634124,-1.077615
40760026.053782,-2.774201,-1.135255
40768065.506653,-2.562811,-0.851077
40776104.959524,-2.680197,-0.678170
40784144.412394,-2.704826,-0.577561
40792183.865265,-2.832484,-0.387437
40800223.318135,-3.110459,-0.364030
40808262.771006,-3.052300,0.012309
40816302.223876,-2.957344,-0.173010
40824341.676747,-3.011868,0.092193
40832381.129618,-2.800476,0.116304
40840420.582488,-2.850346,0.829772
40848460.035359,-2.862946,0.609381
40856499.488229,-2.795653,0.487290
40864538.941100,-2.704046,0.759781
40872578.393970,-2.749506,0.908848
40880617.846841,-2.570648,1.370796
40888657.299712,-2.558587,1.330156
40896696.752582,-2.229986,1.447499
40904736.205453,-2.380892,1.643829
40912775.658323,-2.135102,1.651315
40920815.111194,-1.998550,1.843341
40928854.564064,-1.959622,1.712913
40936894.016935,-1.988632,1.762224
40944933.469806,-1.795479,2.114161
40952972.922676,-1.642845,2.431514
40961012.375547,-1.359892,2.330862
40969051.828417,-1.386321,2.521220
40977091.281288,-1.165082,2.523025
40985130.734158,-1.091738,2.444400
40993170.187029,-0.837352,2.792424
41001209.639900,-0.699130,2.523984
41009249.092770,-0.421183,2.766407
41017288.545641,-0.320655,3.000648
41025327.998511,-0.113179,2.820786
41033367.451382,-0.081426,2.728247
41041406.904252,0.321845,2.486845
41049446.357123,0.372893,2.706816
41057485.809993,0.604190,2.822043
41065525.262864,0.482198,2.508437
41073564.715735,0.847318,2.720262
41081604.168605,0.871962,2.877302
41089643.621476,1.179430,2.407369
41097683.074346,1.403786,2.405362
41105722.527217,1.311527,2.669322
41113761.980087,1.652517,2.067221
41121801.432958,1.559861,2.171237
41129840.885829,1.878336,2.328028
41137880.338699,1.865923,1.802421
41145919.791570,1.963847,1.958160
41153959.244440,2.139044,1.652550
41161998.697311,2.275260,1.634933
41170038.150181,2.466523,1.786775
41178077.603052,2.550873,1.231097
41186117.055923,2.361479,0.987571
41194156.508793,2.578757,1.214759
41202195.961664,2.652311,0.830775
41210235.414534,2.733505,0.748237
41218274.867405,2.784021,0.813507
41226314.320275,2.820444,0.350747
41234353.773146,2.784862,0.371852
41242393.226017,2.829675,0.258589
41250432.678887,2.979614,0.000339
41258472.131758,2.805362,-0.236888
41266511.584628,2.762192,-0.343228
41274551.037499,2.748230,-0.517921
41282590.490369,2.744003,-0.345218
41290629.943240,2.677727,-0.890460
41298669.396111,2.539601,-0.948160
41306708.848981,2.793587,-1.076132
41314748.301852,2.585145,-0.825399
41322787.754722,2.565796,-1.518548
41330827.207593,2.359858,-1.625128
41338866.660463,2.312482,-1.682225
41346906.113334,2.175289,-1.912444
41354945.566205,2.024461,-1.429595
41362985.019075,1.960312,-1.806689
41371024.471946,1.926441,-2.436069
41379063.924816,1.737006,-2.088767
41387103.377687,1.540350,-2.304163
41395142.830557,1.460285,-2.516701
41403182.283428,1.416693,-2.349776
41411221.736299,1.113357,-2.619830
41419261.189169,0.930744,-2.621072
41427300.642040,0.590297,-2.502647
41435340.094910,0.572724,-3.016956
41443379.547781,0.487447,-2.591105
41451419.000651,0.220851,-3.056509
41459458.453522,0.151161,-2.700035
41467497.906392,-0.082981,-2.558463
41475537.359263,-0.082854,-2.793221
41483576.812134,-0.212256,-2.779194
41491616.265004,-0.790272,-2.365782
41499655.717875,-0.836778,-2.520034
41507695.170745,-1.004988,-2.445149
41515734.623616,-1.065562,-2.418029
41523774.076486,-1.294718,-2.453828
41531813.529357,-1.270339,-2.163241
41539852.982228,-1.561521,-2.249995
41547892.435098,-1.491062,-2.310574
41555931.887969,-1.794799,-2.169426
41563971.340839,-1.792537,-1.948416
41572010.793710,-1.987149,-2.465121
41580050.246580,-2.161255,-1.732717
41588089.699451,-2.359085,-1.850104
41596129.152322,-2.379589,-1.824461
41604168.605192,-2.431095,-1.434136
41612208.058063,-2.613866,-1.332991
41620247.510933,-2.635155,-1.226613
41628286.963804,-2.753580,-1.145511
41636326.416674,-2.731395,-0.791225
41644365.869545,-2.743891,-0.712660
41652405.322416,-2.834680,-0.306778
41660444.775286,-2.861732,-0.459425
41668484.228157,-2.940560,-0.082341
41676523.681027,-3.015950,-0.035692
41684563.133898,-2.979587,0.061831
41692602.586768,-2.811175,0.154017
41700642.039639,-2.825540,0.453145
41708681.492510,-2.921366,0.628333
41716720.945380,-2.926633,0.568417
41724760.398251,-2.755581,0.996948
41732799.851121,-2.758596,0.971747
41740839.303992,-2.421311,1.311510
41748878.756862,-2.456663,1.548169
41756918.209733,-2.552122,1.615738
41764957.662604,-2.433541,1.446831
41772997.115474,-2.454501,1.784527
41781036.568345,-2.188164,1.853617
41789076.021215,-2.077613,1.790569
41797115.474086,-2.003326,2.068108
41805154.926956,-1.908070,2.410906
41813194.379827,-1.838485,1.963021
41821233.832697,-1.528465,2.310076
41829273.285568,-1.434665,2.486238
41837312.738439,-1.342042,2.340552
41845352.191309,-0.975665,2.376130
41853391.644180,-0.895908,2.638285
41861431.097050,-0.914815,2.673121
41869470.549921,-0.750644,2.719695
41877510.002791,-0.420813,2.704434
41885549.455662,-0.317163,2.767059
41893588.908533,-0.168877,2.730505
41901628.361403,0.002413,2.690650
41909667.814274,0.099968,2.823834
41917707.267144,0.173572,2.961000
41925746.720015,0.657948,2.905348
41933786.172885,0.808699,2.661041
41941825.625756,0.861180,2.434689
41949865.078627,1.068568,2.551571
41957904.531497,1.344406,2.554608
41965943.984368,1.236872,2.295749
41973983.437238,1.622785,2.264244
41982022.890109,1.649132,2.152373
41990062.342979,1.740053,2.213794
41998101.795850,1.804509,1.886091
42006141.248721,2.022826,1.923471
42014180.701591,2.244666,1.844037
42022220.154462,2.326788,1.626784
42030259.607332,2.350057,1.644774
42038299.060203,2.461957,1.230816
42046338.513073,2.516887,1.258024
42054377.965944,2.616398,0.875049
42062417.418815,2.607596,1.072890
42070456.871685,2.669157,1.060794
42078496.324556,2.767267,0.488627
42086535.777426,2.731112,0.683504
42094575.230297,2.833421,0.208084
42102614.683167,2.689327,0.415880
42110654.136038,2.647720,0.049390
42118693.588909,2.899311,-0.233687
42126733.041779,2.944129,-0.360173
42134772.494650,3.000905,-0.456802
42142811.947520,2.720405,-0.482387
42150851.400391,2.696688,-0.632392
42158890.853261,2.729731,-0.796032
42166930.306132,2.846368,-1.046481
42174969.759003,2.632822,-1.339666
42183009.211873,2.376351,-1.401897
42191048.664744,2.501102,-1.550066
42199088.117614,2.398738,-1.414585
42207127.570485,2.115247,-1.781356
42215167.023355,2.169819,-2.030227
42223206.476226,1.959483,-1.863770
42231245.929096,1.835787,-1.839831
42239285.381967,1.823033,-2.470981
42247324.834838,1.668819,-2.309731
42255364.287708,1.409102,-2.326596
42263403.740579,1.447022,-2.516198
42271443.193449,1.161158,-2.458903
42279482.646320,1.048809,-2.607017
42287522.099190,0.956340,-2.590997
42295561.552061,0.790955,-2.718871
42303601.004932,0.491404,-2.794178
42311640.457802,0.304828,-2.838603
42319679.910673,0.112889,-2.551466
42327719.363543,-0.005244,-2.667198
42335758.816414,-0.204981,-2.643386
42343798.269284,-0.173711,-3.105537
42351837.722155,-0.280511,-2.741756
42359877.175026,-0.645966,-2.619475
42367916.627896,-0.809190,-2.764603
42375956.080767,-0.995939,-2.363422
42383995.533637,-1.074654,-2.370975
42392034.986508,-1.380756,-2.278999
42400074.439378,-1.876211,-2.333339
42408113.892249,-1.658479,-2.132016
42416153.345120,-1.734742,-2.293859
42424192.797990,-1.873964,-2.088395
42432232.250861,-2.017083,-1.982455
42440271.703731,-2.051989,-1.671305
42448311.156602,-2.182297,-1.545067
42456350.609472,-2.355638,-1.489562
42464390.062343,-2.542200,-1.576086
42472429.515214,-2.599543,-1.032801
42480468.968084,-2.632692,-0.946592
42488508.420955,-2.653057,-1.108019
42496547.873825,-2.802337,-0.836192
42504587.326696,-2.790082,-0.786144
42512626.779566,-3.013705,-0.707655
42520666.232437,-2.844160,-0.368911
42528705.685308,-2.774756,-0.399948
42536745.138178,-2.962760,0.035465
42544784.591049,-2.894363,0.004355
42552824.043919,-2.922108,0.218600
42560863.496790,-2.841971,0.182247
42568902.949660,-2.770559,0.407653
42576942.402531,-2.740146,0.674926
42584981.855402,-2.720869,0.780068
42593021.308272,-2.553278,0.904888
42601060.761143,-2.726103,1.188557
42609100.214013,-2.528027,1.458489
42617139.666884,-2.515794,1.531355
42625179.119754,-2.560634,1.482236
42633218.572625,-2.404264,1.696123
42641258.025495,-2.181349,1.911048
42649297.478366,-2.127335,1.708855
42657336.931237,-1.898964,2.136899
42665376.384107,-1.993115,2.237186
42673415.836978,-1.767086,2.187844
42681455.289848,-1.577061,2.197302
42689494.742719,-1.612383,2.076118
42697534.195589,-1.333349,2.402664
42705573.648460,-1.190575,2.254468
42713613.101331,-0.958812,2.510657
42721652.554201,-0.832187,2.460540
42729692.007072,-0.543415,2.469582
42737731.459942,-0.527939,2.814773
42745770.912813,-0.237668,2.737186
42753810.365683,-0.091933,2.807653
42761849.818554,0.064575,2.746647
42769889.271425,0.034478,2.694644
42777928.724295,0.174166,2.687199
42785968.177166,0.485677,2.775862
42794007.630036,0.660272,2.416138
42802047.082907,0.887715,2.679791
42810086.535777,0.877013,2.452292
42818125.988648,1.199785,2.602909
42826165.441519,1.276020,2.510466
42834204.894389,1.475694,2.384830
42842244.347260,1.506012,2.454595
42850283.800130,1.812125,2.003458
42858323.253001,1.920848,1.898981
42866362.705871,1.900141,1.865731
42874402.158742,2.132994,1.999401
42882441.611613,2.256121,1.784547
42890481.064483,2.284911,1.703166
42898520.517354,2.331874,1.523848
42906559.970224,2.491439,1.237264
42914599.423095,2.566033,1.248381
42922638.875965,2.766252,1.061440
42930678.328836,2.678636,1.037465
42938717.781707,2.645739,0.950109
42946757.234577,2.708598,0.603471
42954796.687448,2.890359,0.501783
42962836.140318,3.011471,0.044077
42970875.593189,2.938961,0.011495
42978915.046059,2.803074,0.082374
42986954.498930,2.974383,-0.326393
42994993.951801,2.805821,-0.403660
43003033.404671,2.799882,-0.550729
43011072.857542,2.876366,-0.668125
43019112.310412,2.854724,-0.852818
43027151.763283,2.771763,-0.812521
43035191.216153,2.617814,-1.356103
43043230.669024,2.507683,-1.315715
43051270.121894,2.387640,-1.163422
43059309.574765,2.445458,-1.416405
43067349.027636,2.326074,-1.757252
43075388.480506,2.266312,-1.869397
43083427.933377,2.119237,-1.887640
43091467.386247,1.802855,-1.975971
43099506.839118,1.744576,-2.321313
43107546.291988,1.639456,-2.262205
43115585.744859,1.566211,-2.258103
43123625.197730,1.497826,-2.555619
43131664.650600,1.160651,-2.448696
43139704.103471,1.141581,-2.603079
43147743.556341,0.967336,-2.657967
43155783.009212,0.826067,-2.691817
43163822.462082,0.591031,-2.450749
43171861.914953,0.254657,-2.676545
43179901.367824,0.171361,-2.849069
43187940.820694,-0.031604,-2.746705
43195980.273565,0.041548,-2.889267
43204019.726435,-0.226612,-2.566259
43212059.179306,-0.382349,-2.742544
43220098.632176,-0.558538,-2.725728
43228138.085047,-0.836523,-2.566649
43236177.537918,-0.917519,-2.573472
43244216.990788,-0.926194,-2.302720
43252256.443659,-1.187308,-2.406369
43260295.896529,-1.332658,-2.337289
43268335.349400,-1.504250,-2.132663
43276374.802270,-1.708813,-2.440093
43284414.255141,-1.672774,-2.141325
43292453.708012,-2.039109,-2.180854
43300493.160882,-2.036839,-2.156327
43308532.613753,-2.180272,-1.743765
43316572.066623,-2.428439,-1.831058
43324611.519494,-2.298681,-1.590610
43332650.972364,-2.414636,-1.509995
43340690.425235,-2.500610,-1.421373
43348729.878106,-2.604074,-0.959839
43356769.330976,-2.709314,-1.167135
43364808.783847,-2.808447,-0.925566
43372848.236717,-2.872688,-0.800654
43380887.689588,-3.089154,-0.625343
43388927.142458,-2.937370,-0.157024
43396966.595329,-2.783554,-0.245505
43405006.048199,-3.000586,-0.306273
43413045.501070,-2.932190,0.215222
43421084.953941,-2.862212,0.105478
43429124.406811,-2.963639,0.485852
43437163.859682,-2.867309,0.469482
43445203.312552,-2.912649,0.712464
43453242.765423,-2.772493,0.820734
43461282.218293,-2.573050,1.006114
43469321.671164,-2.656146,0.989329
43477361.124035,-2.688628,1.437240
43485400.576905,-2.556548,1.389914
43493440.029776,-2.442600,1.595144
43501479.482646,-2.313852,1.601954
43509518.935517,-2.334307,1.661895
43517558.388387,-2.070975,1.779881
43525597.841258,-1.723624,2.023121
43533637.294129,-1.675196,2.009334
43541676.746999,-1.815479,1.976722
43549716.199870,-1.561578,2.368435
43557755.652740,-1.476524,2.466954
43565795.105611,-1.288533,2.188775
43573834.558481,-1.082906,2.568872
43581874.011352,-1.027645,2.404105
43589913.464223,-0.891616,2.684621
43597952.917093,-0.518521,2.531289
43605992.369964,-0.430051,2.491522
43614031.822834,-0.242231,2.584189
43622071.275705,-0.155802,2.677417
43630110.728575,0.056069,2.397169
43638150.181446,0.270083,2.750187
43646189.634317,0.388132,2.826383
43654229.087187,0.616874,2.530387
43662268.540058,0.700498,2.572097
43670307.992928,0.825610,2.567570
43678347.445799,1.155336,2.554213
43686386.898669,1.129020,2.745613
43694426.351540,1.341946,2.325325
43702465.804411,1.401030,2.180845
43710505.257281,1.679842,2.440963
43718544.710152,1.814262,2.234517
43726584.163022,1.811705,1.923560
43734623.615893,2.047517,2.236477
43742663.068763,1.970931,1.961196
43750702.521634,2.212790,1.604290
43758741.974505,2.255211,1.484702
43766781.427375,2.426811,1.650176
43774820.880246,2.560683,1.202616
43782860.333116,2.554087,1.204274
43790899.785987,2.576016,0.708593
43798939.238857,2.693526,0.906811
43806978.691728,2.771118,0.488837
43815018.144598,2.706904,0.619090
43823057.597469,2.738026,0.453104
43831097.050340,2.761162,-0.027511
43839136.503210,2.817055,0.175720
43847175.956081,2.868048,-0.192412
43855215.408951,2.866838,0.102105
43863254.861822,2.685071,-0.396392
43871294.314692,2.710970,-0.357165
43879333.767563,2.756159,-0.491114
43887373.220434,2.688904,-1.039728
43895412.673304,2.721739,-0.894856
43903452.126175,2.597128,-1.247824
43911491.579045,2.544790,-1.222790
43919531.031916,2.241535,-1.672788
43927570.484786,2.309465,-1.817819
43935609.937657,2.174537,-1.791523
43943649.390528,2.066201,-1.791465
43951688.843398,1.988847,-1.999145
43959728.296269,1.969906,-2.088798
43967767.749139,1.818372,-2.210977
43975807.202010,1.571799,-2.060456
43983846.654880,1.491320,-2.377904
43991886.107751,1.386807,-2.042914
43999925.560622,1.136507,-2.657017
44007965.013492,0.935635,-2.942291
44016004.466363,0.887634,-2.474577
44024043.919233,0.786762,-2.611783
44032083.372104,0.540695,-2.562680
44040122.824974,0.426407,-2.817651
44048162.277845,0.014778,-2.663456
44056201.730716,0.065449,-2.646718
44064241.183586,-0.115888,-2.633958
44072280.636457,-0.390991,-2.717381
44080320.089327,-0.613094,-2.796099
44088359.542198,-0.757034,-2.346760
44096398.995068,-0.985176,-2.718909
44104438.447939,-1.156317,-2.283223
44112477.900810,-1.211338,-2.119645
44120517.353680,-1.238299,-2.568763
44128556.806551,-1.356670,-2.373282
44136596.259421,-1.603618,-2.104136
44144635.712292,-1.696819,-2.157799
44152675.165162,-1.852479,-2.027585
44160714.618033,-2.130828,-1.994384
44168754.070904,-2.081701,-2.120561
44176793.523774,-2.313630,-1.867074
44184832.976645,-2.204566,-1.537376
44192872.429515,-2.560755,-1.626673
44200911.882386,-2.561362,-1.444422
44208951.335256,-2.651279,-0.940666
44216990.788127,-2.608605,-1.159431
44225030.240997,-2.763195,-0.749118
44233069.693868,-2.826992,-1.078892
44241109.146739,-2.685748,-0.749658
44249148.599609,-2.853615,-0.307986
44257188.052480,-2.798427,-0.427486
44265227.505350,-2.977694,-0.427719
44273266.958221,-2.921073,0.054577
44281306.411091,-3.044404,0.278557
44289345.863962,-2.960296,0.282621
44297385.316833,-2.908387,0.535432
44305424.769703,-2.853859,0.831260
44313464.222574,-2.893094,0.564308
44321503.675444,-2.660529,0.912680
44329543.128315,-2.811373,0.848585
44337582.581185,-2.464316,1.121132
44345622.034056,-2.514916,1.527598
44353661.486927,-2.542133,1.647656
44361700.939797,-2.336837,1.495115
44369740.392668,-2.261165,1.626346
44377779.845538,-2.303547,1.968960
44385819.298409,-1.956160,1.954081
44393858.751279,-1.729330,2.013748
44401898.204150,-1.816425,2.249336
44409937.657021,-1.626552,2.211952
44417977.109891,-1.601635,2.305162
44426016.562762,-1.350822,2.527465
44434056.015632,-1.143388,2.361674
44442095.468503,-0.971783,2.760074
44450134.921373,-0.916491,2.514576
44458174.374244,-0.617066,2.643900
44466213.827115,-0.506148,2.783485
44474253.279985,-0.276188,2.754365
44482292.732856,-0.305599,2.663355
44490332.185726,-0.020705,2.645958
44498371.638597,0.227017,2.569314
44506411.091467,0.283532,2.569743
44514450.544338,0.377071,2.575326
44522489.997209,0.596218,2.470454
44530529.450079,0.829935,2.395554
44538568.902950,1.126927,2.469216
44546608.355820,1.130748,2.639638
44554647.808691,1.281934,2.380807
44562687.261561,1.348872,2.157518
44570726.714432,1.645180,2.176143
44578766.167303,1.843410,2.045757
44586805.620173,2.040237,2.029118
44594845.073044,1.969884,2.083380
44602884.525914,1.997627,1.774092
44610923.978785,2.320751,1.611608
44618963.431655,2.404169,1.689903
44627002.884526,2.464874,1.488950
44635042.337396,2.413210,1.120016
44643081.790267,2.624624,1.537067
44651121.243138,2.725497,1.206981
44659160.696008,2.780914,1.007137
44667200.148879,2.656586,0.456308
44675239.601749,2.845146,0.626181
44683279.054620,2.757562,0.201888
44691318.507490,2.795319,0.372441
44699357.960361,2.737550,-0.007166
44707397.413232,2.938940,-0.033076
44715436.866102,2.921952,-0.283142
44723476.318973,2.848029,-0.247158
44731515.771843,3.043031,-0.555323
44739555.224714,2.866525,-0.668179
44747594.677584,2.888091,-0.823235
44755634.130455,2.592610,-0.930337
44763673.583326,2.623234,-1.174445
44771713.036196,2.521519,-1.373191
44779752.489067,2.393702,-1.679945
44787791.941937,2.295554,-1.495462
44795831.394808,2.114033,-1.613193
44803870.847678,2.060266,-1.655786
44811910.300549,2.224660,-1.614642
44819949.753420,1.969235,-1.875616
44827989.206290,1.842586,-2.001866
44836028.659161,1.542385,-2.185522
44844068.112031,1.553545,-2.231776
44852107.564902,1.411123,-2.282496
44860147.017772,1.161072,-2.531538
44868186.470643,1.013923,-2.332975
44876225.923514,0.852762,-2.330888
44884265.376384,0.885693,-2.592718
44892304.829255,0.545309,-2.865150
44900344.282125,0.374598,-2.520490
44908383.734996,0.170039,-2.719090
44916423.187866,-0.023444,-2.649263
44924462.640737,0.097735,-2.844585
44932502.093608,-0.276415,-2.547782
44940541.546478,-0.550182,-2.569236
44948580.999349,-0.585968,-2.528858
44956620.452219,-0.756579,-2.774942
44964659.905090,-1.076987,-2.404101
44972699.357960,-1.012068,-2.513883
44980738.810831,-1.203301,-2.602290
44988778.263701,-1.405054,-2.411802
44996817.716572,-1.504517,-2.298612
45004857.169443,-1.702893,-2.138832
45012896.622313,-1.808513,-2.057241
45020936.075184,-2.103468,-1.985794
45028975.528054,-1.930906,-1.881515
45037014.980925,-2.135313,-1.579504
45045054.433795,-2.281001,-1.408168
45053093.886666,-2.486980,-1.427100
45061133.339537,-2.526890,-1.396555
45069172.792407,-2.577550,-1.424327
45077212.245278,-2.643581,-1.318956
45085251.698148,-2.806294,-1.015899
45093291.151019,-2.898817,-0.798241
45101330.603889,-2.849917,-0.894882
45109370.056760,-2.830498,-0.194648
45117409.509631,-2.952425,-0.590897
45125448.962501,-2.943627,-0.411598
45133488.415372,-3.122281,-0.149385
45141527.868242,-2.714528,0.056032
45149567.321113,-2.870693,0.370315
45157606.773983,-2.939628,0.326106
45165646.226854,-2.862417,0.911152
45173685.679725,-3.023895,0.956155
45181725.132595,-2.887338,0.869405
45189764.585466,-2.611442,1.124193
45197804.038336,-2.627426,1.357305
45205843.491207,-2.599848,1.273295
45213882.944077,-2.476689,1.544809
45221922.396948,-2.445071,1.623810
45229961.849819,-2.404489,1.830128
45238001.302689,-2.163297,1.997388
45246040.755560,-2.172648,1.805030
45254080.208430,-2.015368,2.060371
45262119.661301,-1.734490,2.590584
45270159.114171,-1.577029,2.218430
45278198.567042,-1.623829,2.540537
45286238.019913,-1.464470,2.313210
45294277.472783,-1.181012,2.157661
45302316.925654,-1.102291,2.812956
45310356.378524,-1.006104,2.563701
45318395.831395,-0.886444,2.719965
45326435.284265,-0.634195,2.692479
45334474.737136,-0.412340,2.559913
45342514.190007,-0.176581,2.955462
45350553.642877,-0.185705,2.839096
45358593.095748,0.095410,2.385323
45366632.548618,0.179693,2.589693
45374672.001489,0.322302,2.770599
45382711.454359,0.574082,2.638245
45390750.907230,0.854190,2.571392
45398790.360100,0.832440,2.291414
45406829.812971,1.183190,2.408751
45414869.265842,1.251872,2.315138
45422908.718712,1.455961,2.360169
45430948.171583,1.549295,2.175993
45438987.624453,1.627294,2.349656
45447027.077324,1.717409,2.332983
45455066.530194,1.788461,1.971001
45463105.983065,1.890647,1.615588
45471145.435936,2.123785,1.792272
45479184.888806,2.215808,1.779909
45487224.341677,2.294963,1.756762
45495263.794547,2.259384,1.473382
45503303.247418,2.503818,1.469685
45511342.700288,2.679480,1.168872
45519382.153159,2.819526,0.859616
45527421.606030,2.816316,0.613856
45535461.058900,2.757153,0.765539
45543500.511771,2.869672,0.546290
45551539.964641,2.956111,0.642903
45559579.417512,2.915091,0.223925
45567618.870382,2.966294,0.132581
45575658.323253,2.837073,-0.050694
45583697.776124,2.953517,-0.095000
45591737.228994,2.813967,-0.295057
45599776.681865,2.808375,-0.418277
45607816.134735,2.683282,-0.582187
45615855.587606,2.642821,-0.864361
45623895.040476,2.578102,-1.147854
45631934.493347,2.511986,-1.229395
45639973.946218,2.472558,-1.163776
45648013.399088,2.238871,-1.469786
45656052.851959,2.251715,-1.727827
45664092.304829,2.173074,-1.663379
45672131.757700,2.086121,-1.949086
45680171.210570,2.105652,-2.083412
45688210.663441,1.898922,-2.162680
45696250.116312,1.727165,-2.126502
45704289.569182,1.793792,-2.309887
45712329.022053,1.450639,-2.376498
45720368.474923,1.351599,-2.332648
45728407.927794,1.276572,-2.394156
45736447.380664,0.909475,-2.607149
45744486.833535,0.899455,-2.365355
45752526.286406,0.593741,-2.732686
45760565.739276,0.676276,-2.821597
45768605.192147,0.281358,-2.506303
45776644.645017,0.126627,-2.811194
45784684.097888,-0.061202,-2.724969
45792723.550758,-0.161862,-2.767783
45800763.003629,-0.221755,-2.419458
45808802.456499,-0.538944,-2.671543
45816841.909370,-0.709277,-2.461498
45824881.362241,-0.732253,-2.480351
45832920.815111,-1.045991,-2.567625
45840960.267982,-1.036390,-2.271094
45848999.720852,-1.385134,-2.406196
45857039.173723,-1.463881,-2.282125
45865078.626593,-1.498151,-2.037622
45873118.079464,-1.671914,-2.096348
45881157.532335,-2.019860,-1.860810
45889196.985205,-2.008070,-1.909149
45897236.438076,-2.175609,-1.922313
45905275.890946,-2.203204,-1.990715
45913315.343817,-2.466938,-1.434147
45921354.796687,-2.497105,-1.457236
45929394.249558,-2.561849,-1.308780
45937433.702429,-2.678112,-1.435288
45945473.155299,-2.693130,-1.061092
45953512.608170,-2.847728,-0.588622
45961552.061040,-2.798587,-0.825950
45969591.513911,-2.929193,-0.660580
45977630.966781,-2.800554,-0.459075
45985670.419652,-2.997215,-0.063872
45993709.872523,-2.983429,-0.216624
46001749.325393,-2.965262,0.098639
46009788.778264,-3.076818,-0.201268
46017828.231134,-2.978562,0.499240
46025867.684005,-2.979513,0.338030
46033907.136875,-2.806217,0.716333
46041946.589746,-2.881249,0.392605
46049986.042617,-2.864298,0.510843
46058025.495487,-2.650475,1.094757
46066064.948358,-2.660524,1.159983
46074104.401228,-2.402209,1.365359
46082143.854099,-2.387024,1.503117
46090183.306969,-2.283096,1.532194
46098222.759840,-2.398761,1.900730
46106262.212711,-2.095353,2.015636
46114301.665581,-1.989381,2.100630
46122341.118452,-2.035709,2.227316
46130380.571322,-1.937308,2.089566
46138420.024193,-1.376613,2.262459
46146459.477063,-1.472583,2.067873
46154498.929934,-1.277209,2.589603
46162538.382805,-1.086527,2.597459
46170577.835675,-1.048698,2.518076
46178617.288546,-0.842121,2.656524
46186656.741416,-0.726895,2.968693
46194696.194287,-0.417132,2.546110
46202735.647157,-0.357883,2.578504
46210775.100028,-0.258009,2.660458
46218814.552898,0.067731,2.698413
46226854.005769,0.332477,2.690625
46234893.458640,0.350290,2.637128
46242932.911510,0.364617,2.704120
46250972.364381,0.744802,2.540040
46259011.817251,0.900591,2.455169
46267051.270122,1.041910,2.534308
46275090.722992,1.245600,2.760784
46283130.175863,1.301801,2.434308
46291169.628734,1.451414,2.481990
46299209.081604,1.540424,2.335644
46307248.534475,1.688458,1.984718
46315287.987345,1.746336,2.272205
46323327.440216,2.063627,1.927082
46331366.893086,2.243180,2.002642
46339406.345957,2.314076,1.877559
46347445.798828,2.271007,1.845100
46355485.251698,2.443461,1.385944
46363524.704569,2.421420,1.594139
46371564.157439,2.584552,1.017125
46379603.610310,2.712283,1.058321
46387643.063180,2.613692,0.930919
46395682.516051,2.891147,0.890542
46403721.968922,2.762564,0.520847
46411761.421792,2.823828,0.402849
46419800.874663,2.804322,0.413543
46427840.327533,2.923004,-0.016463
46435879.780404,3.043639,0.104022
46443919.233274,2.931544,-0.074032
46451958.686145,2.848299,-0.346763
46459998.139016,2.773065,-0.357954
46468037.591886,2.843203,-0.787778
46476077.044757,2.691546,-0.758952
46484116.497627,2.582385,-1.080731
46492155.950498,2.581380,-1.128180
46500195.403368,2.509532,-1.444589
46508234.856239,2.468066,-1.667215
46516274.309110,2.326009,-1.490911
46524313.761980,2.440054,-1.469928
46532353.214851,2.137463,-1.705465
46540392.667721,1.958625,-1.828794
46548432.120592,1.919938,-2.091456
46556471.573462,1.731138,-2.162639
46564511.026333,1.666917,-2.321535
46572550.479203,1.369508,-2.490723
46580589.932074,1.327758,-2.555636
46588629.384945,1.056802,-2.515536
46596668.837815,1.036445,-2.600583
46604708.290686,0.739618,-2.552056
46612747.743556,0.803051,-2.580510
46620787.196427,0.554681,-2.420735
46628826.649297,0.381148,-2.682718
46636866.102168,0.280837,-2.811839
46644905.555039,0.042998,-2.673184
46652945.007909,-0.261466,-2.765908
46660984.460780,-0.406948,-2.960477
46669023.913650,-0.422842,-2.724815
46677063.366521,-0.473180,-2.860616
46685102.819391,-0.666105,-2.565904
46693142.272262,-0.900473,-2.427425
46701181.725133,-1.233443,-2.632915
46709221.178003,-1.312718,-2.419910
46717260.630874,-1.275488,-2.106118
46725300.083744,-1.574331,-2.189739
46733339.536615,-1.504641,-2.190887
46741378.989485,-1.702186,-2.270854
46749418.442356,-1.994936,-2.043329
46757457.895227,-1.960264,-2.182121
46765497.348097,-2.216667,-1.993896
46773536.800968,-2.326023,-1.569613
46781576.253838,-2.513345,-1.479512
46789615.706709,-2.588759,-1.476915
46797655.159579,-2.640994,-0.930523
46805694.612450,-2.634656,-1.283711
46813734.065321,-2.701263,-1.050769
46821773.518191,-2.663565,-0.753962
46829812.971062,-2.852265,-0.807425
46837852.423932,-2.774393,-0.450730
46845891.876803,-2.976350,-0.463485
46853931.329673,-2.881068,-0.291575
46861970.782544,-2.856856,-0.002352
46870010.235415,-2.858828,-0.017300
46878049.688285,-2.957644,0.196915
46886089.141156,-2.956359,0.316842
46894128.594026,-2.821626,0.345500
46902168.046897,-2.899179,0.764553
46910207.499767,-2.725675,0.975220
46918246.952638,-2.836118,0.956795
46926286.405509,-2.764114,1.379202
46934325.858379,-2.627564,1.138016
46942365.311250,-2.516575,1.584226
46950404.764120,-2.296446,1.451345
46958444.216991,-2.254075,1.729933
46966483.669861,-2.177295,1.870254
46974523.122732,-2.118893,1.963385
46982562.575602,-1.890427,1.957167
46990602.028473,-1.891435,2.415220
46998641.481344,-1.497302,2.178832
47006680.934214,-1.477420,2.494002
47014720.387085,-1.560853,2.323983
47022759.839955,-1.299319,2.424595
47030799.292826,-1.048875,2.583150
47038838.745696,-0.880812,2.601574
47046878.198567,-0.685841,2.469543
47054917.651438,-0.539789,2.528413
47062957.104308,-0.514964,2.976973
47070996.557179,-0.451690,2.958677
47079036.010049,-0.167054,2.643824
47087075.462920,0.082943,2.535260
47095114.915790,0.154644,2.909454
47103154.368661,0.387387,2.687884
47111193.821532,0.364319,2.462756
47119233.274402,0.788003,2.775320
47127272.727273,0.850402,2.614264
47135312.180143,1.010291,2.529204
47143351.633014,1.190216,2.506381
47151391.085884,1.393579,2.414242
47159430.538755,1.564023,2.417780
47167469.991626,1.670037,2.179344
47175509.444496,1.870200,2.210214
47183548.897367,1.878584,1.799693
47191588.350237,2.030604,1.706261
47199627.803108,2.353969,1.686050
47207667.255978,2.161542,1.654914
47215706.708849,2.305278,1.371962
47223746.161720,2.376528,1.254839
47231785.614590,2.485717,1.258405
47239825.067461,2.687192,1.103426
47247864.520331,2.605207,0.723821
47255903.973202,2.705967,0.740179
47263943.426072,2.780325,0.374699
47271982.878943,2.721920,0.488728
47280022.331814,2.787171,0.263591
47288061.784684,2.886506,0.314208
47296101.237555,2.853944,0.110343
47304140.690425,2.881222,0.125448
47312180.143296,2.875808,-0.281612
47320219.596166,2.784842,-0.646035
47328259.049037,2.784064,-0.765345
47336298.501908,2.771669,-0.668734
47344337.954778,2.612723,-0.755114
47352377.407649,2.631562,-1.042026
47360416.860519,2.496677,-0.939230
47368456.313390,2.366436,-1.189889
47376495.766260,2.236284,-1.680843
47384535.219131,2.302785,-1.581465
47392574.672001,2.291100,-1.751409
47400614.124872,2.031687,-1.585965
47408653.577743,1.831733,-1.648471
47416693.030613,1.949124,-2.041140
47424732.483484,1.786336,-1.888598
47432771.936354,1.693523,-2.078499
47440811.389225,1.431276,-2.039054
47448850.842095,1.278771,-2.281499
47456890.294966,1.198178,-2.564880
47464929.747837,0.939409,-2.494974
47472969.200707,0.820253,-2.520630
47481008.653578,0.597587,-2.622543
47489048.106448,0.517304,-2.624512
47497087.559319,0.296994,-2.430288
47505127.012189,0.145882,-2.579184
47513166.465060,-0.023690,-2.870150
47521205.917931,-0.136273,-2.838959
47529245.370801,-0.329078,-2.983507
47537284.823672,-0.400740,-2.610003
47545324.276542,-0.718699,-2.515093
47553363.729413,-1.034087,-2.725017
47561403.182283,-1.163166,-2.408366
47569442.635154,-1.163554,-2.575454
47577482.088025,-1.344094,-2.093037
47585521.540895,-1.471311,-2.620780
47593560.993766,-1.683016,-2.101226
47601600.446636,-1.748369,-2.239155
47609639.899507,-1.901261,-1.950874
47617679.352377,-2.185311,-1.761715
47625718.805248,-2.160907,-1.946128
47633758.258119,-2.372034,-1.809025
47641797.710989,-2.245346,-1.607605
47649837.163860,-2.486307,-1.608173
47657876.616730,-2.331931,-1.243662
47665916.069601,-2.640098,-1.093071
47673955.522471,-2.623667,-1.173692
47681994.975342,-2.781433,-1.083109
47690034.428213,-2.851703,-0.576703
47698073.881083,-2.894505,-0.738211
47706113.333954,-2.924070,-0.528366
47714152.786824,-2.918897,-0.210697
47722192.239695,-2.949363,0.049164
47730231.692565,-2.878528,0.025731
47738271.145436,-2.754013,0.175618
47746310.598307,-2.893692,0.330253
47754350.051177,-2.793845,0.402271
47762389.504048,-2.785264,0.565373
47770428.956918,-2.892575,0.802365
47778468.409789,-2.943814,0.861202
47786507.862659,-2.714224,1.400228
47794547.315530,-2.538940,1.174360
47802586.768400,-2.580697,1.260439
47810626.221271,-2.518800,1.507041
47818665.674142,-2.439645,1.652908
47826705.127012,-2.248571,1.439787
47834744.579883,-2.276122,2.145378
47842784.032753,-2.178270,1.610598
47850823.485624,-1.881053,1.916433
47858862.938494,-1.719595,2.433932
47866902.391365,-1.706770,2.132450
47874941.844236,-1.436014,2.469892
47882981.297106,-1.426851,2.407632
47891020.749977,-1.277141,2.489335
47899060.202847,-0.939052,2.493241
47907099.655718,-0.824450,2.434513
47915139.108588,-0.802509,2.939742
47923178.561459,-0.617697,2.934920
47931218.014330,-0.346479,2.681187
47939257.467200,-0.186547,2.679627
47947296.920071,0.080755,2.667259
47955336.372941,0.139827,2.687583
47963375.825812,0.324779,2.641329
47971415.278682,0.489151,2.657912
47979454.731553,0.827394,2.388084
47987494.184424,0.818534,2.492987
47995533.637294,1.025773,2.771023
48003573.090165,1.245565,2.383922
48011612.543035,1.329145,2.502676
48019651.995906,1.479696,2.138633
48027691.448776,1.696551,2.492285
48035730.901647,1.808921,2.076593
48043770.354518,1.730544,1.972968
48051809.807388,2.007374,1.898443
48059849.260259,2.037816,1.825500
48067888.713129,2.177085,1.484722
48075928.166000,2.304917,1.971248
48083967.618870,2.353213,1.569790
48092007.071741,2.454590,1.519342
48100046.524612,2.708524,1.132773
48108085.977482,2.702036,1.156653
48116125.430353,2.648766,0.629860
48124164.883223,2.797037,0.759688
48132204.336094,2.741632,0.542018
48140243.788964,2.739171,0.132370
48148283.241835,2.853934,0.160233
48156322.694706,2.938881,-0.010376
48164362.147576,2.929488,0.239061
48172401.600447,2.915379,-0.078958
48180441.053317,2.944907,-0.235198
48188480.506188,2.659951,-0.594408
48196519.959058,2.732331,-0.654694
48204559.411929,2.704426,-0.752984
48212598.864799,2.601586,-1.169406
48220638.317670,2.701288,-1.197157
48228677.770541,2.500762,-1.255040
48236717.223411,2.374783,-1.308771
48244756.676282,2.284507,-1.709371
48252796.129152,2.190520,-1.770101
48260835.582023,2.257587,-1.744283
48268875.034893,2.098546,-1.686500
48276914.487764,1.858205,-1.954708
48284953.940635,1.774393,-2.204717
48292993.393505,1.807256,-2.124957
48301032.846376,1.601663,-2.141667
48309072.299246,1.187258,-2.198131
48317111.752117,1.270038,-2.536636
48325151.204987,1.288533,-2.468826
48333190.657858,0.904915,-2.726177
48341230.110729,0.716065,-2.424509
48349269.563599,0.456358,-2.736082
48357309.016470,0.422648,-2.745398
48365348.469340,0.158811,-2.724459
48373387.922211,-0.016378,-2.894466
48381427.375081,-0.096995,-2.666101
48389466.827952,-0.265895,-2.802240
48397506.280823,-0.259064,-2.839846
48405545.733693,-0.485923,-2.826835
48413585.186564,-0.797315,-2.696712
48421624.639434,-0.945947,-2.840489
48429664.092305,-1.101801,-2.819599
48437703.545175,-1.218628,-2.544103
48445742.998046,-1.556241,-2.476827
48453782.450917,-1.520222,-2.616802
48461821.903787,-1.632820,-2.399063
48469861.356658,-1.837050,-1.904158
48477900.809528,-2.012231,-1.729492
48485940.262399,-2.103742,-1.865733
48493979.715269,-2.270138,-1.960679
48502019.168140,-2.299812,-1.544014
48510058.621011,-2.654115,-1.757656
48518098.073881,-2.558890,-1.442219
48526137.526752,-2.491719,-1.219874
48534176.979622,-2.793410,-1.055647
48542216.432493,-2.762390,-1.316462
48550255.885363,-2.808504,-0.453244
48558295.338234,-2.783474,-0.695971
48566334.791104,-2.740047,-0.446398
48574374.243975,-2.913861,-0.278357
48582413.696846,-2.788127,-0.342153
48590453.149716,-2.928087,0.022884
48598492.602587,-2.951079,0.305931
48606532.055457,-2.861591,0.387256
48614571.508328,-2.922600,0.381134
48622610.961198,-2.781198,0.568144
48630650.414069,-2.717386,0.597369
48638689.866940,-3.039348,0.918641
48646729.319810,-2.650344,0.788855
48654768.772681,-2.700201,1.132845
48662808.225551,-2.524096,1.361732
48670847.678422,-2.460917,1.190304
48678887.131292,-2.391988,1.590946
48686926.584163,-2.397629,1.646747
48694966.037034,-2.170106,1.743159
48703005.489904,-2.011800,1.757707
48711044.942775,-1.973327,1.908591
48719084.395645,-1.772779,2.044198
48727123.848516,-1.635722,2.326163
48735163.301386,-1.389031,2.012209
48743202.754257,-1.347693,2.516652
48751242.207128,-1.115320,2.414003
48759281.659998,-1.090116,2.558485
48767321.112869,-0.905248,2.807376
48775360.565739,-0.845955,2.453995
48783400.018610,-0.638644,2.615985
48791439.471480,-0.185000,2.501663
48799478.924351,-0.297329,2.501428
48807518.377222,-0.037554,2.833521
48815557.830092,0.065276,2.577578
48823597.282963,0.153186,2.751902
48831636.735833,0.422573,2.711906
48839676.188704,0.428788,2.831685
48847715.641574,0.623301,2.799177
48855755.094445,0.917596,2.453213
48863794.547316,1.178845,2.512141
48871834.000186,1.377736,2.257523
48879873.453057,1.464527,2.263486
48887912.905927,1.466225,2.344006
48895952.358798,1.646640,2.012035
48903991.811668,1.859006,2.111797
48912031.264539,1.937988,2.067342
48920070.717410,1.891574,1.973887
48928110.170280,2.168099,1.924771
48936149.623151,2.366291,1.722532
48944189.076021,2.570829,1.453705
48952228.528892,2.431949,1.240232
48960267.981762,2.637060,1.419173
48968307.434633,2.562426,0.958110
48976346.887503,2.597181,0.977033
48984386.340374,2.739746,0.568968
48992425.793245,2.883664,0.881169
49000465.246115,2.828819,0.595532
49008504.698986,2.856172,0.074859
49016544.151856,2.865583,0.175306
49024583.604727,2.835947,-0.030015
49032623.057597,2.827904,-0.092664
49040662.510468,2.737705,-0.195557
49048701.963339,2.788512,-0.438785
49056741.416209,2.743553,-0.596128
49064780.869080,2.892409,-0.525601
49072820.321950,2.601895,-1.056594
49080859.774821,2.654468,-0.951416
49088899.227691,2.598856,-1.300143
49096938.680562,2.407149,-1.258915
49104978.133433,2.248561,-1.587431
49113017.586303,2.353111,-1.612921
49121057.039174,2.225528,-1.624304
49129096.492044,1.896799,-2.013014
49137135.944915,2.007553,-2.117984
49145175.397785,1.868955,-1.964110
49153214.850656,1.799747,-1.865229
49161254.303527,1.535366,-2.078350
49169293.756397,1.400763,-2.146890
49177333.209268,1.287438,-2.584310
49185372.662138,1.114262,-2.428070
49193412.115009,1.044259,-2.557157
49201451.567879,0.843099,-2.430947
49209491.020750,0.608392,-2.955001
49217530.473621,0.473355,-2.762953
49225569.926491,0.476061,-2.462361
49233609.379362,0.228223,-2.756062
49241648.832232,-0.041145,-2.538223
49249688.285103,-0.091520,-2.665249
49257727.737973,-0.487284,-2.598557
49265767.190844,-0.457656,-2.385048
49273806.643715,-0.656773,-2.570234
49281846.096585,-0.940561,-2.586540
49289885.549456,-1.000681,-2.644040
49297925.002326,-1.201528,-2.345733
49305964.455197,-1.186530,-2.500139
49314003.908067,-1.379567,-2.472721
49322043.360938,-1.670456,-2.465126
49330082.813809,-1.957438,-2.477121
49338122.266679,-1.873303,-1.988472
49346161.719550,-2.067196,-1.965738
49354201.172420,-2.183687,-2.012354
49362240.625291,-2.108946,-1.727051
49370280.078161,-2.460337,-1.474496
49378319.531032,-2.354532,-1.374377
49386358.983902,-2.516639,-1.313891
49394398.436773,-2.725719,-1.189633
49402437.889644,-2.651808,-1.196452
49410477.342514,-2.710614,-0.720679
49418516.795385,-2.881383,-0.994529
49426556.248255,-2.853316,-0.790170
49434595.701126,-2.814773,-0.308759
49442635.153996,-3.021328,-0.233758
49450674.606867,-3.081063,-0.045262
49458714.059738,-2.882752,0.195518
49466753.512608,-2.827243,-0.057565
49474792.965479,-2.976291,0.376774
49482832.418349,-2.834113,0.405451
49490871.871220,-2.839728,0.521722
49498911.324090,-2.852360,0.692149
49506950.776961,-2.612285,1.006043
49514990.229832,-2.831801,0.896089
49523029.682702,-2.617130,1.268609
49531069.135573,-2.647890,1.285475
49539108.588443,-2.630405,1.444735
49547148.041314,-2.355871,1.538464
49555187.494184,-2.273266,1.903006
49563226.947055,-1.971963,1.847675
49571266.399926,-2.095910,2.065121
49579305.852796,-1.935712,2.076499
49587345.305667,-1.698204,2.311047
49595384.758537,-1.654445,1.962200
49603424.211408,-1.432796,2.187179
49611463.664278,-1.340621,2.389136
49619503.117149,-1.146934,2.756441
49627542.570020,-0.918658,2.458961
49635582.022890,-0.783719,2.553395
49643621.475761,-0.685817,2.623432
49651660.928631,-0.620454,2.720841
49659700.381502,-0.408999,2.969411
49667739.834372,-0.240447,2.595440
49675779.287243,-0.073363,2.727962
49683818.740114,0.096047,2.590950
49691858.192984,0.466282,2.828430
49699897.645855,0.503745,2.733125
49707937.098725,0.568238,2.441279
49715976.551596,0.811191,2.384434
49724016.004466,0.902006,2.664689
49732055.457337,1.004132,2.097791
49740094.910208,1.407344,2.204592
49748134.363078,1.453171,2.678881
49756173.815949,1.623475,2.663749
49764213.268819,1.666205,2.002859
49772252.721690,1.856052,2.080309
49780292.174560,2.052807,1.941116
49788331.627431,1.989186,1.644777
49796371.080301,2.014132,1.452574
49804410.533172,2.207603,1.658631
49812449.986043,2.470313,1.465025
49820489.438913,2.340827,1.203873
49828528.891784,2.590315,1.067153
49836568.344654,2.592535,0.775803
49844607.797525,2.624265,0.937865
49852647.250395,2.838469,0.669392
49860686.703266,2.791077,0.307377
49868726.156137,2.746265,0.339140
49876765.609007,2.811776,0.061269
49884805.061878,2.867122,0.246319
49892844.514748,2.823304,0.105688
49900883.967619,2.820972,-0.166131
49908923.420489,2.747365,-0.591914
49916962.873360,2.785491,-0.318929
49925002.326231,2.870199,-0.548078
49933041.779101,2.888272,-0.561255
49941081.231972,2.598777,-1.166092
49949120.684842,2.684238,-0.997332
49957160.137713,2.533340,-1.306730
49965199.590583,2.585664,-1.426179
49973239.043454,2.266301,-1.590098
49981278.496325,2.273656,-1.780893
49989317.949195,2.306765,-1.933477
49997357.402066,2.195211,-1.990912
50005396.854936,1.951484,-2.005855
50013436.307807,1.848315,-2.018561
50021475.760677,1.782180,-2.362291
50029515.213548,1.506807,-1.933770
50037554.666419,1.218740,-2.499349
50045594.119289,1.090423,-2.240378
50053633.572160,1.067434,-2.662842
50061673.025030,0.966892,-2.767860
50069712.477901,0.640360,-2.362423
50077751.930771,0.588494,-2.840060
50085791.383642,0.305646,-2.359539
50093830.836513,0.347336,-2.916664
50101870.289383,0.099657,-2.580263
50109909.742254,-0.056118,-2.534722
50117949.195124,-0.409370,-2.663091
50125988.647995,-0.362846,-3.098288
50134028.100865,-0.779390,-2.823836
50142067.553736,-0.840013,-2.855105
50150107.006606,-0.955850,-2.927580
50158146.459477,-0.973910,-2.520280
50166185.912348,-1.286392,-2.489237
50174225.365218,-1.474321,-2.286365
50182264.818089,-1.625643,-2.229714
50190304.270959,-1.713918,-2.283221
50198343.723830,-1.810047,-2.054411
50206383.176700,-2.006197,-1.864870
50214422.629571,-2.060413,-1.754560
50222462.082442,-2.242160,-1.666645
50230501.535312,-2.237365,-1.763746
50238540.988183,-2.423318,-1.693078
50246580.441053,-2.560790,-1.418215
50254619.893924,-2.467348,-1.003441
50262659.346794,-2.713131,-1.026086
50270698.799665,-2.656831,-1.288039
50278738.252536,-2.833781,-0.837580
50286777.705406,-2.733645,-0.688792
50294817.158277,-3.011674,-0.212982
50302856.611147,-2.842943,-0.591223
50310896.064018,-2.961560,-0.122788
50318935.516888,-3.041662,-0.141154
50326974.969759,-2.983176,0.336065
50335014.422630,-2.965431,0.454408
50343053.875500,-2.965158,0.526012
50351093.328371,-2.830059,0.357279
50359132.781241,-2.822839,0.817623
50367172.234112,-2.875408,0.800497
50375211.686982,-2.835249,1.085985
50383251.139853,-2.690494,1.286126
50391290.592724,-2.563336,1.029939
50399330.045594,-2.508772,1.354125
50407369.498465,-2.198228,1.546299
50415408.951335,-2.329932,1.548449
50423448.404206,-2.100613,2.055623
50431487.857076,-2.110187,1.807820
50439527.309947,-1.941878,2.190534
50447566.762818,-1.889030,2.386598
50455606.215688,-1.670221,2.055361
50463645.668559,-1.393856,2.269221
50471685.121429,-1.370452,2.529402
50479724.574300,-1.076306,2.561046
50487764.027170,-1.073366,2.374278
50495803.480041,-0.748010,2.644992
50503842.932912,-0.770345,2.951279
50511882.385782,-0.593786,2.534288
50519921.838653,-0.424399,2.962710
50527961.291523,-0.112877,2.597038
50536000.744394,-0.104293,2.566814
50544040.197264,0.129068,2.562438
50552079.650135,0.107835,2.843517
50560119.103005,0.526141,2.607232
50568158.555876,0.599782,2.658405
50576198.008747,0.798737,2.576729
50584237.461617,0.866837,2.520365
50592276.914488,1.043826,2.576226
50600316.367358,1.370223,2.586547
50608355.820229,1.261560,2.259142
50616395.273099,1.479230,2.419265
50624434.725970,1.830241,2.272975
50632474.178841,1.917061,2.110385
50640513.631711,1.907216,1.925533
50648553.084582,2.049506,2.089973
50656592.537452,2.110386,1.774204
50664631.990323,2.117290,1.326068
50672671.443193,2.515710,1.653911
50680710.896064,2.532469,1.390473
50688750.348935,2.442521,1.185317
50696789.801805,2.551488,1.390226
50704829.254676,2.710768,0.748670
50712868.707546,2.727739,0.661042
50720908.160417,2.693756,0.644687
50728947.613287,2.839596,0.454455
50736987.066158,2.750307,0.628793
50745026.519029,2.856300,0.369319
50753065.971899,2.796864,0.170882
50761105.424770,2.825576,-0.179171
50769144.877640,2.988058,-0.410057
50777184.330511,2.780179,-0.453191
50785223.783381,2.828930,-0.832271
50793263.236252,2.611990,-0.883487
50801302.689123,2.633000,-0.754513
50809342.141993,2.755584,-0.984627
50817381.594864,2.616090,-1.210873
50825421.047734,2.590163,-1.315496
50833460.500605,2.311189,-1.812186
50841499.953475,2.226376,-1.609879
50849539.406346,2.186976,-1.836929
50857578.859217,2.071305,-1.913106
50865618.312087,1.937544,-2.173444
50873657.764958,1.861980,-1.993254
50881697.217828,1.740940,-2.409463
50889736.670699,1.538950,-2.012683
50897776.123569,1.442402,-2.490669
50905815.576440,1.229578,-2.309237
50913855.029311,1.151719,-2.718470
50921894.482181,1.035833,-2.467706
50929933.935052,0.844464,-2.780819
50937973.387922,0.634188,-2.749160
50946012.840793,0.383753,-2.683944
50954052.293663,0.339523,-2.410491
50962091.746534,0.162804,-2.841046
50970131.199404,-0.032297,-3.043764
50978170.652275,-0.142816,-2.462807
50986210.105146,-0.280892,-2.743385
50994249.558016,-0.597336,-2.614064
51002289.010887,-0.812673,-2.646346
51010328.463757,-0.946162,-2.731064
51018367.916628,-1.060171,-2.315434
51026407.369498,-1.410983,-2.782804
51034446.822369,-1.414050,-2.446825
51042486.275240,-1.528442,-2.324236
51050525.728110,-1.550643,-2.267772
51058565.180981,-1.815006,-1.949787
51066604.633851,-1.858463,-1.896412
51074644.086722,-2.034083,-2.022022
51082683.539592,-2.161913,-2.035209
51090722.992463,-2.193513,-1.578343
51098762.445334,-2.518121,-1.979105
51106801.898204,-2.423691,-1.371828
51114841.351075,-2.590096,-1.318183
51122880.803945,-2.621133,-1.167670
51130920.256816,-2.509404,-1.230919
51138959.709686,-2.711190,-0.715440
51146999.162557,-2.805611,-0.954060
51155038.615428,-2.816656,-0.476303
51163078.068298,-2.986977,-0.352842
51171117.521169,-2.796238,-0.200889
51179156.974039,-2.998022,-0.028025
51187196.426910,-2.847703,0.319539
51195235.879780,-3.139690,0.117506
51203275.332651,-3.027688,0.236079
51211314.785522,-2.924003,0.524821
51219354.238392,-2.774065,0.621773
51227393.691263,-2.910108,0.861637
51235433.144133,-2.750556,1.046875
51243472.597004,-2.533212,1.205918
51251512.049874,-2.685638,1.205643
51259551.502745,-2.298225,1.420292
51267590.955616,-2.454549,1.540059
51275630.408486,-2.491972,1.433460
51283669.861357,-2.291162,1.679860
51291709.314227,-2.192780,1.840497
51299748.767098,-2.030042,2.259357
51307788.219968,-1.801087,2.163652
51315827.672839,-1.682925,2.257683
51323867.125709,-1.654739,2.101318
51331906.578580,-1.553654,2.322461
51339946.031451,-1.327839,2.572985
51347985.484321,-1.225749,2.271391
51356024.937192,-1.034900,2.613408
51364064.390062,-0.825042,2.822854
51372103.842933,-0.613919,2.932218
51380143.295803,-0.392725,2.724024
51388182.748674,-0.395936,2.768960
51396222.201545,-0.323143,2.730210
51404261.654415,0.013868,2.758623
51412301.107286,0.174733,2.633714
51420340.560156,0.359111,3.011845
51428380.013027,0.642492,2.736474
51436419.465897,0.630240,2.764307
51444458.918768,0.765395,2.723519
51452498.371639,0.891988,2.301992
51460537.824509,1.246794,2.429582
51468577.277380,1.306937,2.455401
51476616.730250,1.532223,2.364972
51484656.183121,1.571225,2.347520
51492695.635991,1.879370,2.307717
51500735.088862,1.815437,2.175975
51508774.541733,2.044139,1.723901
51516813.994603,2.098418,2.018635
51524853.447474,2.124836,1.876094
51532892.900344,2.340845,1.575010
51540932.353215,2.335725,1.370020
51548971.806085,2.575482,1.214459
51557011.258956,2.569824,1.107351
51565050.711827,2.765251,1.146194
51573090.164697,2.763779,0.866814
51581129.617568,2.933836,0.750170
51589169.070438,2.654231,0.725409
51597208.523309,2.967454,0.224228
51605247.976179,2.751398,0.346633
51613287.429050,2.768298,0.412700
51621326.881921,2.967159,0.176830
51629366.334791,2.914695,-0.437144
51637405.787662,2.778500,-0.522829
51645445.240532,2.627184,-0.583173
51653484.693403,2.807027,-0.866717
51661524.146273,2.662932,-0.658348
51669563.599144,2.557532,-1.121338
51677603.052015,2.622001,-1.046917
51685642.504885,2.438242,-1.354180
51693681.957756,2.351579,-1.595784
51701721.410626,2.479161,-1.954707
51709760.863497,2.257182,-1.745809
51717800.316367,2.105915,-1.666322
51725839.769238,2.128529,-1.973038
51733879.222108,1.912571,-2.053408
51741918.674979,1.810993,-2.030832
51749958.127850,1.649539,-2.363066
51757997.580720,1.488043,-2.351339
51766037.033591,1.368292,-2.226702
51774076.486461,1.336922,-2.421608
51782115.939332,0.990798,-2.202941
51790155.392202,0.857950,-2.552827
51798194.845073,0.675502,-2.431960
51806234.297944,0.454926,-2.793434
51814273.750814,0.399851,-2.746379
51822313.203685,0.130448,-2.666419
51830352.656555,0.098575,-2.663838
51838392.109426,-0.063796,-2.700092
51846431.562296,-0.513552,-2.625289
51854471.015167,-0.316002,-2.487993
51862510.468038,-0.721151,-2.593550
51870549.920908,-0.798604,-2.477602
51878589.373779,-0.865518,-2.521415
51886628.826649,-1.152016,-2.529794
51894668.279520,-1.354975,-2.512214
51902707.732390,-1.465955,-2.308989
51910747.185261,-1.528701,-2.084831
51918786.638132,-1.799935,-2.314974
51926826.091002,-1.953394,-2.367191
51934865.543873,-2.067567,-1.982316
51942904.996743,-2.201114,-1.890435
51950944.449614,-2.195234,-1.784409
51958983.902484,-2.385462,-1.742201
51967023.355355,-2.497824,-1.476083
51975062.808226,-2.461262,-1.395259
51983102.261096,-2.605277,-1.309533
51991141.713967,-2.711729,-1.141007
51999181.166837,-2.713546,-0.920078
52007220.619708,-2.799838,-1.061522
52015260.072578,-2.781712,-0.807437
52023299.525449,-2.818097,-0.223481
52031338.978320,-2.961506,-0.646161
52039378.431190,-2.776440,0.017224
52047417.884061,-3.041125,-0.003825
52055457.336931,-2.965484,0.245920
52063496.789802,-2.920298,0.407301
52071536.242672,-2.910820,0.691702
52079575.695543,-2.861692,0.319138
52087615.148414,-2.913212,0.821380
52095654.601284,-2.758207,1.028828
52103694.054155,-2.661691,1.238053
52111733.507025,-2.766676,1.125120
52119772.959896,-2.544882,1.321815
52127812.412766,-2.494215,1.662552
52135851.865637,-2.207764,1.680045
52143891.318507,-2.208102,1.537992
52151930.771378,-2.065938,1.762180
52159970.224249,-2.027218,2.202722
52168009.677119,-1.825453,1.623577
52176049.129990,-1.697407,2.187896
52184088.582860,-1.871534,2.256077
52192128.035731,-1.574880,2.280185
52200167.488601,-1.471385,2.472361
52208206.941472,-1.265753,2.383577
52216246.394343,-1.046180,2.337039
52224285.847213,-0.877094,2.187508
52232325.300084,-0.779273,2.682394
52240364.752954,-0.445169,2.438593
52248404.205825,-0.596942,2.672876
52256443.658695,-0.220323,2.822572
52264483.111566,0.016919,2.640657
52272522.564437,0.257710,2.598733
52280562.017307,0.324645,2.854393
52288601.470178,0.320737,2.346107
52296640.923048,0.557323,2.538875
52304680.375919,0.772632,2.716707
52312719.828789,0.879791,2.662887
52320759.281660,1.025896,2.263829
52328798.734531,1.147021,2.594609
52336838.187401,1.347347,2.276885
52344877.640272,1.445816,2.345410
52352917.093142,1.557584,2.049981
52360956.546013,1.690248,2.224901
52368995.998883,1.857160,2.107642
52377035.451754,2.067339,1.725042
52385074.904625,2.179542,1.532332
52393114.357495,2.228392,1.899461
52401153.810366,2.452294,1.234159
52409193.263236,2.512658,1.330560
52417232.716107,2.441215,1.267616
52425272.168977,2.555830,0.820707
52433311.621848,2.659526,0.695201
52441351.074719,2.634692,0.965436
52449390.527589,2.614488,0.486467
52457429.980460,2.814432,0.383986
52465469.433330,3.014178,0.329572
52473508.886201,2.884352,-0.022012
52481548.339071,2.800575,-0.063935
52489587.791942,2.808808,-0.262373
52497627.244813,2.854156,-0.397141
52505666.697683,2.925788,-0.442659
52513706.150554,2.825451,-0.434393
52521745.603424,2.634519,-0.739867
52529785.056295,2.704894,-1.089971
52537824.509165,2.540554,-1.137662
52545863.962036,2.411046,-1.340632
52553903.414906,2.618622,-1.431288
52561942.867777,2.375713,-1.626568
52569982.320648,2.415040,-1.795526
52578021.773518,2.179954,-1.755727
52586061.226389,2.029256,-1.834539
52594100.679259,1.961469,-1.871348
52602140.132130,1.884624,-1.998924
52610179.585000,1.858999,-2.131107
52618219.037871,1.544015,-2.338471
52626258.490742,1.382142,-2.670335
52634297.943612,1.174070,-2.498725
52642337.396483,1.134625,-2.579385
52650376.849353,0.906405,-2.518681
52658416.302224,0.696632,-2.660449
52666455.755094,0.522147,-2.818306
52674495.207965,0.557912,-2.672574
52682534.660836,0.273897,-2.565130
52690574.113706,0.114190,-2.719937
52698613.566577,-0.199060,-2.642120
52706653.019447,-0.085852,-2.571776
52714692.472318,-0.208534,-2.441904
52722731.925188,-0.407098,-2.633828
52730771.378059,-0.692042,-2.818275
52738810.830930,-0.793160,-2.436239
52746850.283800,-1.051225,-2.495372
52754889.736671,-1.143341,-2.540231
52762929.189541,-1.499692,-2.225076
52770968.642412,-1.697256,-2.099903
52779008.095282,-1.637991,-2.319230
52787047.548153,-1.876785,-2.254267
52795087.001024,-1.881266,-2.217956
52803126.453894,-2.017786,-1.910228
52811165.906765,-2.033094,-1.972635
52819205.359635,-2.243720,-1.667378
52827244.812506,-2.499631,-1.552293
52835284.265376,-2.337169,-1.454719
52843323.718247,-2.469694,-1.131706
52851363.171118,-2.556772,-1.405753
52859402.623988,-2.721383,-1.140848
52867442.076859,-2.783688,-0.970414
52875481.529729,-2.810387,-0.900690
52883520.982600,-2.902275,-0.733731
52891560.435470,-2.855557,-0.501387
52899599.888341,-3.022858,-0.195632
52907639.341211,-2.980460,-0.130277
52915678.794082,-2.971666,-0.033063
52923718.246953,-2.949068,0.273376
52931757.699823,-2.707010,0.159526
52939797.152694,-2.748587,0.512949
52947836.605564,-2.861873,0.558457
52955876.058435,-2.796959,0.825578
52963915.511305,-2.680548,0.809777
52971954.964176,-2.651735,1.052656
52979994.417047,-2.511605,1.400145
52988033.869917,-2.514599,1.447584
52996073.322788,-2.448771,1.763230
53004112.775658,-2.384364,1.793942
53012152.228529,-2.245489,1.802335
53020191.681399,-1.975596,1.873767
53028231.134270,-1.973325,1.773413
53036270.587141,-1.869592,2.251769
53044310.040011,-1.649111,2.190589
53052349.492882,-1.486802,2.277446
53060388.945752,-1.413526,2.305740
53068428.398623,-1.130648,2.338115
53076467.851493,-1.017501,2.532832
53084507.304364,-1.030514,2.487579
53092546.757235,-0.854109,2.456198
53100586.210105,-0.617887,2.502428
53108625.662976,-0.551083,2.624590
53116665.115846,-0.253808,2.942313
53124704.568717,-0.042145,2.587211
53132744.021587,0.032915,2.614456
53140783.474458,-0.055902,2.635946
53148822.927329,0.478965,2.553012
53156862.380199,0.564968,2.610081
53164901.833070,0.658951,2.599236
53172941.285940,0.754045,2.720714
53180980.738811,1.081066,2.507593
53189020.191681,1.158323,2.700825
53197059.644552,1.404110,2.450941
53205099.097423,1.479216,2.288466
53213138.550293,1.526866,2.191858
53221178.003164,1.694924,2.035927
53229217.456034,1.876282,1.851024
53237256.908905,1.883838,1.856589
53245296.361775,2.090510,1.599916
53253335.814646,2.144507,1.860823
53261375.267517,2.196562,1.549256
53269414.720387,2.597786,1.475744
53277454.173258,2.427991,1.258123
53285493.626128,2.657084,1.042163
53293533.078999,2.691935,1.231243
53301572.531869,2.822056,0.753297
53309611.984740,2.648986,0.944515
53317651.437610,2.667801,0.387566
53325690.890481,2.887339,0.397957
53333730.343352,2.807631,0.203043
53341769.796222,2.863789,0.041301
53349809.249093,2.988551,-0.309230
53357848.701963,2.839154,-0.024368
53365888.154834,2.831051,-0.529652
53373927.607704,2.860692,-0.596083
53381967.060575,2.675478,-0.547889
53390006.513446,2.577332,-0.763180
53398045.966316,2.606047,-1.094247
53406085.419187,2.539266,-1.308581
53414124.872057,2.616353,-1.281469
53422164.324928,2.514225,-1.370994
53430203.777798,2.236423,-1.412484
53438243.230669,2.268066,-1.877471
53446282.683540,2.057565,-1.701482
53454322.136410,1.952999,-1.955712
53462361.589281,1.914489,-2.000862
53470401.042151,1.763193,-2.322432
53478440.495022,1.489037,-2.468107
53486479.947892,1.568020,-2.262682
53494519.400763,1.443461,-2.531514
53502558.853634,1.037784,-2.276659
53510598.306504,1.042544,-2.488169
53518637.759375,0.669627,-2.492288
53526677.212245,0.575214,-2.595263
53534716.665116,0.458205,-2.614908
53542756.117986,0.461882,-2.723794
53550795.570857,0.183004,-2.862383
53558835.023728,0.065194,-2.580526
53566874.476598,-0.223664,-2.584683
53574913.929469,-0.270969,-2.733155
53582953.382339,-0.456070,-2.899923
53590992.835210,-0.655937,-2.805691
53599032.288080,-0.840074,-2.537432
53607071.740951,-0.966017,-2.552016
53615111.193822,-1.073141,-2.705156
53623150.646692,-1.308879,-2.650048
53631190.099563,-1.525405,-2.352759
53639229.552433,-1.616647,-2.295262
53647269.005304,-1.784048,-2.105115
53655308.458174,-1.877526,-2.266477
53663347.911045,-2.059798,-1.919048
53671387.363916,-2.213170,-1.771201
53679426.816786,-2.193532,-1.801064
53687466.269657,-2.294019,-1.612771
53695505.722527,-2.471434,-1.976207
53703545.175398,-2.650091,-1.495365
53711584.628268,-2.649148,-1.282462
53719624.081139,-2.690053,-1.241860
53727663.534009,-2.788511,-0.748595
53735702.986880,-2.852476,-0.935811
53743742.439751,-2.887427,-0.596835
53751781.892621,-2.818805,-0.523844
53759821.345492,-2.916105,-0.359477
53767860.798362,-2.894809,-0.429992
53775900.251233,-2.897156,-0.035303
53783939.704103,-2.795833,-0.151441
53791979.156974,-2.956113,0.352555
53800018.609845,-2.814073,0.494648
53808058.062715,-2.896379,0.619695
53816097.515586,-2.713002,0.644533
53824136.968456,-2.808421,0.886693
53832176.421327,-2.792906,0.994796
53840215.874197,-2.578767,1.333287
53848255.327068,-2.513359,1.407264
53856294.779939,-2.569010,1.440323
53864334.232809,-2.388666,1.737612
53872373.685680,-2.331244,1.587149
53880413.138550,-2.157106,1.680847
53888452.591421,-2.000427,1.905228
53896492.044291,-1.935106,1.836022
53904531.497162,-1.786652,2.137820
53912570.950033,-1.483108,2.216721
53920610.402903,-1.508830,2.296405
53928649.855774,-1.191749,2.538275
53936689.308644,-1.359663,2.479147
53944728.761515,-1.041088,2.532468
53952768.214385,-0.787995,2.583258
53960807.667256,-0.733330,2.684527
53968847.120127,-0.457256,2.701628
53976886.572997,-0.321619,2.556853
53984926.025868,-0.369152,2.565935
53992965.478738,0.056750,2.641029
54001004.931609,0.145108,2.460141
54009044.384479,0.278427,2.417838
54017083.837350,0.570906,2.510876
54025123.290221,0.542472,2.522874
54033162.743091,0.738127,2.639861
54041202.195962,0.902678,2.662417
54049241.648832,1.089799,2.686766
54057281.101703,1.368978,2.242949
54065320.554573,1.581640,2.516809
54073360.007444,1.553356,2.168429
54081399.460315,1.678820,2.112912
54089438.913185,1.673085,2.398389
54097478.366056,1.935780,1.988028
54105517.818926,2.246815,1.988284
54113557.271797,2.156166,1.916107
54121596.724667,2.260109,1.466524
54129636.177538,2.362581,1.648379
54137675.630408,2.368182,1.328344
54145715.083279,2.498251,1.357137
54153754.536150,2.553699,0.933707
54161793.989020,2.579434,1.012590
54169833.441891,2.782563,0.695008
54177872.894761,2.864408,0.733549
54185912.347632,2.778600,0.527528
54193951.800502,2.770478,0.417896
54201991.253373,2.922785,-0.047628
54210030.706244,2.889665,-0.163379
54218070.159114,2.982149,-0.080701
54226109.611985,2.848567,-0.037506
54234149.064855,2.860401,-0.430518
54242188.517726,2.719009,-0.384902
54250227.970596,2.666783,-0.768694
54258267.423467,2.514564,-0.886238
54266306.876338,2.708549,-0.861689
54274346.329208,2.479668,-1.176327
54282385.782079,2.567514,-1.280154
54290425.234949,2.500766,-1.368467
54298464.687820,2.289148,-1.605207
54306504.140690,2.229538,-1.396556
54314543.593561,2.156342,-2.048362
54322583.046432,1.937355,-2.091919
54330622.499302,1.960406,-2.117320
54338661.952173,1.562321,-1.999923
54346701.405043,1.608695,-2.280989
54354740.857914,1.405088,-2.218812
54362780.310784,1.383046,-2.669573
54370819.763655,1.054940,-2.257800
54378859.216526,0.959868,-2.451318
54386898.669396,0.821292,-2.721975
54394938.122267,0.763445,-2.757621
54402977.575137,0.330202,-2.753002
54411017.028008,0.136397,-2.509242
54419056.480878,0.072296,-2.594459
54427095.933749,-0.050283,-2.510530
54435135.386620,-0.317814,-2.754212
54443174.839490,-0.519363,-2.563718
54451214.292361,-0.681393,-2.435269
54459253.745231,-0.764318,-2.506956
54467293.198102,-0.862943,-2.691217
54475332.650972,-1.167218,-2.475454
54483372.103843,-1.153788,-2.640214
54491411.556713,-1.343115,-2.068003
54499451.009584,-1.636309,-2.383855
54507490.462455,-1.658616,-2.453428
54515529.915325,-1.745354,-2.289950
54523569.368196,-2.057794,-2.189860
54531608.821066,-1.984737,-1.897641
54539648.273937,-2.081486,-1.815627
54547687.726807,-2.334068,-1.749427
54555727.179678,-2.391429,-1.355831
54563766.632549,-2.377257,-1.540997
54571806.085419,-2.604095,-1.095669
54579845.538290,-2.491262,-1.277099
54587884.991160,-2.635378,-0.784321
54595924.444031,-2.612879,-0.829476
54603963.896901,-2.776419,-0.995656
54612003.349772,-2.930073,-0.543473
54620042.802643,-2.811606,-0.337351
54628082.255513,-3.032632,-0.234928
54636121.708384,-3.014237,-0.147963
54644161.161254,-2.974304,0.111634
54652200.614125,-2.840362,0.468894
54660240.066995,-2.825117,0.486789
54668279.519866,-2.917158,0.545035
54676318.972737,-3.010410,0.630784
54684358.425607,-2.855857,0.757519
54692397.878478,-2.819664,0.865983
54700437.331348,-2.877201,0.873034
54708476.784219,-2.689864,1.126600
54716516.237089,-2.642181,1.091134
54724555.689960,-2.332502,1.845901
54732595.142831,-2.229648,1.660276
54740634.595701,-2.276338,1.560548
54748674.048572,-2.079364,1.935526
54756713.501442,-1.924071,1.994446
54764752.954313,-1.800342,1.964582
54772792.407183,-1.811718,2.471487
54780831.860054,-1.496185,2.306292
54788871.312925,-1.437211,2.395546
54796910.765795,-1.158540,2.673850
54804950.218666,-1.072239,2.515382
54812989.671536,-1.037073,2.273024
54821029.124407,-1.010632,2.695303
54829068.577277,-0.840443,2.569207
54837108.030148,-0.408990,2.839933
54845147.483019,-0.424652,2.468611
54853186.935889,-0.109030,2.969634
54861226.388760,-0.023699,2.649958
54869265.841630,0.163212,2.610923
54877305.294501,0.364107,2.498929
54885344.747371,0.394220,2.679296
54893384.200242,0.757527,2.608313
54901423.653112,0.934585,2.655059
54909463.105983,1.360820,2.376550
54917502.558854,1.177253,2.463948
54925542.011724,1.347844,2.689330
54933581.464595,1.420960,2.113730
54941620.917465,1.520310,2.128973
54949660.370336,1.775026,2.328665
54957699.823206,1.933607,2.137837
54965739.276077,2.003554,1.909379
54973778.728948,2.152732,1.694471
54981818.181818,2.350561,1.820035
54989857.634689,2.301547,1.751996
54997897.087559,2.310303,1.646779
55005936.540430,2.496976,1.231774
55013975.993300,2.558038,1.143675
55022015.446171,2.639795,1.194507
55030054.899042,2.754260,0.884735
55038094.351912,2.685806,0.331382
55046133.804783,2.843020,0.663382
55054173.257653,2.829907,0.505055
55062212.710524,2.782346,0.140621
55070252.163394,2.842580,0.133940
55078291.616265,2.798720,-0.068559
55086331.069136,2.893102,-0.183984
55094370.522006,2.854240,-0.256593
55102409.974877,2.686950,-0.559196
55110449.427747,2.952262,-0.769630
55118488.880618,2.702273,-0.685882
55126528.333488,2.646620,-0.964222
55134567.786359,2.548835,-1.311732
55142607.239230,2.605819,-1.392950
55150646.692100,2.477289,-1.539633
55158686.144971,2.314112,-1.455407
55166725.597841,2.111186,-1.686553
55174765.050712,2.056778,-1.671096
55182804.503582,2.003642,-1.888791
55190843.956453,1.823496,-1.881199
55198883.409324,1.690680,-2.374941
55206922.862194,1.652419,-2.062317
55214962.315065,1.548252,-2.222144
55223001.767935,1.277699,-2.447621
55231041.220806,1.160588,-2.354585
55239080.673676,1.114551,-2.386792
55247120.126547,0.898070,-2.379964
55255159.579418,0.770163,-2.614688
55263199.032288,0.521678,-2.709925
55271238.485159,0.342111,-2.634369
55279277.938029,0.390616,-2.675243
55287317.390900,0.010617,-2.907938
55295356.843770,-0.044050,-2.811510
55303396.296641,-0.248960,-3.018570
55311435.749511,-0.515262,-2.569516
55319475.202382,-0.706902,-2.822003
55327514.655253,-0.783982,-2.540704
55335554.108123,-0.961507,-2.639838
55343593.560994,-1.116321,-2.560622
55351633.013864,-1.352922,-2.055285
55359672.466735,-1.551946,-2.072615
55367711.919605,-1.533742,-2.310732
55375751.372476,-1.832237,-2.269192
55383790.825347,-1.741109,-1.813965
55391830.278217,-1.862571,-1.793959
55399869.731088,-2.102724,-1.660519
55407909.183958,-2.160792,-1.794866
55415948.636829,-2.377678,-1.571579
55423988.089699,-2.404556,-1.417920
55432027.542570,-2.578925,-1.472422
55440066.995441,-2.689791,-1.425787
55448106.448311,-2.748034,-1.197207
55456145.901182,-2.741832,-0.870865
55464185.354052,-2.770313,-0.661330
55472224.806923,-2.773678,-0.588718
55480264.259793,-2.913855,-0.747047
55488303.712664,-2.839116,-0.429465
55496343.165535,-2.954832,-0.300999
55504382.618405,-2.953338,0.089579
55512422.071276,-2.967389,0.265757
55520461.524146,-2.940313,0.491810
55528500.977017,-3.025418,0.241594
55536540.429887,-2.851675,0.707969
55544579.882758,-2.859114,0.809054
55552619.335629,-2.678041,0.815222
55560658.788499,-2.686904,1.245956
55568698.241370,-2.514955,1.168936
55576737.694240,-2.589561,1.194156
55584777.147111,-2.647618,1.256414
55592816.599981,-2.231454,1.518537
55600856.052852,-2.187214,1.827789
55608895.505723,-2.114344,1.987800
55616934.958593,-2.040017,1.975721
55624974.411464,-1.955156,1.963563
55633013.864334,-1.818664,2.272545
55641053.317205,-1.708552,2.316829
55649092.770075,-1.391617,2.217367
55657132.222946,-1.313678,2.341353
55665171.675817,-1.130463,2.528928
55673211.128687,-1.041190,2.628214
55681250.581558,-0.886183,2.657282
55689290.034428,-0.670165,2.869509
55697329.487299,-0.571110,2.741066
55705368.940169,-0.269274,2.980530
55713408.393040,-0.314758,2.698575
55721447.845910,-0.088937,2.687820
55729487.298781,0.173476,2.903970
55737526.751652,0.369807,2.644454
55745566.204522,0.462838,2.692497
55753605.657393,0.598317,2.694460
55761645.110263,0.910450,2.738023
55769684.563134,0.926057,2.499601
55777724.016004,1.213020,2.633194
55785763.468875,1.168326,2.456376
55793802.921746,1.454546,2.492478
55801842.374616,1.557836,2.443540
55809881.827487,1.679389,2.214763
55817921.280357,1.884569,1.808310
55825960.733228,2.005297,1.950140
55834000.186098,2.063789,1.864395
55842039.638969,2.117893,1.580764
55850079.091840,2.449054,1.486097
55858118.544710,2.359178,1.340670
55866157.997581,2.486791,1.535426
55874197.450451,2.546498,1.390126
55882236.903322,2.733678,0.973897
55890276.356192,2.650797,0.979991
55898315.809063,2.667908,0.897352
55906355.261934,2.832789,0.704018
55914394.714804,2.686082,0.397971
55922434.167675,2.663294,0.539450
55930473.620545,2.909012,0.092702
55938513.073416,2.975441,0.347900
55946552.526286,2.711909,-0.230955
55954591.979157,2.856150,-0.108054
55962631.432028,2.785088,-0.597855
55970670.884898,2.792695,-0.664816
55978710.337769,2.711347,-0.826727
55986749.790639,2.591576,-0.976896
55994789.243510,2.612644,-0.982733
56002828.696380,2.727049,-1.503260
56010868.149251,2.362778,-1.164335
56018907.602122,2.322021,-1.455053
56026947.054992,2.249190,-1.863306
56034986.507863,2.294134,-1.743576
56043025.960733,2.034464,-1.836076
56051065.413604,1.843963,-1.649886
56059104.866474,1.883078,-2.029175
56067144.319345,1.729201,-2.302692
56075183.772216,1.378266,-2.311415
56083223.225086,1.312173,-2.031383
56091262.677957,1.206105,-2.500234
56099302.130827,1.121443,-2.467725
56107341.583698,0.892742,-2.745622
56115381.036568,0.690603,-2.720059
56123420.489439,0.697326,-2.888982
56131459.942309,0.317346,-2.744216
56139499.395180,0.288582,-2.569375
56147538.848051,0.061358,-2.549611
56155578.300921,0.013227,-2.875328
56163617.753792,-0.239253,-2.364666
56171657.206662,-0.340364,-2.822120
56179696.659533,-0.555316,-2.754588
56187736.112403,-0.923465,-2.652386
56195775.565274,-0.861802,-2.612114
56203815.018145,-0.976066,-2.446107
56211854.471015,-1.183516,-2.553801
56219893.923886,-1.359731,-2.365256
56227933.376756,-1.476175,-2.421241
56235972.829627,-1.509449,-2.386819
56244012.282497,-1.789219,-2.272772
56252051.735368,-1.971393,-1.924532
56260091.188239,-1.923285,-1.876442
56268130.641109,-2.226221,-1.901215
56276170.093980,-2.227455,-1.808280
56284209.546850,-2.446505,-1.468359
56292248.999721,-2.472998,-1.300064
56300288.452591,-2.675147,-1.285765
56308327.905462,-2.604152,-1.037461
56316367.358333,-2.631135,-1.171220
56324406.811203,-2.612394,-0.714238
56332446.264074,-2.879055,-0.699851
56340485.716944,-2.688322,-0.591397
56348525.169815,-3.024292,-0.212729
56356564.622685,-2.802194,-0.373836
56364604.075556,-2.915243,0.013844
56372643.528427,-2.922971,0.203182
56380682.981297,-2.885251,0.450387
56388722.434168,-2.965758,0.604386
56396761.887038,-2.869085,0.558708
56404801.339909,-2.964692,0.564755
56412840.792779,-2.878547,0.876391
56420880.245650,-2.834128,0.897902
56428919.698521,-2.730929,1.036531
56436959.151391,-2.601609,1.031546
56444998.604262,-2.627658,1.218020
56453038.057132,-2.512059,1.508242
56461077.510003,-2.266591,1.963253
56469116.962873,-2.135984,1.950347
56477156.415744,-2.048966,1.772068
56485195.868614,-2.071210,2.039740
56493235.321485,-1.932639,2.077527
56501274.774356,-1.723880,2.219437
56509314.227226,-1.432946,2.533661
56517353.680097,-1.437872,2.507156
56525393.132967,-1.298134,2.565900
56533432.585838,-1.102682,2.502462
56541472.038708,-0.941016,2.818537
56549511.491579,-0.814826,2.684222
56557550.944450,-0.572821,2.683807
56565590.397320,-0.346749,2.844102
56573629.850191,-0.416985,2.719136
56581669.303061,-0.164775,2.695584
56589708.755932,0.019232,2.540078
56597748.208802,0.154959,2.692277
56605787.661673,0.381798,2.614439
56613827.114544,0.534692,2.920637
56621866.567414,0.663989,2.733325
56629906.020285,0.895186,2.453257
56637945.473155,0.944334,2.509491
56645984.926026,1.077056,2.578418
56654024.378896,1.288995,2.476404
56662063.831767,1.428576,2.314299
56670103.284638,1.631188,2.432319
56678142.737508,1.715024,2.260593
56686182.190379,1.939283,2.035541
56694221.643249,1.937224,2.282485
56702261.096120,2.215302,1.778020
56710300.548990,2.328203,1.832383
56718340.001861,2.350196,1.255006
56726379.454732,2.446443,1.414286
56734418.907602,2.586363,1.282059
56742458.360473,2.635041,0.923193
56750497.813343,2.484919,0.826043
56758537.266214,2.724779,0.858397
56766576.719084,2.706883,0.635488
56774616.171955,2.804856,0.492030
56782655.624826,2.777259,0.340966
56790695.077696,2.973068,0.361761
56798734.530567,3.009194,-0.068128
56806773.983437,2.887968,-0.052821
56814813.436308,2.812655,-0.263572
56822852.889178,2.878317,-0.647021
56830892.342049,2.837062,-0.442432
56838931.794920,2.825905,-0.476226
56846971.247790,2.705480,-0.840560
56855010.700661,2.646392,-0.990030
56863050.153531,2.680035,-1.038834
56871089.606402,2.490075,-1.323225
56879129.059272,2.454607,-1.350897
56887168.512143,2.354280,-1.239187
56895207.965013,2.177968,-1.645037
56903247.417884,2.124424,-1.658719
56911286.870755,2.096513,-1.696482
56919326.323625,1.897935,-2.031609
56927365.776496,1.568748,-2.268271
56935405.229366,1.683869,-2.416748
56943444.682237,1.478879,-2.315106
56951484.135107,1.188931,-2.202946
56959523.587978,1.262749,-2.450126
56967563.040849,1.098657,-2.594825
56975602.493719,0.802612,-2.672434
56983641.946590,0.553953,-2.427872
56991681.399460,0.598522,-2.513714
56999720.852331,0.491258,-2.827374
57007760.305201,0.312361,-2.514080
57015799.758072,-0.019262,-2.705624
57023839.210943,-0.267113,-2.785393
57031878.663813,-0.286701,-2.502248
57039918.116684,-0.382006,-2.750745
57047957.569554,-0.645836,-2.575999
57055997.022425,-0.950495,-2.543962
57064036.475295,-0.971926,-2.498003
57072075.928166,-1.185523,-2.492364
57080115.381037,-1.345426,-2.483580
57088154.833907,-1.411700,-2.391850
57096194.286778,-1.443205,-1.871890
57104233.739648,-1.745785,-2.305755
57112273.192519,-1.995188,-2.094554
57120312.645389,-2.021121,-1.846243
57128352.098260,-2.024199,-2.026271
57136391.551131,-2.195283,-1.795256
57144431.004001,-2.272957,-1.692715
57152470.456872,-2.474836,-1.472584
57160509.909742,-2.601049,-1.476578
57168549.362613,-2.341939,-1.227951
57176588.815483,-2.671367,-1.073060
57184628.268354,-2.838141,-1.068336
57192667.721225,-2.789711,-1.005422
57200707.174095,-2.983353,-0.686797
57208746.626966,-2.847454,-0.243647
57216786.079836,-2.791665,-0.444842
57224825.532707,-2.965918,-0.132472
57232864.985577,-2.767478,0.167817
57240904.438448,-2.882433,0.209127
57248943.891319,-3.000248,-0.127451
57256983.344189,-2.843528,0.408970
57265022.797060,-2.904006,0.662510
57273062.249930,-3.092477,0.681995
57281101.702801,-2.973010,0.965898
57289141.155671,-2.670662,1.187254
57297180.608542,-2.695052,1.273003
57305220.061412,-2.575926,1.409946
57313259.514283,-2.466061,1.491989
57321298.967154,-2.187101,1.593634
57329338.420024,-2.185211,1.753735
57337377.872895,-2.211571,1.857218
57345417.325765,-2.118843,1.952764
57353456.778636,-1.871111,2.116275
57361496.231506,-1.898857,2.205747
57369535.684377,-1.706362,2.148367
57377575.137248,-1.504419,2.325861
57385614.590118,-1.308082,2.416376
57393654.042989,-1.223953,2.483132
57401693.495859,-1.145548,2.324523
57409732.948730,-0.839723,2.764026
57417772.401600,-0.661085,2.566866
57425811.854471,-0.527837,2.664556
57433851.307342,-0.511966,2.982595
57441890.760212,-0.175216,2.583874
57449930.213083,-0.003281,2.680042
57457969.665953,0.227394,2.719258
57466009.118824,0.240476,2.520532
57474048.571694,0.521980,2.737312
57482088.024565,0.572873,2.440947
57490127.477436,0.916629,2.602054
57498166.930306,0.831789,2.546767
57506206.383177,1.029043,2.493903
57514245.836047,1.300171,2.223415
57522285.288918,1.368217,2.405437
57530324.741788,1.536414,2.182781
57538364.194659,1.708852,2.323860
57546403.647530,1.763793,1.997822
57554443.100400,1.855066,2.185085
57562482.553271,2.200205,2.101544
57570522.006141,2.202656,1.877313
57578561.459012,2.162633,1.384956
57586600.911882,2.347834,1.508837
57594640.364753,2.400198,1.362615
57602679.817624,2.593090,1.224651
57610719.270494,2.473217,1.042368
57618758.723365,2.722810,0.815582
57626798.176235,2.773290,0.716763
57634837.629106,2.944466,0.411383
57642877.081976,2.791154,0.360377
57650916.534847,2.878871,0.277350
57658955.987718,2.802718,0.106578
57666995.440588,2.820690,-0.026149
57675034.893459,2.908997,-0.416430
57683074.346329,2.904626,-0.222173
57691113.799200,2.833458,-0.450174
57699153.252070,2.672336,-0.580935
57707192.704941,2.665966,-0.788736
57715232.157811,2.675202,-0.714307
57723271.610682,2.521415,-1.036505
57731311.063553,2.623953,-1.113917
57739350.516423,2.333591,-1.440479
57747389.969294,2.372892,-1.643546
57755429.422164,2.084484,-1.763857
57763468.875035,2.162948,-1.773505
57771508.327905,2.065806,-1.865692
57779547.780776,2.045364,-1.928191
57787587.233647,1.922196,-2.074708
57795626.686517,1.616113,-2.289278
57803666.139388,1.577895,-2.271946
57811705.592258,1.246162,-2.472635
57819745.045129,1.309233,-2.251059
57827784.497999,1.138298,-2.652595
57835823.950870,0.991804,-2.791151
57843863.403741,0.772334,-2.480424
57851902.856611,0.693330,-2.684807
57859942.309482,0.490123,-2.848019
57867981.762352,0.065353,-2.574229
57876021.215223,-0.005660,-2.586743
57884060.668093,-0.117469,-2.710283
57892100.120964,-0.344064,-2.538081
57900139.573835,-0.297363,-2.460378
57908179.026705,-0.583807,-2.700647
57916218.479576,-0.711244,-2.650572
57924257.932446,-0.937927,-2.434074
57932297.385317,-1.096870,-2.681348
57940336.838187,-1.385194,-2.481003
57948376.291058,-1.455783,-2.319803
57956415.743929,-1.414121,-2.090136
57964455.196799,-1.574404,-2.145128
57972494.649670,-1.933065,-2.189913
57980534.102540,-2.089435,-2.224588
57988573.555411,-1.965777,-1.867520
57996613.008281,-2.146927,-1.996236
58004652.461152,-2.447835,-1.600580
58012691.914023,-2.366479,-1.372217
58020731.366893,-2.452898,-1.338610
58028770.819764,-2.516606,-1.065044
58036810.272634,-2.753688,-1.114539
58044849.725505,-2.630334,-1.126479
58052889.178375,-2.697982,-1.215628
58060928.631246,-2.617019,-0.633188
58068968.084116,-2.908286,-0.658909
58077007.536987,-2.803654,-0.088609
58085046.989858,-2.952145,-0.236138
58093086.442728,-2.942018,-0.024363
58101125.895599,-2.868399,0.360966
58109165.348469,-3.067493,0.287819
58117204.801340,-2.893303,0.210025
58125244.254210,-2.929484,0.774689
58133283.707081,-3.077317,0.576836
58141323.159952,-2.736133,0.606374
58149362.612822,-2.728055,0.999440
58157402.065693,-2.628669,1.053304
58165441.518563,-2.806535,1.167834
58173480.971434,-2.248513,1.549491
58181520.424304,-2.387324,1.357047
58189559.877175,-2.163274,1.329740
58197599.330046,-2.207908,1.745420
58205638.782916,-2.097873,1.912729
58213678.235787,-2.011496,1.955575
58221717.688657,-1.866529,2.163695
58229757.141528,-1.557945,2.263303
58237796.594398,-1.522330,2.437579
58245836.047269,-1.365176,2.601898
58253875.500140,-1.262940,2.361795
58261914.953010,-1.247505,2.681628
58269954.405881,-0.892951,2.780418
58277993.858751,-0.846437,2.478917
58286033.311622,-0.471162,2.637706
58294072.764492,-0.371193,2.740628
58302112.217363,-0.241829,2.756140
58310151.670234,-0.098003,2.667343
58318191.123104,-0.007268,2.735733
58326230.575975,0.344075,2.693778
58334270.028845,0.470988,2.924016
58342309.481716,0.440535,2.943993
58350348.934586,0.542134,2.544750
58358388.387457,0.910292,2.504293
58366427.840328,1.059648,2.403294
58374467.293198,1.107847,2.078033
58382506.746069,1.338830,2.353600
58390546.198939,1.517442,2.240553
58398585.651810,1.625738,2.371552
58406625.104680,1.804900,2.147757
58414664.557551,1.761175,2.105450
58422704.010422,2.067535,1.948817
58430743.463292,2.291767,1.701639
58438782.916163,2.278854,1.810344
58446822.369033,2.558421,1.560647
58454861.821904,2.530811,1.087368
58462901.274774,2.405265,1.662199
58470940.727645,2.599231,1.489365
58478980.180515,2.667616,0.842886
58487019.633386,2.740601,1.103718
58495059.086257,2.706564,0.759926
58503098.539127,2.896040,0.456044
58511137.991998,2.800392,0.357055
58519177.444868,2.967958,0.127784
58527216.897739,2.874346,-0.084057
58535256.350609,2.735039,-0.110202
58543295.803480,2.811741,-0.238908
58551335.256351,2.666929,-0.415979
58559374.709221,2.794280,-0.547625
58567414.162092,2.791391,-0.635219
58575453.614962,2.747187,-1.030012
58583493.067833,2.566485,-0.926517
58591532.520703,2.686592,-1.151904
58599571.973574,2.560607,-1.229478
58607611.426445,2.263679,-1.631683
58615650.879315,2.363062,-1.572325
58623690.332186,2.202335,-1.925147
58631729.785056,2.081943,-1.705684
58639769.237927,1.943829,-1.833898
58647808.690797,1.698398,-1.981165
58655848.143668,1.822412,-2.321111
58663887.596539,1.534228,-2.138110
58671927.049409,1.314965,-2.432875
58679966.502280,1.310871,-2.476523
58688005.955150,1.243600,-2.360505
58696045.408021,1.049518,-2.303719
58704084.860891,0.892805,-2.571450
58712124.313762,0.657220,-2.814369
58720163.766633,0.460541,-2.529250
58728203.219503,0.319311,-2.774948
58736242.672374,0.252958,-3.148799
58744282.125244,-0.159037,-2.728917
58752321.578115,-0.282829,-2.831613
58760361.030985,-0.334015,-2.809920
58768400.483856,-0.515947,-2.489592
58776439.936727,-0.579362,-2.816416
58784479.389597,-1.017842,-2.461729
58792518.842468,-0.918030,-2.631600
58800558.295338,-1.126210,-2.690188
58808597.748209,-1.163849,-2.587115
58816637.201079,-1.504289,-2.427992
58824676.653950,-1.608649,-2.022462
58832716.106821,-1.701529,-2.244683
58840755.559691,-1.888929,-1.898821
58848795.012562,-2.020563,-2.063687
58856834.465432,-2.071730,-1.920166
58864873.918303,-2.223882,-1.727940
58872913.371173,-2.424846,-1.523121
58880952.824044,-2.438194,-1.394971
58888992.276914,-2.651421,-1.559560
58897031.729785,-2.688720,-1.079022
58905071.182656,-2.812741,-0.775275
58913110.635526,-2.743353,-0.693193
58921150.088397,-2.792033,-0.916605
58929189.541267,-2.885523,-0.775633
58937228.994138,-2.869079,-0.710955
58945268.447008,-2.889378,-0.359418
58953307.899879,-2.831856,-0.277626
58961347.352750,-2.899443,0.161540
58969386.805620,-2.877861,-0.057049
58977426.258491,-2.873808,0.314231
58985465.711361,-2.841355,0.723365
58993505.164232,-2.831622,0.579738
59001544.617102,-2.827887,0.809470
59009584.069973,-2.780088,0.734792
59017623.522844,-2.756596,1.179176
59025662.975714,-2.530816,0.836071
59033702.428585,-2.485972,1.346740
59041741.881455,-2.399191,1.299435
59049781.334326,-2.359454,1.363173
59057820.787196,-2.206796,1.862725
59065860.240067,-2.185997,1.769676
59073899.692938,-2.085258,1.937066
59081939.145808,-1.865197,2.061863
59089978.598679,-1.743067,2.245456
59098018.051549,-1.666555,2.438013
59106057.504420,-1.539121,2.259969
59114096.957290,-1.356487,2.289549
59122136.410161,-1.221320,2.564560
59130175.863032,-1.103632,2.521895
59138215.315902,-0.866237,2.596587
59146254.768773,-0.783357,2.702436
59154294.221643,-0.550372,2.526974
59162333.674514,-0.337493,2.996023
59170373.127384,-0.215545,2.752561
59178412.580255,-0.134412,2.779772
59186452.033126,0.217123,2.649852
59194491.485996,0.265545,2.633755
59202530.938867,0.442361,2.699375
59210570.391737,0.550240,2.480654
59218609.844608,0.879611,2.746433
59226649.297478,0.845145,2.382086
59234688.750349,1.069421,2.582188
59242728.203220,1.311468,2.466018
59250767.656090,1.414330,2.522991
59258807.108961,1.739299,2.103198
59266846.561831,1.629619,2.051065
59274886.014702,1.812801,2.057529
59282925.467572,1.953874,1.858975
59290964.920443,2.002935,1.923317
59299004.373313,2.331653,1.684057
59307043.826184,2.271901,1.426757
59315083.279055,2.272144,1.471187
59323122.731925,2.465671,1.028535
59331162.184796,2.474638,1.185792
59339201.637666,2.791155,0.934287
59347241.090537,2.735697,1.151046
59355280.543407,2.876710,0.683192
59363319.996278,2.725398,0.505119
59371359.449149,2.881388,0.589796
59379398.902019,2.887417,0.375053
59387438.354890,2.592097,0.196713
59395477.807760,2.747174,-0.067384
59403517.260631,2.842864,-0.136641
59411556.713501,2.766897,-0.477216
59419596.166372,2.610869,-0.581688
59427635.619243,2.695249,-0.800545
59435675.072113,2.795133,-1.002713
59443714.524984,2.751080,-0.589025
59451753.977854,2.638852,-1.153447
59459793.430725,2.491740,-1.111356
59467832.883595,2.444586,-1.460788
59475872.336466,2.400594,-1.119268
59483911.789337,2.201998,-1.594441
59491951.242207,2.130136,-1.963522
59499990.695078,2.019445,-1.786228
59508030.147948,1.801890,-1.745001
59516069.600819,1.758446,-2.124102
59524109.053689,1.469530,-2.137683
59532148.506560,1.394800,-2.215322
59540187.959431,1.486779,-2.344841
59548227.412301,1.314897,-2.647485
59556266.865172,0.943842,-2.232881
59564306.318042,0.913147,-2.611311
59572345.770913,0.737177,-2.540757
59580385.223783,0.679634,-2.390132
59588424.676654,0.380384,-2.688548
59596464.129525,0.158698,-2.737232
59604503.582395,0.107642,-2.933573
59612543.035266,-0.102229,-2.960498
59620582.488136,-0.315660,-2.718895
59628621.941007,-0.422566,-2.728897
59636661.393877,-0.526287,-2.544797
59644700.846748,-0.750459,-2.480167
59652740.299618,-1.066832,-2.570171
59660779.752489,-1.124244,-2.483596
59668819.205360,-1.210830,-2.583464
59676858.658230,-1.489502,-2.317131
59684898.111101,-1.568908,-2.364232
59692937.563971,-1.789604,-2.274110
59700977.016842,-1.858778,-2.067490
59709016.469712,-2.045601,-2.027292
59717055.922583,-1.948775,-1.929082
59725095.375454,-2.079826,-1.640609
59733134.828324,-2.262384,-1.572118
59741174.281195,-2.378281,-1.584943
59749213.734065,-2.418663,-1.614669
59757253.186936,-2.670820,-1.323174
59765292.639806,-2.678860,-1.087403
59773332.092677,-2.719896,-0.866213
59781371.545548,-2.772596,-0.912308
59789410.998418,-2.767625,-0.787530
59797450.451289,-2.923665,-0.458567
59805489.904159,-2.908841,-0.337785
59813529.357030,-2.889734,-0.041378
59821568.809900,-2.729640,-0.346804
59829608.262771,-2.825290,0.160813
59837647.715642,-2.981132,-0.082212
59845687.168512,-2.868189,0.299269
59853726.621383,-2.929045,0.647199
59861766.074253,-2.823553,0.741646
59869805.527124,-2.705578,0.763743
59877844.979994,-2.735211,0.929720
59885884.432865,-2.725646,1.092790
59893923.885736,-2.679142,1.261040
59901963.338606,-2.535538,1.415747
59910002.791477,-2.549374,1.713349
59918042.244347,-2.257069,1.576843
59926081.697218,-2.278134,1.982824
59934121.150088,-2.210248,1.807251
59942160.602959,-1.972479,2.099441
59950200.055830,-1.785366,2.139255
59958239.508700,-1.629932,2.127305
59966278.961571,-1.522075,2.191331
59974318.414441,-1.351164,2.454657
59982357.867312,-1.187591,2.341518
59990397.320182,-1.173812,2.469787
59998436.773053,-1.053576,2.551412
60006476.225924,-0.855750,2.415262
60014515.678794,-0.660367,2.730421
60022555.131665,-0.415791,2.661674
60030594.584535,-0.219800,2.971210
60038634.037406,-0.109996,2.589756
60046673.490276,0.003281,2.958279
60054712.943147,0.331856,2.758388
60062752.396017,0.407388,2.607215
60070791.848888,0.598627,2.588435
60078831.301759,0.924286,2.585796
60086870.754629,0.724727,2.622439
60094910.207500,1.059048,2.787318
60102949.660370,1.317880,2.403310
60110989.113241,1.277807,2.537667
60119028.566111,1.635590,2.212067
60127068.018982,1.595074,1.919939
60135107.471853,1.825500,2.156954
60143146.924723,1.957769,1.795570
60151186.377594,1.998302,1.816568
60159225.830464,2.103739,1.812088
60167265.283335,2.291939,1.559496
60175304.736205,2.379542,1.701055
60183344.189076,2.434017,1.463011
60191383.641947,2.540272,1.359618
60199423.094817,2.623888,1.314757
60207462.547688,2.570343,1.142460
60215502.000558,2.754416,0.926130
60223541.453429,2.898913,0.374027
60231580.906299,2.975367,0.622049
60239620.359170,2.885634,0.385306
60247659.812041,3.015684,0.262795
60255699.264911,2.944059,-0.137644
60263738.717782,2.849178,-0.315517
60271778.170652,2.944514,-0.307830
60279817.623523,2.852074,-0.612788
60287857.076393,2.725728,-0.684641
60295896.529264,2.785519,-0.566672
60303935.982135,2.691378,-0.769051
60311975.435005,2.631521,-1.056303
60320014.887876,2.431435,-1.256991
60328054.340746,2.511434,-1.347287
60336093.793617,2.303574,-1.477446
60344133.246487,2.342690,-1.448099
60352172.699358,2.143966,-1.618470
60360212.152229,2.184512,-2.210476
60368251.605099,1.955732,-1.805979
60376291.057970,1.773960,-1.919312
60384330.510840,1.734420,-2.162040
60392369.963711,1.480506,-2.244266
60400409.416581,1.358427,-2.570025
60408448.869452,1.266350,-2.076885
60416488.322323,1.179679,-2.580610
60424527.775193,0.949220,-2.535990
60432567.228064,0.910494,-2.680757
60440606.680934,0.655860,-2.691854
60448646.133805,0.362107,-2.646035
60456685.586675,0.249235,-2.635332
60464725.039546,0.051719,-2.859366
60472764.492416,0.078271,-2.425245
60480803.945287,-0.102893,-2.517583
60488843.398158,-0.443812,-2.823121
60496882.851028,-0.605982,-2.773408
60504922.303899,-0.685316,-2.649632
60512961.756769,-0.768131,-2.709782
60521001.209640,-0.996687,-2.468403
60529040.662510,-1.390295,-2.357975
60537080.115381,-1.260610,-2.362735
60545119.568252,-1.371273,-2.390705
60553159.021122,-1.594680,-2.278142
60561198.473993,-1.776434,-2.105932
60569237.926863,-1.801210,-2.154787
60577277.379734,-2.042418,-1.859232
60585316.832604,-2.211383,-2.102183
60593356.285475,-2.214716,-1.625034
60601395.738346,-2.261824,-1.543249
60609435.191216,-2.415340,-1.268762
60617474.644087,-2.475969,-1.637654
60625514.096957,-2.547167,-1.100630
60633553.549828,-2.844015,-1.131479
60641593.002698,-2.723562,-1.071185
60649632.455569,-2.763070,-0.746244
60657671.908440,-3.122959,-0.410635
60665711.361310,-2.816179,-0.626941
60673750.814181,-2.908187,-0.171117
60681790.267051,-3.079828,-0.094106
60689829.719922,-3.104583,0.125688
60697869.172792,-3.123014,0.099383
60705908.625663,-2.928399,0.480501
60713948.078534,-2.909815,0.646279
60721987.531404,-2.839722,0.807327
60730026.984275,-3.038020,0.693145
60738066.437145,-2.768693,1.016376
60746105.890016,-2.691077,0.998762
60754145.342886,-2.605403,1.310802
60762184.795757,-2.487599,1.248332
60770224.248628,-2.460941,1.421511
60778263.701498,-2.339152,1.621815
60786303.154369,-2.253734,1.643361
60794342.607239,-2.198182,1.919622
60802382.060110,-2.049235,2.010471
60810421.512980,-1.981379,1.945242
60818460.965851,-1.754579,2.240675
60826500.418722,-1.616308,2.650479
60834539.871592,-1.458632,2.220864
60842579.324463,-1.276889,2.458132
60850618.777333,-1.052292,2.592744
60858658.230204,-0.898332,2.475873
60866697.683074,-0.858936,2.607029
60874737.135945,-0.898815,2.331629
60882776.588815,-0.500769,2.523350
60890816.041686,-0.387764,2.916355
60898855.494557,-0.109938,2.911868
60906894.947427,0.034840,2.824861
60914934.400298,0.133133,2.436867
60922973.853168,0.290713,2.871112
60931013.306039,0.410338,2.589157
60939052.758909,0.704262,2.468736
60947092.211780,0.843111,2.673334
60955131.664651,0.904744,2.247101
60963171.117521,1.207364,2.450717
60971210.570392,1.342876,2.549032
60979250.023262,1.561889,2.591214
60987289.476133,1.679501,1.992900
60995328.929003,1.662229,2.427239
61003368.381874,1.859708,2.298735
61011407.834745,1.824381,2.194187
61019447.287615,2.096263,1.750572
61027486.740486,2.162128,1.778827
61035526.193356,2.402252,1.446229
61043565.646227,2.330932,1.650591
61051605.099097,2.450166,1.417822
61059644.551968,2.774639,1.181848
61067684.004839,2.592706,1.197692
61075723.457709,2.631235,0.712162
61083762.910580,2.659235,0.835288
61091802.363450,2.563135,0.667322
61099841.816321,2.781494,0.526092
61107881.269191,2.978251,0.359830
61115920.722062,2.875440,-0.108275
61123960.174933,2.899977,0.003940
61131999.627803,2.729647,0.021094
61140039.080674,2.674401,-0.508910
61148078.533544,2.792258,-0.698656
61156117.986415,2.796459,-0.714555
61164157.439285,2.679306,-0.628890
61172196.892156,2.730719,-0.989970
61180236.345027,2.733832,-1.150606
61188275.797897,2.416070,-1.364142
61196315.250768,2.460455,-1.197920
61204354.703638,2.240757,-1.587080
61212394.156509,2.218416,-1.821871
61220433.609379,2.081196,-1.885121
61228473.062250,2.008984,-1.912064
61236512.515120,1.862180,-1.881209
61244551.967991,1.652416,-2.205994
61252591.420862,1.719122,-2.289153
61260630.873732,1.579542,-2.397541
61268670.326603,1.249582,-2.415431
61276709.779473,1.184818,-2.379131
61284749.232344,0.932951,-2.374680
61292788.685214,0.938264,-2.467981
61300828.138085,0.735708,-2.503287
61308867.590956,0.444318,-2.606661
61316907.043826,0.437243,-2.882518
61324946.496697,0.214953,-2.701459
61332985.949567,0.198120,-2.737198
61341025.402438,-0.139101,-3.065114
61349064.855308,-0.268409,-2.761923
61357104.308179,-0.363437,-2.441220
61365143.761050,-0.622660,-2.803567
61373183.213920,-0.799889,-2.792949
61381222.666791,-0.814033,-2.649833
61389262.119661,-1.166413,-2.624520
61397301.572532,-1.313821,-2.516551
61405341.025402,-1.300702,-2.393822
61413380.478273,-1.595171,-2.093490
61421419.931144,-1.742921,-1.953278
61429459.384014,-1.724378,-1.873918
61437498.836885,-1.688196,-1.942815
61445538.289755,-2.173273,-2.136192
61453577.742626,-2.174668,-1.852205
61461617.195496,-2.531738,-1.613856
61469656.648367,-2.305760,-1.219547
61477696.101238,-2.462514,-1.470887
61485735.554108,-2.578153,-1.421553
61493775.006979,-2.652818,-1.150947
61501814.459849,-2.750611,-1.140753
61509853.912720,-2.789918,-0.832111
61517893.365590,-2.895367,-0.893630
61525932.818461,-2.742168,-0.245001
61533972.271332,-2.889405,-0.203722
61542011.724202,-2.856323,-0.274081
61550051.177073,-3.048104,-0.108125
61558090.629943,-2.894599,0.034887
61566130.082814,-2.778857,0.389962
61574169.535684,-2.800675,0.435452
61582208.988555,-3.030482,0.707443
61590248.441426,-2.794837,0.476323
61598287.894296,-2.811001,0.901321
61606327.347167,-2.757775,1.094861
61614366.800037,-2.655705,0.947389
61622406.252908,-2.458085,1.135440
61630445.705778,-2.366692,1.344275
61638485.158649,-2.399206,1.694335
61646524.611519,-2.191035,1.712804
61654564.064390,-2.149872,1.792423
61662603.517261,-2.025164,1.741299
61670642.970131,-2.084907,1.999218
61678682.423002,-1.917719,2.230108
61686721.875872,-1.908898,2.274326
61694761.328743,-1.660437,2.290360
61702800.781613,-1.435012,2.536160
61710840.234484,-1.226491,2.775434
61718879.687355,-0.973249,2.637035
61726919.140225,-0.978722,2.634863
61734958.593096,-0.787186,2.300173
61742998.045966,-0.532952,2.400776
61751037.498837,-0.528860,2.676100
61759076.951707,-0.266927,2.569478
61767116.404578,-0.099120,2.695704
61775155.857449,0.003206,2.853651
61783195.310319,0.227732,2.380723
61791234.763190,0.562538,2.643889
61799274.216060,0.541494,2.759168
61807313.668931,0.631814,2.526279
61815353.121801,0.942263,2.688528
61823392.574672,1.005734,2.530369
61831432.027543,1.058518,2.439299
61839471.480413,1.360526,2.243526
61847510.933284,1.451018,2.140541
61855550.386154,1.642496,2.087199
61863589.839025,1.708051,2.201897
61871629.291895,1.866268,1.737624
61879668.744766,2.019643,1.815043
61887708.197637,2.202330,1.644777
61895747.650507,2.181508,1.889789
61903787.103378,2.280194,1.575273
61911826.556248,2.585631,1.218443
61919866.009119,2.517818,1.032063
61927905.461989,2.502634,1.191045
61935944.914860,2.617031,1.083591
61943984.367731,2.749104,0.978124
61952023.820601,2.781320,0.512441
61960063.273472,2.773469,0.692379
61968102.726342,2.761697,0.293007
61976142.179213,2.777083,0.275608
61984181.632083,2.856292,0.123137
61992221.084954,2.914533,-0.164383
62000260.537825,2.764473,-0.381803
62008299.990695,2.823077,-0.540641
62016339.443566,2.714021,-0.507613
62024378.896436,2.829083,-0.634993
62032418.349307,2.654851,-0.964849
62040457.802177,2.730095,-0.928869
62048497.255048,2.594030,-1.541618
62056536.707918,2.546838,-1.282288
62064576.160789,2.479506,-1.424541
62072615.613660,2.382623,-1.539341
62080655.066530,2.312633,-1.693626
62088694.519401,1.994158,-1.722252
62096733.972271,2.062811,-1.982593
62104773.425142,1.907656,-1.959807
62112812.878012,1.556038,-2.112631
62120852.330883,1.587371,-2.291696
62128891.783754,1.402511,-2.321964
62136931.236624,1.279256,-2.537015
62144970.689495,1.116219,-2.378317
62153010.142365,0.906899,-2.618687
62161049.595236,0.855734,-2.595892
62169089.048106,0.641933,-2.519548
62177128.500977,0.608801,-2.554211
62185167.953848,0.264439,-2.640946
62193207.406718,0.087553,-3.016152
62201246.859589,-0.022677,-2.584865
62209286.312459,-0.087964,-2.692138
62217325.765330,-0.375130,-2.857489
62225365.218200,-0.537428,-2.664443
62233404.671071,-0.759879,-2.777073
62241444.123942,-0.901586,-2.645122
62249483.576812,-1.183017,-2.552222
62257523.029683,-1.172216,-2.674391
62265562.482553,-1.349598,-2.385447
62273601.935424,-1.530284,-2.394610
62281641.388294,-1.572903,-2.266126
62289680.841165,-1.711095,-2.547422
62297720.294036,-1.938963,-2.078127
62305759.746906,-2.074328,-2.022643
62313799.199777,-2.094674,-1.807750
62321838.652647,-2.178800,-2.147551
62329878.105518,-2.458026,-1.590097
62337917.558388,-2.540225,-1.265093
62345957.011259,-2.612328,-1.577901
62353996.464130,-2.543209,-1.118208
62362035.917000,-2.739688,-1.155246
62370075.369871,-2.799467,-0.800563
62378114.822741,-2.783513,-0.659326
62386154.275612,-2.979665,-0.330644
62394193.728482,-2.827245,-0.544936
62402233.181353,-2.901283,-0.356016
62410272.634224,-3.010769,-0.167978
62418312.087094,-3.067080,-0.037270
62426351.539965,-3.125111,0.264696
62434390.992835,-2.893375,0.153777
62442430.445706,-2.795457,0.210521
62450469.898576,-2.884852,0.573448
62458509.351447,-2.802118,0.925756
62466548.804317,-2.702941,1.166795
62474588.257188,-2.726743,1.119838
62482627.710059,-2.728531,1.391475
62490667.162929,-2.680157,1.568709
62498706.615800,-2.483687,1.471310
62506746.068670,-2.258626,1.638203
62514785.521541,-2.366594,1.539615
62522824.974411,-2.055680,2.228910
62530864.427282,-1.931771,1.957991
62538903.880153,-1.922353,2.108758
62546943.333023,-1.822396,2.166559
62554982.785894,-1.496376,2.494618
62563022.238764,-1.404329,2.495870
62571061.691635,-1.375257,2.495957
62579101.144505,-1.250336,2.291217
62587140.597376,-1.056783,2.334402
62595180.050247,-0.896287,2.672852
62603219.503117,-0.552966,2.711939
62611258.955988,-0.414957,2.726346
62619298.408858,-0.306757,2.553683
62627337.861729,-0.265570,2.839180
62635377.314599,-0.003682,2.615086
62643416.767470,0.137470,2.516098
62651456.220341,0.353833,2.499096
62659495.673211,0.436675,2.712944
62667535.126082,0.589947,2.840095
62675574.578952,0.979696,2.506686
62683614.031823,0.944593,2.475252
62691653.484693,1.102772,2.637139
62699692.937564,1.337259,2.371813
62707732.390435,1.341953,2.407089
62715771.843305,1.571946,2.398223
62723811.296176,1.703730,2.291364
62731850.749046,1.789536,2.285991
62739890.201917,2.145886,2.003650
62747929.654787,2.034225,1.754785
62755969.107658,2.072304,1.684956
62764008.560529,2.249521,1.615781
62772048.013399,2.334780,1.613560
62780087.466270,2.680388,1.322253
62788126.919140,2.481781,0.902748
62796166.372011,2.528098,1.141576
62804205.824881,2.561574,0.973445
62812245.277752,2.721975,0.652900
62820284.730623,2.879347,0.730164
62828324.183493,2.749313,0.237086
62836363.636364,2.788551,0.130659
62844403.089234,2.783213,0.152704
62852442.542105,2.757888,-0.051365
62860481.994975,2.838068,-0.336647
62868521.447846,2.751520,-0.329115
62876560.900716,2.847327,-0.264683
62884600.353587,2.708746,-0.593531
62892639.806458,2.741267,-0.793369
62900679.259328,2.535349,-1.047685
62908718.712199,2.512522,-1.084873
62916758.165069,2.443566,-1.191346
62924797.617940,2.393202,-1.316993
62932837.070810,2.320209,-1.558938
62940876.523681,2.468399,-1.865534
62948915.976552,2.134022,-2.042122
62956955.429422,2.149374,-1.940161
62964994.882293,1.805303,-2.029017
62973034.335163,1.757596,-2.016041
62981073.788034,1.792245,-2.136928
62989113.240904,1.349519,-2.269661
62997152.693775,1.284692,-2.305410
63005192.146646,1.182679,-2.221987
63013231.599516,1.068945,-2.355302
63021271.052387,0.937231,-2.621662
63029310.505257,0.587954,-2.979395
63037349.958128,0.480387,-2.510870
63045389.410998,0.330667,-2.691243
63053428.863869,0.148438,-2.626331
63061468.316740,-0.041259,-2.541277
63069507.769610,-0.270649,-2.819194
63077547.222481,-0.263450,-2.637900
63085586.675351,-0.342196,-2.858955
63093626.128222,-0.678145,-2.417948
63101665.581092,-0.760273,-2.568834
63109705.033963,-0.922130,-2.590887
63117744.486834,-1.067812,-2.487948
63125783.939704,-1.261541,-2.350187
63133823.392575,-1.420443,-2.601588
63141862.845445,-1.595692,-2.508829
63149902.298316,-1.652886,-2.257330
63157941.751186,-1.778398,-2.021255
63165981.204057,-1.921329,-2.188395
63174020.656928,-2.073086,-1.716214
63182060.109798,-2.293359,-1.871221
63190099.562669,-2.209703,-1.607817
63198139.015539,-2.416887,-1.592741
63206178.468410,-2.443615,-1.470233
63214217.921280,-2.619917,-1.545166
63222257.374151,-2.820241,-1.412500
63230296.827021,-2.671697,-1.038613
63238336.279892,-2.947034,-0.900333
63246375.732763,-2.905978,-0.711011
63254415.185633,-2.975584,-0.525161
63262454.638504,-2.917061,-0.618159
63270494.091374,-2.917729,-0.368376
63278533.544245,-2.978945,-0.100102
63286572.997115,-2.870293,0.213871
63294612.449986,-2.940582,0.315261
63302651.902857,-2.848385,0.509318
63310691.355727,-2.925885,0.517152
63318730.808598,-2.796674,1.092942
63326770.261468,-2.850697,0.660889
63334809.714339,-2.806229,1.180713
63342849.167209,-2.757368,1.059361
63350888.620080,-2.536782,1.651407
63358928.072951,-2.593810,1.304684
63366967.525821,-2.445937,1.807245
63375006.978692,-2.494199,1.951366
63383046.431562,-2.236418,1.934334
63391085.884433,-2.134439,1.901121
63399125.337303,-1.915621,2.101480
63407164.790174,-1.602437,2.255252
63415204.243045,-1.693088,2.227150
63423243.695915,-1.532127,2.025522
63431283.148786,-1.509436,2.468125
63439322.601656,-1.310358,2.464568
63447362.054527,-1.210251,2.492816
63455401.507397,-0.951812,2.487518
63463440.960268,-0.886792,2.314093
63471480.413139,-0.698039,2.593910
63479519.866009,-0.513146,2.778405
63487559.318880,-0.226665,2.886551
63495598.771750,-0.169072,3.033937
63503638.224621,0.070203,2.832147
63511677.677491,0.144242,2.878633
63519717.130362,0.369634,2.702658
63527756.583233,0.563588,2.577983
63535796.036103,0.784451,2.669346
63543835.488974,0.849689,2.483526
63551874.941844,1.234622,2.447821
63559914.394715,1.259670,2.465163
63567953.847585,1.238379,2.403538
63575993.300456,1.601246,2.296128
63584032.753327,1.565919,2.325211
63592072.206197,1.725690,1.903727
63600111.659068,2.103718,2.065709
63608151.111938,2.045382,2.068052
63616190.564809,2.057408,1.823120
63624230.017679,2.251042,1.574869
63632269.470550,2.281080,1.625842
63640308.923420,2.449619,1.424093
63648348.376291,2.579849,1.285585
63656387.829162,2.734111,0.971898
63664427.282032,2.700684,1.007782
63672466.734903,2.657129,0.661209
63680506.187773,2.817424,0.869309
63688545.640644,2.649802,0.665147
63696585.093514,2.863791,0.420001
63704624.546385,2.891372,0.594037
63712663.999256,2.789329,-0.031147
63720703.452126,2.712899,-0.340143
63728742.904997,2.898674,-0.226760
63736782.357867,2.958858,-0.605688
63744821.810738,2.735234,-0.429948
63752861.263608,2.810495,-0.682518
63760900.716479,2.798205,-0.592132
63768940.169350,2.730583,-1.219160
63776979.622220,2.583609,-1.006746
63785019.075091,2.516258,-1.425910
63793058.527961,2.462015,-1.646800
63801097.980832,2.061882,-1.518118
63809137.433702,2.082773,-1.745721
63817176.886573,2.091827,-1.740559
63825216.339444,1.957635,-1.778219
63833255.792314,1.757466,-1.933637
63841295.245185,1.764059,-2.050475
63849334.698055,1.583957,-2.351615
63857374.150926,1.465482,-2.339638
63865413.603796,1.283415,-2.400759
63873453.056667,1.084533,-2.391642
63881492.509538,0.976432,-2.414827
63889531.962408,0.724413,-2.481286
63897571.415279,0.618477,-2.753238
63905610.868149,0.314331,-2.637227
63913650.321020,0.295763,-2.594657
63921689.773890,0.073586,-2.878885
63929729.226761,-0.096846,-2.679806
63937768.679632,0.082311,-2.487622
63945808.132502,-0.364959,-2.769213
63953847.585373,-0.674661,-2.589533
63961887.038243,-0.565791,-2.587966
63969926.491114,-0.830223,-2.515283
63977965.943984,-1.009209,-2.630921
63986005.396855,-1.286133,-2.445337
63994044.849726,-1.292244,-2.473525
64002084.302596,-1.628869,-2.589168
64010123.755467,-1.613258,-2.437111
64018163.208337,-1.770022,-2.104053
64026202.661208,-1.977821,-1.910644
64034242.114078,-2.011931,-1.689058
64042281.566949,-2.179032,-1.740783
64050321.019819,-2.088959,-1.703429
64058360.472690,-2.442372,-1.301618
64066399.925561,-2.445078,-1.290596
64074439.378431,-2.661363,-1.422538
64082478.831302,-2.684472,-1.494225
64090518.284172,-2.762363,-1.079503
64098557.737043,-2.917149,-0.882650
64106597.189913,-2.699211,-0.677426
64114636.642784,-2.778901,-0.544161
64122676.095655,-2.959515,-0.264195
64130715.548525,-3.037259,-0.063713
64138755.001396,-3.004410,-0.308173
64146794.454266,-3.049676,0.178861
64154833.907137,-2.860876,-0.067613
64162873.360007,-2.867618,0.466743
64170912.812878,-2.825826,0.544122
64178952.265749,-2.904271,0.589915
64186991.718619,-2.834718,0.782284
64195031.171490,-2.718449,0.921222
64203070.624360,-2.535718,1.183803
64211110.077231,-2.535116,1.369672
64219149.530101,-2.524154,1.597645
64227188.982972,-2.467317,1.379147
64235228.435843,-2.416330,1.557676
64243267.888713,-2.400064,1.735732
64251307.341584,-2.257461,1.945470
64259346.794454,-2.058034,1.980545
64267386.247325,-1.850221,2.070947
64275425.700195,-1.762643,2.061002
64283465.153066,-1.727722,2.253041
64291504.605937,-1.452939,2.387513
64299544.058807,-1.216246,2.777568
64307583.511678,-1.171759,2.537286
64315622.964548,-0.931121,2.398722
64323662.417419,-0.853472,2.409328
64331701.870289,-0.855853,2.638927
64339741.323160,-0.402843,2.617678
64347780.776031,-0.432658,2.552900
64355820.228901,-0.065329,2.440337
64363859.681772,-0.060569,2.843999
64371899.134642,0.045001,2.504755
64379938.587513,0.271076,2.633584
64387978.040383,0.622876,2.583901
64396017.493254,0.770955,2.554510
64404056.946125,0.539441,2.535920
64412096.398995,0.898043,2.476741
64420135.851866,1.072659,2.511406
64428175.304736,1.351968,2.446524
64436214.757607,1.468325,2.299416
64444254.210477,1.620615,2.390990
64452293.663348,1.758753,2.091292
64460333.116218,1.884741,2.230841
64468372.569089,2.040126,1.929859
64476412.021960,2.097246,1.823198
64484451.474830,2.234517,1.882122
64492490.927701,2.267240,1.920133
64500530.380571,2.341890,1.568194
64508569.833442,2.376751,1.476814
64516609.286312,2.503299,1.325685
64524648.739183,2.637273,0.897501
64532688.192054,2.680961,1.107973
64540727.644924,2.712712,0.644577
64548767.097795,2.748148,0.650809
64556806.550665,2.769055,0.313518
64564846.003536,2.674873,0.430555
64572885.456406,2.842898,-0.117955
64580924.909277,2.958021,0.229805
64588964.362148,2.898938,-0.104399
64597003.815018,2.722645,-0.387999
64605043.267889,2.830128,-0.630974
64613082.720759,2.681871,-0.238937
64621122.173630,2.745998,-1.059094
64629161.626500,2.647230,-0.918214
64637201.079371,2.666111,-1.245309
64645240.532242,2.617867,-1.212339
64653279.985112,2.358588,-1.603977
64661319.437983,2.226798,-1.199705
64669358.890853,2.099972,-1.670184
64677398.343724,2.116389,-1.775594
64685437.796594,2.135745,-1.571995
64693477.249465,1.929982,-2.143181
64701516.702336,1.936336,-2.262846
64709556.155206,1.558289,-2.363564
64717595.608077,1.559939,-2.452652
64725635.060947,1.234095,-2.250150
64733674.513818,1.125749,-2.418147
64741713.966688,1.080130,-2.549768
64749753.419559,0.919270,-2.609621
64757792.872430,0.675952,-2.790636
64765832.325300,0.463417,-2.868278
64773871.778171,0.432224,-2.688703
64781911.231041,0.124359,-2.748696
64789950.683912,-0.193507,-2.569306
64797990.136782,-0.056440,-2.799999
64806029.589653,-0.426563,-2.681183
64814069.042523,-0.476482,-2.735479
64822108.495394,-0.673210,-2.531705
64830147.948265,-0.799425,-2.534730
64838187.401135,-1.002968,-2.715050
64846226.854006,-1.186887,-2.445034
64854266.306876,-1.281780,-2.374554
64862305.759747,-1.422788,-2.246186
64870345.212617,-1.546404,-2.219246
64878384.665488,-1.573099,-1.925252
64886424.118359,-1.852946,-2.096093
64894463.571229,-2.069034,-2.228369
64902503.024100,-2.162494,-2.050287
64910542.476970,-2.242162,-1.634048
64918581.929841,-2.467820,-1.583701
64926621.382711,-2.474289,-1.651383
64934660.835582,-2.484261,-1.469118
64942700.288453,-2.505666,-1.360005
64950739.741323,-2.630079,-0.979720
64958779.194194,-2.790438,-1.087761
64966818.647064,-2.985170,-0.909617
64974858.099935,-2.873121,-0.523893
64982897.552805,-2.982164,-0.713746
64990937.005676,-3.007243,-0.331798
64998976.458547,-2.912473,-0.457763
65007015.911417,-2.910249,-0.018090
65015055.364288,-2.925198,0.051533
65023094.817158,-3.008299,0.285076
65031134.270029,-2.820962,0.319426
65039173.722899,-3.060325,0.723852
65047213.175770,-2.692284,0.983464
65055252.628641,-2.734832,0.815441
65063292.081511,-2.697633,0.974922
65071331.534382,-2.680086,0.962024
65079370.987252,-2.616791,1.567799
65087410.440123,-2.605600,1.396736
65095449.892993,-2.160439,1.673213
65103489.345864,-2.303806,1.832739
65111528.798735,-2.243616,1.752013
65119568.251605,-2.064469,2.101410
65127607.704476,-1.910854,2.100031
65135647.157346,-1.885628,2.109377
65143686.610217,-1.664792,2.106653
65151726.063087,-1.606458,2.334210
65159765.515958,-1.276028,2.725190
65167804.968829,-1.349058,2.496795
65175844.421699,-1.134855,2.560529
65183883.874570,-0.880000,2.652384
65191923.327440,-0.804055,2.415382
65199962.780311,-0.567871,2.896879
65208002.233181,-0.443559,2.623074
65216041.686052,-0.284973,2.760127
65224081.138922,-0.027973,2.791560
65232120.591793,0.034280,2.719417
65240160.044664,0.088386,2.674044
65248199.497534,0.465952,2.603873
65256238.950405,0.577722,2.585865
65264278.403275,0.864734,2.670778
65272317.856146,0.887103,2.644988
65280357.309016,1.071690,2.555337
65288396.761887,1.209963,2.732701
65296436.214758,1.372771,2.507972
65304475.667628,1.448676,2.409799
65312515.120499,1.732521,2.393696
65320554.573369,1.651914,2.004094
65328594.026240,1.896074,2.092773
65336633.479110,1.948093,1.828890
65344672.931981,2.030644,1.689628
65352712.384852,2.333249,1.990427
65360751.837722,2.358543,1.488683
65368791.290593,2.378460,1.111014
65376830.743463,2.562386,1.280713
65384870.196334,2.637305,1.018044
65392909.649204,2.648133,0.943786
65400949.102075,2.757452,0.608706
65408988.554946,2.826101,0.494428
65417028.007816,2.735763,0.517158
65425067.460687,2.729934,0.406423
65433106.913557,2.807675,0.267283
65441146.366428,2.958959,-0.213828
65449185.819298,3.018651,-0.062936
65457225.272169,2.907668,-0.193544
65465264.725040,2.744439,-0.492063
65473304.177910,2.767657,-0.712667
65481343.630781,2.815232,-0.733182
65489383.083651,2.745427,-0.954696
65497422.536522,2.672350,-1.086316
65505461.989392,2.486851,-1.307423
65513501.442263,2.466249,-1.515081
65521540.895134,2.369623,-1.242762
65529580.348004,2.288798,-1.562342
65537619.800875,2.138701,-1.739716
65545659.253745,2.004808,-2.088624
65553698.706616,1.967909,-1.721258
65561738.159486,1.874019,-2.105557
65569777.612357,1.699486,-2.160864
65577817.065228,1.497014,-2.199221
65585856.518098,1.555388,-2.456754
65593895.970969,1.285172,-2.505886
65601935.423839,1.265456,-2.557517
65609974.876710,1.028300,-2.660673
65618014.329580,0.830063,-2.557462
65626053.782451,0.683285,-2.657819
65634093.235321,0.483183,-2.644786
65642132.688192,0.307552,-2.621579
65650172.141063,0.137776,-2.477977
65658211.593933,-0.052357,-2.729373
65666251.046804,-0.178556,-2.805032
65674290.499674,-0.446075,-2.825119
65682329.952545,-0.554552,-2.483415
65690369.405415,-0.747682,-2.590120
65698408.858286,-0.996640,-2.664296
65706448.311157,-1.065648,-2.364020
65714487.764027,-1.220476,-2.427188
65722527.216898,-1.345480,-2.620181
65730566.669768,-1.480204,-2.338659
65738606.122639,-1.650247,-2.322486
65746645.575509,-1.672983,-2.130545
65754685.028380,-2.025927,-2.126977
65762724.481251,-2.037886,-1.786895
65770763.934121,-2.136877,-2.070953
65778803.386992,-2.390193,-1.807961
65786842.839862,-2.363284,-1.388607
65794882.292733,-2.379562,-1.503684
65802921.745603,-2.686780,-1.417349
65810961.198474,-2.670664,-1.156365
65819000.651345,-2.606867,-1.230825
65827040.104215,-2.882069,-0.959259
65835079.557086,-2.792874,-0.952681
65843119.009956,-2.886209,-0.429124
65851158.462827,-2.890763,-0.343566
65859197.915697,-2.943084,-0.345804
65867237.368568,-2.952168,0.114678
65875276.821439,-2.999329,-0.078649
65883316.274309,-2.909724,0.137285
65891355.727180,-2.944963,0.578888
65899395.180050,-2.924540,0.706925
65907434.632921,-2.865399,0.806329
65915474.085791,-2.933964,0.756150
65923513.538662,-2.866339,0.870069
65931552.991533,-2.558617,1.359524
65939592.444403,-2.553290,1.175544
65947631.897274,-2.489907,1.372877
65955671.350144,-2.381482,1.353381
65963710.803015,-2.251560,1.784813
65971750.255885,-2.246835,2.087837
65979789.708756,-2.273779,2.148818
65987829.161627,-1.984607,2.018914
65995868.614497,-1.976291,2.186979
66003908.067368,-1.727631,2.151438
66011947.520238,-1.667030,2.199275
66019986.973109,-1.335899,2.270210
66028026.425979,-1.444452,2.494865
66036065.878850,-1.165344,2.438183
66044105.331720,-1.020248,2.590714
66052144.784591,-0.736933,2.745569
66060184.237462,-0.535075,2.393136
66068223.690332,-0.341251,2.760130
66076263.143203,-0.271314,2.736506
66084302.596073,-0.064924,2.608276
66092342.048944,0.033004,2.880557
66100381.501814,0.086317,2.708732
66108420.954685,0.477770,2.360356
66116460.407556,0.407992,2.765886
66124499.860426,0.570076,2.539755
66132539.313297,0.820603,2.479948
66140578.766167,1.009382,2.533413
66148618.219038,1.205200,2.624816
66156657.671908,1.348779,2.435631
66164697.124779,1.511938,2.385090
66172736.577650,1.658020,1.996455
66180776.030520,1.455530,2.377280
66188815.483391,1.938278,1.654036
66196854.936261,1.853180,1.896148
66204894.389132,2.108697,1.776321
66212933.842002,2.170320,1.633203
66220973.294873,2.288051,1.650962
66229012.747744,2.398254,1.513607
66237052.200614,2.562132,1.242077
66245091.653485,2.483657,1.248397
66253131.106355,2.594567,0.835633
66261170.559226,2.752548,0.904192
66269210.012096,2.777563,0.618442
66277249.464967,2.924115,0.532412
66285288.917838,2.785521,0.214091
66293328.370708,2.822481,0.305994
66301367.823579,2.856310,0.272018
66309407.276449,2.879035,0.098529
66317446.729320,2.755038,-0.105271
66325486.182190,2.745784,-0.169165
66333525.635061,2.798601,-0.544979
66341565.087932,2.718253,-0.649082
66349604.540802,2.768110,-1.103046
66357643.993673,2.585713,-0.833688
66365683.446543,2.610372,-1.313800
66373722.899414,2.611926,-1.135987
66381762.352284,2.497078,-1.479547
66389801.805155,2.322623,-1.730423
66397841.258025,2.314284,-1.449091
66405880.710896,2.241310,-1.864637
66413920.163767,1.979784,-1.926324
66421959.616637,1.934788,-2.172484
66429999.069508,1.825522,-2.322034
66438038.522378,1.553688,-2.109172
66446077.975249,1.479186,-2.483942
66454117.428119,1.358349,-2.379127
66462156.880990,1.096615,-2.481207
66470196.333861,1.004507,-2.631816
66478235.786731,0.902303,-2.523859
66486275.239602,0.588126,-2.551948
66494314.692472,0.524750,-2.550186
66502354.145343,0.294421,-2.691442
66510393.598213,0.309247,-2.974868
66518433.051084,-0.031368,-3.173422
66526472.503955,-0.393377,-3.165414
66534511.956825,-0.230625,-2.762395
66542551.409696,-0.502666,-2.735411
66550590.862566,-0.824517,-2.738404
66558630.315437,-0.776575,-2.783797
66566669.768307,-0.986590,-2.660948
66574709.221178,-1.101154,-2.450726
66582748.674049,-1.433041,-2.294729
66590788.126919,-1.464743,-2.621317
66598827.579790,-1.589627,-2.184602
66606867.032660,-1.585744,-2.158423
66614906.485531,-1.959963,-1.938426
66622945.938401,-1.852586,-2.035249
66630985.391272,-2.210415,-2.221418
66639024.844143,-2.149638,-1.897965
66647064.297013,-2.421774,-1.457202
66655103.749884,-2.346171,-1.443830
66663143.202754,-2.536906,-1.197502
66671182.655625,-2.462856,-1.240012
66679222.108495,-2.719931,-0.959966
66687261.561366,-2.620222,-1.008926
66695301.014237,-2.793145,-0.866666
66703340.467107,-2.824427,-0.575300
66711379.919978,-2.991222,-0.272333
66719419.372848,-2.822135,-0.406746
66727458.825719,-2.984970,-0.172997
66735498.278589,-2.930363,-0.087662
66743537.731460,-2.924287,0.075121
66751577.184331,-2.936171,0.409533
66759616.637201,-2.787615,0.541809
66767656.090072,-2.883661,0.552760
66775695.542942,-2.746402,0.614253
66783734.995813,-2.760345,0.849055
66791774.448683,-2.746363,0.955630
66799813.901554,-2.608755,1.364068
66807853.354424,-2.577374,1.011430
66815892.807295,-2.538377,1.692518
66823932.260166,-2.382792,1.504844
66831971.713036,-2.318359,1.817866
66840011.165907,-2.103247,1.725557
66848050.618777,-2.229370,1.740250
66856090.071648,-1.897713,1.937398
66864129.524518,-1.876950,2.148092
66872168.977389,-1.711535,2.352947
66880208.430260,-1.359136,2.298131
66888247.883130,-1.391265,2.342648
66896287.336001,-1.124132,2.727705
66904326.788871,-1.105543,2.550470
66912366.241742,-0.985971,2.935290
66920405.694612,-0.799203,2.390725
66928445.147483,-0.736686,2.573292
66936484.600354,-0.337084,2.705533
66944524.053224,-0.083247,2.724328
66952563.506095,-0.042881,2.839035
66960602.958965,0.169247,2.775462
66968642.411836,0.351329,2.958493
66976681.864706,0.590640,2.989859
66984721.317577,0.652039,2.611757
66992760.770448,0.635983,2.509690
67000800.223318,1.010179,2.763831
67008839.676189,1.247454,2.412757
67016879.129059,1.393870,2.607665
67024918.581930,1.446949,2.309700
67032958.034800,1.478779,2.439730
67040997.487671,1.648525,2.025244
67049036.940542,1.860042,1.964394
67057076.393412,1.973664,1.705812
67065115.846283,1.940774,1.955377
67073155.299153,2.021012,1.738322
67081194.752024,2.293419,1.594800
67089234.204894,2.395914,1.162898
67097273.657765,2.435161,1.380438
67105313.110636,2.531638,0.995280
67113352.563506,2.600735,1.019431
67121392.016377,2.579102,1.071354
67129431.469247,2.634322,0.818490
67137470.922118,2.678673,0.360012
67145510.374988,2.812409,0.547290
67153549.827859,2.951034,0.488278
67161589.280730,2.893204,0.160473
67169628.733600,2.897261,-0.139741
67177668.186471,2.817420,-0.058291
67185707.639341,2.731806,-0.416439
67193747.092212,2.772965,-0.515619
67201786.545082,2.784245,-0.697259
67209825.997953,2.929161,-0.589939
67217865.450823,2.680116,-0.866295
67225904.903694,2.544694,-1.226961
67233944.356565,2.517537,-1.168079
67241983.809435,2.441352,-1.295279
67250023.262306,2.381852,-1.579977
67258062.715176,2.382187,-1.687695
67266102.168047,2.186708,-1.649064
67274141.620917,2.129581,-1.875940
67282181.073788,1.839136,-1.928218
67290220.526659,1.711148,-1.965656
67298259.979529,1.589088,-2.243254
67306299.432400,1.649265,-2.090228
67314338.885270,1.260221,-2.415400
67322378.338141,1.334160,-2.490154
67330417.791011,1.047477,-2.335834
67338457.243882,0.871544,-2.592962
67346496.696753,0.704722,-2.740291
67354536.149623,0.535601,-2.429337
67362575.602494,0.508259,-2.627486
67370615.055364,0.241493,-2.383652
67378654.508235,0.231725,-2.510458
67386693.961105,-0.079562,-2.739178
67394733.413976,-0.005377,-2.948372
67402772.866847,-0.342476,-2.494130
67410812.319717,-0.675440,-2.734316
67418851.772588,-0.780013,-2.876080
67426891.225458,-0.727565,-2.819257
67434930.678329,-1.024538,-2.734516
67442970.131199,-1.353748,-2.237796
67451009.584070,-1.327053,-2.232206
67459049.036941,-1.554804,-2.224229
67467088.489811,-1.502232,-2.067918
67475127.942682,-1.897701,-2.227638
67483167.395552,-1.959809,-2.035554
67491206.848423,-2.160656,-2.336700
67499246.301293,-2.183489,-1.892512
67507285.754164,-2.128270,-1.863748
67515325.207035,-2.278301,-1.590429
67523364.659905,-2.583021,-1.431704
67531404.112776,-2.518218,-1.478027
67539443.565646,-2.656732,-0.933132
67547483.018517,-2.763235,-0.875490
67555522.471387,-2.641692,-0.685434
67563561.924258,-2.836668,-0.857977
67571601.377128,-2.805877,-0.532594
67579640.829999,-2.819577,-0.310271
67587680.282870,-2.828858,-0.253390
67595719.735740,-2.825956,0.009784
67603759.188611,-3.156370,-0.086277
67611798.641481,-2.866133,-0.080298
67619838.094352,-2.845350,0.522001
67627877.547222,-2.937191,0.267964
67635917.000093,-2.824082,0.575271
67643956.452964,-2.873992,1.032677
67651995.905834,-2.584443,1.174748
67660035.358705,-2.749975,1.090233
67668074.811575,-2.371283,1.330183
67676114.264446,-2.709112,1.435467
67684153.717316,-2.383341,1.417885
67692193.170187,-2.536854,1.734209
67700232.623058,-2.303606,1.771103
67708272.075928,-2.265683,2.100703
67716311.528799,-1.917797,1.874949
67724350.981669,-1.817961,2.132978
67732390.434540,-1.681556,1.951429
67740429.887410,-1.569412,2.297378
67748469.340281,-1.437038,2.344959
67756508.793152,-1.356563,2.599145
67764548.246022,-1.240041,2.484780
67772587.698893,-1.012423,2.302670
67780627.151763,-0.822914,2.489647
67788666.604634,-0.635555,2.698666
67796706.057504,-0.437522,2.630827
67804745.510375,-0.374389,2.775743
67812784.963246,-0.044431,2.726592
67820824.416116,0.153466,2.713170
67828863.868987,0.103901,2.633971
67836903.321857,0.412557,2.748025
67844942.774728,0.470437,2.760159
67852982.227598,0.643173,2.613480
67861021.680469,0.881768,2.721408
67869061.133340,0.939153,2.464816
67877100.586210,1.371845,2.538494
67885140.039081,1.297098,2.710219
67893179.491951,1.493402,2.178674
67901218.944822,1.524344,2.406979
67909258.397692,1.654509,1.962668
67917297.850563,1.812790,2.051842
67925337.303434,1.903347,1.702543
67933376.756304,1.924898,1.836790
67941416.209175,2.280687,1.855677
67949455.662045,2.314686,1.490705
67957495.114916,2.457718,1.407128
67965534.567786,2.468074,1.466009
67973574.020657,2.741053,1.239783
67981613.473527,2.522322,0.997951
67989652.926398,2.570714,0.803192
67997692.379269,2.701050,0.608231
68005731.832139,2.692585,0.722239
68013771.285010,2.775277,0.469844
68021810.737880,2.855226,0.047386
68029850.190751,2.978563,0.239502
68037889.643621,3.073109,-0.041211
68045929.096492,2.759542,-0.106602
68053968.549363,2.792519,-0.435308
68062008.002233,2.881303,-0.342390
68070047.455104,2.658305,-0.937807
68078086.907974,2.716084,-0.547244
68086126.360845,2.566877,-1.086403
68094165.813715,2.639788,-1.412307
68102205.266586,2.478760,-1.500868
68110244.719457,2.317272,-1.445956
68118284.172327,2.425229,-1.543071
68126323.625198,2.202202,-1.732984
68134363.078068,2.088769,-1.942728
68142402.530939,1.869913,-1.773639
68150441.983809,1.684839,-1.677163
68158481.436680,1.768733,-2.456118
68166520.889551,1.526950,-2.081962
68174560.342421,1.459844,-2.470008
68182599.795292,1.369206,-2.364224
68190639.248162,1.147465,-2.401257
68198678.701033,1.102702,-2.477084
68206718.153903,0.949921,-2.579162
68214757.606774,0.665560,-2.571597
68222797.059645,0.645814,-2.476666
68230836.512515,0.372744,-2.873634
68238875.965386,0.278316,-2.659689
68246915.418256,-0.118960,-2.661364
68254954.871127,-0.240267,-2.906227
68262994.323997,-0.343737,-2.748112
68271033.776868,-0.460589,-2.672100
68279073.229739,-0.751100,-2.730209
68287112.682609,-0.779666,-2.703707
68295152.135480,-1.007087,-2.435043
68303191.588350,-1.249012,-2.614886
68311231.041221,-1.204396,-2.280435
68319270.494091,-1.386836,-2.472965
68327309.946962,-1.422188,-2.195955
68335349.399833,-1.557587,-2.204326
68343388.852703,-1.864715,-2.248979
68351428.305574,-2.104720,-2.099701
68359467.758444,-2.146683,-2.046879
68367507.211315,-2.110609,-1.736885
68375546.664185,-2.349659,-1.810735
68383586.117056,-2.357652,-1.530429
68391625.569926,-2.596310,-1.346174
68399665.022797,-2.625573,-1.512113
68407704.475668,-2.668427,-1.033514
68415743.928538,-2.796381,-0.695945
68423783.381409,-2.766228,-0.788538
68431822.834279,-2.882243,-0.845873
68439862.287150,-2.911269,-0.130101
68447901.740020,-3.010338,-0.333146
68455941.192891,-2.949232,-0.194655
68463980.645762,-2.860387,-0.012979
68472020.098632,-2.883063,0.057074
68480059.551503,-2.951599,0.451178
68488099.004373,-2.837392,0.307722
68496138.457244,-2.826019,0.803857
68504177.910114,-2.854556,0.626994
68512217.362985,-2.730616,0.932449
68520256.815856,-2.719523,1.157431
68528296.268726,-2.709748,1.269414
68536335.721597,-2.619938,1.242819
68544375.174467,-2.418043,0.928867
68552414.627338,-2.348024,1.366632
68560454.080208,-2.412443,1.644091
68568493.533079,-2.194475,1.584736
68576532.985950,-2.182934,2.107018
68584572.438820,-1.988638,1.865099
68592611.891691,-1.775041,1.958243
68600651.344561,-1.750127,2.139306
68608690.797432,-1.575976,2.310536
68616730.250302,-1.470031,2.562152
68624769.703173,-1.345325,2.381551
68632809.156044,-0.992112,2.481244
68640848.608914,-0.939848,2.757130
68648888.061785,-0.733164,2.801276
68656927.514655,-0.443737,2.627747
68664966.967526,-0.310558,2.572112
68673006.420396,-0.371727,2.829280
68681045.873267,-0.115608,2.584748
68689085.326138,0.149242,2.597301
68697124.779008,0.306587,2.818990
68705164.231879,0.396151,2.576934
68713203.684749,0.560000,2.596645
68721243.137620,0.864964,2.847383
68729282.590490,1.096732,2.685865
68737322.043361,0.974913,2.503106
68745361.496232,1.221547,2.210174
68753400.949102,1.342703,2.364993
68761440.401973,1.411842,2.259505
68769479.854843,1.675049,2.294425
68777519.307714,1.788738,1.961392
68785558.760584,1.830755,1.969412
68793598.213455,2.161867,1.742768
68801637.666325,2.143961,1.845222
68809677.119196,2.394937,1.672915
68817716.572067,2.312397,1.538692
68825756.024937,2.483985,1.255701
68833795.477808,2.663354,1.015026
68841834.930678,2.691398,1.099869
68849874.383549,2.473511,0.606146
68857913.836419,2.660467,0.675922
68865953.289290,2.778318,0.904222
68873992.742161,2.712423,0.301567
68882032.195031,2.801578,0.261915
68890071.647902,2.798813,0.042633
68898111.100772,2.924073,-0.273032
68906150.553643,2.859713,-0.184626
68914190.006513,2.688574,-0.174652
68922229.459384,2.875005,-0.306086
68930268.912255,2.788606,-0.597181
68938308.365125,2.784308,-0.869190
68946347.817996,2.600547,-0.937724
68954387.270866,2.572171,-1.339176
68962426.723737,2.459468,-0.994027
68970466.176607,2.529224,-1.457427
68978505.629478,2.268652,-1.273756
68986545.082349,2.285231,-1.825068
68994584.535219,1.936105,-1.771374
69002623.988090,2.108393,-1.870854
69010663.440960,1.963380,-2.113810
69018702.893831,1.839157,-2.365376
69026742.346701,1.706224,-2.087008
69034781.799572,1.615574,-2.567674
69042821.252443,1.331848,-2.422027
69050860.705313,1.278663,-2.484707
69058900.158184,1.001585,-2.607590
69066939.611054,0.964332,-2.542003
69074979.063925,0.739445,-2.667238
69083018.516795,0.680556,-2.467709
69091057.969666,0.356773,-2.578885
69099097.422537,0.155711,-2.818029
69107136.875407,-0.079771,-2.560093
69115176.328278,-0.039232,-2.430093
69123215.781148,-0.201706,-2.454027
69131255.234019,-0.442091,-2.458569
69139294.686889,-0.720769,-2.510229
69147334.139760,-0.732470,-2.286606
69155373.592631,-1.030047,-2.628826
69163413.045501,-1.051370,-2.416531
69171452.498372,-1.208318,-2.420130
69179491.951242,-1.336905,-2.266452
69187531.404113,-1.540343,-2.366404
69195570.856983,-1.640963,-2.382434
69203610.309854,-1.682983,-2.374664
69211649.762724,-1.932561,-1.991226
69219689.215595,-1.982315,-1.627489
69227728.668466,-2.053178,-1.916143
69235768.121336,-2.265591,-1.723025
69243807.574207,-2.449242,-1.540327
69251847.027077,-2.441507,-1.018182
69259886.479948,-2.565119,-1.380851
69267925.932818,-2.662346,-1.556325
69275965.385689,-2.870592,-0.942377
69284004.838560,-2.699144,-0.732151
69292044.291430,-2.855609,-0.922140
69300083.744301,-2.810167,-0.479013
69308123.197171,-2.909411,-0.681561
69316162.650042,-3.096000,-0.199573
69324202.102912,-3.087689,0.066510
69332241.555783,-2.967329,-0.153012
69340281.008654,-2.907136,0.182873
69348320.461524,-2.957799,0.324357
69356359.914395,-2.843859,0.607107
69364399.367265,-2.839820,0.727957
69372438.820136,-2.963600,0.667705
69380478.273006,-2.738610,1.176399
69388517.725877,-2.664834,1.352912
69396557.178748,-2.464558,1.215211
69404596.631618,-2.663038,1.323265
69412636.084489,-2.465900,1.637567
69420675.537359,-2.320922,1.804375
69428714.990230,-2.293794,1.994913
69436754.443100,-2.138953,1.982630
69444793.895971,-2.123729,2.132507
69452833.348842,-1.781260,1.975693
69460872.801712,-1.853568,2.059149
69468912.254583,-1.489155,2.343563
69476951.707453,-1.341068,2.314725
69484991.160324,-1.298455,2.561334
69493030.613194,-1.203059,2.618484
69501070.066065,-0.955552,2.395676
69509109.518936,-0.858998,2.670028
69517148.971806,-0.619425,2.553149
69525188.424677,-0.608624,2.624128
69533227.877547,-0.441437,2.737776
69541267.330418,-0.129983,2.678277
69549306.783288,0.050317,2.718333
69557346.236159,0.053789,2.853008
69565385.689029,0.476541,2.877356
69573425.141900,0.617973,2.582919
69581464.594771,0.819795,2.746680
69589504.047641,0.899659,2.547355
69597543.500512,0.965745,2.507413
69605582.953382,1.136354,2.741779
69613622.406253,1.348541,2.050906
69621661.859123,1.574534,2.475184
69629701.311994,1.578657,2.044309
69637740.764865,1.835606,2.208805
69645780.217735,1.698506,1.976561
69653819.670606,2.140254,1.952165
69661859.123476,2.128254,1.724772
69669898.576347,2.303221,1.557750
69677938.029217,2.436438,1.373443
69685977.482088,2.398450,1.365611
69694016.934959,2.501658,1.234372
69702056.387829,2.665089,1.207124
69710095.840700,2.652445,1.058091
69718135.293570,2.710230,0.650277
69726174.746441,2.769721,0.688298
69734214.199311,2.580672,0.577543
69742253.652182,2.897979,0.302178
69750293.105053,2.769662,0.270162
69758332.557923,2.931925,-0.038386
69766372.010794,2.927927,0.044923
69774411.463664,2.755613,-0.037102
69782450.916535,2.797044,-0.345436
69790490.369405,2.944847,-0.478841
69798529.822276,2.757736,-0.907988
69806569.275147,2.658113,-0.970583
69814608.728017,2.705506,-1.003873
69822648.180888,2.382858,-1.253059
69830687.633758,2.514708,-1.206601
69838727.086629,2.364051,-1.435815
69846766.539499,2.322244,-1.402471
69854805.992370,2.210384,-1.917162
69862845.445241,2.206707,-1.897056
69870884.898111,1.967487,-1.986790
69878924.350982,1.837215,-1.630813
69886963.803852,1.801528,-2.148587
69895003.256723,1.689903,-2.158751
69903042.709593,1.517804,-2.466091
69911082.162464,1.295173,-2.300114
69919121.615335,1.033044,-2.336927
69927161.068205,0.974898,-2.326670
69935200.521076,0.713198,-2.882172
69943239.973946,0.656727,-2.375596
69951279.426817,0.590307,-2.664103
69959318.879687,0.227306,-2.430303
69967358.332558,0.134844,-2.895302
69975397.785428,-0.126394,-2.567030
69983437.238299,-0.280196,-2.474358
69991476.691170,-0.324229,-2.458543
69999516.144040,-0.654615,-2.475562
70007555.596911,-0.766773,-2.842415
70015595.049781,-0.771323,-2.943790
70023634.502652,-1.028666,-2.672486
70031673.955522,-1.226608,-2.665757
70039713.408393,-1.377075,-2.409408
70047752.861264,-1.414021,-2.438467
70055792.314134,-1.636140,-2.119037
70063831.767005,-1.884894,-2.077961
70071871.219875,-1.798001,-2.185887
70079910.672746,-1.988249,-2.068184
70087950.125616,-2.168000,-2.002304
70095989.578487,-2.293615,-1.920702
70104029.031358,-2.443268,-1.461204
70112068.484228,-2.362195,-1.467466
70120107.937099,-2.639701,-1.085931
70128147.389969,-2.641989,-1.141729
70136186.842840,-2.769061,-0.930962
70144226.295710,-2.683116,-0.843284
70152265.748581,-2.836881,-0.754152
70160305.201452,-2.757207,-0.695554
70168344.654322,-2.845929,-0.590148
70176384.107193,-2.973654,-0.339020
70184423.560063,-2.982560,-0.283186
70192463.012934,-2.958644,-0.188608
70200502.465804,-2.787483,-0.101825
70208541.918675,-3.045786,0.060946
70216581.371546,-2.988795,0.642714
70224620.824416,-2.827894,0.587883
70232660.277287,-2.903957,0.667666
70240699.730157,-2.727860,0.744890
70248739.183028,-2.641565,0.967617
70256778.635898,-2.770138,1.079540
70264818.088769,-2.604672,1.379670
70272857.541640,-2.619797,1.491254
70280896.994510,-2.388589,1.529167
70288936.447381,-2.273440,1.816136
70296975.900251,-2.004180,1.702323
70305015.353122,-2.039537,1.922272
70313054.805992,-1.901988,2.169427
70321094.258863,-1.844386,2.196990
70329133.711734,-1.703402,2.288554
70337173.164604,-1.355475,2.361078
70345212.617475,-1.370445,2.377911
70353252.070345,-1.222214,2.450403
70361291.523216,-1.171321,2.363056
70369330.976086,-0.850223,2.515282
70377370.428957,-0.868854,2.534537
70385409.881827,-0.585213,2.367123
70393449.334698,-0.460586,2.517091
70401488.787569,-0.295754,2.822280
70409528.240439,0.010164,2.496883
70417567.693310,0.061460,2.864931
70425607.146180,0.269908,2.768756
70433646.599051,0.515495,2.980890
70441686.051921,0.392091,2.540181
70449725.504792,0.724747,2.452171
70457764.957663,0.801635,2.662155
70465804.410533,1.237594,2.657841
70473843.863404,1.364091,2.553887
70481883.316274,1.420986,2.304894
70489922.769145,1.635423,2.537700
70497962.222015,1.726583,2.164610
70506001.674886,1.714559,2.200618
70514041.127757,1.838396,2.121003
70522080.580627,2.152538,1.935894
70530120.033498,2.267631,1.604136
70538159.486368,2.170341,1.839002
70546198.939239,2.318835,1.470698
70554238.392109,2.584044,1.204294
70562277.844980,2.552413,1.202894
70570317.297851,2.546703,1.073618
70578356.750721,2.728606,0.939300
70586396.203592,2.720747,0.683938
70594435.656462,2.605217,0.584520
70602475.109333,2.817882,0.514349
70610514.562203,2.837537,0.503365
70618554.015074,2.920372,0.588171
70626593.467945,2.795354,0.229542
70634632.920815,2.883588,0.080597
70642672.373686,2.759885,-0.463971
70650711.826556,2.848069,-0.271730
70658751.279427,2.955834,-0.785398
70666790.732297,2.810944,-0.809734
70674830.185168,2.588502,-0.932591
70682869.638039,2.667116,-1.102277
70690909.090909,2.488081,-1.218426
70698948.543780,2.443173,-1.318250
70706987.996650,2.427236,-1.379998
70715027.449521,2.156001,-1.770631
70723066.902391,2.055186,-1.583134
70731106.355262,2.051913,-1.998133
70739145.808132,1.852867,-1.849628
70747185.261003,1.736141,-2.085900
70755224.713874,1.673118,-2.278003
70763264.166744,1.545092,-2.300875
70771303.619615,1.420288,-2.133532
70779343.072485,1.152707,-2.601433
70787382.525356,0.962424,-2.760040
70795421.978226,0.854619,-2.646917
70803461.431097,0.759349,-2.656842
70811500.883968,0.475457,-2.809781
70819540.336838,0.456260,-2.714237
70827579.789709,0.291405,-2.421389
70835619.242579,0.185636,-2.666610
70843658.695450,-0.088043,-2.905512
70851698.148320,-0.232850,-2.775252
70859737.601191,-0.370143,-2.730020
70867777.054062,-0.610183,-2.735359
70875816.506932,-0.708479,-2.726017
70883855.959803,-1.137548,-2.644020
70891895.412673,-1.213109,-2.705856
70899934.865544,-1.088512,-2.064066
70907974.318414,-1.579238,-2.421457
70916013.771285,-1.581933,-1.987486
70924053.224156,-1.715047,-2.258302
70932092.677026,-1.989492,-2.078169
70940132.129897,-1.986206,-2.040190
70948171.582767,-2.036279,-2.012522
70956211.035638,-2.105953,-1.850571
70964250.488508,-2.468991,-1.659963
70972289.941379,-2.244400,-1.526649
70980329.394250,-2.516678,-1.647890
70988368.847120,-2.638834,-1.295105
70996408.299991,-2.766024,-0.951438
71004447.752861,-2.672844,-1.087015
71012487.205732,-2.884990,-0.531495
71020526.658602,-2.724033,-0.958879
71028566.111473,-2.953827,-0.596697
71036605.564344,-2.756207,-0.568609
71044645.017214,-3.099554,-0.229449
71052684.470085,-2.930478,-0.030600
71060723.922955,-3.031312,0.171697
71068763.375826,-2.780240,0.385759
71076802.828696,-2.893486,0.551535
71084842.281567,-2.841880,0.488034
71092881.734438,-2.933157,0.819873
71100921.187308,-2.812433,0.901001
71108960.640179,-2.916597,0.894994
71117000.093049,-2.675553,1.219194
71125039.545920,-2.689896,1.498140
71133078.998790,-2.636434,1.567166
71141118.451661,-2.401976,1.684497
71149157.904531,-2.321308,1.532488
71157197.357402,-2.297322,1.919234
71165236.810273,-2.140768,2.026799
71173276.263143,-2.021727,2.059646
71181315.716014,-1.909779,1.947013
71189355.168884,-1.693925,2.247834
71197394.621755,-1.434805,2.316425
71205434.074625,-1.373010,2.411243
71213473.527496,-1.347387,2.720621
71221512.980367,-0.996422,2.853428
71229552.433237,-0.972914,2.449030
71237591.886108,-0.810479,2.452720
71245631.338978,-0.689704,2.566599
71253670.791849,-0.569202,2.847774
71261710.244719,-0.209294,2.580661
71269749.697590,0.078223,2.520033
71277789.150461,0.111719,2.743228
71285828.603331,0.259183,2.563083
71293868.056202,0.499827,2.882241
71301907.509072,0.644067,2.631312
71309946.961943,0.644703,2.755110
71317986.414813,0.828705,2.475808
71326025.867684,1.056147,2.656513
71334065.320555,1.164781,2.127177
71342104.773425,1.367325,2.296911
71350144.226296,1.418876,2.271014
71358183.679166,1.602174,2.101319
71366223.132037,1.739321,2.118892
71374262.584907,2.024076,1.949686
71382302.037778,2.073036,1.909414
71390341.490649,1.916700,1.786671
71398380.943519,2.362106,1.655435
71406420.396390,2.243929,1.449559
71414459.849260,2.384182,1.407215
71422499.302131,2.451825,1.376821
71430538.755001,2.640881,1.107525
71438578.207872,2.551330,1.011531
71446617.660743,2.756148,0.677125
71454657.113613,2.872055,0.856726
71462696.566484,2.845531,0.643819
71470736.019354,2.773324,0.864900
71478775.472225,2.798533,0.092009
71486814.925095,2.900127,-0.094360
71494854.377966,2.785142,0.070791
71502893.830837,2.724111,-0.258549
71510933.283707,2.854483,-0.779315
71518972.736578,2.913653,-0.509380
71527012.189448,2.710598,-1.038627
71535051.642319,2.751751,-0.496121
71543091.095189,2.612817,-1.160140
71551130.548060,2.369455,-1.116273
71559170.000930,2.498854,-1.057827
71567209.453801,2.278481,-1.540683
71575248.906672,2.246209,-1.544498
71583288.359542,2.055963,-1.695214
71591327.812413,2.043800,-1.652978
71599367.265283,1.993063,-1.680990
71607406.718154,1.778767,-2.232757
71615446.171024,1.564711,-1.993271
71623485.623895,1.682804,-2.099197
71631525.076766,1.380097,-2.600766
71639564.529636,1.311075,-2.386729
71647603.982507,1.147700,-2.705904
71655643.435377,0.907920,-2.588097
71663682.888248,0.901085,-2.627364
71671722.341118,0.652378,-2.588457
71679761.793989,0.461196,-2.802999
71687801.246860,0.270074,-2.661513
71695840.699730,0.207534,-2.778569
71703880.152601,0.042397,-2.853814
71711919.605471,-0.114660,-2.803399
71719959.058342,-0.375785,-2.530934
71727998.511212,-0.698600,-2.696799
71736037.964083,-0.611647,-2.472408
71744077.416954,-0.936857,-2.583812
71752116.869824,-1.098125,-2.399566
71760156.322695,-1.157299,-2.384237
71768195.775565,-1.241500,-2.478241
71776235.228436,-1.640499,-2.217118
71784274.681306,-1.515983,-2.119942
71792314.134177,-1.693382,-1.981975
71800353.587048,-1.937884,-2.140670
71808393.039918,-1.911014,-1.971916
71816432.492789,-2.072446,-1.968919
71824471.945659,-2.363968,-1.965779
71832511.398530,-2.345591,-1.506325
71840550.851400,-2.531984,-1.448067
71848590.304271,-2.517464,-1.269288
71856629.757142,-2.756281,-1.462642
71864669.210012,-2.698879,-1.167879
71872708.662883,-2.853637,-0.587901
71880748.115753,-2.924125,-0.800729
71888787.568624,-2.865689,-0.353607
71896827.021494,-2.880121,-0.286997
71904866.474365,-2.944555,-0.417948
71912905.927236,-2.938071,-0.235506
71920945.380106,-3.030662,0.086120
71928984.832977,-3.046864,0.312598
71937024.285847,-3.010676,0.099466
71945063.738718,-3.024853,0.439721
71953103.191588,-2.775112,0.645760
71961142.644459,-2.940272,0.689080
71969182.097329,-2.832921,0.929213
71977221.550200,-2.690135,1.095929
71985261.003071,-2.603256,1.303232
71993300.455941,-2.603956,1.633336
72001339.908812,-2.375427,1.253604
72009379.361682,-2.454771,1.536520
72017418.814553,-2.427748,1.751481
72025458.267423,-2.140814,1.850262
72033497.720294,-2.013229,2.013055
72041537.173165,-1.869462,2.290540
72049576.626035,-1.816382,2.269385
72057616.078906,-1.719560,2.004012
72065655.531776,-1.678298,2.363484
72073694.984647,-1.271504,2.359639
72081734.437517,-1.226051,2.697437
72089773.890388,-1.069922,2.577797
72097813.343259,-0.962121,2.618275
72105852.796129,-0.649799,2.596989
72113892.249000,-0.567349,2.669210
72121931.701870,-0.539677,2.717450
72129971.154741,-0.370462,2.674069
72138010.607611,-0.011644,2.634213
72146050.060482,0.150024,2.552223
72154089.513353,0.367813,2.748436
72162128.966223,0.471860,2.913404
72170168.419094,0.430620,2.606965
72178207.871964,0.959739,2.465075
72186247.324835,1.100005,2.638147
72194286.777705,1.237753,2.340981
72202326.230576,1.291788,2.220993
72210365.683447,1.308213,2.614006
72218405.136317,1.513578,2.122293
72226444.589188,1.573255,2.191701
72234484.042058,1.816867,2.154294
72242523.494929,1.847374,2.172187
72250562.947799,2.073752,1.949061
72258602.400670,2.219983,1.611731
72266641.853541,2.379850,1.679550
72274681.306411,2.528337,1.557035
72282720.759282,2.566314,1.207238
72290760.212152,2.649743,1.297652
72298799.665023,2.747890,1.042447
72306839.117893,2.436759,0.859793
72314878.570764,2.846610,0.858603
72322918.023635,2.908085,0.896602
72330957.476505,2.841854,0.546469
72338996.929376,2.897479,0.217547
72347036.382246,2.961029,0.208430
72355075.835117,2.862366,0.213537
72363115.287987,2.915312,-0.219891
72371154.740858,2.885817,-0.398519
72379194.193728,2.937226,-0.405054
72387233.646599,2.793939,-0.509538
72395273.099470,2.660628,-0.716013
72403312.552340,2.598286,-1.250802
72411352.005211,2.722049,-1.145098
72419391.458081,2.598622,-1.099239
72427430.910952,2.431094,-1.672031
72435470.363822,2.427314,-1.346858
72443509.816693,2.406416,-1.481690
72451549.269564,2.185086,-1.870664
72459588.722434,2.196618,-1.673859
72467628.175305,1.831029,-2.146886
72475667.628175,1.770593,-1.725987
72483707.081046,1.594610,-2.291805
72491746.533916,1.388607,-1.932261
72499785.986787,1.260695,-2.767774
72507825.439658,1.131488,-2.389808
72515864.892528,0.879695,-2.527809
72523904.345399,0.811060,-2.486553
72531943.798269,0.749037,-2.423008
72539983.251140,0.513403,-2.507833
72548022.704010,0.389755,-2.790395
72556062.156881,0.204420,-2.682202
72564101.609752,0.091868,-2.606320
72572141.062622,-0.241556,-2.821005
72580180.515493,-0.334447,-2.888888
72588219.968363,-0.371518,-2.723665
72596259.421234,-0.743106,-2.488550
72604298.874104,-0.764897,-2.652209
72612338.326975,-0.778431,-2.608061
72620377.779846,-1.201559,-2.428679
72628417.232716,-1.284894,-2.524596
72636456.685587,-1.317386,-2.412742
72644496.138457,-1.634256,-2.223463
72652535.591328,-1.699626,-2.252813
72660575.044198,-1.968344,-2.176225
72668614.497069,-1.999312,-2.084002
72676653.949940,-2.092740,-1.897226
72684693.402810,-2.183497,-1.640768
72692732.855681,-2.429401,-1.606642
72700772.308551,-2.475882,-1.678598
72708811.761422,-2.471223,-1.345735
72716851.214292,-2.507992,-1.355826
72724890.667163,-2.685561,-1.119808
72732930.120034,-2.749815,-0.808887
72740969.572904,-2.662571,-0.742708
72749009.025775,-2.869859,-0.783576
72757048.478645,-2.978683,-0.561373
72765087.931516,-2.905861,-0.242863
72773127.384386,-2.855698,-0.276974
72781166.837257,-2.973516,-0.031655
72789206.290127,-2.746532,0.312892
72797245.742998,-2.813290,0.113386
72805285.195869,-2.966376,0.508726
72813324.648739,-2.917004,0.581285
72821364.101610,-2.898133,0.561301
72829403.554480,-2.750647,0.903173
72837443.007351,-2.814671,1.006556
72845482.460221,-2.567780,1.211553
72853521.913092,-2.620756,1.542318
72861561.365963,-2.455944,1.381871
72869600.818833,-2.515423,1.473592
72877640.271704,-2.369106,1.747785
72885679.724574,-2.196622,2.041824
72893719.177445,-1.967454,1.724563
72901758.630315,-2.069644,2.153696
72909798.083186,-1.884096,1.923247
72917837.536057,-1.683648,2.383376
72925876.988927,-1.585293,2.239646
72933916.441798,-1.326685,2.419476
72941955.894668,-1.322605,2.270898
72949995.347539,-1.202603,2.813263
72958034.800409,-0.915715,2.531638
72966074.253280,-0.582057,2.809524
72974113.706151,-0.731541,2.733848
72982153.159021,-0.504528,2.485488
72990192.611892,-0.228362,2.782895
72998232.064762,-0.067524,2.596129
73006271.517633,0.046943,2.664898
73014310.970503,0.282740,2.821605
73022350.423374,0.323732,2.842501
73030389.876245,0.540731,2.650036
73038429.329115,0.582091,2.707367
73046468.781986,0.974004,2.757769
73054508.234856,1.078278,2.717148
73062547.687727,1.136536,2.457211
73070587.140597,1.427863,2.423661
73078626.593468,1.430608,2.052829
73086666.046339,1.541594,2.346368
73094705.499209,1.610570,2.172096
73102744.952080,1.813759,1.904283
73110784.404950,2.014400,1.621228
73118823.857821,2.217180,2.111430
73126863.310691,2.218869,1.646460
73134902.763562,2.306319,1.407071
73142942.216432,2.477526,1.162718
73150981.669303,2.446351,1.251529
73159021.122174,2.428635,1.167821
73167060.575044,2.645095,1.207302
73175100.027915,2.515235,0.718720
73183139.480785,2.623215,0.773380
73191178.933656,2.863242,0.367333
73199218.386526,2.680279,0.461458
73207257.839397,2.944464,0.236527
73215297.292268,2.701711,0.122279
73223336.745138,2.684648,-0.065170
73231376.198009,2.834782,-0.199651
73239415.650879,2.782082,-0.319755
73247455.103750,2.775224,-0.693554
73255494.556620,2.739770,-0.804340
73263534.009491,2.676022,-1.072274
73271573.462362,2.530137,-1.107757
73279612.915232,2.515063,-0.822735
73287652.368103,2.457973,-1.452837
73295691.820973,2.376562,-1.444618
73303731.273844,2.341816,-1.615755
73311770.726714,2.236721,-1.799180
73319810.179585,2.103386,-1.783483
73327849.632456,1.963224,-1.949917
73335889.085326,1.656609,-1.882359
73343928.538197,1.760583,-2.180968
73351967.991067,1.489802,-2.589098
73360007.443938,1.397678,-2.459707
73368046.896808,1.439823,-2.314089
73376086.349679,1.088341,-2.119177
73384125.802550,1.021766,-2.525865
73392165.255420,0.801022,-2.403137
73400204.708291,0.644043,-2.410749
73408244.161161,0.498146,-2.577187
73416283.614032,0.354587,-2.895642
73424323.066902,0.289650,-2.774100
73432362.519773,0.007591,-2.725675
73440401.972644,-0.197118,-2.828328
73448441.425514,-0.393653,-2.501269
73456480.878385,-0.590327,-2.918938
73464520.331255,-0.768284,-2.567398
73472559.784126,-0.891702,-2.844008
73480599.236996,-0.994166,-2.406257
73488638.689867,-1.187484,-2.290570
73496678.142738,-1.382265,-2.579313
73504717.595608,-1.524113,-2.343176
73512757.048479,-1.772293,-2.188912
73520796.501349,-1.718114,-2.089953
73528835.954220,-1.873949,-1.980957
73536875.407090,-1.907088,-1.860407
73544914.859961,-2.235677,-1.815895
73552954.312831,-2.222120,-1.846596
73560993.765702,-2.375665,-1.641567
73569033.218573,-2.375481,-1.577160
73577072.671443,-2.574857,-1.182667
73585112.124314,-2.531185,-1.246617
73593151.577184,-2.865629,-1.155883
73601191.030055,-2.763008,-0.767062
73609230.482925,-2.862384,-0.790516
73617269.935796,-3.031649,-0.856247
73625309.388667,-2.911699,-0.349881
73633348.841537,-3.012782,-0.283877
73641388.294408,-2.947150,-0.140483
73649427.747278,-2.941517,0.087523
73657467.200149,-3.049374,0.056174
73665506.653019,-2.929102,0.306999
73673546.105890,-2.903837,0.642719
73681585.558761,-2.904747,0.635705
73689625.011631,-2.749790,0.980251
73697664.464502,-2.978168,0.879021
73705703.917372,-2.700540,1.182382
73713743.370243,-2.642112,1.380316
73721782.823113,-2.644962,1.304231
73729822.275984,-2.558720,1.350815
73737861.728855,-2.291028,1.591929
73745901.181725,-2.475796,1.804454
73753940.634596,-2.210659,1.764118
73761980.087466,-2.001184,1.973116
73770019.540337,-1.798247,2.093774
73778058.993207,-1.665205,2.198596
73786098.446078,-1.585790,2.394701
73794137.898949,-1.568740,2.219774
73802177.351819,-1.411349,2.253743
73810216.804690,-1.349203,2.390732
73818256.257560,-1.174284,2.702653
73826295.710431,-0.949102,2.589073
73834335.163301,-0.705225,2.620632
73842374.616172,-0.444281,2.566338
73850414.069043,-0.453213,2.868772
73858453.521913,-0.152278,2.801425
73866492.974784,-0.012430,2.839332
73874532.427654,0.219152,2.817830
73882571.880525,0.372907,2.482861
73890611.333395,0.509792,2.718695
73898650.786266,0.662310,2.661155
73906690.239137,0.897874,2.590428
73914729.692007,1.057645,2.469540
73922769.144878,1.135851,2.653086
73930808.597748,1.316395,2.332324
73938848.050619,1.445510,2.472592
73946887.503489,1.594676,2.222434
73954926.956360,1.711521,2.154248
73962966.409230,1.870676,2.028141
73971005.862101,1.849007,1.821932
73979045.314972,2.108284,1.742477
73987084.767842,2.100062,1.495903
73995124.220713,2.169041,1.662813
74003163.673583,2.435982,1.507413
74011203.126454,2.435008,1.359630
74019242.579324,2.427075,1.300985
74027282.032195,2.597748,0.973877
74035321.485066,2.885755,0.688431
74043360.937936,2.713301,0.706188
74051400.390807,2.772924,0.534688
74059439.843677,2.670148,0.734173
74067479.296548,2.893418,0.347886
74075518.749418,2.839263,0.145724
74083558.202289,2.975081,0.046442
74091597.655160,2.949804,0.066974
74099637.108030,2.950098,-0.691423
74107676.560901,2.716095,-0.130516
74115716.013771,2.775091,-0.706476
74123755.466642,2.807174,-0.847341
74131794.919512,2.728829,-1.083719
74139834.372383,2.538874,-1.092113
74147873.825254,2.452731,-1.244880
74155913.278124,2.270016,-1.608465
74163952.730995,2.401331,-1.590227
74171992.183865,2.306752,-1.918542
74180031.636736,2.162129,-1.758294
74188071.089606,2.056835,-2.002503
74196110.542477,1.936729,-1.955005
74204149.995348,1.785760,-1.961199
74212189.448218,1.517491,-2.404636
74220228.901089,1.410360,-2.039035
74228268.353959,1.414151,-2.150055
74236307.806830,1.198775,-2.406734
74244347.259700,0.958997,-2.642266
74252386.712571,0.919707,-2.263347
74260426.165442,0.730047,-2.429672
74268465.618312,0.535155,-2.442343
74276505.071183,0.454353,-2.729255
74284544.524053,0.140519,-2.729270
74292583.976924,0.058409,-2.649291
74300623.429794,-0.115807,-2.670616
74308662.882665,-0.153103,-2.528995
74316702.335535,-0.509532,-2.424104
74324741.788406,-0.638286,-2.737557
74332781.241277,-0.609090,-2.664714
74340820.694147,-0.976229,-2.673451
74348860.147018,-1.039913,-2.728715
74356899.599888,-1.375247,-2.652372
74364939.052759,-1.435663,-2.625111
74372978.505629,-1.569566,-2.478135
74381017.958500,-1.777474,-2.419126
74389057.411371,-1.627262,-2.353510
74397096.864241,-1.950491,-1.855191
74405136.317112,-2.092459,-1.714542
74413175.769982,-2.164750,-2.043775
74421215.222853,-2.409417,-1.589198
74429254.675723,-2.511782,-1.545762
74437294.128594,-2.556562,-1.487270
74445333.581465,-2.559053,-1.337573
74453373.034335,-2.711114,-1.040837
74461412.487206,-2.755598,-0.837905
74469451.940076,-2.835572,-0.939583
74477491.392947,-2.812246,-0.720158
74485530.845817,-2.718121,-0.571946
74493570.298688,-2.729167,-0.507388
74501609.751559,-2.926965,-0.224505
74509649.204429,-3.089086,-0.306266
74517688.657300,-2.952387,0.280575
74525728.110170,-2.917438,0.161494
74533767.563041,-2.905565,0.524821
74541807.015911,-3.002382,0.646524
74549846.468782,-3.041082,0.701671
74557885.921653,-2.703763,0.835255
74565925.374523,-2.732878,1.217026
74573964.827394,-2.508836,0.930989
74582004.280264,-2.580676,1.549544
74590043.733135,-2.483171,1.229483
74598083.186005,-2.317806,1.408048
74606122.638876,-2.471477,1.622950
74614162.091747,-2.240795,1.845427
74622201.544617,-2.075090,2.091711
74630240.997488,-2.038618,2.126184
74638280.450358,-1.772098,2.073506
74646319.903229,-1.721384,2.246650
74654359.356099,-1.489922,2.282139
74662398.808970,-1.392101,2.494621
74670438.261841,-1.270616,2.303126
74678477.714711,-1.053980,2.583896
74686517.167582,-0.999228,2.741886
74694556.620452,-0.767837,2.764681
74702596.073323,-0.559379,2.701295
74710635.526193,-0.467642,2.601080
74718674.979064,-0.236263,2.738352
74726714.431934,-0.091092,2.692846
74734753.884805,0.104967,2.611602
74742793.337676,0.149902,2.847119
74750832.790546,0.355576,2.557338
74758872.243417,0.498922,2.687967
74766911.696287,0.637310,2.589023
74774951.149158,0.878359,2.807159
74782990.602028,0.962155,2.475187
74791030.054899,1.083625,2.695731
74799069.507770,1.348609,2.421920
74807108.960640,1.521724,2.539720
74815148.413511,1.740905,2.187699
74823187.866381,1.902790,2.166079
74831227.319252,1.923266,2.200495
74839266.772122,1.895009,1.989341
74847306.224993,1.904830,1.714315
74855345.677864,2.245781,1.780179
74863385.130734,2.473496,1.792884
74871424.583605,2.296607,1.443051
74879464.036475,2.363056,1.004859
74887503.489346,2.559152,1.162401
74895542.942216,2.654261,0.981842
74903582.395087,2.636741,0.693934
74911621.847958,2.843895,0.834384
74919661.300828,2.703174,0.784252
74927700.753699,2.799006,0.115351
74935740.206569,2.741702,0.261713
74943779.659440,2.834824,-0.025126
74951819.112310,2.809869,0.107077
74959858.565181,2.790976,-0.074217
74967898.018052,2.685148,-0.265989
74975937.470922,2.880561,-0.726687
74983976.923793,2.687914,-0.847027
74992016.376663,2.783328,-0.893390
75000055.829534,2.585295,-0.917888
75008095.282404,2.578508,-1.130757
75016134.735275,2.451184,-1.387593
75024174.188146,2.345340,-1.650001
75032213.641016,2.334914,-1.473055
75040253.093887,2.051943,-1.886077
75048292.546757,2.228744,-1.644392
75056331.999628,1.973499,-1.861976
75064371.452498,1.831899,-2.044828
75072410.905369,1.731289,-2.090383
75080450.358240,1.584506,-2.030302
75088489.811110,1.526324,-2.220096
75096529.263981,1.093614,-2.689434
75104568.716851,1.109512,-2.532533
75112608.169722,0.939769,-2.355941
75120647.622592,0.632332,-2.597366
75128687.075463,0.720539,-2.518830
75136726.528333,0.458603,-2.483769
75144765.981204,0.403412,-2.666831
75152805.434075,0.201887,-2.951059
75160844.886945,0.066050,-2.461840
75168884.339816,-0.236653,-2.616628
75176923.792686,-0.234970,-2.847989
75184963.245557,-0.581741,-3.007419
75193002.698427,-0.615008,-2.685942
75201042.151298,-0.719159,-2.724920
75209081.604169,-0.838310,-2.605329
75217121.057039,-1.145821,-2.555364
75225160.509910,-1.453711,-2.507605
75233199.962780,-1.490084,-2.307482
75241239.415651,-1.668709,-1.902551
75249278.868521,-1.894663,-2.001653
75257318.321392,-1.975380,-2.234323
75265357.774263,-1.903368,-1.790239
75273397.227133,-2.119577,-1.744698
75281436.680004,-2.184956,-1.632703
75289476.132874,-2.349370,-1.389132
75297515.585745,-2.512023,-1.400463
75305555.038615,-2.560723,-1.300249
75313594.491486,-2.777973,-0.915150
75321633.944357,-2.740081,-1.037098
75329673.397227,-2.713158,-0.800162
75337712.850098,-2.922913,-0.781344
75345752.302968,-2.983758,-0.685367
75353791.755839,-2.957176,-0.628870
75361831.208709,-2.852997,-0.329806
75369870.661580,-2.951072,0.015510
75377910.114451,-2.990656,-0.180367
75385949.567321,-2.907181,0.524376
75393989.020192,-2.860104,0.158205
75402028.473062,-2.800430,0.565532
75410067.925933,-3.048845,0.691597
75418107.378803,-2.830872,0.809251
75426146.831674,-2.685296,1.157827
75434186.284545,-2.734185,1.161701
75442225.737415,-2.850088,1.194773
75450265.190286,-2.550725,1.162229
75458304.643156,-2.575367,1.474996
75466344.096027,-2.385798,1.867030
75474383.548897,-2.317018,1.748610
75482423.001768,-2.230861,2.034643
75490462.454638,-1.918859,2.190343
75498501.907509,-1.938709,1.968322
75506541.360380,-1.735447,2.225945
75514580.813250,-1.672547,2.127454
75522620.266121,-1.336313,2.351357
75530659.718991,-1.279181,2.473956
75538699.171862,-1.316400,2.205778
75546738.624732,-1.020938,2.468691
75554778.077603,-0.861165,2.704090
75562817.530474,-0.538378,2.703856
75570856.983344,-0.509623,2.692063
75578896.436215,-0.310916,2.885186
75586935.889085,-0.294040,2.705717
75594975.341956,-0.115870,2.377737
75603014.794826,0.180713,2.853900
75611054.247697,0.174405,2.711690
75619093.700568,0.399251,2.801255
75627133.153438,0.661429,2.319532
75635172.606309,0.801917,2.671188
75643212.059179,0.899008,2.464938
75651251.512050,1.157690,2.479957
75659290.964920,1.284538,2.252522
75667330.417791,1.535208,2.298626
75675369.870662,1.438673,2.500399
75683409.323532,1.643565,2.144304
75691448.776403,1.784299,2.123350
75699488.229273,2.013735,1.971468
75707527.682144,2.038890,1.866307
75715567.135014,2.363993,1.798329
75723606.587885,2.294490,1.458633
75731646.040756,2.313761,1.493744
75739685.493626,2.467979,1.046947
75747724.946497,2.398712,1.066124
75755764.399367,2.465564,0.800394
75763803.852238,2.729715,1.071056
75771843.305108,2.508609,0.786353
75779882.757979,2.862522,0.152870
75787922.210850,2.882125,0.897983
75795961.663720,2.763784,0.128450
75804001.116591,2.936993,0.130768
75812040.569461,2.892094,-0.090148
75820080.022332,2.836526,-0.121733
75828119.475202,2.753996,-0.416539
75836158.928073,2.650315,-0.585656
75844198.380944,2.906119,-0.621664
75852237.833814,2.658933,-0.870636
75860277.286685,2.593863,-0.855890
75868316.739555,2.566387,-1.082918
75876356.192426,2.516940,-1.230928
75884395.645296,2.480753,-1.608014
75892435.098167,2.364240,-1.493670
75900474.551038,2.309652,-1.972899
75908514.003908,2.025221,-1.801848
75916553.456779,2.115677,-1.825482
75924592.909649,1.899187,-2.048637
75932632.362520,1.756411,-2.200810
75940671.815390,1.567382,-2.345902
75948711.268261,1.435688,-2.364129
75956750.721131,1.401996,-2.305040
75964790.174002,1.029971,-2.271747
75972829.626873,0.972253,-2.513224
75980869.079743,1.002661,-2.739007
75988908.532614,0.661115,-2.678760
75996947.985484,0.561950,-2.843066
76004987.438355,0.451926,-2.752054
76013026.891225,0.338746,-2.602581
76021066.344096,0.085634,-2.754879
76029105.796967,-0.312799,-2.553140
76037145.249837,-0.221233,-2.596231
76045184.702708,-0.517317,-2.848810
76053224.155578,-0.586889,-2.996296
76061263.608449,-0.632905,-2.535264
76069303.061319,-1.081393,-2.503057
76077342.514190,-1.191140,-2.603376
76085381.967061,-1.416476,-2.317621
76093421.419931,-1.409228,-2.329700
76101460.872802,-1.560237,-2.346138
76109500.325672,-1.750987,-2.221837
76117539.778543,-1.884329,-2.038621
76125579.231413,-2.126321,-2.109073
76133618.684284,-2.039110,-2.138659
76141658.137155,-2.110096,-1.837463
76149697.590025,-2.480306,-1.496670
76157737.042896,-2.567148,-1.597224
76165776.495766,-2.647785,-1.420887
76173815.948637,-2.699204,-1.262205
76181855.401507,-2.866536,-1.203958
76189894.854378,-2.823829,-1.072720
76197934.307249,-2.681363,-0.824135
76205973.760119,-2.892845,-0.777475
76214013.212990,-2.820560,-0.268832
76222052.665860,-2.847778,-0.534452
76230092.118731,-2.867424,-0.093693
76238131.571601,-2.964366,0.008990
76246171.024472,-2.906480,0.130251
76254210.477343,-3.065782,-0.036354
76262249.930213,-2.928022,0.378242
76270289.383084,-3.089798,0.455590
76278328.835954,-2.897248,0.337515
76286368.288825,-2.832174,1.078177
76294407.741695,-2.737599,0.941879
76302447.194566,-2.640850,1.196501
76310486.647436,-2.569863,1.334006
76318526.100307,-2.696361,1.215809
76326565.553178,-2.350048,1.409976
76334605.006048,-2.268146,1.886712
76342644.458919,-2.075343,1.855986
76350683.911789,-2.071404,1.661889
76358723.364660,-1.891869,1.776784
76366762.817530,-1.741922,2.007799
76374802.270401,-1.700671,2.253225
76382841.723272,-1.500415,2.556334
76390881.176142,-1.413425,2.497752
76398920.629013,-1.189679,2.489861
76406960.081883,-1.131073,2.596555
76414999.534754,-0.862525,2.664762
76423038.987624,-0.681150,2.805862
76431078.440495,-0.529656,2.621467
76439117.893366,-0.419554,2.525299
76447157.346236,-0.335471,2.803503
76455196.799107,-0.184357,2.966918
76463236.251977,-0.057804,2.871997
76471275.704848,0.302952,2.944896
76479315.157718,0.208286,2.435791
76487354.610589,0.645710,2.702156
76495394.063460,0.606831,2.562742
76503433.516330,1.020312,2.525248
76511472.969201,1.016666,2.544840
76519512.422071,1.216833,2.612582
76527551.874942,1.146040,2.237250
76535591.327812,1.626611,2.302643
76543630.780683,1.739116,2.354203
76551670.233554,1.762440,2.076825
76559709.686424,1.891464,1.944450
76567749.139295,2.036098,1.829879
76575788.592165,2.146401,1.756262
76583828.045036,2.213265,1.771519
76591867.497906,2.242500,1.558131
76599906.950777,2.544721,1.371376
76607946.403648,2.643809,1.414852
76615985.856518,2.626511,1.194532
76624025.309389,2.621374,1.107532
76632064.762259,2.720388,0.500800
76640104.215130,2.678770,0.729396
76648143.668000,2.763878,0.631367
76656183.120871,2.857413,0.552581
76664222.573742,2.793759,0.382479
76672262.026612,2.809036,-0.162582
76680301.479483,2.734641,-0.363537
76688340.932353,2.843703,-0.310730
76696380.385224,2.757089,-0.333309
76704419.838094,2.766925,-0.434759
76712459.290965,2.632737,-0.862916
76720498.743835,2.583052,-1.005501
76728538.196706,2.590355,-0.901980
76736577.649577,2.588899,-1.197918
76744617.102447,2.504884,-1.553782
76752656.555318,2.374575,-1.409362
76760696.008188,2.358940,-1.522319
76768735.461059,2.175448,-2.135287
76776774.913929,2.043372,-2.026795
76784814.366800,1.917310,-1.809926
76792853.819671,1.754715,-2.114696
76800893.272541,1.630125,-2.139324
76808932.725412,1.451105,-2.087265
76816972.178282,1.427712,-2.108326
76825011.631153,1.189147,-2.179193
76833051.084023,1.268540,-2.524915
76841090.536894,0.981452,-2.475406
76849129.989765,0.902857,-2.337607
76857169.442635,0.577881,-2.586678
76865208.895506,0.605254,-2.722495
76873248.348376,0.159295,-2.497897
76881287.801247,0.033116,-2.841442
76889327.254117,0.069378,-2.821230
76897366.706988,-0.361986,-2.619321
76905406.159859,-0.460360,-2.541568
76913445.612729,-0.706087,-2.366952
76921485.065600,-0.690121,-2.599856
76929524.518470,-0.849863,-2.672545
76937563.971341,-0.823893,-2.579992
76945603.424211,-1.057626,-2.226775
76953642.877082,-1.343652,-2.322570
76961682.329953,-1.452797,-2.349923
76969721.782823,-1.666714,-2.289859
76977761.235694,-1.872362,-2.461629
76985800.688564,-2.024368,-2.025224
76993840.141435,-2.129840,-2.166433
77001879.594305,-2.224529,-2.213358
77009919.047176,-2.287668,-1.586357
77017958.500047,-2.501089,-1.238613
77025997.952917,-2.493167,-1.525042
77034037.405788,-2.692508,-1.420368
77042076.858658,-2.650116,-1.426861
77050116.311529,-2.768083,-0.850291
77058155.764399,-2.838747,-0.944890
77066195.217270,-2.949284,-0.705064
77074234.670141,-2.941304,-0.503681
77082274.123011,-2.798870,-0.329170
77090313.575882,-2.893648,-0.542005
77098353.028752,-2.856633,-0.190419
77106392.481623,-2.946007,0.178311
77114431.934493,-2.992901,-0.011586
77122471.387364,-2.856723,0.375272
77130510.840234,-2.864198,0.357130
77138550.293105,-2.836228,0.750423
77146589.745976,-2.651256,0.654329
77154629.198846,-2.630758,1.046941
77162668.651717,-2.766677,1.166740
77170708.104587,-2.619750,0.970634
77178747.557458,-2.662894,1.376429
77186787.010328,-2.538710,1.486878
77194826.463199,-2.468395,1.193723
77202865.916070,-2.190573,1.873529
77210905.368940,-2.112484,1.772553
77218944.821811,-2.022736,2.102054
77226984.274681,-1.871306,1.945312
77235023.727552,-1.819944,1.973411
77243063.180422,-1.524391,2.278120
77251102.633293,-1.486434,2.166534
77259142.086164,-1.281760,2.594814
77267181.539034,-1.252318,2.833939
77275220.991905,-1.058779,2.385092
77283260.444775,-0.818470,2.646712
77291299.897646,-0.765701,2.747714
77299339.350516,-0.484175,2.693838
77307378.803387,-0.459989,2.705205
77315418.256258,-0.060526,2.481706
77323457.709128,-0.059555,3.027417
77331497.161999,0.156398,2.858192
77339536.614869,0.340579,2.636531
77347576.067740,0.571467,2.529631
77355615.520610,0.569796,2.625486
77363654.973481,0.717196,2.408170
77371694.426352,1.027329,2.210899
77379733.879222,1.099510,2.433807
77387773.332093,1.250949,2.269968
77395812.784963,1.307124,2.320280
77403852.237834,1.504805,2.230277
77411891.690704,1.941918,2.017343
77419931.143575,1.816239,2.121667
77427970.596446,1.847322,2.056942
77436010.049316,2.063709,1.854047
77444049.502187,2.271648,1.797680
77452088.955057,2.299245,1.502389
77460128.407928,2.221995,1.635854
77468167.860798,2.606088,1.327740
77476207.313669,2.547470,1.142862
77484246.766539,2.643355,1.100026
77492286.219410,2.877906,0.875075
77500325.672281,2.699293,0.625918
77508365.125151,2.738236,0.526612
77516404.578022,2.878586,0.350593
77524444.030892,2.800106,0.016119
77532483.483763,2.912086,0.340268
77540522.936633,2.916248,-0.000345
77548562.389504,2.783631,-0.169738
77556601.842375,2.871232,-0.278040
77564641.295245,2.703271,-0.318419
77572680.748116,2.900135,-0.675019
77580720.200986,2.760479,-0.818777
77588759.653857,2.745188,-1.044298
77596799.106727,2.641326,-1.163200
77604838.559598,2.573471,-1.459094
77612878.012469,2.366793,-1.244900
77620917.465339,2.399745,-1.336279
77628956.918210,2.200554,-1.625903
77636996.371080,2.305501,-1.824101
77645035.823951,1.855421,-1.788973
77653075.276821,1.832465,-1.988120
77661114.729692,1.842709,-1.922608
77669154.182563,1.556482,-2.152640
77677193.635433,1.527803,-2.355830
77685233.088304,1.339683,-2.118724
77693272.541174,1.238974,-2.559940
77701311.994045,1.165556,-2.632220
77709351.446915,0.906205,-2.321547
77717390.899786,0.683138,-2.661469
77725430.352657,0.624443,-2.392041
77733469.805527,0.180758,-2.793449
77741509.258398,0.162525,-2.729585
77749548.711268,0.040590,-2.589590
77757588.164139,-0.098916,-2.744642
77765627.617009,-0.074624,-2.991305
77773667.069880,-0.436155,-2.883898
77781706.522751,-0.626494,-2.593778
77789745.975621,-0.832792,-2.568163
77797785.428492,-0.972961,-2.527822
77805824.881362,-1.089386,-2.592594
77813864.334233,-1.295885,-2.261189
77821903.787103,-1.396636,-2.628122
77829943.239974,-1.642900,-2.351522
77837982.692845,-1.705193,-2.249319
77846022.145715,-1.840247,-1.901527
77854061.598586,-1.948079,-2.002904
77862101.051456,-2.009539,-2.052886
77870140.504327,-2.143187,-1.890132
77878179.957197,-2.277805,-1.748143
77886219.410068,-2.387945,-1.885782
77894258.862938,-2.425513,-1.529191
77902298.315809,-2.647588,-1.265866
77910337.768680,-2.698940,-1.116698
77918377.221550,-2.799419,-1.082751
77926416.674421,-2.830886,-0.957858
77934456.127291,-2.865943,-0.755024
77942495.580162,-2.925585,-0.680975
77950535.033032,-2.893539,-0.496575
77958574.485903,-2.862557,-0.269509
77966613.938774,-2.976334,0.085702
77974653.391644,-2.867262,0.096273
77982692.844515,-2.991310,0.166674
77990732.297385,-2.832810,0.614778
77998771.750256,-2.913893,0.763798
78006811.203126,-2.844284,0.341843
78014850.655997,-2.929825,0.956443
78022890.108868,-2.766712,0.946878
78030929.561738,-2.582271,1.392612
78038969.014609,-2.535853,1.332259
78047008.467479,-2.483327,1.455224
78055047.920350,-2.397303,1.515649
78063087.373220,-2.352365,1.855737
78071126.826091,-2.227240,1.939658
78079166.278962,-2.055625,1.553969
78087205.731832,-1.819486,2.277195
78095245.184703,-1.841757,1.942597
78103284.637573,-1.593174,2.219976
78111324.090444,-1.644077,2.357762
78119363.543314,-1.214576,2.469351
78127402.996185,-1.130084,2.509110
78135442.449056,-1.024276,2.495509
78143481.901926,-0.936689,2.261062
78151521.354797,-0.790878,3.004741
78159560.807667,-0.695940,2.596227
78167600.260538,-0.510925,2.529217
78175639.713408,-0.160183,2.806027
78183679.166279,-0.144031,2.731702
78191718.619150,0.171875,2.642938
78199758.072020,0.180523,2.708624
78207797.524891,0.536572,2.583508
78215836.977761,0.562848,2.315005
78223876.430632,0.696098,2.582061
78231915.883502,0.940529,2.660197
78239955.336373,1.040129,2.709804
78247994.789244,0.949257,2.545823
78256034.242114,1.328594,2.231051
78264073.694985,1.575296,2.297421
78272113.147855,1.690836,2.069124
78280152.600726,1.801124,2.323541
78288192.053596,1.926169,2.071331
78296231.506467,2.165156,1.848614
78304270.959337,2.199544,1.767702
78312310.412208,2.344570,1.420110
78320349.865079,2.344929,1.491468
78328389.317949,2.309368,1.447604
78336428.770820,2.503032,1.338867
78344468.223690,2.513859,1.166893
78352507.676561,2.594360,1.069490
78360547.129431,2.748569,0.816749
78368586.582302,2.681695,0.769244
78376626.035173,2.702656,0.221482
78384665.488043,2.812874,0.484337
78392704.940914,2.904817,-0.150961
78400744.393784,2.867247,0.179929
78408783.846655,2.784946,-0.224570
78416823.299525,3.031776,-0.151698
78424862.752396,2.797037,-0.355789
78432902.205267,2.744275,-0.355624
78440941.658137,2.678223,-0.654640
78448981.111008,2.648920,-1.005544
78457020.563878,2.513602,-1.186055
78465060.016749,2.531187,-1.465579
78473099.469619,2.435891,-1.131666
78481138.922490,2.295688,-1.538386
78489178.375361,2.255880,-1.503872
78497217.828231,2.142363,-1.750338
78505257.281102,2.079040,-1.849191
78513296.733972,1.982659,-2.024423
78521336.186843,1.809055,-1.898085
78529375.639713,1.710507,-2.141649
78537415.092584,1.559388,-2.493808
78545454.545455,1.326103,-2.226698
78553493.998325,1.367033,-2.659913
78561533.451196,1.075157,-2.511231
78569572.904066,1.013136,-2.401964
78577612.356937,0.952690,-2.488923
78585651.809807,0.643567,-2.779801
78593691.262678,0.295446,-2.965741
78601730.715549,0.480052,-2.944868
78609770.168419,0.066019,-2.802784
78617809.621290,0.147368,-2.574528
78625849.074160,-0.186809,-2.466063
78633888.527031,-0.297778,-2.888626
78641927.979901,-0.483897,-2.725250
78649967.432772,-0.706611,-2.746900
78658006.885642,-0.889345,-2.648737
78666046.338513,-0.869867,-1.896364
78674085.791384,-1.309321,-2.354323
78682125.244254,-1.257552,-2.469930
78690164.697125,-1.365282,-2.288088
78698204.149995,-1.619124,-2.152699
78706243.602866,-1.733616,-2.151996
78714283.055736,-1.959192,-1.717118
78722322.508607,-1.996572,-1.881701
78730361.961478,-2.426415,-1.911013
78738401.414348,-2.269595,-1.804930
78746440.867219,-2.391055,-1.583966
78754480.320089,-2.444431,-1.772074
78762519.772960,-2.676662,-1.268097
78770559.225830,-2.589428,-1.150073
78778598.678701,-2.743174,-0.883777
78786638.131572,-2.922377,-0.743082
78794677.584442,-2.742504,-0.681750
78802717.037313,-2.918074,-0.651217
78810756.490183,-2.839473,-0.357680
78818795.943054,-3.055081,0.008240
78826835.395924,-3.028694,-0.106340
78834874.848795,-3.004174,0.304411
78842914.301666,-2.866133,0.250033
78850953.754536,-2.957103,0.176954
78858993.207407,-2.837461,0.459749
78867032.660277,-2.922068,0.628554
78875072.113148,-2.721428,1.007207
78883111.566018,-2.846146,1.059536
78891151.018889,-2.665034,0.761954
78899190.471760,-2.393821,1.296813
78907229.924630,-2.497261,1.670074
78915269.377501,-2.420777,1.333803
78923308.830371,-2.481478,1.570335
78931348.283242,-2.269852,1.934936
78939387.736112,-2.172608,1.904642
78947427.188983,-2.058101,1.977936
78955466.641854,-1.883908,2.182135
78963506.094724,-1.710126,2.160092
78971545.547595,-1.642819,2.383298
78979585.000465,-1.671783,2.251199
78987624.453336,-1.227807,2.429929
78995663.906206,-1.146554,2.578375
79003703.359077,-0.947559,2.711724
79011742.811948,-0.815824,2.491900
79019782.264818,-0.647441,2.737582
79027821.717689,-0.686294,2.775608
79035861.170559,-0.258216,2.560724
79043900.623430,-0.089113,2.581302
79051940.076300,-0.037910,2.458587
79059979.529171,0.161420,2.719399
79068018.982041,0.232324,2.780935
79076058.434912,0.614007,2.906406
79084097.887783,0.564696,2.720889
79092137.340653,0.819189,2.667530
79100176.793524,0.965221,2.372654
79108216.246394,1.253340,2.646332
79116255.699265,1.366574,2.051079
79124295.152135,1.408002,2.453854
79132334.605006,1.666878,2.396113
79140374.057877,1.803954,2.328896
79148413.510747,1.845230,2.231521
79156452.963618,1.853014,1.673850
79164492.416488,2.065122,2.109120
79172531.869359,2.161776,1.494309
79180571.322229,2.358455,1.414636
79188610.775100,2.352302,1.410266
79196650.227971,2.587680,1.186149
79204689.680841,2.509300,1.189076
79212729.133712,2.713890,0.935482
79220768.586582,2.796017,0.851621
79228808.039453,2.852033,0.698335
79236847.492323,2.786878,0.561840
79244886.945194,2.642115,0.389621
79252926.398065,3.025099,0.260342
79260965.850935,2.986303,0.185437
79269005.303806,2.929401,-0.208695
79277044.756676,2.794084,-0.190850
79285084.209547,2.979224,-0.384843
79293123.662417,2.804566,-0.515605
79301163.115288,2.727660,-0.511773
79309202.568159,2.683201,-0.722537
79317242.021029,2.740449,-1.294503
79325281.473900,2.640491,-1.168169
79333320.926770,2.514734,-1.213313
79341360.379641,2.377038,-1.334513
79349399.832511,2.267051,-1.533148
79357439.285382,2.188714,-1.784492
79365478.738253,2.101175,-1.986653
79373518.191123,2.159635,-2.067470
79381557.643994,1.789683,-2.124171
79389597.096864,1.943444,-2.212101
79397636.549735,1.705238,-2.249279
79405676.002605,1.475421,-2.530314
79413715.455476,1.221269,-2.501752
79421754.908347,1.231875,-2.414738
79429794.361217,1.023782,-2.415525
79437833.814088,0.868280,-2.684492
79445873.266958,0.522778,-2.703277
79453912.719829,0.757633,-2.782089
79461952.172699,0.402538,-2.794230
79469991.625570,0.266519,-3.179569
79478031.078440,0.164509,-2.561768
79486070.531311,-0.298718,-2.607700
79494109.984182,-0.168053,-2.905459
79502149.437052,-0.643653,-2.457726
79510188.889923,-0.667033,-2.665332
79518228.342793,-0.765485,-2.779248
79526267.795664,-0.975567,-2.427878
79534307.248534,-1.230543,-2.671274
79542346.701405,-1.254347,-2.168467
79550386.154276,-1.340586,-2.260056
79558425.607146,-1.661903,-2.299922
79566465.060017,-1.802832,-2.265031
79574504.512887,-1.822693,-2.158423
79582543.965758,-2.083924,-2.036263
79590583.418628,-1.965020,-1.926567
79598622.871499,-2.298102,-1.852267
79606662.324370,-2.376106,-1.466274
79614701.777240,-2.358669,-1.525362
79622741.230111,-2.521580,-1.460810
79630780.682981,-2.615038,-1.237446
79638820.135852,-2.820824,-1.045406
79646859.588722,-2.872457,-1.009493
79654899.041593,-2.769135,-0.757023
79662938.494464,-2.909478,-0.525363
79670977.947334,-2.777676,-0.533385
79679017.400205,-3.054824,-0.454215
79687056.853075,-3.007310,-0.163684
79695096.305946,-3.050439,-0.099194
79703135.758816,-2.902538,-0.123878
79711175.211687,-2.999401,0.333481
79719214.664558,-3.086187,0.568814
79727254.117428,-2.842449,0.510596
79735293.570299,-2.727659,0.714583
79743333.023169,-2.730359,0.892676
79751372.476040,-2.826768,0.916633
79759411.928910,-2.596967,1.256825
79767451.381781,-2.556638,1.406486
79775490.834652,-2.436103,1.442915
79783530.287522,-2.419872,1.689458
79791569.740393,-2.417739,1.626690
79799609.193263,-2.222326,2.110397
79807648.646134,-2.090280,1.895723
79815688.099004,-1.961755,1.960815
79823727.551875,-1.806900,2.244110
79831767.004746,-1.570786,2.210085
79839806.457616,-1.768565,2.313693
79847845.910487,-1.257027,2.236009
79855885.363357,-1.217014,2.449249
79863924.816228,-1.038375,2.483685
79871964.269098,-0.995539,2.589985
79880003.721969,-0.687286,2.670587
79888043.174839,-0.757053,2.820145
79896082.627710,-0.475184,2.612557
79904122.080581,-0.315169,2.778411
79912161.533451,-0.201384,2.573250
79920200.986322,0.078810,2.720570
79928240.439192,0.145234,2.953339
79936279.892063,0.504596,2.561817
79944319.344933,0.625839,2.803278
79952358.797804,0.627278,2.642243
79960398.250675,1.054998,2.745476
79968437.703545,1.157475,2.824964
79976477.156416,1.138416,2.387260
79984516.609286,1.273765,2.340537
79992556.062157,1.494846,2.444358
80000595.515027,1.709701,2.271863
80008634.967898,1.704879,2.039866
80016674.420769,2.024478,2.089093
80024713.873639,2.012367,1.713014
80032753.326510,2.101630,1.734185
80040792.779380,2.277239,1.438809
80048832.232251,2.345752,1.674548
80056871.685121,2.479744,1.279465
80064911.137992,2.272672,1.402850
80072950.590863,2.616658,1.176219
80080990.043733,2.804283,0.733754
80089029.496604,2.857537,0.729394
80097068.949474,2.831086,0.772839
80105108.402345,2.817718,0.169351
80113147.855215,2.900765,0.407636
80121187.308086,2.894629,0.268823
80129226.760957,2.830419,0.312699
80137266.213827,2.838658,-0.198903
80145305.666698,2.807649,-0.304805
80153345.119568,2.754317,-0.520073
80161384.572439,2.860627,-0.660334
80169424.025309,2.631581,-0.433201
80177463.478180,2.772984,-1.142166
80185502.931051,2.567418,-1.263533
80193542.383921,2.487239,-1.366158
80201581.836792,2.510089,-1.239894
80209621.289662,2.350467,-1.398561
80217660.742533,2.324540,-1.422358
80225700.195403,1.981798,-1.665238
80233739.648274,2.009490,-1.942446
80241779.101145,1.924658,-1.872253
80249818.554015,1.836309,-1.972626
80257858.006886,1.529558,-2.163605
80265897.459756,1.491272,-2.588450
80273936.912627,1.344140,-2.279671
80281976.365497,1.281191,-2.631259
80290015.818368,1.089689,-2.436609
80298055.271238,0.849678,-2.542567
80306094.724109,0.800485,-2.318363
80314134.176980,0.530062,-2.726116
80322173.629850,0.556845,-2.707462
80330213.082721,0.222079,-2.894805
80338252.535591,0.072404,-2.900697
80346291.988462,-0.155522,-2.980945
80354331.441332,-0.112495,-2.920444
80362370.894203,-0.571508,-2.724104
80370410.347074,-0.490661,-2.514354
80378449.799944,-0.660932,-2.724788
80386489.252815,-0.928706,-2.651145
